"source_item_id","source_kind","source_file","route","batch_mapping","exported_symbols","imports","referenced_components","repository_service_symbols","redirect_information","operator_relevance","capability_ids","review_status","authority_classification","final_disposition","evidence"
"PAGE-1","ADMIN_PAGE","app/angelcare-marketplace/(protected)/admin/academy/assessments/page.tsx","/angelcare-marketplace/admin/academy/assessments","B09","NONE","@/angelcare-marketplace/academy-engine/final-admin-page","academy-engine/final-admin-page","NONE","NONE","YES","CAP-B09-001","SOURCE_REVIEWED","CANONICAL_OR_CONTEXTUAL_OPERATOR_SURFACE","MAPPED_TO_IMPLEMENTED_CAPABILITY","app/angelcare-marketplace/(protected)/admin/academy/assessments/page.tsx; source imports/handlers reconciled against completed approved-screen and Batch evidence."
"PAGE-2","ADMIN_PAGE","app/angelcare-marketplace/(protected)/admin/academy/attendance/page.tsx","/angelcare-marketplace/admin/academy/attendance","B09","NONE","@/angelcare-marketplace/academy-engine/final-admin-page","academy-engine/final-admin-page","NONE","NONE","YES","CAP-B09-001","SOURCE_REVIEWED","CANONICAL_OR_CONTEXTUAL_OPERATOR_SURFACE","MAPPED_TO_IMPLEMENTED_CAPABILITY","app/angelcare-marketplace/(protected)/admin/academy/attendance/page.tsx; source imports/handlers reconciled against completed approved-screen and Batch evidence."
"PAGE-3","ADMIN_PAGE","app/angelcare-marketplace/(protected)/admin/academy/b2b-training/page.tsx","/angelcare-marketplace/admin/academy/b2b-training","B09","NONE","@/angelcare-marketplace/academy-engine/final-admin-page","academy-engine/final-admin-page","NONE","NONE","YES","CAP-B09-001","SOURCE_REVIEWED","CANONICAL_OR_CONTEXTUAL_OPERATOR_SURFACE","MAPPED_TO_IMPLEMENTED_CAPABILITY","app/angelcare-marketplace/(protected)/admin/academy/b2b-training/page.tsx; source imports/handlers reconciled against completed approved-screen and Batch evidence."
"PAGE-4","ADMIN_PAGE","app/angelcare-marketplace/(protected)/admin/academy/catalog/page.tsx","/angelcare-marketplace/admin/academy/catalog","B09","NONE","@/angelcare-marketplace/auth/context|@/angelcare-marketplace/academy-engine/repository|@/angelcare-marketplace/academy-engine/components/CatalogRegistry","auth/context|academy-engine/repository|academy-engine/components/CatalogRegistry","repository","NONE","YES","CAP-B09-002","SOURCE_REVIEWED","CANONICAL_OR_CONTEXTUAL_OPERATOR_SURFACE","MAPPED_TO_IMPLEMENTED_CAPABILITY","app/angelcare-marketplace/(protected)/admin/academy/catalog/page.tsx; source imports/handlers reconciled against completed approved-screen and Batch evidence."
"PAGE-5","ADMIN_PAGE","app/angelcare-marketplace/(protected)/admin/academy/certificates/page.tsx","/angelcare-marketplace/admin/academy/certificates","B09","NONE","@/angelcare-marketplace/auth/context|@/angelcare-marketplace/academy-engine/repository|@/angelcare-marketplace/academy-engine/components/CertificateAuthority","auth/context|academy-engine/repository|academy-engine/components/CertificateAuthority","repository","NONE","YES","CAP-B09-004","SOURCE_REVIEWED","CANONICAL_OR_CONTEXTUAL_OPERATOR_SURFACE","MAPPED_TO_IMPLEMENTED_CAPABILITY","app/angelcare-marketplace/(protected)/admin/academy/certificates/page.tsx; source imports/handlers reconciled against completed approved-screen and Batch evidence."
"PAGE-6","ADMIN_PAGE","app/angelcare-marketplace/(protected)/admin/academy/cohorts/page.tsx","/angelcare-marketplace/admin/academy/cohorts","B09","NONE","@/angelcare-marketplace/auth/context|@/angelcare-marketplace/academy-engine/repository|@/angelcare-marketplace/academy-engine/components/CohortCommand","auth/context|academy-engine/repository|academy-engine/components/CohortCommand","repository","NONE","YES","CAP-B09-003","SOURCE_REVIEWED","CANONICAL_OR_CONTEXTUAL_OPERATOR_SURFACE","MAPPED_TO_IMPLEMENTED_CAPABILITY","app/angelcare-marketplace/(protected)/admin/academy/cohorts/page.tsx; source imports/handlers reconciled against completed approved-screen and Batch evidence."
"PAGE-7","ADMIN_PAGE","app/angelcare-marketplace/(protected)/admin/academy/compliance/page.tsx","/angelcare-marketplace/admin/academy/compliance","B09","NONE","@/angelcare-marketplace/auth/context|@/angelcare-marketplace/academy-engine/components/CertificateAuthority|@/angelcare-marketplace/academy-engine/repository","auth/context|academy-engine/components/CertificateAuthority|academy-engine/repository","repository","NONE","YES","CAP-B09-001","SOURCE_REVIEWED","CANONICAL_OR_CONTEXTUAL_OPERATOR_SURFACE","MAPPED_TO_IMPLEMENTED_CAPABILITY","app/angelcare-marketplace/(protected)/admin/academy/compliance/page.tsx; source imports/handlers reconciled against completed approved-screen and Batch evidence."
"PAGE-8","ADMIN_PAGE","app/angelcare-marketplace/(protected)/admin/academy/courses/page.tsx","/angelcare-marketplace/admin/academy/courses","B09","NONE","@/angelcare-marketplace/academy-engine/final-admin-page","academy-engine/final-admin-page","NONE","NONE","YES","CAP-B09-001","SOURCE_REVIEWED","CANONICAL_OR_CONTEXTUAL_OPERATOR_SURFACE","MAPPED_TO_IMPLEMENTED_CAPABILITY","app/angelcare-marketplace/(protected)/admin/academy/courses/page.tsx; source imports/handlers reconciled against completed approved-screen and Batch evidence."
"PAGE-9","ADMIN_PAGE","app/angelcare-marketplace/(protected)/admin/academy/enrollments/page.tsx","/angelcare-marketplace/admin/academy/enrollments","B09","NONE","@/angelcare-marketplace/academy-engine/final-admin-page","academy-engine/final-admin-page","NONE","NONE","YES","CAP-B09-001","SOURCE_REVIEWED","CANONICAL_OR_CONTEXTUAL_OPERATOR_SURFACE","MAPPED_TO_IMPLEMENTED_CAPABILITY","app/angelcare-marketplace/(protected)/admin/academy/enrollments/page.tsx; source imports/handlers reconciled against completed approved-screen and Batch evidence."
"PAGE-10","ADMIN_PAGE","app/angelcare-marketplace/(protected)/admin/academy/page.tsx","/angelcare-marketplace/admin/academy","B09","NONE","@/angelcare-marketplace/auth/context|@/angelcare-marketplace/academy-engine/repository|@/angelcare-marketplace/academy-engine/components/AcademyCommand","auth/context|academy-engine/repository|academy-engine/components/AcademyCommand","repository","NONE","YES","CAP-B09-001","SOURCE_REVIEWED","CANONICAL_OR_CONTEXTUAL_OPERATOR_SURFACE","MAPPED_TO_IMPLEMENTED_CAPABILITY","app/angelcare-marketplace/(protected)/admin/academy/page.tsx; source imports/handlers reconciled against completed approved-screen and Batch evidence."
"PAGE-11","ADMIN_PAGE","app/angelcare-marketplace/(protected)/admin/academy/programs/page.tsx","/angelcare-marketplace/admin/academy/programs","B09","NONE","@/angelcare-marketplace/academy-engine/final-admin-page","academy-engine/final-admin-page","NONE","NONE","YES","CAP-B09-001","SOURCE_REVIEWED","CANONICAL_OR_CONTEXTUAL_OPERATOR_SURFACE","MAPPED_TO_IMPLEMENTED_CAPABILITY","app/angelcare-marketplace/(protected)/admin/academy/programs/page.tsx; source imports/handlers reconciled against completed approved-screen and Batch evidence."
"PAGE-12","ADMIN_PAGE","app/angelcare-marketplace/(protected)/admin/academy/sessions/page.tsx","/angelcare-marketplace/admin/academy/sessions","B09","NONE","@/angelcare-marketplace/academy-engine/final-admin-page","academy-engine/final-admin-page","NONE","NONE","YES","CAP-B09-001","SOURCE_REVIEWED","CANONICAL_OR_CONTEXTUAL_OPERATOR_SURFACE","MAPPED_TO_IMPLEMENTED_CAPABILITY","app/angelcare-marketplace/(protected)/admin/academy/sessions/page.tsx; source imports/handlers reconciled against completed approved-screen and Batch evidence."
"PAGE-13","ADMIN_PAGE","app/angelcare-marketplace/(protected)/admin/academy/trainers/page.tsx","/angelcare-marketplace/admin/academy/trainers","B09","NONE","@/angelcare-marketplace/academy-engine/final-admin-page","academy-engine/final-admin-page","NONE","NONE","YES","CAP-B09-001","SOURCE_REVIEWED","CANONICAL_OR_CONTEXTUAL_OPERATOR_SURFACE","MAPPED_TO_IMPLEMENTED_CAPABILITY","app/angelcare-marketplace/(protected)/admin/academy/trainers/page.tsx; source imports/handlers reconciled against completed approved-screen and Batch evidence."
"PAGE-14","ADMIN_PAGE","app/angelcare-marketplace/(protected)/admin/action-center/page.tsx","/angelcare-marketplace/admin/action-center","UNMAPPED","NONE","@/angelcare-marketplace/auth/context|@/angelcare-marketplace/design-system/ui|@/angelcare-marketplace/sovereign-control/components/ActionCenter|@/angelcare-marketplace/sovereign-control/repository","auth/context|design-system/ui|sovereign-control/components/ActionCenter|sovereign-control/repository","repository","NONE","YES","CAP-B11-001","SOURCE_REVIEWED","CANONICAL_OR_CONTEXTUAL_OPERATOR_SURFACE","MAPPED_TO_IMPLEMENTED_CAPABILITY","app/angelcare-marketplace/(protected)/admin/action-center/page.tsx; source imports/handlers reconciled against completed approved-screen and Batch evidence."
"PAGE-15","ADMIN_PAGE","app/angelcare-marketplace/(protected)/admin/activation/page.tsx","/angelcare-marketplace/admin/activation","B11","NONE","@/angelcare-marketplace/production-activation/admin-page","production-activation/admin-page","NONE","NONE","YES","CAP-B11-001","SOURCE_REVIEWED","CANONICAL_OR_CONTEXTUAL_OPERATOR_SURFACE","MAPPED_TO_IMPLEMENTED_CAPABILITY","app/angelcare-marketplace/(protected)/admin/activation/page.tsx; source imports/handlers reconciled against completed approved-screen and Batch evidence."
"PAGE-16","ADMIN_PAGE","app/angelcare-marketplace/(protected)/admin/analytics/academy/page.tsx","/angelcare-marketplace/admin/analytics/academy","B11","NONE","@/angelcare-marketplace/auth/context|@/angelcare-marketplace/analytics-security/repository|@/angelcare-marketplace/analytics-security/components/MetricRegistry","auth/context|analytics-security/repository|analytics-security/components/MetricRegistry","repository","NONE","YES","CAP-B11-005","SOURCE_REVIEWED","CANONICAL_OR_CONTEXTUAL_OPERATOR_SURFACE","MAPPED_TO_IMPLEMENTED_CAPABILITY","app/angelcare-marketplace/(protected)/admin/analytics/academy/page.tsx; source imports/handlers reconciled against completed approved-screen and Batch evidence."
"PAGE-17","ADMIN_PAGE","app/angelcare-marketplace/(protected)/admin/analytics/b2b/page.tsx","/angelcare-marketplace/admin/analytics/b2b","B11","NONE","@/angelcare-marketplace/auth/context|@/angelcare-marketplace/analytics-security/repository|@/angelcare-marketplace/analytics-security/components/MetricRegistry","auth/context|analytics-security/repository|analytics-security/components/MetricRegistry","repository","NONE","YES","CAP-B11-005","SOURCE_REVIEWED","CANONICAL_OR_CONTEXTUAL_OPERATOR_SURFACE","MAPPED_TO_IMPLEMENTED_CAPABILITY","app/angelcare-marketplace/(protected)/admin/analytics/b2b/page.tsx; source imports/handlers reconciled against completed approved-screen and Batch evidence."
"PAGE-18","ADMIN_PAGE","app/angelcare-marketplace/(protected)/admin/analytics/data-quality/page.tsx","/angelcare-marketplace/admin/analytics/data-quality","B11","NONE","@/angelcare-marketplace/auth/context|@/angelcare-marketplace/analytics-security/repository|@/angelcare-marketplace/analytics-security/components/MetricRegistry","auth/context|analytics-security/repository|analytics-security/components/MetricRegistry","repository","NONE","YES","CAP-B11-005","SOURCE_REVIEWED","CANONICAL_OR_CONTEXTUAL_OPERATOR_SURFACE","MAPPED_TO_IMPLEMENTED_CAPABILITY","app/angelcare-marketplace/(protected)/admin/analytics/data-quality/page.tsx; source imports/handlers reconciled against completed approved-screen and Batch evidence."
"PAGE-19","ADMIN_PAGE","app/angelcare-marketplace/(protected)/admin/analytics/executive/page.tsx","/angelcare-marketplace/admin/analytics/executive","B11","NONE","next/navigation","NONE","NONE","/angelcare-marketplace/admin/analytics","LEGACY_COMPATIBILITY","CAP-B11-005","SOURCE_REVIEWED","LEGACY_COMPATIBILITY_SURFACE","LEGACY_COMPATIBILITY_ONLY","app/angelcare-marketplace/(protected)/admin/analytics/executive/page.tsx; source imports/handlers and redirect target reconciled against completed approved-screen and Batch evidence."
"PAGE-20","ADMIN_PAGE","app/angelcare-marketplace/(protected)/admin/analytics/families/page.tsx","/angelcare-marketplace/admin/analytics/families","B11","NONE","@/angelcare-marketplace/auth/context|@/angelcare-marketplace/analytics-security/repository|@/angelcare-marketplace/analytics-security/components/MetricRegistry","auth/context|analytics-security/repository|analytics-security/components/MetricRegistry","repository","NONE","YES","CAP-B11-005","SOURCE_REVIEWED","CANONICAL_OR_CONTEXTUAL_OPERATOR_SURFACE","MAPPED_TO_IMPLEMENTED_CAPABILITY","app/angelcare-marketplace/(protected)/admin/analytics/families/page.tsx; source imports/handlers reconciled against completed approved-screen and Batch evidence."
"PAGE-21","ADMIN_PAGE","app/angelcare-marketplace/(protected)/admin/analytics/finance/page.tsx","/angelcare-marketplace/admin/analytics/finance","B11","NONE","@/angelcare-marketplace/auth/context|@/angelcare-marketplace/analytics-security/repository|@/angelcare-marketplace/analytics-security/components/MetricRegistry","auth/context|analytics-security/repository|analytics-security/components/MetricRegistry","repository","NONE","YES","CAP-B11-005","SOURCE_REVIEWED","CANONICAL_OR_CONTEXTUAL_OPERATOR_SURFACE","MAPPED_TO_IMPLEMENTED_CAPABILITY","app/angelcare-marketplace/(protected)/admin/analytics/finance/page.tsx; source imports/handlers reconciled against completed approved-screen and Batch evidence."
"PAGE-22","ADMIN_PAGE","app/angelcare-marketplace/(protected)/admin/analytics/marketplace/page.tsx","/angelcare-marketplace/admin/analytics/marketplace","B11","NONE","@/angelcare-marketplace/auth/context|@/angelcare-marketplace/analytics-security/repository|@/angelcare-marketplace/analytics-security/components/MetricRegistry","auth/context|analytics-security/repository|analytics-security/components/MetricRegistry","repository","NONE","YES","CAP-B11-006","SOURCE_REVIEWED","CANONICAL_OR_CONTEXTUAL_OPERATOR_SURFACE","MAPPED_TO_IMPLEMENTED_CAPABILITY","app/angelcare-marketplace/(protected)/admin/analytics/marketplace/page.tsx; source imports/handlers reconciled against completed approved-screen and Batch evidence."
"PAGE-23","ADMIN_PAGE","app/angelcare-marketplace/(protected)/admin/analytics/operations/page.tsx","/angelcare-marketplace/admin/analytics/operations","B11","NONE","@/angelcare-marketplace/auth/context|@/angelcare-marketplace/analytics-security/repository|@/angelcare-marketplace/analytics-security/components/MetricRegistry","auth/context|analytics-security/repository|analytics-security/components/MetricRegistry","repository","NONE","YES","CAP-B11-005","SOURCE_REVIEWED","CANONICAL_OR_CONTEXTUAL_OPERATOR_SURFACE","MAPPED_TO_IMPLEMENTED_CAPABILITY","app/angelcare-marketplace/(protected)/admin/analytics/operations/page.tsx; source imports/handlers reconciled against completed approved-screen and Batch evidence."
"PAGE-24","ADMIN_PAGE","app/angelcare-marketplace/(protected)/admin/analytics/page.tsx","/angelcare-marketplace/admin/analytics","B08|B11","NONE","@/angelcare-marketplace/auth/context|@/angelcare-marketplace/analytics-security/repository|@/angelcare-marketplace/analytics-security/components/AnalyticsCommand","auth/context|analytics-security/repository|analytics-security/components/AnalyticsCommand","repository","NONE","YES","CAP-B11-005","SOURCE_REVIEWED","CANONICAL_OR_CONTEXTUAL_OPERATOR_SURFACE","MAPPED_TO_IMPLEMENTED_CAPABILITY","app/angelcare-marketplace/(protected)/admin/analytics/page.tsx; source imports/handlers reconciled against completed approved-screen and Batch evidence."
"PAGE-25","ADMIN_PAGE","app/angelcare-marketplace/(protected)/admin/analytics/providers/page.tsx","/angelcare-marketplace/admin/analytics/providers","B08|B11","NONE","@/angelcare-marketplace/auth/context|@/angelcare-marketplace/analytics-security/repository|@/angelcare-marketplace/analytics-security/components/MetricRegistry","auth/context|analytics-security/repository|analytics-security/components/MetricRegistry","repository","NONE","YES","CAP-B11-005","SOURCE_REVIEWED","CANONICAL_OR_CONTEXTUAL_OPERATOR_SURFACE","MAPPED_TO_IMPLEMENTED_CAPABILITY","app/angelcare-marketplace/(protected)/admin/analytics/providers/page.tsx; source imports/handlers reconciled against completed approved-screen and Batch evidence."
"PAGE-26","ADMIN_PAGE","app/angelcare-marketplace/(protected)/admin/analytics/territories/page.tsx","/angelcare-marketplace/admin/analytics/territories","B11","NONE","@/angelcare-marketplace/auth/context|@/angelcare-marketplace/analytics-security/repository|@/angelcare-marketplace/analytics-security/components/MetricRegistry","auth/context|analytics-security/repository|analytics-security/components/MetricRegistry","repository","NONE","YES","CAP-B11-005","SOURCE_REVIEWED","CANONICAL_OR_CONTEXTUAL_OPERATOR_SURFACE","MAPPED_TO_IMPLEMENTED_CAPABILITY","app/angelcare-marketplace/(protected)/admin/analytics/territories/page.tsx; source imports/handlers reconciled against completed approved-screen and Batch evidence."
"PAGE-27","ADMIN_PAGE","app/angelcare-marketplace/(protected)/admin/analytics/trust/page.tsx","/angelcare-marketplace/admin/analytics/trust","B11","NONE","@/angelcare-marketplace/auth/context|@/angelcare-marketplace/analytics-security/repository|@/angelcare-marketplace/analytics-security/components/MetricRegistry","auth/context|analytics-security/repository|analytics-security/components/MetricRegistry","repository","NONE","YES","CAP-B11-005","SOURCE_REVIEWED","CANONICAL_OR_CONTEXTUAL_OPERATOR_SURFACE","MAPPED_TO_IMPLEMENTED_CAPABILITY","app/angelcare-marketplace/(protected)/admin/analytics/trust/page.tsx; source imports/handlers reconciled against completed approved-screen and Batch evidence."
"PAGE-28","ADMIN_PAGE","app/angelcare-marketplace/(protected)/admin/approvals/page.tsx","/angelcare-marketplace/admin/approvals","B04","NONE","@/angelcare-marketplace/auth/context|@/angelcare-marketplace/design-system/ui|@/angelcare-marketplace/sovereign-control/components/ApprovalCenter|@/angelcare-marketplace/sovereign-control/repository","auth/context|design-system/ui|sovereign-control/components/ApprovalCenter|sovereign-control/repository","repository","NONE","YES","CAP-B04-001","SOURCE_REVIEWED","CANONICAL_OR_CONTEXTUAL_OPERATOR_SURFACE","MAPPED_TO_IMPLEMENTED_CAPABILITY","app/angelcare-marketplace/(protected)/admin/approvals/page.tsx; source imports/handlers reconciled against completed approved-screen and Batch evidence."
"PAGE-29","ADMIN_PAGE","app/angelcare-marketplace/(protected)/admin/bookings/page.tsx","/angelcare-marketplace/admin/bookings","B04","dynamic","@/angelcare-marketplace/auth/context|@/angelcare-marketplace/enterprise-closure/repository|@/angelcare-marketplace/enterprise-closure/components/BookingCommand","auth/context|enterprise-closure/repository|enterprise-closure/components/BookingCommand","repository","NONE","YES","CAP-B04-005","SOURCE_REVIEWED","CANONICAL_OR_CONTEXTUAL_OPERATOR_SURFACE","MAPPED_TO_IMPLEMENTED_CAPABILITY","app/angelcare-marketplace/(protected)/admin/bookings/page.tsx; source imports/handlers reconciled against completed approved-screen and Batch evidence."
"PAGE-30","ADMIN_PAGE","app/angelcare-marketplace/(protected)/admin/bulk-operations/page.tsx","/angelcare-marketplace/admin/bulk-operations","B07","dynamic","@/angelcare-marketplace/auth/context|@/angelcare-marketplace/enterprise-command/components/BulkOperationsCenter","auth/context|enterprise-command/components/BulkOperationsCenter","NONE","NONE","YES","CAP-B07-010","SOURCE_REVIEWED","CANONICAL_OR_CONTEXTUAL_OPERATOR_SURFACE","MAPPED_TO_IMPLEMENTED_CAPABILITY","app/angelcare-marketplace/(protected)/admin/bulk-operations/page.tsx; source imports/handlers reconciled against completed approved-screen and Batch evidence."
"PAGE-31","ADMIN_PAGE","app/angelcare-marketplace/(protected)/admin/business-pulse/page.tsx","/angelcare-marketplace/admin/business-pulse","B11","dynamic","@/angelcare-marketplace/auth/context|@/angelcare-marketplace/enterprise-command/components/BusinessPulseCommand","auth/context|enterprise-command/components/BusinessPulseCommand","NONE","NONE","YES","CAP-B11-001","SOURCE_REVIEWED","CANONICAL_OR_CONTEXTUAL_OPERATOR_SURFACE","MAPPED_TO_IMPLEMENTED_CAPABILITY","app/angelcare-marketplace/(protected)/admin/business-pulse/page.tsx; source imports/handlers reconciled against completed approved-screen and Batch evidence."
"PAGE-32","ADMIN_PAGE","app/angelcare-marketplace/(protected)/admin/catalog/categories/[categoryId]/page.tsx","/angelcare-marketplace/admin/catalog/categories/:categoryId","UNMAPPED","NONE","@/angelcare-marketplace/commerce-studio/admin-pages","commerce-studio/admin-pages","NONE","NONE","YES","CAP-B02-002","SOURCE_REVIEWED","CANONICAL_OR_CONTEXTUAL_OPERATOR_SURFACE","MAPPED_TO_IMPLEMENTED_CAPABILITY","app/angelcare-marketplace/(protected)/admin/catalog/categories/[categoryId]/page.tsx; source imports/handlers reconciled against completed approved-screen and Batch evidence."
"PAGE-33","ADMIN_PAGE","app/angelcare-marketplace/(protected)/admin/catalog/categories/[categoryId]/products/page.tsx","/angelcare-marketplace/admin/catalog/categories/:categoryId/products","UNMAPPED","NONE","@/angelcare-marketplace/commerce-studio/admin-pages","commerce-studio/admin-pages","NONE","NONE","YES","CAP-B02-005","SOURCE_REVIEWED","CANONICAL_OR_CONTEXTUAL_OPERATOR_SURFACE","MAPPED_TO_IMPLEMENTED_CAPABILITY","app/angelcare-marketplace/(protected)/admin/catalog/categories/[categoryId]/products/page.tsx; source imports/handlers reconciled against completed approved-screen and Batch evidence."
"PAGE-34","ADMIN_PAGE","app/angelcare-marketplace/(protected)/admin/catalog/categories/[categoryId]/seo/page.tsx","/angelcare-marketplace/admin/catalog/categories/:categoryId/seo","UNMAPPED","NONE","@/angelcare-marketplace/commerce-studio/admin-pages","commerce-studio/admin-pages","NONE","NONE","YES","CAP-B02-004","SOURCE_REVIEWED","CANONICAL_OR_CONTEXTUAL_OPERATOR_SURFACE","MAPPED_TO_IMPLEMENTED_CAPABILITY","app/angelcare-marketplace/(protected)/admin/catalog/categories/[categoryId]/seo/page.tsx; source imports/handlers reconciled against completed approved-screen and Batch evidence."
"PAGE-35","ADMIN_PAGE","app/angelcare-marketplace/(protected)/admin/catalog/categories/[categoryId]/storefront/page.tsx","/angelcare-marketplace/admin/catalog/categories/:categoryId/storefront","UNMAPPED","NONE","@/angelcare-marketplace/commerce-studio/admin-pages","commerce-studio/admin-pages","NONE","NONE","YES","CAP-B02-003","SOURCE_REVIEWED","CANONICAL_OR_CONTEXTUAL_OPERATOR_SURFACE","MAPPED_TO_IMPLEMENTED_CAPABILITY","app/angelcare-marketplace/(protected)/admin/catalog/categories/[categoryId]/storefront/page.tsx; source imports/handlers reconciled against completed approved-screen and Batch evidence."
"PAGE-36","ADMIN_PAGE","app/angelcare-marketplace/(protected)/admin/catalog/categories/new/page.tsx","/angelcare-marketplace/admin/catalog/categories/new","B02","NONE","@/angelcare-marketplace/commerce-studio/admin-pages","commerce-studio/admin-pages","NONE","NONE","YES","CAP-B02-001","SOURCE_REVIEWED","CANONICAL_OR_CONTEXTUAL_OPERATOR_SURFACE","MAPPED_TO_IMPLEMENTED_CAPABILITY","app/angelcare-marketplace/(protected)/admin/catalog/categories/new/page.tsx; source imports/handlers reconciled against completed approved-screen and Batch evidence."
"PAGE-37","ADMIN_PAGE","app/angelcare-marketplace/(protected)/admin/catalog/categories/page.tsx","/angelcare-marketplace/admin/catalog/categories","B02","NONE","@/angelcare-marketplace/commerce-studio/admin-pages","commerce-studio/admin-pages","NONE","NONE","YES","CAP-B02-001","SOURCE_REVIEWED","CANONICAL_OR_CONTEXTUAL_OPERATOR_SURFACE","MAPPED_TO_IMPLEMENTED_CAPABILITY","app/angelcare-marketplace/(protected)/admin/catalog/categories/page.tsx; source imports/handlers reconciled against completed approved-screen and Batch evidence."
"PAGE-38","ADMIN_PAGE","app/angelcare-marketplace/(protected)/admin/catalog/collections/page.tsx","/angelcare-marketplace/admin/catalog/collections","B02","NONE","next/navigation","NONE","NONE","/angelcare-marketplace/admin/merchandising/collections","LEGACY_COMPATIBILITY","CAP-B02-001","SOURCE_REVIEWED","LEGACY_COMPATIBILITY_SURFACE","LEGACY_COMPATIBILITY_ONLY","app/angelcare-marketplace/(protected)/admin/catalog/collections/page.tsx; source imports/handlers and redirect target reconciled against completed approved-screen and Batch evidence."
"PAGE-39","ADMIN_PAGE","app/angelcare-marketplace/(protected)/admin/catalog/import/page.tsx","/angelcare-marketplace/admin/catalog/import","UNMAPPED","dynamic","@/angelcare-marketplace/auth/context|@/angelcare-marketplace/enterprise-command/components/ProductImportStudio","auth/context|enterprise-command/components/ProductImportStudio","NONE","NONE","YES","CAP-B07-001","SOURCE_REVIEWED","CANONICAL_OR_CONTEXTUAL_OPERATOR_SURFACE","MAPPED_TO_IMPLEMENTED_CAPABILITY","app/angelcare-marketplace/(protected)/admin/catalog/import/page.tsx; source imports/handlers reconciled against completed approved-screen and Batch evidence."
"PAGE-40","ADMIN_PAGE","app/angelcare-marketplace/(protected)/admin/catalog/items/[itemId]/availability/page.tsx","/angelcare-marketplace/admin/catalog/items/:itemId/availability","UNMAPPED","NONE","@/angelcare-marketplace/commerce-studio/admin-pages","commerce-studio/admin-pages","NONE","NONE","YES","CAP-B01-007","SOURCE_REVIEWED","CANONICAL_OR_CONTEXTUAL_OPERATOR_SURFACE","MAPPED_TO_IMPLEMENTED_CAPABILITY","app/angelcare-marketplace/(protected)/admin/catalog/items/[itemId]/availability/page.tsx; source imports/handlers reconciled against completed approved-screen and Batch evidence."
"PAGE-41","ADMIN_PAGE","app/angelcare-marketplace/(protected)/admin/catalog/items/[itemId]/categories/page.tsx","/angelcare-marketplace/admin/catalog/items/:itemId/categories","UNMAPPED","NONE","@/angelcare-marketplace/commerce-studio/admin-pages","commerce-studio/admin-pages","NONE","NONE","YES","CAP-GLOBAL-001","SOURCE_REVIEWED","CANONICAL_OR_CONTEXTUAL_OPERATOR_SURFACE","MAPPED_TO_IMPLEMENTED_CAPABILITY","app/angelcare-marketplace/(protected)/admin/catalog/items/[itemId]/categories/page.tsx; source imports/handlers reconciled against completed approved-screen and Batch evidence."
"PAGE-42","ADMIN_PAGE","app/angelcare-marketplace/(protected)/admin/catalog/items/[itemId]/commercial/page.tsx","/angelcare-marketplace/admin/catalog/items/:itemId/commercial","UNMAPPED","NONE","@/angelcare-marketplace/commerce-studio/admin-pages","commerce-studio/admin-pages","NONE","NONE","YES","CAP-B01-006","SOURCE_REVIEWED","CANONICAL_OR_CONTEXTUAL_OPERATOR_SURFACE","MAPPED_TO_IMPLEMENTED_CAPABILITY","app/angelcare-marketplace/(protected)/admin/catalog/items/[itemId]/commercial/page.tsx; source imports/handlers reconciled against completed approved-screen and Batch evidence."
"PAGE-43","ADMIN_PAGE","app/angelcare-marketplace/(protected)/admin/catalog/items/[itemId]/content/page.tsx","/angelcare-marketplace/admin/catalog/items/:itemId/content","UNMAPPED","NONE","@/angelcare-marketplace/commerce-studio/admin-pages","commerce-studio/admin-pages","NONE","NONE","YES","CAP-B01-005","SOURCE_REVIEWED","CANONICAL_OR_CONTEXTUAL_OPERATOR_SURFACE","MAPPED_TO_IMPLEMENTED_CAPABILITY","app/angelcare-marketplace/(protected)/admin/catalog/items/[itemId]/content/page.tsx; source imports/handlers reconciled against completed approved-screen and Batch evidence."
"PAGE-44","ADMIN_PAGE","app/angelcare-marketplace/(protected)/admin/catalog/items/[itemId]/fulfillment/page.tsx","/angelcare-marketplace/admin/catalog/items/:itemId/fulfillment","UNMAPPED","NONE","@/angelcare-marketplace/commerce-studio/admin-pages","commerce-studio/admin-pages","NONE","NONE","YES","CAP-B01-008","SOURCE_REVIEWED","CANONICAL_OR_CONTEXTUAL_OPERATOR_SURFACE","MAPPED_TO_IMPLEMENTED_CAPABILITY","app/angelcare-marketplace/(protected)/admin/catalog/items/[itemId]/fulfillment/page.tsx; source imports/handlers reconciled against completed approved-screen and Batch evidence."
"PAGE-45","ADMIN_PAGE","app/angelcare-marketplace/(protected)/admin/catalog/items/[itemId]/history/page.tsx","/angelcare-marketplace/admin/catalog/items/:itemId/history","UNMAPPED","NONE","@/angelcare-marketplace/commerce-studio/admin-pages","commerce-studio/admin-pages","NONE","NONE","YES","CAP-GLOBAL-001","SOURCE_REVIEWED","CANONICAL_OR_CONTEXTUAL_OPERATOR_SURFACE","MAPPED_TO_IMPLEMENTED_CAPABILITY","app/angelcare-marketplace/(protected)/admin/catalog/items/[itemId]/history/page.tsx; source imports/handlers reconciled against completed approved-screen and Batch evidence."
"PAGE-46","ADMIN_PAGE","app/angelcare-marketplace/(protected)/admin/catalog/items/[itemId]/media/page.tsx","/angelcare-marketplace/admin/catalog/items/:itemId/media","UNMAPPED","NONE","@/angelcare-marketplace/commerce-studio/admin-pages","commerce-studio/admin-pages","NONE","NONE","YES","CAP-GLOBAL-001","SOURCE_REVIEWED","CANONICAL_OR_CONTEXTUAL_OPERATOR_SURFACE","MAPPED_TO_IMPLEMENTED_CAPABILITY","app/angelcare-marketplace/(protected)/admin/catalog/items/[itemId]/media/page.tsx; source imports/handlers reconciled against completed approved-screen and Batch evidence."
"PAGE-47","ADMIN_PAGE","app/angelcare-marketplace/(protected)/admin/catalog/items/[itemId]/merchandising/page.tsx","/angelcare-marketplace/admin/catalog/items/:itemId/merchandising","UNMAPPED","NONE","@/angelcare-marketplace/commerce-studio/admin-pages","commerce-studio/admin-pages","NONE","NONE","YES","CAP-GLOBAL-001","SOURCE_REVIEWED","CANONICAL_OR_CONTEXTUAL_OPERATOR_SURFACE","MAPPED_TO_IMPLEMENTED_CAPABILITY","app/angelcare-marketplace/(protected)/admin/catalog/items/[itemId]/merchandising/page.tsx; source imports/handlers reconciled against completed approved-screen and Batch evidence."
"PAGE-48","ADMIN_PAGE","app/angelcare-marketplace/(protected)/admin/catalog/items/[itemId]/overview/page.tsx","/angelcare-marketplace/admin/catalog/items/:itemId/overview","UNMAPPED","NONE","@/angelcare-marketplace/commerce-studio/admin-pages","commerce-studio/admin-pages","NONE","NONE","YES","CAP-B01-004","SOURCE_REVIEWED","CANONICAL_OR_CONTEXTUAL_OPERATOR_SURFACE","MAPPED_TO_IMPLEMENTED_CAPABILITY","app/angelcare-marketplace/(protected)/admin/catalog/items/[itemId]/overview/page.tsx; source imports/handlers reconciled against completed approved-screen and Batch evidence."
"PAGE-49","ADMIN_PAGE","app/angelcare-marketplace/(protected)/admin/catalog/items/[itemId]/page.tsx","/angelcare-marketplace/admin/catalog/items/:itemId","UNMAPPED","NONE","@/angelcare-marketplace/commerce-studio/admin-pages","commerce-studio/admin-pages","NONE","NONE","YES","CAP-GLOBAL-001","SOURCE_REVIEWED","CANONICAL_OR_CONTEXTUAL_OPERATOR_SURFACE","MAPPED_TO_IMPLEMENTED_CAPABILITY","app/angelcare-marketplace/(protected)/admin/catalog/items/[itemId]/page.tsx; source imports/handlers reconciled against completed approved-screen and Batch evidence."
"PAGE-50","ADMIN_PAGE","app/angelcare-marketplace/(protected)/admin/catalog/items/[itemId]/presentation/page.tsx","/angelcare-marketplace/admin/catalog/items/:itemId/presentation","UNMAPPED","NONE","@/angelcare-marketplace/commerce-studio/admin-pages","commerce-studio/admin-pages","NONE","NONE","YES","CAP-GLOBAL-001","SOURCE_REVIEWED","CANONICAL_OR_CONTEXTUAL_OPERATOR_SURFACE","MAPPED_TO_IMPLEMENTED_CAPABILITY","app/angelcare-marketplace/(protected)/admin/catalog/items/[itemId]/presentation/page.tsx; source imports/handlers reconciled against completed approved-screen and Batch evidence."
"PAGE-51","ADMIN_PAGE","app/angelcare-marketplace/(protected)/admin/catalog/items/[itemId]/preview/page.tsx","/angelcare-marketplace/admin/catalog/items/:itemId/preview","UNMAPPED","NONE","@/angelcare-marketplace/commerce-studio/admin-pages","commerce-studio/admin-pages","NONE","NONE","YES","CAP-B01-010","SOURCE_REVIEWED","CANONICAL_OR_CONTEXTUAL_OPERATOR_SURFACE","MAPPED_TO_IMPLEMENTED_CAPABILITY","app/angelcare-marketplace/(protected)/admin/catalog/items/[itemId]/preview/page.tsx; source imports/handlers reconciled against completed approved-screen and Batch evidence."
"PAGE-52","ADMIN_PAGE","app/angelcare-marketplace/(protected)/admin/catalog/items/[itemId]/pricing/page.tsx","/angelcare-marketplace/admin/catalog/items/:itemId/pricing","UNMAPPED","NONE","@/angelcare-marketplace/commerce-studio/admin-pages","commerce-studio/admin-pages","NONE","NONE","YES","CAP-GLOBAL-001","SOURCE_REVIEWED","CANONICAL_OR_CONTEXTUAL_OPERATOR_SURFACE","MAPPED_TO_IMPLEMENTED_CAPABILITY","app/angelcare-marketplace/(protected)/admin/catalog/items/[itemId]/pricing/page.tsx; source imports/handlers reconciled against completed approved-screen and Batch evidence."
"PAGE-53","ADMIN_PAGE","app/angelcare-marketplace/(protected)/admin/catalog/items/[itemId]/publication/page.tsx","/angelcare-marketplace/admin/catalog/items/:itemId/publication","UNMAPPED","NONE","@/angelcare-marketplace/commerce-studio/admin-pages","commerce-studio/admin-pages","NONE","NONE","YES","CAP-GLOBAL-001","SOURCE_REVIEWED","CANONICAL_OR_CONTEXTUAL_OPERATOR_SURFACE","MAPPED_TO_IMPLEMENTED_CAPABILITY","app/angelcare-marketplace/(protected)/admin/catalog/items/[itemId]/publication/page.tsx; source imports/handlers reconciled against completed approved-screen and Batch evidence."
"PAGE-54","ADMIN_PAGE","app/angelcare-marketplace/(protected)/admin/catalog/items/[itemId]/related/page.tsx","/angelcare-marketplace/admin/catalog/items/:itemId/related","UNMAPPED","NONE","@/angelcare-marketplace/commerce-studio/admin-pages","commerce-studio/admin-pages","NONE","NONE","YES","CAP-GLOBAL-001","SOURCE_REVIEWED","CANONICAL_OR_CONTEXTUAL_OPERATOR_SURFACE","MAPPED_TO_IMPLEMENTED_CAPABILITY","app/angelcare-marketplace/(protected)/admin/catalog/items/[itemId]/related/page.tsx; source imports/handlers reconciled against completed approved-screen and Batch evidence."
"PAGE-55","ADMIN_PAGE","app/angelcare-marketplace/(protected)/admin/catalog/items/[itemId]/seo/page.tsx","/angelcare-marketplace/admin/catalog/items/:itemId/seo","UNMAPPED","NONE","@/angelcare-marketplace/commerce-studio/admin-pages","commerce-studio/admin-pages","NONE","NONE","YES","CAP-GLOBAL-001","SOURCE_REVIEWED","CANONICAL_OR_CONTEXTUAL_OPERATOR_SURFACE","MAPPED_TO_IMPLEMENTED_CAPABILITY","app/angelcare-marketplace/(protected)/admin/catalog/items/[itemId]/seo/page.tsx; source imports/handlers reconciled against completed approved-screen and Batch evidence."
"PAGE-56","ADMIN_PAGE","app/angelcare-marketplace/(protected)/admin/catalog/items/[itemId]/sourcing/page.tsx","/angelcare-marketplace/admin/catalog/items/:itemId/sourcing","UNMAPPED","NONE","@/angelcare-marketplace/commerce-studio/admin-pages","commerce-studio/admin-pages","NONE","NONE","YES","CAP-GLOBAL-001","SOURCE_REVIEWED","CANONICAL_OR_CONTEXTUAL_OPERATOR_SURFACE","MAPPED_TO_IMPLEMENTED_CAPABILITY","app/angelcare-marketplace/(protected)/admin/catalog/items/[itemId]/sourcing/page.tsx; source imports/handlers reconciled against completed approved-screen and Batch evidence."
"PAGE-57","ADMIN_PAGE","app/angelcare-marketplace/(protected)/admin/catalog/items/[itemId]/territories/page.tsx","/angelcare-marketplace/admin/catalog/items/:itemId/territories","UNMAPPED","NONE","@/angelcare-marketplace/commerce-studio/admin-pages","commerce-studio/admin-pages","NONE","NONE","YES","CAP-GLOBAL-001","SOURCE_REVIEWED","CANONICAL_OR_CONTEXTUAL_OPERATOR_SURFACE","MAPPED_TO_IMPLEMENTED_CAPABILITY","app/angelcare-marketplace/(protected)/admin/catalog/items/[itemId]/territories/page.tsx; source imports/handlers reconciled against completed approved-screen and Batch evidence."
"PAGE-58","ADMIN_PAGE","app/angelcare-marketplace/(protected)/admin/catalog/items/[itemId]/trust/page.tsx","/angelcare-marketplace/admin/catalog/items/:itemId/trust","UNMAPPED","NONE","@/angelcare-marketplace/commerce-studio/admin-pages","commerce-studio/admin-pages","NONE","NONE","YES","CAP-B01-009","SOURCE_REVIEWED","CANONICAL_OR_CONTEXTUAL_OPERATOR_SURFACE","MAPPED_TO_IMPLEMENTED_CAPABILITY","app/angelcare-marketplace/(protected)/admin/catalog/items/[itemId]/trust/page.tsx; source imports/handlers reconciled against completed approved-screen and Batch evidence."
"PAGE-59","ADMIN_PAGE","app/angelcare-marketplace/(protected)/admin/catalog/items/[itemId]/variants/page.tsx","/angelcare-marketplace/admin/catalog/items/:itemId/variants","UNMAPPED","NONE","@/angelcare-marketplace/commerce-studio/admin-pages","commerce-studio/admin-pages","NONE","NONE","YES","CAP-GLOBAL-001","SOURCE_REVIEWED","CANONICAL_OR_CONTEXTUAL_OPERATOR_SURFACE","MAPPED_TO_IMPLEMENTED_CAPABILITY","app/angelcare-marketplace/(protected)/admin/catalog/items/[itemId]/variants/page.tsx; source imports/handlers reconciled against completed approved-screen and Batch evidence."
"PAGE-60","ADMIN_PAGE","app/angelcare-marketplace/(protected)/admin/catalog/items/new/page.tsx","/angelcare-marketplace/admin/catalog/items/new","B01","NONE","@/angelcare-marketplace/commerce-studio/admin-pages","commerce-studio/admin-pages","NONE","NONE","YES","CAP-B01-003","SOURCE_REVIEWED","CANONICAL_OR_CONTEXTUAL_OPERATOR_SURFACE","MAPPED_TO_IMPLEMENTED_CAPABILITY","app/angelcare-marketplace/(protected)/admin/catalog/items/new/page.tsx; source imports/handlers reconciled against completed approved-screen and Batch evidence."
"PAGE-61","ADMIN_PAGE","app/angelcare-marketplace/(protected)/admin/catalog/items/page.tsx","/angelcare-marketplace/admin/catalog/items","B01","NONE","@/angelcare-marketplace/commerce-studio/admin-pages","commerce-studio/admin-pages","NONE","NONE","YES","CAP-B01-002","SOURCE_REVIEWED","CANONICAL_OR_CONTEXTUAL_OPERATOR_SURFACE","MAPPED_TO_IMPLEMENTED_CAPABILITY","app/angelcare-marketplace/(protected)/admin/catalog/items/page.tsx; source imports/handlers reconciled against completed approved-screen and Batch evidence."
"PAGE-62","ADMIN_PAGE","app/angelcare-marketplace/(protected)/admin/catalog/localization/page.tsx","/angelcare-marketplace/admin/catalog/localization","B05","NONE","next/navigation","NONE","NONE","/angelcare-marketplace/admin/localization","LEGACY_COMPATIBILITY","CAP-B05-001","SOURCE_REVIEWED","LEGACY_COMPATIBILITY_SURFACE","LEGACY_COMPATIBILITY_ONLY","app/angelcare-marketplace/(protected)/admin/catalog/localization/page.tsx; source imports/handlers and redirect target reconciled against completed approved-screen and Batch evidence."
"PAGE-63","ADMIN_PAGE","app/angelcare-marketplace/(protected)/admin/catalog/media/page.tsx","/angelcare-marketplace/admin/catalog/media","B05","NONE","next/navigation","NONE","NONE","/angelcare-marketplace/admin/media/library","LEGACY_COMPATIBILITY","CAP-B05-001","SOURCE_REVIEWED","LEGACY_COMPATIBILITY_SURFACE","LEGACY_COMPATIBILITY_ONLY","app/angelcare-marketplace/(protected)/admin/catalog/media/page.tsx; source imports/handlers and redirect target reconciled against completed approved-screen and Batch evidence."
"PAGE-64","ADMIN_PAGE","app/angelcare-marketplace/(protected)/admin/catalog/page.tsx","/angelcare-marketplace/admin/catalog","B01|B02|B05","NONE","@/angelcare-marketplace/catalog-discovery/components/CatalogAdminCommand|@/angelcare-marketplace/catalog-discovery/repository","catalog-discovery/components/CatalogAdminCommand|catalog-discovery/repository","repository","NONE","YES","CAP-B02-003","SOURCE_REVIEWED","CANONICAL_OR_CONTEXTUAL_OPERATOR_SURFACE","MAPPED_TO_IMPLEMENTED_CAPABILITY","app/angelcare-marketplace/(protected)/admin/catalog/page.tsx; source imports/handlers reconciled against completed approved-screen and Batch evidence."
"PAGE-65","ADMIN_PAGE","app/angelcare-marketplace/(protected)/admin/catalog/publication/page.tsx","/angelcare-marketplace/admin/catalog/publication","B05","NONE","next/navigation","NONE","NONE","/angelcare-marketplace/admin/commerce-studio/publication","LEGACY_COMPATIBILITY","CAP-B05-001","SOURCE_REVIEWED","LEGACY_COMPATIBILITY_SURFACE","LEGACY_COMPATIBILITY_ONLY","app/angelcare-marketplace/(protected)/admin/catalog/publication/page.tsx; source imports/handlers and redirect target reconciled against completed approved-screen and Batch evidence."
"PAGE-66","ADMIN_PAGE","app/angelcare-marketplace/(protected)/admin/catalog/search/page.tsx","/angelcare-marketplace/admin/catalog/search","UNMAPPED","NONE","next/navigation","NONE","NONE","/angelcare-marketplace/admin/discovery-control","LEGACY_COMPATIBILITY","CAP-GLOBAL-001","SOURCE_REVIEWED","LEGACY_COMPATIBILITY_SURFACE","LEGACY_COMPATIBILITY_ONLY","app/angelcare-marketplace/(protected)/admin/catalog/search/page.tsx; source imports/handlers and redirect target reconciled against completed approved-screen and Batch evidence."
"PAGE-67","ADMIN_PAGE","app/angelcare-marketplace/(protected)/admin/catalog/trust/page.tsx","/angelcare-marketplace/admin/catalog/trust","UNMAPPED","NONE","next/navigation","NONE","NONE","/angelcare-marketplace/admin/trust","LEGACY_COMPATIBILITY","CAP-GLOBAL-001","SOURCE_REVIEWED","LEGACY_COMPATIBILITY_SURFACE","LEGACY_COMPATIBILITY_ONLY","app/angelcare-marketplace/(protected)/admin/catalog/trust/page.tsx; source imports/handlers and redirect target reconciled against completed approved-screen and Batch evidence."
"PAGE-68","ADMIN_PAGE","app/angelcare-marketplace/(protected)/admin/category-native/archetypes/[schemaKey]/page.tsx","/angelcare-marketplace/admin/category-native/archetypes/:schemaKey","UNMAPPED","NONE","@/angelcare-marketplace/category-native/admin-pages","category-native/admin-pages","NONE","NONE","YES","CAP-B02-008","SOURCE_REVIEWED","CANONICAL_OR_CONTEXTUAL_OPERATOR_SURFACE","MAPPED_TO_IMPLEMENTED_CAPABILITY","app/angelcare-marketplace/(protected)/admin/category-native/archetypes/[schemaKey]/page.tsx; source imports/handlers reconciled against completed approved-screen and Batch evidence."
"PAGE-69","ADMIN_PAGE","app/angelcare-marketplace/(protected)/admin/category-native/archetypes/page.tsx","/angelcare-marketplace/admin/category-native/archetypes","B02","NONE","@/angelcare-marketplace/category-native/admin-pages","category-native/admin-pages","NONE","NONE","YES","CAP-B02-008","SOURCE_REVIEWED","CANONICAL_OR_CONTEXTUAL_OPERATOR_SURFACE","MAPPED_TO_IMPLEMENTED_CAPABILITY","app/angelcare-marketplace/(protected)/admin/category-native/archetypes/page.tsx; source imports/handlers reconciled against completed approved-screen and Batch evidence."
"PAGE-70","ADMIN_PAGE","app/angelcare-marketplace/(protected)/admin/category-native/homepage-designer/page.tsx","/angelcare-marketplace/admin/category-native/homepage-designer","B02|B05","NONE","@/angelcare-marketplace/category-native/admin-pages","category-native/admin-pages","NONE","NONE","YES","CAP-B02-001|CAP-B05-001","SOURCE_REVIEWED","CANONICAL_OR_CONTEXTUAL_OPERATOR_SURFACE","MAPPED_TO_IMPLEMENTED_CAPABILITY","app/angelcare-marketplace/(protected)/admin/category-native/homepage-designer/page.tsx; source imports/handlers reconciled against completed approved-screen and Batch evidence."
"PAGE-71","ADMIN_PAGE","app/angelcare-marketplace/(protected)/admin/category-native/imports/page.tsx","/angelcare-marketplace/admin/category-native/imports","B02","NONE","@/angelcare-marketplace/category-native/admin-pages","category-native/admin-pages","NONE","NONE","YES","CAP-B02-010","SOURCE_REVIEWED","CANONICAL_OR_CONTEXTUAL_OPERATOR_SURFACE","MAPPED_TO_IMPLEMENTED_CAPABILITY","app/angelcare-marketplace/(protected)/admin/category-native/imports/page.tsx; source imports/handlers reconciled against completed approved-screen and Batch evidence."
"PAGE-72","ADMIN_PAGE","app/angelcare-marketplace/(protected)/admin/category-native/page.tsx","/angelcare-marketplace/admin/category-native","B02|B05","NONE","@/angelcare-marketplace/category-native/admin-pages","category-native/admin-pages","NONE","NONE","YES","CAP-B02-008","SOURCE_REVIEWED","CANONICAL_OR_CONTEXTUAL_OPERATOR_SURFACE","MAPPED_TO_IMPLEMENTED_CAPABILITY","app/angelcare-marketplace/(protected)/admin/category-native/page.tsx; source imports/handlers reconciled against completed approved-screen and Batch evidence."
"PAGE-73","ADMIN_PAGE","app/angelcare-marketplace/(protected)/admin/category-native/schemas/page.tsx","/angelcare-marketplace/admin/category-native/schemas","B02","NONE","@/angelcare-marketplace/category-native/admin-pages","category-native/admin-pages","NONE","NONE","YES","CAP-B02-007","SOURCE_REVIEWED","CANONICAL_OR_CONTEXTUAL_OPERATOR_SURFACE","MAPPED_TO_IMPLEMENTED_CAPABILITY","app/angelcare-marketplace/(protected)/admin/category-native/schemas/page.tsx; source imports/handlers reconciled against completed approved-screen and Batch evidence."
"PAGE-74","ADMIN_PAGE","app/angelcare-marketplace/(protected)/admin/category-native/template-factory/page.tsx","/angelcare-marketplace/admin/category-native/template-factory","B02","NONE","@/angelcare-marketplace/category-native/admin-pages","category-native/admin-pages","NONE","NONE","YES","CAP-B02-009","SOURCE_REVIEWED","CANONICAL_OR_CONTEXTUAL_OPERATOR_SURFACE","MAPPED_TO_IMPLEMENTED_CAPABILITY","app/angelcare-marketplace/(protected)/admin/category-native/template-factory/page.tsx; source imports/handlers reconciled against completed approved-screen and Batch evidence."
"PAGE-75","ADMIN_PAGE","app/angelcare-marketplace/(protected)/admin/command/page.tsx","/angelcare-marketplace/admin/command","UNMAPPED","metadata","@/angelcare-marketplace/auth/context|@/angelcare-marketplace/sovereign-control/components/SovereignCockpit|@/angelcare-marketplace/sovereign-control/repository","auth/context|sovereign-control/components/SovereignCockpit|sovereign-control/repository","repository","NONE","YES","CAP-B11-001","SOURCE_REVIEWED","CANONICAL_OR_CONTEXTUAL_OPERATOR_SURFACE","MAPPED_TO_IMPLEMENTED_CAPABILITY","app/angelcare-marketplace/(protected)/admin/command/page.tsx; source imports/handlers reconciled against completed approved-screen and Batch evidence."
"PAGE-76","ADMIN_PAGE","app/angelcare-marketplace/(protected)/admin/commerce-factory/availability/page.tsx","/angelcare-marketplace/admin/commerce-factory/availability","UNMAPPED","dynamic","@/angelcare-marketplace/auth/context|@/angelcare-marketplace/commerce-product-atelier/repository|@/angelcare-marketplace/commerce-product-atelier/components/AvailabilityCommandWorkspace","auth/context|commerce-product-atelier/repository|commerce-product-atelier/components/AvailabilityCommandWorkspace","repository","NONE","YES","CAP-B01-001","SOURCE_REVIEWED","CANONICAL_OR_CONTEXTUAL_OPERATOR_SURFACE","MAPPED_TO_IMPLEMENTED_CAPABILITY","app/angelcare-marketplace/(protected)/admin/commerce-factory/availability/page.tsx; source imports/handlers reconciled against completed approved-screen and Batch evidence."
"PAGE-77","ADMIN_PAGE","app/angelcare-marketplace/(protected)/admin/commerce-factory/categories/page.tsx","/angelcare-marketplace/admin/commerce-factory/categories","B02","dynamic","@/angelcare-marketplace/auth/context|@/angelcare-marketplace/commerce-product-atelier/repository|@/angelcare-marketplace/commerce-product-atelier/components/CategoryArchitectureWorkspace","auth/context|commerce-product-atelier/repository|commerce-product-atelier/components/CategoryArchitectureWorkspace","repository","NONE","YES","CAP-B02-001","SOURCE_REVIEWED","CANONICAL_OR_CONTEXTUAL_OPERATOR_SURFACE","MAPPED_TO_IMPLEMENTED_CAPABILITY","app/angelcare-marketplace/(protected)/admin/commerce-factory/categories/page.tsx; source imports/handlers reconciled against completed approved-screen and Batch evidence."
"PAGE-78","ADMIN_PAGE","app/angelcare-marketplace/(protected)/admin/commerce-factory/collections/page.tsx","/angelcare-marketplace/admin/commerce-factory/collections","B02","dynamic","@/angelcare-marketplace/auth/context|@/angelcare-marketplace/commerce-product-atelier/repository|@/angelcare-marketplace/commerce-product-atelier/components/CollectionsCommandWorkspace","auth/context|commerce-product-atelier/repository|commerce-product-atelier/components/CollectionsCommandWorkspace","repository","NONE","YES","CAP-B02-001","SOURCE_REVIEWED","CANONICAL_OR_CONTEXTUAL_OPERATOR_SURFACE","MAPPED_TO_IMPLEMENTED_CAPABILITY","app/angelcare-marketplace/(protected)/admin/commerce-factory/collections/page.tsx; source imports/handlers reconciled against completed approved-screen and Batch evidence."
"PAGE-79","ADMIN_PAGE","app/angelcare-marketplace/(protected)/admin/commerce-factory/doctrines/page.tsx","/angelcare-marketplace/admin/commerce-factory/doctrines","UNMAPPED","dynamic","@/angelcare-marketplace/auth/context|@/angelcare-marketplace/commerce-product-atelier/repository|@/angelcare-marketplace/commerce-product-atelier/components/DoctrineFactoryWorkspace","auth/context|commerce-product-atelier/repository|commerce-product-atelier/components/DoctrineFactoryWorkspace","repository","NONE","YES","CAP-B01-001","SOURCE_REVIEWED","CANONICAL_OR_CONTEXTUAL_OPERATOR_SURFACE","MAPPED_TO_IMPLEMENTED_CAPABILITY","app/angelcare-marketplace/(protected)/admin/commerce-factory/doctrines/page.tsx; source imports/handlers reconciled against completed approved-screen and Batch evidence."
"PAGE-80","ADMIN_PAGE","app/angelcare-marketplace/(protected)/admin/commerce-factory/imports/page.tsx","/angelcare-marketplace/admin/commerce-factory/imports","UNMAPPED","dynamic","@/angelcare-marketplace/auth/context|@/angelcare-marketplace/commerce-product-atelier/components/IndustrialImportWorkspace","auth/context|commerce-product-atelier/components/IndustrialImportWorkspace","NONE","NONE","YES","CAP-B01-001","SOURCE_REVIEWED","CANONICAL_OR_CONTEXTUAL_OPERATOR_SURFACE","MAPPED_TO_IMPLEMENTED_CAPABILITY","app/angelcare-marketplace/(protected)/admin/commerce-factory/imports/page.tsx; source imports/handlers reconciled against completed approved-screen and Batch evidence."
"PAGE-81","ADMIN_PAGE","app/angelcare-marketplace/(protected)/admin/commerce-factory/page.tsx","/angelcare-marketplace/admin/commerce-factory","B02","dynamic","@/angelcare-marketplace/auth/context|@/angelcare-marketplace/commerce-product-atelier/repository|@/angelcare-marketplace/commerce-product-atelier/components/CommerceCommandCenter","auth/context|commerce-product-atelier/repository|commerce-product-atelier/components/CommerceCommandCenter","repository","NONE","YES","CAP-B02-001","SOURCE_REVIEWED","CANONICAL_OR_CONTEXTUAL_OPERATOR_SURFACE","MAPPED_TO_IMPLEMENTED_CAPABILITY","app/angelcare-marketplace/(protected)/admin/commerce-factory/page.tsx; source imports/handlers reconciled against completed approved-screen and Batch evidence."
"PAGE-82","ADMIN_PAGE","app/angelcare-marketplace/(protected)/admin/commerce-factory/pricing/page.tsx","/angelcare-marketplace/admin/commerce-factory/pricing","UNMAPPED","dynamic","@/angelcare-marketplace/auth/context|@/angelcare-marketplace/commerce-product-atelier/repository|@/angelcare-marketplace/commerce-product-atelier/components/PricingCommandWorkspace","auth/context|commerce-product-atelier/repository|commerce-product-atelier/components/PricingCommandWorkspace","repository","NONE","YES","CAP-B01-001","SOURCE_REVIEWED","CANONICAL_OR_CONTEXTUAL_OPERATOR_SURFACE","MAPPED_TO_IMPLEMENTED_CAPABILITY","app/angelcare-marketplace/(protected)/admin/commerce-factory/pricing/page.tsx; source imports/handlers reconciled against completed approved-screen and Batch evidence."
"PAGE-83","ADMIN_PAGE","app/angelcare-marketplace/(protected)/admin/commerce-factory/products/page.tsx","/angelcare-marketplace/admin/commerce-factory/products","UNMAPPED","dynamic","@/angelcare-marketplace/auth/context|@/angelcare-marketplace/commerce-product-atelier/repository|@/angelcare-marketplace/commerce-product-atelier/components/ProductMasterRegistry","auth/context|commerce-product-atelier/repository|commerce-product-atelier/components/ProductMasterRegistry","repository","NONE","YES","CAP-B01-001","SOURCE_REVIEWED","CANONICAL_OR_CONTEXTUAL_OPERATOR_SURFACE","MAPPED_TO_IMPLEMENTED_CAPABILITY","app/angelcare-marketplace/(protected)/admin/commerce-factory/products/page.tsx; source imports/handlers reconciled against completed approved-screen and Batch evidence."
"PAGE-84","ADMIN_PAGE","app/angelcare-marketplace/(protected)/admin/commerce-studio/import-export/page.tsx","/angelcare-marketplace/admin/commerce-studio/import-export","UNMAPPED","NONE","@/angelcare-marketplace/auth/context|@/angelcare-marketplace/commerce-studio/components/ImportExportStudio","auth/context|commerce-studio/components/ImportExportStudio","NONE","NONE","YES","CAP-GLOBAL-001","SOURCE_REVIEWED","CANONICAL_OR_CONTEXTUAL_OPERATOR_SURFACE","MAPPED_TO_IMPLEMENTED_CAPABILITY","app/angelcare-marketplace/(protected)/admin/commerce-studio/import-export/page.tsx; source imports/handlers reconciled against completed approved-screen and Batch evidence."
"PAGE-85","ADMIN_PAGE","app/angelcare-marketplace/(protected)/admin/commerce-studio/page.tsx","/angelcare-marketplace/admin/commerce-studio","B05","NONE","@/angelcare-marketplace/commerce-studio/admin-pages","commerce-studio/admin-pages","NONE","NONE","YES","CAP-B05-001","SOURCE_REVIEWED","CANONICAL_OR_CONTEXTUAL_OPERATOR_SURFACE","MAPPED_TO_IMPLEMENTED_CAPABILITY","app/angelcare-marketplace/(protected)/admin/commerce-studio/page.tsx; source imports/handlers reconciled against completed approved-screen and Batch evidence."
"PAGE-86","ADMIN_PAGE","app/angelcare-marketplace/(protected)/admin/commerce-studio/publication/page.tsx","/angelcare-marketplace/admin/commerce-studio/publication","B05","NONE","@/angelcare-marketplace/commerce-studio/admin-pages","commerce-studio/admin-pages","NONE","NONE","YES","CAP-B05-001","SOURCE_REVIEWED","CANONICAL_OR_CONTEXTUAL_OPERATOR_SURFACE","MAPPED_TO_IMPLEMENTED_CAPABILITY","app/angelcare-marketplace/(protected)/admin/commerce-studio/publication/page.tsx; source imports/handlers reconciled against completed approved-screen and Batch evidence."
"PAGE-87","ADMIN_PAGE","app/angelcare-marketplace/(protected)/admin/commercial/leads/page.tsx","/angelcare-marketplace/admin/commercial/leads","UNMAPPED","NONE","@/angelcare-marketplace/auth/context|@/angelcare-marketplace/commercial-pipeline/components/LeadAccountCommand|@/angelcare-marketplace/commercial-pipeline/components/CommercialActionClient|@/angelcare-marketplace/commercial-pipeline/repository","auth/context|commercial-pipeline/components/LeadAccountCommand|commercial-pipeline/components/CommercialActionClient|commercial-pipeline/repository","repository","NONE","YES","CAP-B04-001","SOURCE_REVIEWED","CANONICAL_OR_CONTEXTUAL_OPERATOR_SURFACE","MAPPED_TO_IMPLEMENTED_CAPABILITY","app/angelcare-marketplace/(protected)/admin/commercial/leads/page.tsx; source imports/handlers reconciled against completed approved-screen and Batch evidence."
"PAGE-88","ADMIN_PAGE","app/angelcare-marketplace/(protected)/admin/commercial/opportunities/page.tsx","/angelcare-marketplace/admin/commercial/opportunities","UNMAPPED","NONE","@/angelcare-marketplace/auth/context|@/angelcare-marketplace/commercial-pipeline/components/CommercialCommand|@/angelcare-marketplace/commercial-pipeline/repository","auth/context|commercial-pipeline/components/CommercialCommand|commercial-pipeline/repository","repository","NONE","YES","CAP-B04-001","SOURCE_REVIEWED","CANONICAL_OR_CONTEXTUAL_OPERATOR_SURFACE","MAPPED_TO_IMPLEMENTED_CAPABILITY","app/angelcare-marketplace/(protected)/admin/commercial/opportunities/page.tsx; source imports/handlers reconciled against completed approved-screen and Batch evidence."
"PAGE-89","ADMIN_PAGE","app/angelcare-marketplace/(protected)/admin/commercial/page.tsx","/angelcare-marketplace/admin/commercial","B04","NONE","@/angelcare-marketplace/auth/context|@/angelcare-marketplace/commercial-pipeline/components/CommercialCommand|@/angelcare-marketplace/commercial-pipeline/repository","auth/context|commercial-pipeline/components/CommercialCommand|commercial-pipeline/repository","repository","NONE","YES","CAP-B04-006","SOURCE_REVIEWED","CANONICAL_OR_CONTEXTUAL_OPERATOR_SURFACE","MAPPED_TO_IMPLEMENTED_CAPABILITY","app/angelcare-marketplace/(protected)/admin/commercial/page.tsx; source imports/handlers reconciled against completed approved-screen and Batch evidence."
"PAGE-90","ADMIN_PAGE","app/angelcare-marketplace/(protected)/admin/commercial/quotes/page.tsx","/angelcare-marketplace/admin/commercial/quotes","B04","NONE","@/angelcare-marketplace/auth/context|@/angelcare-marketplace/commercial-pipeline/components/QuoteRegistry|@/angelcare-marketplace/commercial-pipeline/repository","auth/context|commercial-pipeline/components/QuoteRegistry|commercial-pipeline/repository","repository","NONE","YES","CAP-B04-006","SOURCE_REVIEWED","CANONICAL_OR_CONTEXTUAL_OPERATOR_SURFACE","MAPPED_TO_IMPLEMENTED_CAPABILITY","app/angelcare-marketplace/(protected)/admin/commercial/quotes/page.tsx; source imports/handlers reconciled against completed approved-screen and Batch evidence."
"PAGE-91","ADMIN_PAGE","app/angelcare-marketplace/(protected)/admin/configuration/page.tsx","/angelcare-marketplace/admin/configuration","B11","metadata","@/angelcare-marketplace/domain/types|@/angelcare-marketplace/auth/context|@/angelcare-marketplace/components/FoundationUnavailable|@/angelcare-marketplace/features/admin/ConfigurationClient|@/angelcare-marketplace/design-system/ui|@/angelcare-marketplace/server/repository","domain/types|auth/context|components/FoundationUnavailable|features/admin/ConfigurationClient|design-system/ui|server/repository","repository","NONE","YES","CAP-B11-009","SOURCE_REVIEWED","CANONICAL_OR_CONTEXTUAL_OPERATOR_SURFACE","MAPPED_TO_IMPLEMENTED_CAPABILITY","app/angelcare-marketplace/(protected)/admin/configuration/page.tsx; source imports/handlers reconciled against completed approved-screen and Batch evidence."
"PAGE-92","ADMIN_PAGE","app/angelcare-marketplace/(protected)/admin/conversion/abandonment/page.tsx","/angelcare-marketplace/admin/conversion/abandonment","B04","NONE","@/angelcare-marketplace/conversion-universe/components/ConversionQueueBoard|@/angelcare-marketplace/conversion-universe/repository|@/angelcare-marketplace/auth/context","conversion-universe/components/ConversionQueueBoard|conversion-universe/repository|auth/context","repository","NONE","YES","CAP-B04-009","SOURCE_REVIEWED","CANONICAL_OR_CONTEXTUAL_OPERATOR_SURFACE","MAPPED_TO_IMPLEMENTED_CAPABILITY","app/angelcare-marketplace/(protected)/admin/conversion/abandonment/page.tsx; source imports/handlers reconciled against completed approved-screen and Batch evidence."
"PAGE-93","ADMIN_PAGE","app/angelcare-marketplace/(protected)/admin/conversion/analytics/page.tsx","/angelcare-marketplace/admin/conversion/analytics","B04","NONE","@/angelcare-marketplace/conversion-universe/components/ConversionAdminCommand|@/angelcare-marketplace/conversion-universe/repository|@/angelcare-marketplace/auth/context","conversion-universe/components/ConversionAdminCommand|conversion-universe/repository|auth/context","repository","NONE","YES","CAP-B04-009","SOURCE_REVIEWED","CANONICAL_OR_CONTEXTUAL_OPERATOR_SURFACE","MAPPED_TO_IMPLEMENTED_CAPABILITY","app/angelcare-marketplace/(protected)/admin/conversion/analytics/page.tsx; source imports/handlers reconciled against completed approved-screen and Batch evidence."
"PAGE-94","ADMIN_PAGE","app/angelcare-marketplace/(protected)/admin/conversion/baskets/page.tsx","/angelcare-marketplace/admin/conversion/baskets","B04","NONE","@/angelcare-marketplace/conversion-universe/components/ConversionBasketBoard|@/angelcare-marketplace/conversion-universe/repository|@/angelcare-marketplace/auth/context","conversion-universe/components/ConversionBasketBoard|conversion-universe/repository|auth/context","repository","NONE","YES","CAP-B04-009","SOURCE_REVIEWED","CANONICAL_OR_CONTEXTUAL_OPERATOR_SURFACE","MAPPED_TO_IMPLEMENTED_CAPABILITY","app/angelcare-marketplace/(protected)/admin/conversion/baskets/page.tsx; source imports/handlers reconciled against completed approved-screen and Batch evidence."
"PAGE-95","ADMIN_PAGE","app/angelcare-marketplace/(protected)/admin/conversion/bookings/page.tsx","/angelcare-marketplace/admin/conversion/bookings","B04","NONE","@/angelcare-marketplace/conversion-universe/components/ConversionQueueBoard|@/angelcare-marketplace/conversion-universe/repository|@/angelcare-marketplace/auth/context","conversion-universe/components/ConversionQueueBoard|conversion-universe/repository|auth/context","repository|service_booking","NONE","YES","CAP-B04-009","SOURCE_REVIEWED","CANONICAL_OR_CONTEXTUAL_OPERATOR_SURFACE","MAPPED_TO_IMPLEMENTED_CAPABILITY","app/angelcare-marketplace/(protected)/admin/conversion/bookings/page.tsx; source imports/handlers reconciled against completed approved-screen and Batch evidence."
"PAGE-96","ADMIN_PAGE","app/angelcare-marketplace/(protected)/admin/conversion/configuration/page.tsx","/angelcare-marketplace/admin/conversion/configuration","B04","NONE","next/link|lucide-react|@/angelcare-marketplace/auth/context|@/angelcare-marketplace/conversion-universe/conversion.module.css","auth/context|conversion-universe/conversion.module.css","NONE","NONE","YES","CAP-B04-009","SOURCE_REVIEWED","CANONICAL_OR_CONTEXTUAL_OPERATOR_SURFACE","MAPPED_TO_IMPLEMENTED_CAPABILITY","app/angelcare-marketplace/(protected)/admin/conversion/configuration/page.tsx; source imports/handlers reconciled against completed approved-screen and Batch evidence."
"PAGE-97","ADMIN_PAGE","app/angelcare-marketplace/(protected)/admin/conversion/consents/page.tsx","/angelcare-marketplace/admin/conversion/consents","B04","NONE","@/angelcare-marketplace/conversion-universe/components/ConversionEvidenceBoard|@/angelcare-marketplace/conversion-universe/repository|@/angelcare-marketplace/auth/context","conversion-universe/components/ConversionEvidenceBoard|conversion-universe/repository|auth/context","repository","NONE","YES","CAP-B04-009","SOURCE_REVIEWED","CANONICAL_OR_CONTEXTUAL_OPERATOR_SURFACE","MAPPED_TO_IMPLEMENTED_CAPABILITY","app/angelcare-marketplace/(protected)/admin/conversion/consents/page.tsx; source imports/handlers reconciled against completed approved-screen and Batch evidence."
"PAGE-98","ADMIN_PAGE","app/angelcare-marketplace/(protected)/admin/conversion/enrollments/page.tsx","/angelcare-marketplace/admin/conversion/enrollments","B04","NONE","@/angelcare-marketplace/conversion-universe/components/ConversionQueueBoard|@/angelcare-marketplace/conversion-universe/repository|@/angelcare-marketplace/auth/context","conversion-universe/components/ConversionQueueBoard|conversion-universe/repository|auth/context","repository","NONE","YES","CAP-B04-007","SOURCE_REVIEWED","CANONICAL_OR_CONTEXTUAL_OPERATOR_SURFACE","MAPPED_TO_IMPLEMENTED_CAPABILITY","app/angelcare-marketplace/(protected)/admin/conversion/enrollments/page.tsx; source imports/handlers reconciled against completed approved-screen and Batch evidence."
"PAGE-99","ADMIN_PAGE","app/angelcare-marketplace/(protected)/admin/conversion/exceptions/page.tsx","/angelcare-marketplace/admin/conversion/exceptions","B04","NONE","@/angelcare-marketplace/conversion-universe/components/ConversionEvidenceBoard|@/angelcare-marketplace/conversion-universe/repository|@/angelcare-marketplace/auth/context","conversion-universe/components/ConversionEvidenceBoard|conversion-universe/repository|auth/context","repository","NONE","YES","CAP-B04-009","SOURCE_REVIEWED","CANONICAL_OR_CONTEXTUAL_OPERATOR_SURFACE","MAPPED_TO_IMPLEMENTED_CAPABILITY","app/angelcare-marketplace/(protected)/admin/conversion/exceptions/page.tsx; source imports/handlers reconciled against completed approved-screen and Batch evidence."
"PAGE-100","ADMIN_PAGE","app/angelcare-marketplace/(protected)/admin/conversion/holds/page.tsx","/angelcare-marketplace/admin/conversion/holds","B04","NONE","@/angelcare-marketplace/conversion-universe/components/ConversionEvidenceBoard|@/angelcare-marketplace/conversion-universe/repository|@/angelcare-marketplace/auth/context","conversion-universe/components/ConversionEvidenceBoard|conversion-universe/repository|auth/context","repository","NONE","YES","CAP-B04-009","SOURCE_REVIEWED","CANONICAL_OR_CONTEXTUAL_OPERATOR_SURFACE","MAPPED_TO_IMPLEMENTED_CAPABILITY","app/angelcare-marketplace/(protected)/admin/conversion/holds/page.tsx; source imports/handlers reconciled against completed approved-screen and Batch evidence."
"PAGE-101","ADMIN_PAGE","app/angelcare-marketplace/(protected)/admin/conversion/page.tsx","/angelcare-marketplace/admin/conversion","B04","NONE","@/angelcare-marketplace/conversion-universe/components/ConversionAdminCommand|@/angelcare-marketplace/conversion-universe/repository|@/angelcare-marketplace/auth/context","conversion-universe/components/ConversionAdminCommand|conversion-universe/repository|auth/context","repository","NONE","YES","CAP-B04-009","SOURCE_REVIEWED","CANONICAL_OR_CONTEXTUAL_OPERATOR_SURFACE","MAPPED_TO_IMPLEMENTED_CAPABILITY","app/angelcare-marketplace/(protected)/admin/conversion/page.tsx; source imports/handlers reconciled against completed approved-screen and Batch evidence."
"PAGE-102","ADMIN_PAGE","app/angelcare-marketplace/(protected)/admin/conversion/quotations/page.tsx","/angelcare-marketplace/admin/conversion/quotations","B04","NONE","@/angelcare-marketplace/conversion-universe/components/ConversionQueueBoard|@/angelcare-marketplace/conversion-universe/repository|@/angelcare-marketplace/auth/context","conversion-universe/components/ConversionQueueBoard|conversion-universe/repository|auth/context","repository","NONE","YES","CAP-B04-009","SOURCE_REVIEWED","CANONICAL_OR_CONTEXTUAL_OPERATOR_SURFACE","MAPPED_TO_IMPLEMENTED_CAPABILITY","app/angelcare-marketplace/(protected)/admin/conversion/quotations/page.tsx; source imports/handlers reconciled against completed approved-screen and Batch evidence."
"PAGE-103","ADMIN_PAGE","app/angelcare-marketplace/(protected)/admin/conversion/sessions/[sessionId]/page.tsx","/angelcare-marketplace/admin/conversion/sessions/:sessionId","UNMAPPED","NONE","next/navigation|@/angelcare-marketplace/conversion-universe/components/ConversionQueueBoard|@/angelcare-marketplace/conversion-universe/repository|@/angelcare-marketplace/auth/context","conversion-universe/components/ConversionQueueBoard|conversion-universe/repository|auth/context","repository","NONE","YES","CAP-B04-010","SOURCE_REVIEWED","CANONICAL_OR_CONTEXTUAL_OPERATOR_SURFACE","MAPPED_TO_IMPLEMENTED_CAPABILITY","app/angelcare-marketplace/(protected)/admin/conversion/sessions/[sessionId]/page.tsx; source imports/handlers reconciled against completed approved-screen and Batch evidence."
"PAGE-104","ADMIN_PAGE","app/angelcare-marketplace/(protected)/admin/conversion/sessions/page.tsx","/angelcare-marketplace/admin/conversion/sessions","B04","NONE","@/angelcare-marketplace/conversion-universe/components/ConversionQueueBoard|@/angelcare-marketplace/conversion-universe/repository|@/angelcare-marketplace/auth/context|@/angelcare-marketplace/conversion-universe/types","conversion-universe/components/ConversionQueueBoard|conversion-universe/repository|auth/context|conversion-universe/types","repository","NONE","YES","CAP-B04-010","SOURCE_REVIEWED","CANONICAL_OR_CONTEXTUAL_OPERATOR_SURFACE","MAPPED_TO_IMPLEMENTED_CAPABILITY","app/angelcare-marketplace/(protected)/admin/conversion/sessions/page.tsx; source imports/handlers reconciled against completed approved-screen and Batch evidence."
"PAGE-105","ADMIN_PAGE","app/angelcare-marketplace/(protected)/admin/customers-revenue/activity/page.tsx","/angelcare-marketplace/admin/customers-revenue/activity","UNMAPPED","dynamic","@/angelcare-marketplace/auth/context|@/angelcare-marketplace/customer-relationship-command/repository|@/angelcare-marketplace/customer-relationship-command/components/CustomerActivityWorkspace","auth/context|customer-relationship-command/repository|customer-relationship-command/components/CustomerActivityWorkspace","repository","NONE","YES","CAP-B03-001","SOURCE_REVIEWED","CANONICAL_OR_CONTEXTUAL_OPERATOR_SURFACE","MAPPED_TO_IMPLEMENTED_CAPABILITY","app/angelcare-marketplace/(protected)/admin/customers-revenue/activity/page.tsx; source imports/handlers reconciled against completed approved-screen and Batch evidence."
"PAGE-106","ADMIN_PAGE","app/angelcare-marketplace/(protected)/admin/customers-revenue/cases/page.tsx","/angelcare-marketplace/admin/customers-revenue/cases","UNMAPPED","dynamic","@/angelcare-marketplace/auth/context|@/angelcare-marketplace/customer-relationship-command/repository|@/angelcare-marketplace/customer-relationship-command/components/CustomerCasesWorkspace","auth/context|customer-relationship-command/repository|customer-relationship-command/components/CustomerCasesWorkspace","repository","NONE","YES","CAP-B03-001","SOURCE_REVIEWED","CANONICAL_OR_CONTEXTUAL_OPERATOR_SURFACE","MAPPED_TO_IMPLEMENTED_CAPABILITY","app/angelcare-marketplace/(protected)/admin/customers-revenue/cases/page.tsx; source imports/handlers reconciled against completed approved-screen and Batch evidence."
"PAGE-107","ADMIN_PAGE","app/angelcare-marketplace/(protected)/admin/customers-revenue/crm/page.tsx","/angelcare-marketplace/admin/customers-revenue/crm","UNMAPPED","dynamic","@/angelcare-marketplace/auth/context|@/angelcare-marketplace/customer-relationship-command/repository|@/angelcare-marketplace/customer-relationship-command/components/CRMRelationshipWorkspace","auth/context|customer-relationship-command/repository|customer-relationship-command/components/CRMRelationshipWorkspace","repository","NONE","YES","CAP-B03-001","SOURCE_REVIEWED","CANONICAL_OR_CONTEXTUAL_OPERATOR_SURFACE","MAPPED_TO_IMPLEMENTED_CAPABILITY","app/angelcare-marketplace/(protected)/admin/customers-revenue/crm/page.tsx; source imports/handlers reconciled against completed approved-screen and Batch evidence."
"PAGE-108","ADMIN_PAGE","app/angelcare-marketplace/(protected)/admin/customers-revenue/customers/page.tsx","/angelcare-marketplace/admin/customers-revenue/customers","UNMAPPED","dynamic","@/angelcare-marketplace/auth/context|@/angelcare-marketplace/customer-relationship-command/repository|@/angelcare-marketplace/customer-relationship-command/components/CustomerRegistryWorkspace","auth/context|customer-relationship-command/repository|customer-relationship-command/components/CustomerRegistryWorkspace","repository","NONE","YES","CAP-B03-001","SOURCE_REVIEWED","CANONICAL_OR_CONTEXTUAL_OPERATOR_SURFACE","MAPPED_TO_IMPLEMENTED_CAPABILITY","app/angelcare-marketplace/(protected)/admin/customers-revenue/customers/page.tsx; source imports/handlers reconciled against completed approved-screen and Batch evidence."
"PAGE-109","ADMIN_PAGE","app/angelcare-marketplace/(protected)/admin/customers-revenue/families/page.tsx","/angelcare-marketplace/admin/customers-revenue/families","UNMAPPED","dynamic","@/angelcare-marketplace/auth/context|@/angelcare-marketplace/customer-relationship-command/repository|@/angelcare-marketplace/customer-relationship-command/components/FamilyRelationshipWorkspace","auth/context|customer-relationship-command/repository|customer-relationship-command/components/FamilyRelationshipWorkspace","repository","NONE","YES","CAP-B03-001","SOURCE_REVIEWED","CANONICAL_OR_CONTEXTUAL_OPERATOR_SURFACE","MAPPED_TO_IMPLEMENTED_CAPABILITY","app/angelcare-marketplace/(protected)/admin/customers-revenue/families/page.tsx; source imports/handlers reconciled against completed approved-screen and Batch evidence."
"PAGE-110","ADMIN_PAGE","app/angelcare-marketplace/(protected)/admin/customers-revenue/page.tsx","/angelcare-marketplace/admin/customers-revenue","B06","dynamic","@/angelcare-marketplace/auth/context|@/angelcare-marketplace/customer-relationship-command/repository|@/angelcare-marketplace/customer-relationship-command/components/CustomerRelationshipCommandCenter","auth/context|customer-relationship-command/repository|customer-relationship-command/components/CustomerRelationshipCommandCenter","repository","NONE","YES","CAP-B06-001","SOURCE_REVIEWED","CANONICAL_OR_CONTEXTUAL_OPERATOR_SURFACE","MAPPED_TO_IMPLEMENTED_CAPABILITY","app/angelcare-marketplace/(protected)/admin/customers-revenue/page.tsx; source imports/handlers reconciled against completed approved-screen and Batch evidence."
"PAGE-111","ADMIN_PAGE","app/angelcare-marketplace/(protected)/admin/customers-revenue/segments/page.tsx","/angelcare-marketplace/admin/customers-revenue/segments","B06","dynamic","@/angelcare-marketplace/auth/context|@/angelcare-marketplace/customer-relationship-command/repository|@/angelcare-marketplace/customer-relationship-command/components/SegmentIntelligenceWorkspace","auth/context|customer-relationship-command/repository|customer-relationship-command/components/SegmentIntelligenceWorkspace","repository","NONE","YES","CAP-B06-001","SOURCE_REVIEWED","CANONICAL_OR_CONTEXTUAL_OPERATOR_SURFACE","MAPPED_TO_IMPLEMENTED_CAPABILITY","app/angelcare-marketplace/(protected)/admin/customers-revenue/segments/page.tsx; source imports/handlers reconciled against completed approved-screen and Batch evidence."
"PAGE-112","ADMIN_PAGE","app/angelcare-marketplace/(protected)/admin/customers/[customerId]/command/page.tsx","/angelcare-marketplace/admin/customers/:customerId/command","UNMAPPED","dynamic","next/navigation|@/angelcare-marketplace/auth/context|@/angelcare-marketplace/enterprise-command/repository|@/angelcare-marketplace/enterprise-command/components/CustomerCommandPage","auth/context|enterprise-command/repository|enterprise-command/components/CustomerCommandPage","repository","NONE","YES","CAP-B07-001","SOURCE_REVIEWED","CANONICAL_OR_CONTEXTUAL_OPERATOR_SURFACE","MAPPED_TO_IMPLEMENTED_CAPABILITY","app/angelcare-marketplace/(protected)/admin/customers/[customerId]/command/page.tsx; source imports/handlers reconciled against completed approved-screen and Batch evidence."
"PAGE-113","ADMIN_PAGE","app/angelcare-marketplace/(protected)/admin/customers/commerce/[customerId]/page.tsx","/angelcare-marketplace/admin/customers/commerce/:customerId","UNMAPPED","dynamic","next/navigation|@/angelcare-marketplace/auth/context|@/angelcare-marketplace/total-commerce-control/repository|@/angelcare-marketplace/total-commerce-control/components/CustomerCommerceDossier","auth/context|total-commerce-control/repository|total-commerce-control/components/CustomerCommerceDossier","repository","NONE","YES","CAP-B05-001","SOURCE_REVIEWED","CANONICAL_OR_CONTEXTUAL_OPERATOR_SURFACE","MAPPED_TO_IMPLEMENTED_CAPABILITY","app/angelcare-marketplace/(protected)/admin/customers/commerce/[customerId]/page.tsx; source imports/handlers reconciled against completed approved-screen and Batch evidence."
"PAGE-114","ADMIN_PAGE","app/angelcare-marketplace/(protected)/admin/customers/commerce/page.tsx","/angelcare-marketplace/admin/customers/commerce","UNMAPPED","dynamic","@/angelcare-marketplace/auth/context|@/angelcare-marketplace/total-commerce-control/repository|@/angelcare-marketplace/total-commerce-control/components/CustomerCommerceCommand","auth/context|total-commerce-control/repository|total-commerce-control/components/CustomerCommerceCommand","repository","NONE","YES","CAP-B05-001","SOURCE_REVIEWED","CANONICAL_OR_CONTEXTUAL_OPERATOR_SURFACE","MAPPED_TO_IMPLEMENTED_CAPABILITY","app/angelcare-marketplace/(protected)/admin/customers/commerce/page.tsx; source imports/handlers reconciled against completed approved-screen and Batch evidence."
"PAGE-115","ADMIN_PAGE","app/angelcare-marketplace/(protected)/admin/customers/page.tsx","/angelcare-marketplace/admin/customers","B03|B06","dynamic","@/angelcare-marketplace/auth/context|@/angelcare-marketplace/admin-control-plane/repository|@/angelcare-marketplace/admin-control-plane/components/CustomerCommand","auth/context|admin-control-plane/repository|admin-control-plane/components/CustomerCommand","repository","NONE","YES","CAP-B03-001","SOURCE_REVIEWED","CANONICAL_OR_CONTEXTUAL_OPERATOR_SURFACE","MAPPED_TO_IMPLEMENTED_CAPABILITY","app/angelcare-marketplace/(protected)/admin/customers/page.tsx; source imports/handlers reconciled against completed approved-screen and Batch evidence."
"PAGE-116","ADMIN_PAGE","app/angelcare-marketplace/(protected)/admin/development/activities/page.tsx","/angelcare-marketplace/admin/development/activities","UNMAPPED","NONE","@/angelcare-marketplace/auth/context|@/angelcare-marketplace/development-engine/components/ActivityRegistry|@/angelcare-marketplace/development-engine/repository","auth/context|development-engine/components/ActivityRegistry|development-engine/repository","repository","NONE","YES","CAP-B08-001","SOURCE_REVIEWED","CANONICAL_OR_CONTEXTUAL_OPERATOR_SURFACE","MAPPED_TO_IMPLEMENTED_CAPABILITY","app/angelcare-marketplace/(protected)/admin/development/activities/page.tsx; source imports/handlers reconciled against completed approved-screen and Batch evidence."
"PAGE-117","ADMIN_PAGE","app/angelcare-marketplace/(protected)/admin/development/kits/page.tsx","/angelcare-marketplace/admin/development/kits","UNMAPPED","NONE","@/angelcare-marketplace/auth/context|@/angelcare-marketplace/development-engine/components/KitPortfolio|@/angelcare-marketplace/development-engine/repository","auth/context|development-engine/components/KitPortfolio|development-engine/repository","repository","NONE","YES","CAP-B08-001","SOURCE_REVIEWED","CANONICAL_OR_CONTEXTUAL_OPERATOR_SURFACE","MAPPED_TO_IMPLEMENTED_CAPABILITY","app/angelcare-marketplace/(protected)/admin/development/kits/page.tsx; source imports/handlers reconciled against completed approved-screen and Batch evidence."
"PAGE-118","ADMIN_PAGE","app/angelcare-marketplace/(protected)/admin/development/page.tsx","/angelcare-marketplace/admin/development","UNMAPPED","NONE","@/angelcare-marketplace/auth/context|@/angelcare-marketplace/development-engine/components/DevelopmentCommand|@/angelcare-marketplace/development-engine/repository","auth/context|development-engine/components/DevelopmentCommand|development-engine/repository","repository","NONE","YES","CAP-B08-001","SOURCE_REVIEWED","CANONICAL_OR_CONTEXTUAL_OPERATOR_SURFACE","MAPPED_TO_IMPLEMENTED_CAPABILITY","app/angelcare-marketplace/(protected)/admin/development/page.tsx; source imports/handlers reconciled against completed approved-screen and Batch evidence."
"PAGE-119","ADMIN_PAGE","app/angelcare-marketplace/(protected)/admin/development/supplier-specs/page.tsx","/angelcare-marketplace/admin/development/supplier-specs","UNMAPPED","NONE","@/angelcare-marketplace/auth/context|@/angelcare-marketplace/development-engine/components/SupplierSpecs|@/angelcare-marketplace/development-engine/repository","auth/context|development-engine/components/SupplierSpecs|development-engine/repository","repository","NONE","YES","CAP-B08-001","SOURCE_REVIEWED","CANONICAL_OR_CONTEXTUAL_OPERATOR_SURFACE","MAPPED_TO_IMPLEMENTED_CAPABILITY","app/angelcare-marketplace/(protected)/admin/development/supplier-specs/page.tsx; source imports/handlers reconciled against completed approved-screen and Batch evidence."
"PAGE-120","ADMIN_PAGE","app/angelcare-marketplace/(protected)/admin/discovery-control/page.tsx","/angelcare-marketplace/admin/discovery-control","B06","dynamic","@/angelcare-marketplace/auth/context|@/angelcare-marketplace/total-commerce-control/repository|@/angelcare-marketplace/total-commerce-control/components/DiscoveryControl","auth/context|total-commerce-control/repository|total-commerce-control/components/DiscoveryControl","repository","NONE","YES","CAP-B06-007","SOURCE_REVIEWED","CANONICAL_OR_CONTEXTUAL_OPERATOR_SURFACE","MAPPED_TO_IMPLEMENTED_CAPABILITY","app/angelcare-marketplace/(protected)/admin/discovery-control/page.tsx; source imports/handlers reconciled against completed approved-screen and Batch evidence."
"PAGE-121","ADMIN_PAGE","app/angelcare-marketplace/(protected)/admin/documents/page.tsx","/angelcare-marketplace/admin/documents","B07","dynamic","@/angelcare-marketplace/auth/context|@/angelcare-marketplace/enterprise-command/components/DocumentFactoryCommand","auth/context|enterprise-command/components/DocumentFactoryCommand","NONE","NONE","YES","CAP-B07-001","SOURCE_REVIEWED","CANONICAL_OR_CONTEXTUAL_OPERATOR_SURFACE","MAPPED_TO_IMPLEMENTED_CAPABILITY","app/angelcare-marketplace/(protected)/admin/documents/page.tsx; source imports/handlers reconciled against completed approved-screen and Batch evidence."
"PAGE-122","ADMIN_PAGE","app/angelcare-marketplace/(protected)/admin/enterprise-command/page.tsx","/angelcare-marketplace/admin/enterprise-command","B04|B06|B07|B11","dynamic","@/angelcare-marketplace/auth/context|@/angelcare-marketplace/enterprise-command/command-center-repository|@/angelcare-marketplace/enterprise-command/components/MarketplaceCommandCenter","auth/context|enterprise-command/command-center-repository|enterprise-command/components/MarketplaceCommandCenter","repository","NONE","YES","CAP-B04-001|CAP-B06-001|CAP-B07-001","SOURCE_REVIEWED","CANONICAL_OR_CONTEXTUAL_OPERATOR_SURFACE","MAPPED_TO_IMPLEMENTED_CAPABILITY","app/angelcare-marketplace/(protected)/admin/enterprise-command/page.tsx; source imports/handlers reconciled against completed approved-screen and Batch evidence."
"PAGE-123","ADMIN_PAGE","app/angelcare-marketplace/(protected)/admin/executive-briefs/page.tsx","/angelcare-marketplace/admin/executive-briefs","B11","NONE","@/angelcare-marketplace/auth/context|@/angelcare-marketplace/design-system/ui|@/angelcare-marketplace/sovereign-control/repository","auth/context|design-system/ui|sovereign-control/repository","repository","NONE","YES","CAP-B11-001","SOURCE_REVIEWED","CANONICAL_OR_CONTEXTUAL_OPERATOR_SURFACE","MAPPED_TO_IMPLEMENTED_CAPABILITY","app/angelcare-marketplace/(protected)/admin/executive-briefs/page.tsx; source imports/handlers reconciled against completed approved-screen and Batch evidence."
"PAGE-124","ADMIN_PAGE","app/angelcare-marketplace/(protected)/admin/executive-control/categories/page.tsx","/angelcare-marketplace/admin/executive-control/categories","B11","NONE","@/angelcare-marketplace/executive-control-center/ExecutiveControlAreaPage","executive-control-center/ExecutiveControlAreaPage","NONE","NONE","YES","CAP-B11-007","SOURCE_REVIEWED","CANONICAL_OR_CONTEXTUAL_OPERATOR_SURFACE","MAPPED_TO_IMPLEMENTED_CAPABILITY","app/angelcare-marketplace/(protected)/admin/executive-control/categories/page.tsx; source imports/handlers reconciled against completed approved-screen and Batch evidence."
"PAGE-125","ADMIN_PAGE","app/angelcare-marketplace/(protected)/admin/executive-control/conversion/page.tsx","/angelcare-marketplace/admin/executive-control/conversion","B11","NONE","@/angelcare-marketplace/executive-control-center/ExecutiveControlAreaPage","executive-control-center/ExecutiveControlAreaPage","NONE","NONE","YES","CAP-B11-007","SOURCE_REVIEWED","CANONICAL_OR_CONTEXTUAL_OPERATOR_SURFACE","MAPPED_TO_IMPLEMENTED_CAPABILITY","app/angelcare-marketplace/(protected)/admin/executive-control/conversion/page.tsx; source imports/handlers reconciled against completed approved-screen and Batch evidence."
"PAGE-126","ADMIN_PAGE","app/angelcare-marketplace/(protected)/admin/executive-control/customers/page.tsx","/angelcare-marketplace/admin/executive-control/customers","B11","NONE","@/angelcare-marketplace/executive-control-center/ExecutiveControlAreaPage","executive-control-center/ExecutiveControlAreaPage","NONE","NONE","YES","CAP-B11-007","SOURCE_REVIEWED","CANONICAL_OR_CONTEXTUAL_OPERATOR_SURFACE","MAPPED_TO_IMPLEMENTED_CAPABILITY","app/angelcare-marketplace/(protected)/admin/executive-control/customers/page.tsx; source imports/handlers reconciled against completed approved-screen and Batch evidence."
"PAGE-127","ADMIN_PAGE","app/angelcare-marketplace/(protected)/admin/executive-control/demand/page.tsx","/angelcare-marketplace/admin/executive-control/demand","B11","NONE","@/angelcare-marketplace/executive-control-center/ExecutiveControlAreaPage","executive-control-center/ExecutiveControlAreaPage","NONE","NONE","YES","CAP-B11-007","SOURCE_REVIEWED","CANONICAL_OR_CONTEXTUAL_OPERATOR_SURFACE","MAPPED_TO_IMPLEMENTED_CAPABILITY","app/angelcare-marketplace/(protected)/admin/executive-control/demand/page.tsx; source imports/handlers reconciled against completed approved-screen and Batch evidence."
"PAGE-128","ADMIN_PAGE","app/angelcare-marketplace/(protected)/admin/executive-control/discovery/page.tsx","/angelcare-marketplace/admin/executive-control/discovery","B11","NONE","@/angelcare-marketplace/executive-control-center/ExecutiveControlAreaPage","executive-control-center/ExecutiveControlAreaPage","NONE","NONE","YES","CAP-B11-007","SOURCE_REVIEWED","CANONICAL_OR_CONTEXTUAL_OPERATOR_SURFACE","MAPPED_TO_IMPLEMENTED_CAPABILITY","app/angelcare-marketplace/(protected)/admin/executive-control/discovery/page.tsx; source imports/handlers reconciled against completed approved-screen and Batch evidence."
"PAGE-129","ADMIN_PAGE","app/angelcare-marketplace/(protected)/admin/executive-control/executive/page.tsx","/angelcare-marketplace/admin/executive-control/executive","B11","NONE","@/angelcare-marketplace/executive-control-center/ExecutiveControlAreaPage","executive-control-center/ExecutiveControlAreaPage","NONE","NONE","YES","CAP-B11-007","SOURCE_REVIEWED","CANONICAL_OR_CONTEXTUAL_OPERATOR_SURFACE","MAPPED_TO_IMPLEMENTED_CAPABILITY","app/angelcare-marketplace/(protected)/admin/executive-control/executive/page.tsx; source imports/handlers reconciled against completed approved-screen and Batch evidence."
"PAGE-130","ADMIN_PAGE","app/angelcare-marketplace/(protected)/admin/executive-control/growth/page.tsx","/angelcare-marketplace/admin/executive-control/growth","B11","NONE","@/angelcare-marketplace/executive-control-center/ExecutiveControlAreaPage","executive-control-center/ExecutiveControlAreaPage","NONE","NONE","YES","CAP-B11-007","SOURCE_REVIEWED","CANONICAL_OR_CONTEXTUAL_OPERATOR_SURFACE","MAPPED_TO_IMPLEMENTED_CAPABILITY","app/angelcare-marketplace/(protected)/admin/executive-control/growth/page.tsx; source imports/handlers reconciled against completed approved-screen and Batch evidence."
"PAGE-131","ADMIN_PAGE","app/angelcare-marketplace/(protected)/admin/executive-control/launch/page.tsx","/angelcare-marketplace/admin/executive-control/launch","B11","NONE","@/angelcare-marketplace/executive-control-center/ExecutiveControlAreaPage","executive-control-center/ExecutiveControlAreaPage","NONE","NONE","YES","CAP-B11-007","SOURCE_REVIEWED","CANONICAL_OR_CONTEXTUAL_OPERATOR_SURFACE","MAPPED_TO_IMPLEMENTED_CAPABILITY","app/angelcare-marketplace/(protected)/admin/executive-control/launch/page.tsx; source imports/handlers reconciled against completed approved-screen and Batch evidence."
"PAGE-132","ADMIN_PAGE","app/angelcare-marketplace/(protected)/admin/executive-control/operations/page.tsx","/angelcare-marketplace/admin/executive-control/operations","B11","NONE","@/angelcare-marketplace/executive-control-center/ExecutiveControlAreaPage","executive-control-center/ExecutiveControlAreaPage","NONE","NONE","YES","CAP-B11-007","SOURCE_REVIEWED","CANONICAL_OR_CONTEXTUAL_OPERATOR_SURFACE","MAPPED_TO_IMPLEMENTED_CAPABILITY","app/angelcare-marketplace/(protected)/admin/executive-control/operations/page.tsx; source imports/handlers reconciled against completed approved-screen and Batch evidence."
"PAGE-133","ADMIN_PAGE","app/angelcare-marketplace/(protected)/admin/executive-control/page.tsx","/angelcare-marketplace/admin/executive-control","B11","NONE","@/angelcare-marketplace/executive-control-center/ExecutiveControlAreaPage","executive-control-center/ExecutiveControlAreaPage","NONE","NONE","YES","CAP-B11-007","SOURCE_REVIEWED","CANONICAL_OR_CONTEXTUAL_OPERATOR_SURFACE","MAPPED_TO_IMPLEMENTED_CAPABILITY","app/angelcare-marketplace/(protected)/admin/executive-control/page.tsx; source imports/handlers reconciled against completed approved-screen and Batch evidence."
"PAGE-134","ADMIN_PAGE","app/angelcare-marketplace/(protected)/admin/executive-control/performance/page.tsx","/angelcare-marketplace/admin/executive-control/performance","B11","NONE","@/angelcare-marketplace/executive-control-center/ExecutiveControlAreaPage","executive-control-center/ExecutiveControlAreaPage","NONE","NONE","YES","CAP-B11-007","SOURCE_REVIEWED","CANONICAL_OR_CONTEXTUAL_OPERATOR_SURFACE","MAPPED_TO_IMPLEMENTED_CAPABILITY","app/angelcare-marketplace/(protected)/admin/executive-control/performance/page.tsx; source imports/handlers reconciled against completed approved-screen and Batch evidence."
"PAGE-135","ADMIN_PAGE","app/angelcare-marketplace/(protected)/admin/executive-control/qa/page.tsx","/angelcare-marketplace/admin/executive-control/qa","B11","NONE","@/angelcare-marketplace/executive-control-center/ExecutiveControlAreaPage","executive-control-center/ExecutiveControlAreaPage","NONE","NONE","YES","CAP-B11-007","SOURCE_REVIEWED","CANONICAL_OR_CONTEXTUAL_OPERATOR_SURFACE","MAPPED_TO_IMPLEMENTED_CAPABILITY","app/angelcare-marketplace/(protected)/admin/executive-control/qa/page.tsx; source imports/handlers reconciled against completed approved-screen and Batch evidence."
"PAGE-136","ADMIN_PAGE","app/angelcare-marketplace/(protected)/admin/executive-control/revenue/page.tsx","/angelcare-marketplace/admin/executive-control/revenue","B11","NONE","@/angelcare-marketplace/executive-control-center/ExecutiveControlAreaPage","executive-control-center/ExecutiveControlAreaPage","NONE","NONE","YES","CAP-B11-007","SOURCE_REVIEWED","CANONICAL_OR_CONTEXTUAL_OPERATOR_SURFACE","MAPPED_TO_IMPLEMENTED_CAPABILITY","app/angelcare-marketplace/(protected)/admin/executive-control/revenue/page.tsx; source imports/handlers reconciled against completed approved-screen and Batch evidence."
"PAGE-137","ADMIN_PAGE","app/angelcare-marketplace/(protected)/admin/executive-control/security/page.tsx","/angelcare-marketplace/admin/executive-control/security","B11","NONE","@/angelcare-marketplace/executive-control-center/ExecutiveControlAreaPage","executive-control-center/ExecutiveControlAreaPage","NONE","NONE","YES","CAP-B11-007","SOURCE_REVIEWED","CANONICAL_OR_CONTEXTUAL_OPERATOR_SURFACE","MAPPED_TO_IMPLEMENTED_CAPABILITY","app/angelcare-marketplace/(protected)/admin/executive-control/security/page.tsx; source imports/handlers reconciled against completed approved-screen and Batch evidence."
"PAGE-138","ADMIN_PAGE","app/angelcare-marketplace/(protected)/admin/executive-control/territories/page.tsx","/angelcare-marketplace/admin/executive-control/territories","B11","NONE","@/angelcare-marketplace/executive-control-center/ExecutiveControlAreaPage","executive-control-center/ExecutiveControlAreaPage","NONE","NONE","YES","CAP-B11-007","SOURCE_REVIEWED","CANONICAL_OR_CONTEXTUAL_OPERATOR_SURFACE","MAPPED_TO_IMPLEMENTED_CAPABILITY","app/angelcare-marketplace/(protected)/admin/executive-control/territories/page.tsx; source imports/handlers reconciled against completed approved-screen and Batch evidence."
"PAGE-139","ADMIN_PAGE","app/angelcare-marketplace/(protected)/admin/executive-control/trust/page.tsx","/angelcare-marketplace/admin/executive-control/trust","B11","NONE","@/angelcare-marketplace/executive-control-center/ExecutiveControlAreaPage","executive-control-center/ExecutiveControlAreaPage","NONE","NONE","YES","CAP-B11-007","SOURCE_REVIEWED","CANONICAL_OR_CONTEXTUAL_OPERATOR_SURFACE","MAPPED_TO_IMPLEMENTED_CAPABILITY","app/angelcare-marketplace/(protected)/admin/executive-control/trust/page.tsx; source imports/handlers reconciled against completed approved-screen and Batch evidence."
"PAGE-140","ADMIN_PAGE","app/angelcare-marketplace/(protected)/admin/experience/block-library/page.tsx","/angelcare-marketplace/admin/experience/block-library","B05","NONE","@/angelcare-marketplace/auth/context|@/angelcare-marketplace/design-system/ui","auth/context|design-system/ui","NONE","NONE","YES","CAP-B05-001","SOURCE_REVIEWED","CANONICAL_OR_CONTEXTUAL_OPERATOR_SURFACE","MAPPED_TO_IMPLEMENTED_CAPABILITY","app/angelcare-marketplace/(protected)/admin/experience/block-library/page.tsx; source imports/handlers reconciled against completed approved-screen and Batch evidence."
"PAGE-141","ADMIN_PAGE","app/angelcare-marketplace/(protected)/admin/experience/ctas/page.tsx","/angelcare-marketplace/admin/experience/ctas","B05","NONE","@/angelcare-marketplace/auth/context|@/angelcare-marketplace/design-system/ui","auth/context|design-system/ui","NONE","NONE","YES","CAP-B05-001","SOURCE_REVIEWED","CANONICAL_OR_CONTEXTUAL_OPERATOR_SURFACE","MAPPED_TO_IMPLEMENTED_CAPABILITY","app/angelcare-marketplace/(protected)/admin/experience/ctas/page.tsx; source imports/handlers reconciled against completed approved-screen and Batch evidence."
"PAGE-142","ADMIN_PAGE","app/angelcare-marketplace/(protected)/admin/experience/homepage/analytics/page.tsx","/angelcare-marketplace/admin/experience/homepage/analytics","UNMAPPED","NONE","next/navigation","NONE","NONE","/angelcare-marketplace/admin/analytics/marketplace","LEGACY_COMPATIBILITY","CAP-GLOBAL-001","SOURCE_REVIEWED","LEGACY_COMPATIBILITY_SURFACE","LEGACY_COMPATIBILITY_ONLY","app/angelcare-marketplace/(protected)/admin/experience/homepage/analytics/page.tsx; source imports/handlers and redirect target reconciled against completed approved-screen and Batch evidence."
"PAGE-143","ADMIN_PAGE","app/angelcare-marketplace/(protected)/admin/experience/homepage/audiences/page.tsx","/angelcare-marketplace/admin/experience/homepage/audiences","B05","NONE","next/navigation","NONE","NONE","/angelcare-marketplace/admin/homepage/audiences","LEGACY_COMPATIBILITY","CAP-B05-001","SOURCE_REVIEWED","LEGACY_COMPATIBILITY_SURFACE","LEGACY_COMPATIBILITY_ONLY","app/angelcare-marketplace/(protected)/admin/experience/homepage/audiences/page.tsx; source imports/handlers and redirect target reconciled against completed approved-screen and Batch evidence."
"PAGE-144","ADMIN_PAGE","app/angelcare-marketplace/(protected)/admin/experience/homepage/campaigns/page.tsx","/angelcare-marketplace/admin/experience/homepage/campaigns","B05","NONE","next/navigation","NONE","NONE","/angelcare-marketplace/admin/homepage/hero","LEGACY_COMPATIBILITY","CAP-B05-001","SOURCE_REVIEWED","LEGACY_COMPATIBILITY_SURFACE","LEGACY_COMPATIBILITY_ONLY","app/angelcare-marketplace/(protected)/admin/experience/homepage/campaigns/page.tsx; source imports/handlers and redirect target reconciled against completed approved-screen and Batch evidence."
"PAGE-145","ADMIN_PAGE","app/angelcare-marketplace/(protected)/admin/experience/homepage/collections/page.tsx","/angelcare-marketplace/admin/experience/homepage/collections","B05","NONE","next/navigation","NONE","NONE","/angelcare-marketplace/admin/homepage/collections","LEGACY_COMPATIBILITY","CAP-B05-001","SOURCE_REVIEWED","LEGACY_COMPATIBILITY_SURFACE","LEGACY_COMPATIBILITY_ONLY","app/angelcare-marketplace/(protected)/admin/experience/homepage/collections/page.tsx; source imports/handlers and redirect target reconciled against completed approved-screen and Batch evidence."
"PAGE-146","ADMIN_PAGE","app/angelcare-marketplace/(protected)/admin/experience/homepage/hero/page.tsx","/angelcare-marketplace/admin/experience/homepage/hero","B05","NONE","next/navigation","NONE","NONE","/angelcare-marketplace/admin/homepage/hero","LEGACY_COMPATIBILITY","CAP-B05-001","SOURCE_REVIEWED","LEGACY_COMPATIBILITY_SURFACE","LEGACY_COMPATIBILITY_ONLY","app/angelcare-marketplace/(protected)/admin/experience/homepage/hero/page.tsx; source imports/handlers and redirect target reconciled against completed approved-screen and Batch evidence."
"PAGE-147","ADMIN_PAGE","app/angelcare-marketplace/(protected)/admin/experience/homepage/media/page.tsx","/angelcare-marketplace/admin/experience/homepage/media","B05","NONE","next/navigation","NONE","NONE","/angelcare-marketplace/admin/media","LEGACY_COMPATIBILITY","CAP-B05-001","SOURCE_REVIEWED","LEGACY_COMPATIBILITY_SURFACE","LEGACY_COMPATIBILITY_ONLY","app/angelcare-marketplace/(protected)/admin/experience/homepage/media/page.tsx; source imports/handlers and redirect target reconciled against completed approved-screen and Batch evidence."
"PAGE-148","ADMIN_PAGE","app/angelcare-marketplace/(protected)/admin/experience/homepage/page.tsx","/angelcare-marketplace/admin/experience/homepage","B05","NONE","next/navigation","NONE","NONE","/angelcare-marketplace/admin/homepage","LEGACY_COMPATIBILITY","CAP-B05-001","SOURCE_REVIEWED","LEGACY_COMPATIBILITY_SURFACE","LEGACY_COMPATIBILITY_ONLY","app/angelcare-marketplace/(protected)/admin/experience/homepage/page.tsx; source imports/handlers and redirect target reconciled against completed approved-screen and Batch evidence."
"PAGE-149","ADMIN_PAGE","app/angelcare-marketplace/(protected)/admin/experience/homepage/placements/page.tsx","/angelcare-marketplace/admin/experience/homepage/placements","B05","NONE","next/navigation","NONE","NONE","/angelcare-marketplace/admin/homepage/placements","LEGACY_COMPATIBILITY","CAP-B05-001","SOURCE_REVIEWED","LEGACY_COMPATIBILITY_SURFACE","LEGACY_COMPATIBILITY_ONLY","app/angelcare-marketplace/(protected)/admin/experience/homepage/placements/page.tsx; source imports/handlers and redirect target reconciled against completed approved-screen and Batch evidence."
"PAGE-150","ADMIN_PAGE","app/angelcare-marketplace/(protected)/admin/experience/homepage/preview/page.tsx","/angelcare-marketplace/admin/experience/homepage/preview","B05","NONE","next/navigation","NONE","NONE","/angelcare-marketplace/admin/homepage/preview","LEGACY_COMPATIBILITY","CAP-B05-001","SOURCE_REVIEWED","LEGACY_COMPATIBILITY_SURFACE","LEGACY_COMPATIBILITY_ONLY","app/angelcare-marketplace/(protected)/admin/experience/homepage/preview/page.tsx; source imports/handlers and redirect target reconciled against completed approved-screen and Batch evidence."
"PAGE-151","ADMIN_PAGE","app/angelcare-marketplace/(protected)/admin/experience/homepage/sections/page.tsx","/angelcare-marketplace/admin/experience/homepage/sections","B05","NONE","next/navigation","NONE","NONE","/angelcare-marketplace/admin/homepage/sections","LEGACY_COMPATIBILITY","CAP-B05-001","SOURCE_REVIEWED","LEGACY_COMPATIBILITY_SURFACE","LEGACY_COMPATIBILITY_ONLY","app/angelcare-marketplace/(protected)/admin/experience/homepage/sections/page.tsx; source imports/handlers and redirect target reconciled against completed approved-screen and Batch evidence."
"PAGE-152","ADMIN_PAGE","app/angelcare-marketplace/(protected)/admin/experience/homepage/territories/page.tsx","/angelcare-marketplace/admin/experience/homepage/territories","B05","NONE","next/navigation","NONE","NONE","/angelcare-marketplace/admin/homepage/territories","LEGACY_COMPATIBILITY","CAP-B05-001","SOURCE_REVIEWED","LEGACY_COMPATIBILITY_SURFACE","LEGACY_COMPATIBILITY_ONLY","app/angelcare-marketplace/(protected)/admin/experience/homepage/territories/page.tsx; source imports/handlers and redirect target reconciled against completed approved-screen and Batch evidence."
"PAGE-153","ADMIN_PAGE","app/angelcare-marketplace/(protected)/admin/experience/menus/page.tsx","/angelcare-marketplace/admin/experience/menus","B05","NONE","@/angelcare-marketplace/auth/context|@/angelcare-marketplace/design-system/ui","auth/context|design-system/ui","NONE","NONE","YES","CAP-B05-001","SOURCE_REVIEWED","CANONICAL_OR_CONTEXTUAL_OPERATOR_SURFACE","MAPPED_TO_IMPLEMENTED_CAPABILITY","app/angelcare-marketplace/(protected)/admin/experience/menus/page.tsx; source imports/handlers reconciled against completed approved-screen and Batch evidence."
"PAGE-154","ADMIN_PAGE","app/angelcare-marketplace/(protected)/admin/experience/page.tsx","/angelcare-marketplace/admin/experience","B05","NONE","@/angelcare-marketplace/auth/context|@/angelcare-marketplace/experience-builder/components/ExperienceCommand|@/angelcare-marketplace/experience-builder/repository","auth/context|experience-builder/components/ExperienceCommand|experience-builder/repository","repository","NONE","YES","CAP-B05-005","SOURCE_REVIEWED","CANONICAL_OR_CONTEXTUAL_OPERATOR_SURFACE","MAPPED_TO_IMPLEMENTED_CAPABILITY","app/angelcare-marketplace/(protected)/admin/experience/page.tsx; source imports/handlers reconciled against completed approved-screen and Batch evidence."
"PAGE-155","ADMIN_PAGE","app/angelcare-marketplace/(protected)/admin/experience/pages/[pageId]/builder/page.tsx","/angelcare-marketplace/admin/experience/pages/:pageId/builder","UNMAPPED","NONE","@/angelcare-marketplace/auth/context|@/angelcare-marketplace/experience-builder/components/PageBuilderClient|@/angelcare-marketplace/experience-builder/repository","auth/context|experience-builder/components/PageBuilderClient|experience-builder/repository","repository","NONE","YES","CAP-B05-005","SOURCE_REVIEWED","CANONICAL_OR_CONTEXTUAL_OPERATOR_SURFACE","MAPPED_TO_IMPLEMENTED_CAPABILITY","app/angelcare-marketplace/(protected)/admin/experience/pages/[pageId]/builder/page.tsx; source imports/handlers reconciled against completed approved-screen and Batch evidence."
"PAGE-156","ADMIN_PAGE","app/angelcare-marketplace/(protected)/admin/experience/pages/[pageId]/page.tsx","/angelcare-marketplace/admin/experience/pages/:pageId","UNMAPPED","NONE","@/angelcare-marketplace/auth/context|@/angelcare-marketplace/design-system/ui|@/angelcare-marketplace/experience-builder/repository","auth/context|design-system/ui|experience-builder/repository","repository","NONE","YES","CAP-B05-005","SOURCE_REVIEWED","CANONICAL_OR_CONTEXTUAL_OPERATOR_SURFACE","MAPPED_TO_IMPLEMENTED_CAPABILITY","app/angelcare-marketplace/(protected)/admin/experience/pages/[pageId]/page.tsx; source imports/handlers reconciled against completed approved-screen and Batch evidence."
"PAGE-157","ADMIN_PAGE","app/angelcare-marketplace/(protected)/admin/experience/pages/new/page.tsx","/angelcare-marketplace/admin/experience/pages/new","B05","NONE","@/angelcare-marketplace/auth/context|@/angelcare-marketplace/design-system/ui|@/angelcare-marketplace/experience-builder/components/CreatePageClient","auth/context|design-system/ui|experience-builder/components/CreatePageClient","NONE","NONE","YES","CAP-B05-004","SOURCE_REVIEWED","CANONICAL_OR_CONTEXTUAL_OPERATOR_SURFACE","MAPPED_TO_IMPLEMENTED_CAPABILITY","app/angelcare-marketplace/(protected)/admin/experience/pages/new/page.tsx; source imports/handlers reconciled against completed approved-screen and Batch evidence."
"PAGE-158","ADMIN_PAGE","app/angelcare-marketplace/(protected)/admin/experience/pages/page.tsx","/angelcare-marketplace/admin/experience/pages","B05","NONE","@/angelcare-marketplace/auth/context|@/angelcare-marketplace/design-system/ui|@/angelcare-marketplace/experience-builder/components/PageRegistry|@/angelcare-marketplace/experience-builder/repository","auth/context|design-system/ui|experience-builder/components/PageRegistry|experience-builder/repository","repository","NONE","YES","CAP-B05-004","SOURCE_REVIEWED","CANONICAL_OR_CONTEXTUAL_OPERATOR_SURFACE","MAPPED_TO_IMPLEMENTED_CAPABILITY","app/angelcare-marketplace/(protected)/admin/experience/pages/page.tsx; source imports/handlers reconciled against completed approved-screen and Batch evidence."
"PAGE-159","ADMIN_PAGE","app/angelcare-marketplace/(protected)/admin/experience/publishing/page.tsx","/angelcare-marketplace/admin/experience/publishing","B05","NONE","@/angelcare-marketplace/auth/context|@/angelcare-marketplace/design-system/ui|@/angelcare-marketplace/experience-builder/components/PublishingRunway|@/angelcare-marketplace/experience-builder/repository","auth/context|design-system/ui|experience-builder/components/PublishingRunway|experience-builder/repository","repository","NONE","YES","CAP-B05-001","SOURCE_REVIEWED","CANONICAL_OR_CONTEXTUAL_OPERATOR_SURFACE","MAPPED_TO_IMPLEMENTED_CAPABILITY","app/angelcare-marketplace/(protected)/admin/experience/publishing/page.tsx; source imports/handlers reconciled against completed approved-screen and Batch evidence."
"PAGE-160","ADMIN_PAGE","app/angelcare-marketplace/(protected)/admin/families/page.tsx","/angelcare-marketplace/admin/families","UNMAPPED","NONE","@/angelcare-marketplace/auth/context|@/angelcare-marketplace/family-experience/components/AdminFamilyCommand|@/angelcare-marketplace/family-experience/repository","auth/context|family-experience/components/AdminFamilyCommand|family-experience/repository","repository","NONE","YES","CAP-B03-001","SOURCE_REVIEWED","CANONICAL_OR_CONTEXTUAL_OPERATOR_SURFACE","MAPPED_TO_IMPLEMENTED_CAPABILITY","app/angelcare-marketplace/(protected)/admin/families/page.tsx; source imports/handlers reconciled against completed approved-screen and Batch evidence."
"PAGE-161","ADMIN_PAGE","app/angelcare-marketplace/(protected)/admin/family-requests/[requestId]/page.tsx","/angelcare-marketplace/admin/family-requests/:requestId","UNMAPPED","dynamic","@/angelcare-marketplace/auth/context|@/angelcare-marketplace/family-experience/repository|@/angelcare-marketplace/admin-control-plane/components/FamilyRequestDossier","auth/context|family-experience/repository|admin-control-plane/components/FamilyRequestDossier","repository","NONE","YES","CAP-B03-001|CAP-B11-001","SOURCE_REVIEWED","CANONICAL_OR_CONTEXTUAL_OPERATOR_SURFACE","MAPPED_TO_IMPLEMENTED_CAPABILITY","app/angelcare-marketplace/(protected)/admin/family-requests/[requestId]/page.tsx; source imports/handlers reconciled against completed approved-screen and Batch evidence."
"PAGE-162","ADMIN_PAGE","app/angelcare-marketplace/(protected)/admin/family-requests/page.tsx","/angelcare-marketplace/admin/family-requests","UNMAPPED","NONE","@/angelcare-marketplace/auth/context|@/angelcare-marketplace/family-experience/components/AdminFamilyCommand|@/angelcare-marketplace/family-experience/repository","auth/context|family-experience/components/AdminFamilyCommand|family-experience/repository","repository","NONE","YES","CAP-B03-001","SOURCE_REVIEWED","CANONICAL_OR_CONTEXTUAL_OPERATOR_SURFACE","MAPPED_TO_IMPLEMENTED_CAPABILITY","app/angelcare-marketplace/(protected)/admin/family-requests/page.tsx; source imports/handlers reconciled against completed approved-screen and Batch evidence."
"PAGE-163","ADMIN_PAGE","app/angelcare-marketplace/(protected)/admin/feature-flags/page.tsx","/angelcare-marketplace/admin/feature-flags","UNMAPPED","metadata","@/angelcare-marketplace/domain/types|@/angelcare-marketplace/auth/context|@/angelcare-marketplace/components/FoundationUnavailable|@/angelcare-marketplace/features/admin/FeatureFlagsClient|@/angelcare-marketplace/design-system/ui|@/angelcare-marketplace/server/repository","domain/types|auth/context|components/FoundationUnavailable|features/admin/FeatureFlagsClient|design-system/ui|server/repository","repository","NONE","YES","CAP-GLOBAL-001","SOURCE_REVIEWED","CANONICAL_OR_CONTEXTUAL_OPERATOR_SURFACE","MAPPED_TO_IMPLEMENTED_CAPABILITY","app/angelcare-marketplace/(protected)/admin/feature-flags/page.tsx; source imports/handlers reconciled against completed approved-screen and Batch evidence."
"PAGE-164","ADMIN_PAGE","app/angelcare-marketplace/(protected)/admin/finance-monetization/credit/page.tsx","/angelcare-marketplace/admin/finance-monetization/credit","B10","NONE","@/angelcare-marketplace/financial-control-ledger/FinanceAreaPage","financial-control-ledger/FinanceAreaPage","NONE","NONE","YES","CAP-B10-001","SOURCE_REVIEWED","CANONICAL_OR_CONTEXTUAL_OPERATOR_SURFACE","MAPPED_TO_IMPLEMENTED_CAPABILITY","app/angelcare-marketplace/(protected)/admin/finance-monetization/credit/page.tsx; source imports/handlers reconciled against completed approved-screen and Batch evidence."
"PAGE-165","ADMIN_PAGE","app/angelcare-marketplace/(protected)/admin/finance-monetization/exceptions/page.tsx","/angelcare-marketplace/admin/finance-monetization/exceptions","B10","NONE","@/angelcare-marketplace/financial-control-ledger/FinanceAreaPage","financial-control-ledger/FinanceAreaPage","NONE","NONE","YES","CAP-B10-001","SOURCE_REVIEWED","CANONICAL_OR_CONTEXTUAL_OPERATOR_SURFACE","MAPPED_TO_IMPLEMENTED_CAPABILITY","app/angelcare-marketplace/(protected)/admin/finance-monetization/exceptions/page.tsx; source imports/handlers reconciled against completed approved-screen and Batch evidence."
"PAGE-166","ADMIN_PAGE","app/angelcare-marketplace/(protected)/admin/finance-monetization/invoices/page.tsx","/angelcare-marketplace/admin/finance-monetization/invoices","B10","NONE","@/angelcare-marketplace/financial-control-ledger/FinanceAreaPage","financial-control-ledger/FinanceAreaPage","NONE","NONE","YES","CAP-B10-001","SOURCE_REVIEWED","CANONICAL_OR_CONTEXTUAL_OPERATOR_SURFACE","MAPPED_TO_IMPLEMENTED_CAPABILITY","app/angelcare-marketplace/(protected)/admin/finance-monetization/invoices/page.tsx; source imports/handlers reconciled against completed approved-screen and Batch evidence."
"PAGE-167","ADMIN_PAGE","app/angelcare-marketplace/(protected)/admin/finance-monetization/page.tsx","/angelcare-marketplace/admin/finance-monetization","B04|B10","NONE","@/angelcare-marketplace/financial-control-ledger/FinanceAreaPage","financial-control-ledger/FinanceAreaPage","NONE","NONE","YES","CAP-B04-001|CAP-B10-001","SOURCE_REVIEWED","CANONICAL_OR_CONTEXTUAL_OPERATOR_SURFACE","MAPPED_TO_IMPLEMENTED_CAPABILITY","app/angelcare-marketplace/(protected)/admin/finance-monetization/page.tsx; source imports/handlers reconciled against completed approved-screen and Batch evidence."
"PAGE-168","ADMIN_PAGE","app/angelcare-marketplace/(protected)/admin/finance-monetization/payments/page.tsx","/angelcare-marketplace/admin/finance-monetization/payments","B10","NONE","@/angelcare-marketplace/financial-control-ledger/FinanceAreaPage","financial-control-ledger/FinanceAreaPage","NONE","NONE","YES","CAP-B10-001","SOURCE_REVIEWED","CANONICAL_OR_CONTEXTUAL_OPERATOR_SURFACE","MAPPED_TO_IMPLEMENTED_CAPABILITY","app/angelcare-marketplace/(protected)/admin/finance-monetization/payments/page.tsx; source imports/handlers reconciled against completed approved-screen and Batch evidence."
"PAGE-169","ADMIN_PAGE","app/angelcare-marketplace/(protected)/admin/finance-monetization/receipts/page.tsx","/angelcare-marketplace/admin/finance-monetization/receipts","B10","NONE","@/angelcare-marketplace/financial-control-ledger/FinanceAreaPage","financial-control-ledger/FinanceAreaPage","NONE","NONE","YES","CAP-B10-001","SOURCE_REVIEWED","CANONICAL_OR_CONTEXTUAL_OPERATOR_SURFACE","MAPPED_TO_IMPLEMENTED_CAPABILITY","app/angelcare-marketplace/(protected)/admin/finance-monetization/receipts/page.tsx; source imports/handlers reconciled against completed approved-screen and Batch evidence."
"PAGE-170","ADMIN_PAGE","app/angelcare-marketplace/(protected)/admin/finance-monetization/reconciliation/page.tsx","/angelcare-marketplace/admin/finance-monetization/reconciliation","B10","NONE","@/angelcare-marketplace/financial-control-ledger/FinanceAreaPage","financial-control-ledger/FinanceAreaPage","NONE","NONE","YES","CAP-B10-001","SOURCE_REVIEWED","CANONICAL_OR_CONTEXTUAL_OPERATOR_SURFACE","MAPPED_TO_IMPLEMENTED_CAPABILITY","app/angelcare-marketplace/(protected)/admin/finance-monetization/reconciliation/page.tsx; source imports/handlers reconciled against completed approved-screen and Batch evidence."
"PAGE-171","ADMIN_PAGE","app/angelcare-marketplace/(protected)/admin/finance-monetization/refunds/page.tsx","/angelcare-marketplace/admin/finance-monetization/refunds","B10","NONE","@/angelcare-marketplace/financial-control-ledger/FinanceAreaPage","financial-control-ledger/FinanceAreaPage","NONE","NONE","YES","CAP-B10-001","SOURCE_REVIEWED","CANONICAL_OR_CONTEXTUAL_OPERATOR_SURFACE","MAPPED_TO_IMPLEMENTED_CAPABILITY","app/angelcare-marketplace/(protected)/admin/finance-monetization/refunds/page.tsx; source imports/handlers reconciled against completed approved-screen and Batch evidence."
"PAGE-172","ADMIN_PAGE","app/angelcare-marketplace/(protected)/admin/finance-monetization/subscriptions/page.tsx","/angelcare-marketplace/admin/finance-monetization/subscriptions","B04|B10","NONE","@/angelcare-marketplace/financial-control-ledger/FinanceAreaPage","financial-control-ledger/FinanceAreaPage","NONE","NONE","YES","CAP-B04-001|CAP-B10-001","SOURCE_REVIEWED","CANONICAL_OR_CONTEXTUAL_OPERATOR_SURFACE","MAPPED_TO_IMPLEMENTED_CAPABILITY","app/angelcare-marketplace/(protected)/admin/finance-monetization/subscriptions/page.tsx; source imports/handlers reconciled against completed approved-screen and Batch evidence."
"PAGE-173","ADMIN_PAGE","app/angelcare-marketplace/(protected)/admin/finance/commissions/page.tsx","/angelcare-marketplace/admin/finance/commissions","B10","NONE","next/navigation","NONE","NONE","/angelcare-marketplace/admin/finance/revenue-streams?focus=commissions","LEGACY_COMPATIBILITY","CAP-B10-001","SOURCE_REVIEWED","LEGACY_COMPATIBILITY_SURFACE","LEGACY_COMPATIBILITY_ONLY","app/angelcare-marketplace/(protected)/admin/finance/commissions/page.tsx; source imports/handlers and redirect target reconciled against completed approved-screen and Batch evidence."
"PAGE-174","ADMIN_PAGE","app/angelcare-marketplace/(protected)/admin/finance/discounts/page.tsx","/angelcare-marketplace/admin/finance/discounts","B10","NONE","next/navigation","NONE","NONE","/angelcare-marketplace/admin/finance/margins?focus=discounts","LEGACY_COMPATIBILITY","CAP-B10-001","SOURCE_REVIEWED","LEGACY_COMPATIBILITY_SURFACE","LEGACY_COMPATIBILITY_ONLY","app/angelcare-marketplace/(protected)/admin/finance/discounts/page.tsx; source imports/handlers and redirect target reconciled against completed approved-screen and Batch evidence."
"PAGE-175","ADMIN_PAGE","app/angelcare-marketplace/(protected)/admin/finance/exceptions/page.tsx","/angelcare-marketplace/admin/finance/exceptions","B10","NONE","next/navigation","NONE","NONE","/angelcare-marketplace/admin/finance/margins?focus=exceptions","LEGACY_COMPATIBILITY","CAP-B10-001","SOURCE_REVIEWED","LEGACY_COMPATIBILITY_SURFACE","LEGACY_COMPATIBILITY_ONLY","app/angelcare-marketplace/(protected)/admin/finance/exceptions/page.tsx; source imports/handlers and redirect target reconciled against completed approved-screen and Batch evidence."
"PAGE-176","ADMIN_PAGE","app/angelcare-marketplace/(protected)/admin/finance/invoice-readiness/page.tsx","/angelcare-marketplace/admin/finance/invoice-readiness","B10","NONE","@/angelcare-marketplace/auth/context|@/angelcare-marketplace/finance-authority/repository|@/angelcare-marketplace/finance-authority/components/FinanceRegisters","auth/context|finance-authority/repository|finance-authority/components/FinanceRegisters","authority|repository","NONE","YES","CAP-B10-001","SOURCE_REVIEWED","CANONICAL_OR_CONTEXTUAL_OPERATOR_SURFACE","MAPPED_TO_IMPLEMENTED_CAPABILITY","app/angelcare-marketplace/(protected)/admin/finance/invoice-readiness/page.tsx; source imports/handlers reconciled against completed approved-screen and Batch evidence."
"PAGE-177","ADMIN_PAGE","app/angelcare-marketplace/(protected)/admin/finance/invoices/page.tsx","/angelcare-marketplace/admin/finance/invoices","B10","dynamic","@/angelcare-marketplace/auth/context|@/angelcare-marketplace/enterprise-closure/repository|@/angelcare-marketplace/enterprise-closure/components/InvoiceCommand","auth/context|enterprise-closure/repository|enterprise-closure/components/InvoiceCommand","repository","NONE","YES","CAP-B10-004","SOURCE_REVIEWED","CANONICAL_OR_CONTEXTUAL_OPERATOR_SURFACE","MAPPED_TO_IMPLEMENTED_CAPABILITY","app/angelcare-marketplace/(protected)/admin/finance/invoices/page.tsx; source imports/handlers reconciled against completed approved-screen and Batch evidence."
"PAGE-178","ADMIN_PAGE","app/angelcare-marketplace/(protected)/admin/finance/margins/page.tsx","/angelcare-marketplace/admin/finance/margins","B10","NONE","@/angelcare-marketplace/auth/context|@/angelcare-marketplace/finance-authority/repository|@/angelcare-marketplace/finance-authority/components/FinanceRegisters","auth/context|finance-authority/repository|finance-authority/components/FinanceRegisters","authority|repository","NONE","YES","CAP-B10-008","SOURCE_REVIEWED","CANONICAL_OR_CONTEXTUAL_OPERATOR_SURFACE","MAPPED_TO_IMPLEMENTED_CAPABILITY","app/angelcare-marketplace/(protected)/admin/finance/margins/page.tsx; source imports/handlers reconciled against completed approved-screen and Batch evidence."
"PAGE-179","ADMIN_PAGE","app/angelcare-marketplace/(protected)/admin/finance/page.tsx","/angelcare-marketplace/admin/finance","B04|B10","NONE","@/angelcare-marketplace/auth/context|@/angelcare-marketplace/finance-authority/repository|@/angelcare-marketplace/finance-authority/components/FinanceCommand","auth/context|finance-authority/repository|finance-authority/components/FinanceCommand","authority|repository","NONE","YES","CAP-B10-001","SOURCE_REVIEWED","CANONICAL_OR_CONTEXTUAL_OPERATOR_SURFACE","MAPPED_TO_IMPLEMENTED_CAPABILITY","app/angelcare-marketplace/(protected)/admin/finance/page.tsx; source imports/handlers reconciled against completed approved-screen and Batch evidence."
"PAGE-180","ADMIN_PAGE","app/angelcare-marketplace/(protected)/admin/finance/price-books/page.tsx","/angelcare-marketplace/admin/finance/price-books","B10","NONE","@/angelcare-marketplace/auth/context|@/angelcare-marketplace/finance-authority/repository|@/angelcare-marketplace/finance-authority/components/PriceBookAuthority","auth/context|finance-authority/repository|finance-authority/components/PriceBookAuthority","authority|repository","NONE","YES","CAP-B10-007","SOURCE_REVIEWED","CANONICAL_OR_CONTEXTUAL_OPERATOR_SURFACE","MAPPED_TO_IMPLEMENTED_CAPABILITY","app/angelcare-marketplace/(protected)/admin/finance/price-books/page.tsx; source imports/handlers reconciled against completed approved-screen and Batch evidence."
"PAGE-181","ADMIN_PAGE","app/angelcare-marketplace/(protected)/admin/finance/receipts/page.tsx","/angelcare-marketplace/admin/finance/receipts","B10","dynamic","@/angelcare-marketplace/auth/context|@/angelcare-marketplace/enterprise-closure/repository|@/angelcare-marketplace/admin-control-plane/repository|@/angelcare-marketplace/enterprise-closure/components/ReceiptCommand","auth/context|enterprise-closure/repository|admin-control-plane/repository|enterprise-closure/components/ReceiptCommand","repository","NONE","YES","CAP-B10-005","SOURCE_REVIEWED","CANONICAL_OR_CONTEXTUAL_OPERATOR_SURFACE","MAPPED_TO_IMPLEMENTED_CAPABILITY","app/angelcare-marketplace/(protected)/admin/finance/receipts/page.tsx; source imports/handlers reconciled against completed approved-screen and Batch evidence."
"PAGE-182","ADMIN_PAGE","app/angelcare-marketplace/(protected)/admin/finance/reconciliation/page.tsx","/angelcare-marketplace/admin/finance/reconciliation","B10","NONE","@/angelcare-marketplace/auth/context|@/angelcare-marketplace/finance-authority/repository|@/angelcare-marketplace/finance-authority/components/FinanceRegisters","auth/context|finance-authority/repository|finance-authority/components/FinanceRegisters","authority|repository","NONE","YES","CAP-B10-010","SOURCE_REVIEWED","CANONICAL_OR_CONTEXTUAL_OPERATOR_SURFACE","MAPPED_TO_IMPLEMENTED_CAPABILITY","app/angelcare-marketplace/(protected)/admin/finance/reconciliation/page.tsx; source imports/handlers reconciled against completed approved-screen and Batch evidence."
"PAGE-183","ADMIN_PAGE","app/angelcare-marketplace/(protected)/admin/finance/reports/page.tsx","/angelcare-marketplace/admin/finance/reports","B10","NONE","next/navigation","NONE","NONE","/angelcare-marketplace/admin/finance?focus=reports","LEGACY_COMPATIBILITY","CAP-B10-001","SOURCE_REVIEWED","LEGACY_COMPATIBILITY_SURFACE","LEGACY_COMPATIBILITY_ONLY","app/angelcare-marketplace/(protected)/admin/finance/reports/page.tsx; source imports/handlers and redirect target reconciled against completed approved-screen and Batch evidence."
"PAGE-184","ADMIN_PAGE","app/angelcare-marketplace/(protected)/admin/finance/revenue-streams/page.tsx","/angelcare-marketplace/admin/finance/revenue-streams","B10","NONE","@/angelcare-marketplace/auth/context|@/angelcare-marketplace/finance-authority/repository|@/angelcare-marketplace/finance-authority/components/FinanceRegisters","auth/context|finance-authority/repository|finance-authority/components/FinanceRegisters","authority|repository","NONE","YES","CAP-B10-009","SOURCE_REVIEWED","CANONICAL_OR_CONTEXTUAL_OPERATOR_SURFACE","MAPPED_TO_IMPLEMENTED_CAPABILITY","app/angelcare-marketplace/(protected)/admin/finance/revenue-streams/page.tsx; source imports/handlers reconciled against completed approved-screen and Batch evidence."
"PAGE-185","ADMIN_PAGE","app/angelcare-marketplace/(protected)/admin/footer-studio/analytics/page.tsx","/angelcare-marketplace/admin/footer-studio/analytics","B05","dynamic","@/angelcare-marketplace/footer-studio/admin-pages","footer-studio/admin-pages","NONE","NONE","YES","CAP-B05-008","SOURCE_REVIEWED","CANONICAL_OR_CONTEXTUAL_OPERATOR_SURFACE","MAPPED_TO_IMPLEMENTED_CAPABILITY","app/angelcare-marketplace/(protected)/admin/footer-studio/analytics/page.tsx; source imports/handlers reconciled against completed approved-screen and Batch evidence."
"PAGE-186","ADMIN_PAGE","app/angelcare-marketplace/(protected)/admin/footer-studio/components/page.tsx","/angelcare-marketplace/admin/footer-studio/components","B05","dynamic","@/angelcare-marketplace/footer-studio/admin-pages","footer-studio/admin-pages","NONE","NONE","YES","CAP-B05-008","SOURCE_REVIEWED","CANONICAL_OR_CONTEXTUAL_OPERATOR_SURFACE","MAPPED_TO_IMPLEMENTED_CAPABILITY","app/angelcare-marketplace/(protected)/admin/footer-studio/components/page.tsx; source imports/handlers reconciled against completed approved-screen and Batch evidence."
"PAGE-187","ADMIN_PAGE","app/angelcare-marketplace/(protected)/admin/footer-studio/composer/page.tsx","/angelcare-marketplace/admin/footer-studio/composer","B05","dynamic","@/angelcare-marketplace/footer-studio/admin-pages","footer-studio/admin-pages","NONE","NONE","YES","CAP-B05-008","SOURCE_REVIEWED","CANONICAL_OR_CONTEXTUAL_OPERATOR_SURFACE","MAPPED_TO_IMPLEMENTED_CAPABILITY","app/angelcare-marketplace/(protected)/admin/footer-studio/composer/page.tsx; source imports/handlers reconciled against completed approved-screen and Batch evidence."
"PAGE-188","ADMIN_PAGE","app/angelcare-marketplace/(protected)/admin/footer-studio/contacts/page.tsx","/angelcare-marketplace/admin/footer-studio/contacts","B05","dynamic","@/angelcare-marketplace/footer-studio/admin-pages","footer-studio/admin-pages","NONE","NONE","YES","CAP-B05-008","SOURCE_REVIEWED","CANONICAL_OR_CONTEXTUAL_OPERATOR_SURFACE","MAPPED_TO_IMPLEMENTED_CAPABILITY","app/angelcare-marketplace/(protected)/admin/footer-studio/contacts/page.tsx; source imports/handlers reconciled against completed approved-screen and Batch evidence."
"PAGE-189","ADMIN_PAGE","app/angelcare-marketplace/(protected)/admin/footer-studio/history/page.tsx","/angelcare-marketplace/admin/footer-studio/history","B05","dynamic","@/angelcare-marketplace/footer-studio/admin-pages","footer-studio/admin-pages","NONE","NONE","YES","CAP-B05-008","SOURCE_REVIEWED","CANONICAL_OR_CONTEXTUAL_OPERATOR_SURFACE","MAPPED_TO_IMPLEMENTED_CAPABILITY","app/angelcare-marketplace/(protected)/admin/footer-studio/history/page.tsx; source imports/handlers reconciled against completed approved-screen and Batch evidence."
"PAGE-190","ADMIN_PAGE","app/angelcare-marketplace/(protected)/admin/footer-studio/localization/page.tsx","/angelcare-marketplace/admin/footer-studio/localization","B05","dynamic","@/angelcare-marketplace/footer-studio/admin-pages","footer-studio/admin-pages","NONE","NONE","YES","CAP-B05-008","SOURCE_REVIEWED","CANONICAL_OR_CONTEXTUAL_OPERATOR_SURFACE","MAPPED_TO_IMPLEMENTED_CAPABILITY","app/angelcare-marketplace/(protected)/admin/footer-studio/localization/page.tsx; source imports/handlers reconciled against completed approved-screen and Batch evidence."
"PAGE-191","ADMIN_PAGE","app/angelcare-marketplace/(protected)/admin/footer-studio/navigation/page.tsx","/angelcare-marketplace/admin/footer-studio/navigation","B05","dynamic","@/angelcare-marketplace/footer-studio/admin-pages","footer-studio/admin-pages","NONE","NONE","YES","CAP-B05-008","SOURCE_REVIEWED","CANONICAL_OR_CONTEXTUAL_OPERATOR_SURFACE","MAPPED_TO_IMPLEMENTED_CAPABILITY","app/angelcare-marketplace/(protected)/admin/footer-studio/navigation/page.tsx; source imports/handlers reconciled against completed approved-screen and Batch evidence."
"PAGE-192","ADMIN_PAGE","app/angelcare-marketplace/(protected)/admin/footer-studio/page.tsx","/angelcare-marketplace/admin/footer-studio","B05","dynamic","@/angelcare-marketplace/footer-studio/admin-pages","footer-studio/admin-pages","NONE","NONE","YES","CAP-B05-008","SOURCE_REVIEWED","CANONICAL_OR_CONTEXTUAL_OPERATOR_SURFACE","MAPPED_TO_IMPLEMENTED_CAPABILITY","app/angelcare-marketplace/(protected)/admin/footer-studio/page.tsx; source imports/handlers reconciled against completed approved-screen and Batch evidence."
"PAGE-193","ADMIN_PAGE","app/angelcare-marketplace/(protected)/admin/footer-studio/profiles/page.tsx","/angelcare-marketplace/admin/footer-studio/profiles","B05","dynamic","@/angelcare-marketplace/footer-studio/admin-pages","footer-studio/admin-pages","NONE","NONE","YES","CAP-B05-008","SOURCE_REVIEWED","CANONICAL_OR_CONTEXTUAL_OPERATOR_SURFACE","MAPPED_TO_IMPLEMENTED_CAPABILITY","app/angelcare-marketplace/(protected)/admin/footer-studio/profiles/page.tsx; source imports/handlers reconciled against completed approved-screen and Batch evidence."
"PAGE-194","ADMIN_PAGE","app/angelcare-marketplace/(protected)/admin/footer-studio/schedules/page.tsx","/angelcare-marketplace/admin/footer-studio/schedules","B05","dynamic","@/angelcare-marketplace/footer-studio/admin-pages","footer-studio/admin-pages","NONE","NONE","YES","CAP-B05-008","SOURCE_REVIEWED","CANONICAL_OR_CONTEXTUAL_OPERATOR_SURFACE","MAPPED_TO_IMPLEMENTED_CAPABILITY","app/angelcare-marketplace/(protected)/admin/footer-studio/schedules/page.tsx; source imports/handlers reconciled against completed approved-screen and Batch evidence."
"PAGE-195","ADMIN_PAGE","app/angelcare-marketplace/(protected)/admin/footer-studio/settings/page.tsx","/angelcare-marketplace/admin/footer-studio/settings","B05","dynamic","@/angelcare-marketplace/footer-studio/admin-pages","footer-studio/admin-pages","NONE","NONE","YES","CAP-B05-008","SOURCE_REVIEWED","CANONICAL_OR_CONTEXTUAL_OPERATOR_SURFACE","MAPPED_TO_IMPLEMENTED_CAPABILITY","app/angelcare-marketplace/(protected)/admin/footer-studio/settings/page.tsx; source imports/handlers reconciled against completed approved-screen and Batch evidence."
"PAGE-196","ADMIN_PAGE","app/angelcare-marketplace/(protected)/admin/footer-studio/targeting/page.tsx","/angelcare-marketplace/admin/footer-studio/targeting","B05","dynamic","@/angelcare-marketplace/footer-studio/admin-pages","footer-studio/admin-pages","NONE","NONE","YES","CAP-B05-008","SOURCE_REVIEWED","CANONICAL_OR_CONTEXTUAL_OPERATOR_SURFACE","MAPPED_TO_IMPLEMENTED_CAPABILITY","app/angelcare-marketplace/(protected)/admin/footer-studio/targeting/page.tsx; source imports/handlers reconciled against completed approved-screen and Batch evidence."
"PAGE-197","ADMIN_PAGE","app/angelcare-marketplace/(protected)/admin/footer-studio/themes/page.tsx","/angelcare-marketplace/admin/footer-studio/themes","B05","dynamic","@/angelcare-marketplace/footer-studio/admin-pages","footer-studio/admin-pages","NONE","NONE","YES","CAP-B05-008","SOURCE_REVIEWED","CANONICAL_OR_CONTEXTUAL_OPERATOR_SURFACE","MAPPED_TO_IMPLEMENTED_CAPABILITY","app/angelcare-marketplace/(protected)/admin/footer-studio/themes/page.tsx; source imports/handlers reconciled against completed approved-screen and Batch evidence."
"PAGE-198","ADMIN_PAGE","app/angelcare-marketplace/(protected)/admin/foundation-ui/page.tsx","/angelcare-marketplace/admin/foundation-ui","B11","NONE","NONE","NONE","NONE","/angelcare-marketplace/admin/product-excellence","LEGACY_COMPATIBILITY","CAP-B11-001","SOURCE_REVIEWED","LEGACY_COMPATIBILITY_SURFACE","LEGACY_COMPATIBILITY_ONLY","app/angelcare-marketplace/(protected)/admin/foundation-ui/page.tsx; source imports/handlers and redirect target reconciled against completed approved-screen and Batch evidence."
"PAGE-199","ADMIN_PAGE","app/angelcare-marketplace/(protected)/admin/frontend-experiences/homepage/page.tsx","/angelcare-marketplace/admin/frontend-experiences/homepage","B05","NONE","next/navigation","NONE","NONE","/angelcare-marketplace/admin/homepage","LEGACY_COMPATIBILITY","CAP-B05-001","SOURCE_REVIEWED","LEGACY_COMPATIBILITY_SURFACE","LEGACY_COMPATIBILITY_ONLY","app/angelcare-marketplace/(protected)/admin/frontend-experiences/homepage/page.tsx; source imports/handlers and redirect target reconciled against completed approved-screen and Batch evidence."
"PAGE-200","ADMIN_PAGE","app/angelcare-marketplace/(protected)/admin/frontend-experiences/marketplace/page.tsx","/angelcare-marketplace/admin/frontend-experiences/marketplace","B05","dynamic","@/angelcare-marketplace/auth/context|@/angelcare-marketplace/total-commerce-control/repository|@/angelcare-marketplace/total-commerce-control/surface-registry|@/angelcare-marketplace/total-commerce-control/components/SurfaceExperienceStudio","auth/context|total-commerce-control/repository|total-commerce-control/surface-registry|total-commerce-control/components/SurfaceExperienceStudio","repository","NONE","YES","CAP-B05-001","SOURCE_REVIEWED","CANONICAL_OR_CONTEXTUAL_OPERATOR_SURFACE","MAPPED_TO_IMPLEMENTED_CAPABILITY","app/angelcare-marketplace/(protected)/admin/frontend-experiences/marketplace/page.tsx; source imports/handlers reconciled against completed approved-screen and Batch evidence."
"PAGE-201","ADMIN_PAGE","app/angelcare-marketplace/(protected)/admin/frontend-experiences/page.tsx","/angelcare-marketplace/admin/frontend-experiences","B05","dynamic","@/angelcare-marketplace/auth/context|@/angelcare-marketplace/total-commerce-control/repository|@/angelcare-marketplace/total-commerce-control/components/FrontendControlCommand","auth/context|total-commerce-control/repository|total-commerce-control/components/FrontendControlCommand","repository","NONE","YES","CAP-B05-009","SOURCE_REVIEWED","CANONICAL_OR_CONTEXTUAL_OPERATOR_SURFACE","MAPPED_TO_IMPLEMENTED_CAPABILITY","app/angelcare-marketplace/(protected)/admin/frontend-experiences/page.tsx; source imports/handlers reconciled against completed approved-screen and Batch evidence."
"PAGE-202","ADMIN_PAGE","app/angelcare-marketplace/(protected)/admin/frontend-experiences/preview/page.tsx","/angelcare-marketplace/admin/frontend-experiences/preview","B05","dynamic","@/angelcare-marketplace/auth/context|@/angelcare-marketplace/total-commerce-control/repository|@/angelcare-marketplace/total-commerce-control/components/SurfaceRegistryStudio","auth/context|total-commerce-control/repository|total-commerce-control/components/SurfaceRegistryStudio","repository","NONE","YES","CAP-B05-001","SOURCE_REVIEWED","CANONICAL_OR_CONTEXTUAL_OPERATOR_SURFACE","MAPPED_TO_IMPLEMENTED_CAPABILITY","app/angelcare-marketplace/(protected)/admin/frontend-experiences/preview/page.tsx; source imports/handlers reconciled against completed approved-screen and Batch evidence."
"PAGE-203","ADMIN_PAGE","app/angelcare-marketplace/(protected)/admin/frontend-experiences/surfaces/[surfaceKey]/page.tsx","/angelcare-marketplace/admin/frontend-experiences/surfaces/:surfaceKey","UNMAPPED","dynamic","next/navigation|@/angelcare-marketplace/auth/context|@/angelcare-marketplace/total-commerce-control/repository|@/angelcare-marketplace/total-commerce-control/surface-registry|@/angelcare-marketplace/total-commerce-control/components/SurfaceExperienceStudio|@/angelcare-marketplace/commerce-studio/repository","auth/context|total-commerce-control/repository|total-commerce-control/surface-registry|total-commerce-control/components/SurfaceExperienceStudio|commerce-studio/repository","repository",");if(definition.studio===|);if(definition.studio===|);if(definition.studio===|/angelcare-marketplace/admin/catalog/categories","LEGACY_COMPATIBILITY","CAP-B05-009","SOURCE_REVIEWED","LEGACY_COMPATIBILITY_SURFACE","LEGACY_COMPATIBILITY_ONLY","app/angelcare-marketplace/(protected)/admin/frontend-experiences/surfaces/[surfaceKey]/page.tsx; source imports/handlers and redirect target reconciled against completed approved-screen and Batch evidence."
"PAGE-204","ADMIN_PAGE","app/angelcare-marketplace/(protected)/admin/frontend-experiences/surfaces/page.tsx","/angelcare-marketplace/admin/frontend-experiences/surfaces","B05","dynamic","@/angelcare-marketplace/auth/context|@/angelcare-marketplace/total-commerce-control/repository|@/angelcare-marketplace/total-commerce-control/components/SurfaceRegistryStudio","auth/context|total-commerce-control/repository|total-commerce-control/components/SurfaceRegistryStudio","repository","NONE","YES","CAP-B05-009","SOURCE_REVIEWED","CANONICAL_OR_CONTEXTUAL_OPERATOR_SURFACE","MAPPED_TO_IMPLEMENTED_CAPABILITY","app/angelcare-marketplace/(protected)/admin/frontend-experiences/surfaces/page.tsx; source imports/handlers reconciled against completed approved-screen and Batch evidence."
"PAGE-205","ADMIN_PAGE","app/angelcare-marketplace/(protected)/admin/frontend-experiences/verticals/[surfaceKey]/page.tsx","/angelcare-marketplace/admin/frontend-experiences/verticals/:surfaceKey","UNMAPPED","dynamic","next/navigation|@/angelcare-marketplace/auth/context|@/angelcare-marketplace/total-commerce-control/repository|@/angelcare-marketplace/total-commerce-control/surface-registry|@/angelcare-marketplace/total-commerce-control/components/SurfaceExperienceStudio","auth/context|total-commerce-control/repository|total-commerce-control/surface-registry|total-commerce-control/components/SurfaceExperienceStudio","repository","NONE","YES","CAP-B05-001","SOURCE_REVIEWED","CANONICAL_OR_CONTEXTUAL_OPERATOR_SURFACE","MAPPED_TO_IMPLEMENTED_CAPABILITY","app/angelcare-marketplace/(protected)/admin/frontend-experiences/verticals/[surfaceKey]/page.tsx; source imports/handlers reconciled against completed approved-screen and Batch evidence."
"PAGE-206","ADMIN_PAGE","app/angelcare-marketplace/(protected)/admin/growth-experience/acquisition/page.tsx","/angelcare-marketplace/admin/growth-experience/acquisition","B06","NONE","@/angelcare-marketplace/growth-experience-command/GrowthExperienceAreaPage","growth-experience-command/GrowthExperienceAreaPage","NONE","NONE","YES","CAP-B06-001","SOURCE_REVIEWED","CANONICAL_OR_CONTEXTUAL_OPERATOR_SURFACE","MAPPED_TO_IMPLEMENTED_CAPABILITY","app/angelcare-marketplace/(protected)/admin/growth-experience/acquisition/page.tsx; source imports/handlers reconciled against completed approved-screen and Batch evidence."
"PAGE-207","ADMIN_PAGE","app/angelcare-marketplace/(protected)/admin/growth-experience/audiences/page.tsx","/angelcare-marketplace/admin/growth-experience/audiences","B06","NONE","@/angelcare-marketplace/growth-experience-command/GrowthExperienceAreaPage","growth-experience-command/GrowthExperienceAreaPage","NONE","NONE","YES","CAP-B06-001","SOURCE_REVIEWED","CANONICAL_OR_CONTEXTUAL_OPERATOR_SURFACE","MAPPED_TO_IMPLEMENTED_CAPABILITY","app/angelcare-marketplace/(protected)/admin/growth-experience/audiences/page.tsx; source imports/handlers reconciled against completed approved-screen and Batch evidence."
"PAGE-208","ADMIN_PAGE","app/angelcare-marketplace/(protected)/admin/growth-experience/campaigns/page.tsx","/angelcare-marketplace/admin/growth-experience/campaigns","B06","NONE","@/angelcare-marketplace/growth-experience-command/GrowthExperienceAreaPage","growth-experience-command/GrowthExperienceAreaPage","NONE","NONE","YES","CAP-B06-001","SOURCE_REVIEWED","CANONICAL_OR_CONTEXTUAL_OPERATOR_SURFACE","MAPPED_TO_IMPLEMENTED_CAPABILITY","app/angelcare-marketplace/(protected)/admin/growth-experience/campaigns/page.tsx; source imports/handlers reconciled against completed approved-screen and Batch evidence."
"PAGE-209","ADMIN_PAGE","app/angelcare-marketplace/(protected)/admin/growth-experience/conversion/page.tsx","/angelcare-marketplace/admin/growth-experience/conversion","B06","NONE","@/angelcare-marketplace/growth-experience-command/GrowthExperienceAreaPage","growth-experience-command/GrowthExperienceAreaPage","NONE","NONE","YES","CAP-B06-001","SOURCE_REVIEWED","CANONICAL_OR_CONTEXTUAL_OPERATOR_SURFACE","MAPPED_TO_IMPLEMENTED_CAPABILITY","app/angelcare-marketplace/(protected)/admin/growth-experience/conversion/page.tsx; source imports/handlers reconciled against completed approved-screen and Batch evidence."
"PAGE-210","ADMIN_PAGE","app/angelcare-marketplace/(protected)/admin/growth-experience/discovery/page.tsx","/angelcare-marketplace/admin/growth-experience/discovery","B06","NONE","@/angelcare-marketplace/growth-experience-command/GrowthExperienceAreaPage","growth-experience-command/GrowthExperienceAreaPage","NONE","NONE","YES","CAP-B06-001","SOURCE_REVIEWED","CANONICAL_OR_CONTEXTUAL_OPERATOR_SURFACE","MAPPED_TO_IMPLEMENTED_CAPABILITY","app/angelcare-marketplace/(protected)/admin/growth-experience/discovery/page.tsx; source imports/handlers reconciled against completed approved-screen and Batch evidence."
"PAGE-211","ADMIN_PAGE","app/angelcare-marketplace/(protected)/admin/growth-experience/experiments/page.tsx","/angelcare-marketplace/admin/growth-experience/experiments","B06","NONE","@/angelcare-marketplace/growth-experience-command/GrowthExperienceAreaPage","growth-experience-command/GrowthExperienceAreaPage","NONE","NONE","YES","CAP-B06-001","SOURCE_REVIEWED","CANONICAL_OR_CONTEXTUAL_OPERATOR_SURFACE","MAPPED_TO_IMPLEMENTED_CAPABILITY","app/angelcare-marketplace/(protected)/admin/growth-experience/experiments/page.tsx; source imports/handlers reconciled against completed approved-screen and Batch evidence."
"PAGE-212","ADMIN_PAGE","app/angelcare-marketplace/(protected)/admin/growth-experience/homepage/page.tsx","/angelcare-marketplace/admin/growth-experience/homepage","B06","NONE","@/angelcare-marketplace/growth-experience-command/GrowthExperienceAreaPage","growth-experience-command/GrowthExperienceAreaPage","NONE","NONE","YES","CAP-B06-001","SOURCE_REVIEWED","CANONICAL_OR_CONTEXTUAL_OPERATOR_SURFACE","MAPPED_TO_IMPLEMENTED_CAPABILITY","app/angelcare-marketplace/(protected)/admin/growth-experience/homepage/page.tsx; source imports/handlers reconciled against completed approved-screen and Batch evidence."
"PAGE-213","ADMIN_PAGE","app/angelcare-marketplace/(protected)/admin/growth-experience/localization/page.tsx","/angelcare-marketplace/admin/growth-experience/localization","B06","NONE","@/angelcare-marketplace/growth-experience-command/GrowthExperienceAreaPage","growth-experience-command/GrowthExperienceAreaPage","NONE","NONE","YES","CAP-B06-001","SOURCE_REVIEWED","CANONICAL_OR_CONTEXTUAL_OPERATOR_SURFACE","MAPPED_TO_IMPLEMENTED_CAPABILITY","app/angelcare-marketplace/(protected)/admin/growth-experience/localization/page.tsx; source imports/handlers reconciled against completed approved-screen and Batch evidence."
"PAGE-214","ADMIN_PAGE","app/angelcare-marketplace/(protected)/admin/growth-experience/merchandising/page.tsx","/angelcare-marketplace/admin/growth-experience/merchandising","B06","NONE","@/angelcare-marketplace/growth-experience-command/GrowthExperienceAreaPage","growth-experience-command/GrowthExperienceAreaPage","NONE","NONE","YES","CAP-B06-001","SOURCE_REVIEWED","CANONICAL_OR_CONTEXTUAL_OPERATOR_SURFACE","MAPPED_TO_IMPLEMENTED_CAPABILITY","app/angelcare-marketplace/(protected)/admin/growth-experience/merchandising/page.tsx; source imports/handlers reconciled against completed approved-screen and Batch evidence."
"PAGE-215","ADMIN_PAGE","app/angelcare-marketplace/(protected)/admin/growth-experience/page.tsx","/angelcare-marketplace/admin/growth-experience","B05|B06","NONE","@/angelcare-marketplace/growth-experience-command/GrowthExperienceAreaPage","growth-experience-command/GrowthExperienceAreaPage","NONE","NONE","YES","CAP-B06-001","SOURCE_REVIEWED","CANONICAL_OR_CONTEXTUAL_OPERATOR_SURFACE","MAPPED_TO_IMPLEMENTED_CAPABILITY","app/angelcare-marketplace/(protected)/admin/growth-experience/page.tsx; source imports/handlers reconciled against completed approved-screen and Batch evidence."
"PAGE-216","ADMIN_PAGE","app/angelcare-marketplace/(protected)/admin/growth-experience/performance/page.tsx","/angelcare-marketplace/admin/growth-experience/performance","B06","NONE","@/angelcare-marketplace/growth-experience-command/GrowthExperienceAreaPage","growth-experience-command/GrowthExperienceAreaPage","NONE","NONE","YES","CAP-B06-001","SOURCE_REVIEWED","CANONICAL_OR_CONTEXTUAL_OPERATOR_SURFACE","MAPPED_TO_IMPLEMENTED_CAPABILITY","app/angelcare-marketplace/(protected)/admin/growth-experience/performance/page.tsx; source imports/handlers reconciled against completed approved-screen and Batch evidence."
"PAGE-217","ADMIN_PAGE","app/angelcare-marketplace/(protected)/admin/growth-experience/public-experience/page.tsx","/angelcare-marketplace/admin/growth-experience/public-experience","B06","NONE","@/angelcare-marketplace/growth-experience-command/GrowthExperienceAreaPage","growth-experience-command/GrowthExperienceAreaPage","NONE","NONE","YES","CAP-B06-001","SOURCE_REVIEWED","CANONICAL_OR_CONTEXTUAL_OPERATOR_SURFACE","MAPPED_TO_IMPLEMENTED_CAPABILITY","app/angelcare-marketplace/(protected)/admin/growth-experience/public-experience/page.tsx; source imports/handlers reconciled against completed approved-screen and Batch evidence."
"PAGE-218","ADMIN_PAGE","app/angelcare-marketplace/(protected)/admin/growth-experience/recovery/page.tsx","/angelcare-marketplace/admin/growth-experience/recovery","B06","NONE","@/angelcare-marketplace/growth-experience-command/GrowthExperienceAreaPage","growth-experience-command/GrowthExperienceAreaPage","NONE","NONE","YES","CAP-B06-001","SOURCE_REVIEWED","CANONICAL_OR_CONTEXTUAL_OPERATOR_SURFACE","MAPPED_TO_IMPLEMENTED_CAPABILITY","app/angelcare-marketplace/(protected)/admin/growth-experience/recovery/page.tsx; source imports/handlers reconciled against completed approved-screen and Batch evidence."
"PAGE-219","ADMIN_PAGE","app/angelcare-marketplace/(protected)/admin/growth-experience/retention/page.tsx","/angelcare-marketplace/admin/growth-experience/retention","B06","NONE","@/angelcare-marketplace/growth-experience-command/GrowthExperienceAreaPage","growth-experience-command/GrowthExperienceAreaPage","NONE","NONE","YES","CAP-B06-001","SOURCE_REVIEWED","CANONICAL_OR_CONTEXTUAL_OPERATOR_SURFACE","MAPPED_TO_IMPLEMENTED_CAPABILITY","app/angelcare-marketplace/(protected)/admin/growth-experience/retention/page.tsx; source imports/handlers reconciled against completed approved-screen and Batch evidence."
"PAGE-220","ADMIN_PAGE","app/angelcare-marketplace/(protected)/admin/growth-experience/search/page.tsx","/angelcare-marketplace/admin/growth-experience/search","B06","NONE","@/angelcare-marketplace/growth-experience-command/GrowthExperienceAreaPage","growth-experience-command/GrowthExperienceAreaPage","NONE","NONE","YES","CAP-B06-001","SOURCE_REVIEWED","CANONICAL_OR_CONTEXTUAL_OPERATOR_SURFACE","MAPPED_TO_IMPLEMENTED_CAPABILITY","app/angelcare-marketplace/(protected)/admin/growth-experience/search/page.tsx; source imports/handlers reconciled against completed approved-screen and Batch evidence."
"PAGE-221","ADMIN_PAGE","app/angelcare-marketplace/(protected)/admin/growth/audiences/page.tsx","/angelcare-marketplace/admin/growth/audiences","B06","NONE","@/angelcare-marketplace/reality-completion/admin-page","reality-completion/admin-page","NONE","NONE","YES","CAP-B06-001","SOURCE_REVIEWED","CANONICAL_OR_CONTEXTUAL_OPERATOR_SURFACE","MAPPED_TO_IMPLEMENTED_CAPABILITY","app/angelcare-marketplace/(protected)/admin/growth/audiences/page.tsx; source imports/handlers reconciled against completed approved-screen and Batch evidence."
"PAGE-222","ADMIN_PAGE","app/angelcare-marketplace/(protected)/admin/growth/campaigns/page.tsx","/angelcare-marketplace/admin/growth/campaigns","B06","NONE","@/angelcare-marketplace/reality-completion/admin-page","reality-completion/admin-page","NONE","NONE","YES","CAP-B06-001","SOURCE_REVIEWED","CANONICAL_OR_CONTEXTUAL_OPERATOR_SURFACE","MAPPED_TO_IMPLEMENTED_CAPABILITY","app/angelcare-marketplace/(protected)/admin/growth/campaigns/page.tsx; source imports/handlers reconciled against completed approved-screen and Batch evidence."
"PAGE-223","ADMIN_PAGE","app/angelcare-marketplace/(protected)/admin/growth/experiments/page.tsx","/angelcare-marketplace/admin/growth/experiments","B06","NONE","@/angelcare-marketplace/reality-completion/admin-page","reality-completion/admin-page","NONE","NONE","YES","CAP-B06-001","SOURCE_REVIEWED","CANONICAL_OR_CONTEXTUAL_OPERATOR_SURFACE","MAPPED_TO_IMPLEMENTED_CAPABILITY","app/angelcare-marketplace/(protected)/admin/growth/experiments/page.tsx; source imports/handlers reconciled against completed approved-screen and Batch evidence."
"PAGE-224","ADMIN_PAGE","app/angelcare-marketplace/(protected)/admin/growth/opportunities/page.tsx","/angelcare-marketplace/admin/growth/opportunities","B06","NONE","@/angelcare-marketplace/reality-completion/admin-page","reality-completion/admin-page","NONE","NONE","YES","CAP-B06-010","SOURCE_REVIEWED","CANONICAL_OR_CONTEXTUAL_OPERATOR_SURFACE","MAPPED_TO_IMPLEMENTED_CAPABILITY","app/angelcare-marketplace/(protected)/admin/growth/opportunities/page.tsx; source imports/handlers reconciled against completed approved-screen and Batch evidence."
"PAGE-225","ADMIN_PAGE","app/angelcare-marketplace/(protected)/admin/growth/page.tsx","/angelcare-marketplace/admin/growth","B05|B06","NONE","next/navigation","NONE","NONE","/angelcare-marketplace/admin/growth-experience","LEGACY_COMPATIBILITY","CAP-B06-010","SOURCE_REVIEWED","LEGACY_COMPATIBILITY_SURFACE","LEGACY_COMPATIBILITY_ONLY","app/angelcare-marketplace/(protected)/admin/growth/page.tsx; source imports/handlers and redirect target reconciled against completed approved-screen and Batch evidence."
"PAGE-226","ADMIN_PAGE","app/angelcare-marketplace/(protected)/admin/growth/recommendations/page.tsx","/angelcare-marketplace/admin/growth/recommendations","B06","NONE","@/angelcare-marketplace/reality-completion/admin-page","reality-completion/admin-page","NONE","NONE","YES","CAP-B06-001","SOURCE_REVIEWED","CANONICAL_OR_CONTEXTUAL_OPERATOR_SURFACE","MAPPED_TO_IMPLEMENTED_CAPABILITY","app/angelcare-marketplace/(protected)/admin/growth/recommendations/page.tsx; source imports/handlers reconciled against completed approved-screen and Batch evidence."
"PAGE-227","ADMIN_PAGE","app/angelcare-marketplace/(protected)/admin/growth/recovery/page.tsx","/angelcare-marketplace/admin/growth/recovery","B06","NONE","@/angelcare-marketplace/reality-completion/admin-page","reality-completion/admin-page","NONE","NONE","YES","CAP-B06-008","SOURCE_REVIEWED","CANONICAL_OR_CONTEXTUAL_OPERATOR_SURFACE","MAPPED_TO_IMPLEMENTED_CAPABILITY","app/angelcare-marketplace/(protected)/admin/growth/recovery/page.tsx; source imports/handlers reconciled against completed approved-screen and Batch evidence."
"PAGE-228","ADMIN_PAGE","app/angelcare-marketplace/(protected)/admin/growth/retention/page.tsx","/angelcare-marketplace/admin/growth/retention","B06","NONE","@/angelcare-marketplace/reality-completion/admin-page","reality-completion/admin-page","NONE","NONE","YES","CAP-B06-001","SOURCE_REVIEWED","CANONICAL_OR_CONTEXTUAL_OPERATOR_SURFACE","MAPPED_TO_IMPLEMENTED_CAPABILITY","app/angelcare-marketplace/(protected)/admin/growth/retention/page.tsx; source imports/handlers reconciled against completed approved-screen and Batch evidence."
"PAGE-229","ADMIN_PAGE","app/angelcare-marketplace/(protected)/admin/homepage/audiences/page.tsx","/angelcare-marketplace/admin/homepage/audiences","B05","NONE","@/angelcare-marketplace/commerce-studio/admin-pages","commerce-studio/admin-pages","NONE","NONE","YES","CAP-B05-001","SOURCE_REVIEWED","CANONICAL_OR_CONTEXTUAL_OPERATOR_SURFACE","MAPPED_TO_IMPLEMENTED_CAPABILITY","app/angelcare-marketplace/(protected)/admin/homepage/audiences/page.tsx; source imports/handlers reconciled against completed approved-screen and Batch evidence."
"PAGE-230","ADMIN_PAGE","app/angelcare-marketplace/(protected)/admin/homepage/collections/page.tsx","/angelcare-marketplace/admin/homepage/collections","B02|B05","NONE","@/angelcare-marketplace/commerce-studio/admin-pages","commerce-studio/admin-pages","NONE","NONE","YES","CAP-B02-001|CAP-B05-001","SOURCE_REVIEWED","CANONICAL_OR_CONTEXTUAL_OPERATOR_SURFACE","MAPPED_TO_IMPLEMENTED_CAPABILITY","app/angelcare-marketplace/(protected)/admin/homepage/collections/page.tsx; source imports/handlers reconciled against completed approved-screen and Batch evidence."
"PAGE-231","ADMIN_PAGE","app/angelcare-marketplace/(protected)/admin/homepage/composer/page.tsx","/angelcare-marketplace/admin/homepage/composer","B05","NONE","@/angelcare-marketplace/commerce-studio/admin-pages","commerce-studio/admin-pages","NONE","NONE","YES","CAP-B05-003","SOURCE_REVIEWED","CANONICAL_OR_CONTEXTUAL_OPERATOR_SURFACE","MAPPED_TO_IMPLEMENTED_CAPABILITY","app/angelcare-marketplace/(protected)/admin/homepage/composer/page.tsx; source imports/handlers reconciled against completed approved-screen and Batch evidence."
"PAGE-232","ADMIN_PAGE","app/angelcare-marketplace/(protected)/admin/homepage/hero/page.tsx","/angelcare-marketplace/admin/homepage/hero","B05","NONE","@/angelcare-marketplace/commerce-studio/admin-pages","commerce-studio/admin-pages","NONE","NONE","YES","CAP-B05-002","SOURCE_REVIEWED","CANONICAL_OR_CONTEXTUAL_OPERATOR_SURFACE","MAPPED_TO_IMPLEMENTED_CAPABILITY","app/angelcare-marketplace/(protected)/admin/homepage/hero/page.tsx; source imports/handlers reconciled against completed approved-screen and Batch evidence."
"PAGE-233","ADMIN_PAGE","app/angelcare-marketplace/(protected)/admin/homepage/history/page.tsx","/angelcare-marketplace/admin/homepage/history","B05","NONE","@/angelcare-marketplace/homepage-final/admin-page","homepage-final/admin-page","NONE","NONE","YES","CAP-B05-001","SOURCE_REVIEWED","CANONICAL_OR_CONTEXTUAL_OPERATOR_SURFACE","MAPPED_TO_IMPLEMENTED_CAPABILITY","app/angelcare-marketplace/(protected)/admin/homepage/history/page.tsx; source imports/handlers reconciled against completed approved-screen and Batch evidence."
"PAGE-234","ADMIN_PAGE","app/angelcare-marketplace/(protected)/admin/homepage/page.tsx","/angelcare-marketplace/admin/homepage","B02|B05","NONE","@/angelcare-marketplace/commerce-studio/admin-pages","commerce-studio/admin-pages","NONE","NONE","YES","CAP-B05-003","SOURCE_REVIEWED","CANONICAL_OR_CONTEXTUAL_OPERATOR_SURFACE","MAPPED_TO_IMPLEMENTED_CAPABILITY","app/angelcare-marketplace/(protected)/admin/homepage/page.tsx; source imports/handlers reconciled against completed approved-screen and Batch evidence."
"PAGE-235","ADMIN_PAGE","app/angelcare-marketplace/(protected)/admin/homepage/placements/page.tsx","/angelcare-marketplace/admin/homepage/placements","B05","NONE","@/angelcare-marketplace/commerce-studio/admin-pages","commerce-studio/admin-pages","NONE","NONE","YES","CAP-B05-001","SOURCE_REVIEWED","CANONICAL_OR_CONTEXTUAL_OPERATOR_SURFACE","MAPPED_TO_IMPLEMENTED_CAPABILITY","app/angelcare-marketplace/(protected)/admin/homepage/placements/page.tsx; source imports/handlers reconciled against completed approved-screen and Batch evidence."
"PAGE-236","ADMIN_PAGE","app/angelcare-marketplace/(protected)/admin/homepage/preview/page.tsx","/angelcare-marketplace/admin/homepage/preview","B05","NONE","@/angelcare-marketplace/commerce-studio/admin-pages","commerce-studio/admin-pages","NONE","NONE","YES","CAP-B05-001","SOURCE_REVIEWED","CANONICAL_OR_CONTEXTUAL_OPERATOR_SURFACE","MAPPED_TO_IMPLEMENTED_CAPABILITY","app/angelcare-marketplace/(protected)/admin/homepage/preview/page.tsx; source imports/handlers reconciled against completed approved-screen and Batch evidence."
"PAGE-237","ADMIN_PAGE","app/angelcare-marketplace/(protected)/admin/homepage/sections/page.tsx","/angelcare-marketplace/admin/homepage/sections","B05","NONE","@/angelcare-marketplace/commerce-studio/admin-pages","commerce-studio/admin-pages","NONE","NONE","YES","CAP-B05-001","SOURCE_REVIEWED","CANONICAL_OR_CONTEXTUAL_OPERATOR_SURFACE","MAPPED_TO_IMPLEMENTED_CAPABILITY","app/angelcare-marketplace/(protected)/admin/homepage/sections/page.tsx; source imports/handlers reconciled against completed approved-screen and Batch evidence."
"PAGE-238","ADMIN_PAGE","app/angelcare-marketplace/(protected)/admin/homepage/territories/page.tsx","/angelcare-marketplace/admin/homepage/territories","B05","NONE","@/angelcare-marketplace/commerce-studio/admin-pages","commerce-studio/admin-pages","NONE","NONE","YES","CAP-B05-001","SOURCE_REVIEWED","CANONICAL_OR_CONTEXTUAL_OPERATOR_SURFACE","MAPPED_TO_IMPLEMENTED_CAPABILITY","app/angelcare-marketplace/(protected)/admin/homepage/territories/page.tsx; source imports/handlers reconciled against completed approved-screen and Batch evidence."
"PAGE-239","ADMIN_PAGE","app/angelcare-marketplace/(protected)/admin/intelligence/academy/page.tsx","/angelcare-marketplace/admin/intelligence/academy","B11","NONE","@/angelcare-marketplace/reality-completion/admin-page","reality-completion/admin-page","NONE","NONE","YES","CAP-B11-001","SOURCE_REVIEWED","CANONICAL_OR_CONTEXTUAL_OPERATOR_SURFACE","MAPPED_TO_IMPLEMENTED_CAPABILITY","app/angelcare-marketplace/(protected)/admin/intelligence/academy/page.tsx; source imports/handlers reconciled against completed approved-screen and Batch evidence."
"PAGE-240","ADMIN_PAGE","app/angelcare-marketplace/(protected)/admin/intelligence/b2b/page.tsx","/angelcare-marketplace/admin/intelligence/b2b","B11","NONE","@/angelcare-marketplace/reality-completion/admin-page","reality-completion/admin-page","NONE","NONE","YES","CAP-B11-001","SOURCE_REVIEWED","CANONICAL_OR_CONTEXTUAL_OPERATOR_SURFACE","MAPPED_TO_IMPLEMENTED_CAPABILITY","app/angelcare-marketplace/(protected)/admin/intelligence/b2b/page.tsx; source imports/handlers reconciled against completed approved-screen and Batch evidence."
"PAGE-241","ADMIN_PAGE","app/angelcare-marketplace/(protected)/admin/intelligence/categories/page.tsx","/angelcare-marketplace/admin/intelligence/categories","B11","NONE","@/angelcare-marketplace/reality-completion/admin-page","reality-completion/admin-page","NONE","NONE","YES","CAP-B11-001","SOURCE_REVIEWED","CANONICAL_OR_CONTEXTUAL_OPERATOR_SURFACE","MAPPED_TO_IMPLEMENTED_CAPABILITY","app/angelcare-marketplace/(protected)/admin/intelligence/categories/page.tsx; source imports/handlers reconciled against completed approved-screen and Batch evidence."
"PAGE-242","ADMIN_PAGE","app/angelcare-marketplace/(protected)/admin/intelligence/conversion/page.tsx","/angelcare-marketplace/admin/intelligence/conversion","B11","NONE","@/angelcare-marketplace/reality-completion/admin-page","reality-completion/admin-page","NONE","NONE","YES","CAP-B11-001","SOURCE_REVIEWED","CANONICAL_OR_CONTEXTUAL_OPERATOR_SURFACE","MAPPED_TO_IMPLEMENTED_CAPABILITY","app/angelcare-marketplace/(protected)/admin/intelligence/conversion/page.tsx; source imports/handlers reconciled against completed approved-screen and Batch evidence."
"PAGE-243","ADMIN_PAGE","app/angelcare-marketplace/(protected)/admin/intelligence/customers/page.tsx","/angelcare-marketplace/admin/intelligence/customers","B11","NONE","@/angelcare-marketplace/reality-completion/admin-page","reality-completion/admin-page","NONE","NONE","YES","CAP-B11-001","SOURCE_REVIEWED","CANONICAL_OR_CONTEXTUAL_OPERATOR_SURFACE","MAPPED_TO_IMPLEMENTED_CAPABILITY","app/angelcare-marketplace/(protected)/admin/intelligence/customers/page.tsx; source imports/handlers reconciled against completed approved-screen and Batch evidence."
"PAGE-244","ADMIN_PAGE","app/angelcare-marketplace/(protected)/admin/intelligence/demand/page.tsx","/angelcare-marketplace/admin/intelligence/demand","B11","NONE","@/angelcare-marketplace/reality-completion/admin-page","reality-completion/admin-page","NONE","NONE","YES","CAP-B11-001","SOURCE_REVIEWED","CANONICAL_OR_CONTEXTUAL_OPERATOR_SURFACE","MAPPED_TO_IMPLEMENTED_CAPABILITY","app/angelcare-marketplace/(protected)/admin/intelligence/demand/page.tsx; source imports/handlers reconciled against completed approved-screen and Batch evidence."
"PAGE-245","ADMIN_PAGE","app/angelcare-marketplace/(protected)/admin/intelligence/discovery/page.tsx","/angelcare-marketplace/admin/intelligence/discovery","B11","NONE","@/angelcare-marketplace/reality-completion/admin-page","reality-completion/admin-page","NONE","NONE","YES","CAP-B11-001","SOURCE_REVIEWED","CANONICAL_OR_CONTEXTUAL_OPERATOR_SURFACE","MAPPED_TO_IMPLEMENTED_CAPABILITY","app/angelcare-marketplace/(protected)/admin/intelligence/discovery/page.tsx; source imports/handlers reconciled against completed approved-screen and Batch evidence."
"PAGE-246","ADMIN_PAGE","app/angelcare-marketplace/(protected)/admin/intelligence/executive/page.tsx","/angelcare-marketplace/admin/intelligence/executive","B11","NONE","@/angelcare-marketplace/reality-completion/admin-page","reality-completion/admin-page","NONE","NONE","YES","CAP-B11-001","SOURCE_REVIEWED","CANONICAL_OR_CONTEXTUAL_OPERATOR_SURFACE","MAPPED_TO_IMPLEMENTED_CAPABILITY","app/angelcare-marketplace/(protected)/admin/intelligence/executive/page.tsx; source imports/handlers reconciled against completed approved-screen and Batch evidence."
"PAGE-247","ADMIN_PAGE","app/angelcare-marketplace/(protected)/admin/intelligence/experiments/page.tsx","/angelcare-marketplace/admin/intelligence/experiments","B11","NONE","@/angelcare-marketplace/reality-completion/admin-page","reality-completion/admin-page","NONE","NONE","YES","CAP-B11-001","SOURCE_REVIEWED","CANONICAL_OR_CONTEXTUAL_OPERATOR_SURFACE","MAPPED_TO_IMPLEMENTED_CAPABILITY","app/angelcare-marketplace/(protected)/admin/intelligence/experiments/page.tsx; source imports/handlers reconciled against completed approved-screen and Batch evidence."
"PAGE-248","ADMIN_PAGE","app/angelcare-marketplace/(protected)/admin/intelligence/forecasting/page.tsx","/angelcare-marketplace/admin/intelligence/forecasting","B11","NONE","@/angelcare-marketplace/reality-completion/admin-page","reality-completion/admin-page","NONE","NONE","YES","CAP-B11-001","SOURCE_REVIEWED","CANONICAL_OR_CONTEXTUAL_OPERATOR_SURFACE","MAPPED_TO_IMPLEMENTED_CAPABILITY","app/angelcare-marketplace/(protected)/admin/intelligence/forecasting/page.tsx; source imports/handlers reconciled against completed approved-screen and Batch evidence."
"PAGE-249","ADMIN_PAGE","app/angelcare-marketplace/(protected)/admin/intelligence/growth/page.tsx","/angelcare-marketplace/admin/intelligence/growth","B11","NONE","@/angelcare-marketplace/reality-completion/admin-page","reality-completion/admin-page","NONE","NONE","YES","CAP-B11-001","SOURCE_REVIEWED","CANONICAL_OR_CONTEXTUAL_OPERATOR_SURFACE","MAPPED_TO_IMPLEMENTED_CAPABILITY","app/angelcare-marketplace/(protected)/admin/intelligence/growth/page.tsx; source imports/handlers reconciled against completed approved-screen and Batch evidence."
"PAGE-250","ADMIN_PAGE","app/angelcare-marketplace/(protected)/admin/intelligence/operations/page.tsx","/angelcare-marketplace/admin/intelligence/operations","B11","NONE","@/angelcare-marketplace/reality-completion/admin-page","reality-completion/admin-page","NONE","NONE","YES","CAP-B11-001","SOURCE_REVIEWED","CANONICAL_OR_CONTEXTUAL_OPERATOR_SURFACE","MAPPED_TO_IMPLEMENTED_CAPABILITY","app/angelcare-marketplace/(protected)/admin/intelligence/operations/page.tsx; source imports/handlers reconciled against completed approved-screen and Batch evidence."
"PAGE-251","ADMIN_PAGE","app/angelcare-marketplace/(protected)/admin/intelligence/page.tsx","/angelcare-marketplace/admin/intelligence","B11","NONE","next/navigation","NONE","NONE","/angelcare-marketplace/admin/executive-control","LEGACY_COMPATIBILITY","CAP-B11-001","SOURCE_REVIEWED","LEGACY_COMPATIBILITY_SURFACE","LEGACY_COMPATIBILITY_ONLY","app/angelcare-marketplace/(protected)/admin/intelligence/page.tsx; source imports/handlers and redirect target reconciled against completed approved-screen and Batch evidence."
"PAGE-252","ADMIN_PAGE","app/angelcare-marketplace/(protected)/admin/intelligence/partner-os/page.tsx","/angelcare-marketplace/admin/intelligence/partner-os","B11","NONE","@/angelcare-marketplace/reality-completion/admin-page","reality-completion/admin-page","NONE","NONE","YES","CAP-B11-001","SOURCE_REVIEWED","CANONICAL_OR_CONTEXTUAL_OPERATOR_SURFACE","MAPPED_TO_IMPLEMENTED_CAPABILITY","app/angelcare-marketplace/(protected)/admin/intelligence/partner-os/page.tsx; source imports/handlers reconciled against completed approved-screen and Batch evidence."
"PAGE-253","ADMIN_PAGE","app/angelcare-marketplace/(protected)/admin/intelligence/revenue/page.tsx","/angelcare-marketplace/admin/intelligence/revenue","B11","NONE","@/angelcare-marketplace/reality-completion/admin-page","reality-completion/admin-page","NONE","NONE","YES","CAP-B11-001","SOURCE_REVIEWED","CANONICAL_OR_CONTEXTUAL_OPERATOR_SURFACE","MAPPED_TO_IMPLEMENTED_CAPABILITY","app/angelcare-marketplace/(protected)/admin/intelligence/revenue/page.tsx; source imports/handlers reconciled against completed approved-screen and Batch evidence."
"PAGE-254","ADMIN_PAGE","app/angelcare-marketplace/(protected)/admin/intelligence/territories/page.tsx","/angelcare-marketplace/admin/intelligence/territories","B11","NONE","@/angelcare-marketplace/reality-completion/admin-page","reality-completion/admin-page","NONE","NONE","YES","CAP-B11-001","SOURCE_REVIEWED","CANONICAL_OR_CONTEXTUAL_OPERATOR_SURFACE","MAPPED_TO_IMPLEMENTED_CAPABILITY","app/angelcare-marketplace/(protected)/admin/intelligence/territories/page.tsx; source imports/handlers reconciled against completed approved-screen and Batch evidence."
"PAGE-255","ADMIN_PAGE","app/angelcare-marketplace/(protected)/admin/intelligence/trust/page.tsx","/angelcare-marketplace/admin/intelligence/trust","B11","NONE","@/angelcare-marketplace/reality-completion/admin-page","reality-completion/admin-page","NONE","NONE","YES","CAP-B11-001","SOURCE_REVIEWED","CANONICAL_OR_CONTEXTUAL_OPERATOR_SURFACE","MAPPED_TO_IMPLEMENTED_CAPABILITY","app/angelcare-marketplace/(protected)/admin/intelligence/trust/page.tsx; source imports/handlers reconciled against completed approved-screen and Batch evidence."
"PAGE-256","ADMIN_PAGE","app/angelcare-marketplace/(protected)/admin/journeys/[journeyId]/page.tsx","/angelcare-marketplace/admin/journeys/:journeyId","UNMAPPED","NONE","@/angelcare-marketplace/auth/context|@/angelcare-marketplace/journey-control/components/JourneyAdminDetail|@/angelcare-marketplace/journey-control/repository","auth/context|journey-control/components/JourneyAdminDetail|journey-control/repository","repository","NONE","YES","CAP-B07-004","SOURCE_REVIEWED","CANONICAL_OR_CONTEXTUAL_OPERATOR_SURFACE","MAPPED_TO_IMPLEMENTED_CAPABILITY","app/angelcare-marketplace/(protected)/admin/journeys/[journeyId]/page.tsx; source imports/handlers reconciled against completed approved-screen and Batch evidence."
"PAGE-257","ADMIN_PAGE","app/angelcare-marketplace/(protected)/admin/journeys/action-center/page.tsx","/angelcare-marketplace/admin/journeys/action-center","B07","NONE","@/angelcare-marketplace/auth/context|@/angelcare-marketplace/journey-control/components/JourneyAdminCommand|@/angelcare-marketplace/journey-control/repository","auth/context|journey-control/components/JourneyAdminCommand|journey-control/repository","repository","NONE","YES","CAP-B07-004","SOURCE_REVIEWED","CANONICAL_OR_CONTEXTUAL_OPERATOR_SURFACE","MAPPED_TO_IMPLEMENTED_CAPABILITY","app/angelcare-marketplace/(protected)/admin/journeys/action-center/page.tsx; source imports/handlers reconciled against completed approved-screen and Batch evidence."
"PAGE-258","ADMIN_PAGE","app/angelcare-marketplace/(protected)/admin/journeys/analytics/page.tsx","/angelcare-marketplace/admin/journeys/analytics","B07","NONE","@/angelcare-marketplace/auth/context|@/angelcare-marketplace/journey-control/components/JourneyAdminCommand|@/angelcare-marketplace/journey-control/repository","auth/context|journey-control/components/JourneyAdminCommand|journey-control/repository","repository","NONE","YES","CAP-B07-004","SOURCE_REVIEWED","CANONICAL_OR_CONTEXTUAL_OPERATOR_SURFACE","MAPPED_TO_IMPLEMENTED_CAPABILITY","app/angelcare-marketplace/(protected)/admin/journeys/analytics/page.tsx; source imports/handlers reconciled against completed approved-screen and Batch evidence."
"PAGE-259","ADMIN_PAGE","app/angelcare-marketplace/(protected)/admin/journeys/assessments/page.tsx","/angelcare-marketplace/admin/journeys/assessments","B04|B07","NONE","@/angelcare-marketplace/auth/context|@/angelcare-marketplace/journey-control/components/JourneyAdminCommand|@/angelcare-marketplace/journey-control/repository","auth/context|journey-control/components/JourneyAdminCommand|journey-control/repository","repository","NONE","YES","CAP-B07-004","SOURCE_REVIEWED","CANONICAL_OR_CONTEXTUAL_OPERATOR_SURFACE","MAPPED_TO_IMPLEMENTED_CAPABILITY","app/angelcare-marketplace/(protected)/admin/journeys/assessments/page.tsx; source imports/handlers reconciled against completed approved-screen and Batch evidence."
"PAGE-260","ADMIN_PAGE","app/angelcare-marketplace/(protected)/admin/journeys/bookings/page.tsx","/angelcare-marketplace/admin/journeys/bookings","B04|B07","NONE","@/angelcare-marketplace/auth/context|@/angelcare-marketplace/journey-control/components/JourneyAdminCommand|@/angelcare-marketplace/journey-control/repository","auth/context|journey-control/components/JourneyAdminCommand|journey-control/repository","repository|service","NONE","YES","CAP-B07-004","SOURCE_REVIEWED","CANONICAL_OR_CONTEXTUAL_OPERATOR_SURFACE","MAPPED_TO_IMPLEMENTED_CAPABILITY","app/angelcare-marketplace/(protected)/admin/journeys/bookings/page.tsx; source imports/handlers reconciled against completed approved-screen and Batch evidence."
"PAGE-261","ADMIN_PAGE","app/angelcare-marketplace/(protected)/admin/journeys/configuration/page.tsx","/angelcare-marketplace/admin/journeys/configuration","B07","NONE","@/angelcare-marketplace/auth/context|@/angelcare-marketplace/journey-control/components/JourneyAdminCommand|@/angelcare-marketplace/journey-control/repository","auth/context|journey-control/components/JourneyAdminCommand|journey-control/repository","repository","NONE","YES","CAP-B07-004","SOURCE_REVIEWED","CANONICAL_OR_CONTEXTUAL_OPERATOR_SURFACE","MAPPED_TO_IMPLEMENTED_CAPABILITY","app/angelcare-marketplace/(protected)/admin/journeys/configuration/page.tsx; source imports/handlers reconciled against completed approved-screen and Batch evidence."
"PAGE-262","ADMIN_PAGE","app/angelcare-marketplace/(protected)/admin/journeys/documents/page.tsx","/angelcare-marketplace/admin/journeys/documents","B07","NONE","@/angelcare-marketplace/auth/context|@/angelcare-marketplace/journey-control/components/JourneyAdminCommand|@/angelcare-marketplace/journey-control/repository","auth/context|journey-control/components/JourneyAdminCommand|journey-control/repository","repository","NONE","YES","CAP-B07-004","SOURCE_REVIEWED","CANONICAL_OR_CONTEXTUAL_OPERATOR_SURFACE","MAPPED_TO_IMPLEMENTED_CAPABILITY","app/angelcare-marketplace/(protected)/admin/journeys/documents/page.tsx; source imports/handlers reconciled against completed approved-screen and Batch evidence."
"PAGE-263","ADMIN_PAGE","app/angelcare-marketplace/(protected)/admin/journeys/enrollments/page.tsx","/angelcare-marketplace/admin/journeys/enrollments","B04|B07","NONE","@/angelcare-marketplace/auth/context|@/angelcare-marketplace/journey-control/components/JourneyAdminCommand|@/angelcare-marketplace/journey-control/repository","auth/context|journey-control/components/JourneyAdminCommand|journey-control/repository","repository","NONE","YES","CAP-B07-004","SOURCE_REVIEWED","CANONICAL_OR_CONTEXTUAL_OPERATOR_SURFACE","MAPPED_TO_IMPLEMENTED_CAPABILITY","app/angelcare-marketplace/(protected)/admin/journeys/enrollments/page.tsx; source imports/handlers reconciled against completed approved-screen and Batch evidence."
"PAGE-264","ADMIN_PAGE","app/angelcare-marketplace/(protected)/admin/journeys/exceptions/page.tsx","/angelcare-marketplace/admin/journeys/exceptions","B07","NONE","@/angelcare-marketplace/auth/context|@/angelcare-marketplace/journey-control/components/JourneyAdminCommand|@/angelcare-marketplace/journey-control/repository","auth/context|journey-control/components/JourneyAdminCommand|journey-control/repository","repository","NONE","YES","CAP-B07-004","SOURCE_REVIEWED","CANONICAL_OR_CONTEXTUAL_OPERATOR_SURFACE","MAPPED_TO_IMPLEMENTED_CAPABILITY","app/angelcare-marketplace/(protected)/admin/journeys/exceptions/page.tsx; source imports/handlers reconciled against completed approved-screen and Batch evidence."
"PAGE-265","ADMIN_PAGE","app/angelcare-marketplace/(protected)/admin/journeys/fulfillment/page.tsx","/angelcare-marketplace/admin/journeys/fulfillment","B07","NONE","@/angelcare-marketplace/auth/context|@/angelcare-marketplace/journey-control/components/JourneyAdminCommand|@/angelcare-marketplace/journey-control/repository","auth/context|journey-control/components/JourneyAdminCommand|journey-control/repository","repository","NONE","YES","CAP-B07-004","SOURCE_REVIEWED","CANONICAL_OR_CONTEXTUAL_OPERATOR_SURFACE","MAPPED_TO_IMPLEMENTED_CAPABILITY","app/angelcare-marketplace/(protected)/admin/journeys/fulfillment/page.tsx; source imports/handlers reconciled against completed approved-screen and Batch evidence."
"PAGE-266","ADMIN_PAGE","app/angelcare-marketplace/(protected)/admin/journeys/notifications/page.tsx","/angelcare-marketplace/admin/journeys/notifications","B07","NONE","@/angelcare-marketplace/auth/context|@/angelcare-marketplace/journey-control/components/JourneyAdminCommand|@/angelcare-marketplace/journey-control/repository","auth/context|journey-control/components/JourneyAdminCommand|journey-control/repository","repository","NONE","YES","CAP-B07-004","SOURCE_REVIEWED","CANONICAL_OR_CONTEXTUAL_OPERATOR_SURFACE","MAPPED_TO_IMPLEMENTED_CAPABILITY","app/angelcare-marketplace/(protected)/admin/journeys/notifications/page.tsx; source imports/handlers reconciled against completed approved-screen and Batch evidence."
"PAGE-267","ADMIN_PAGE","app/angelcare-marketplace/(protected)/admin/journeys/orders/page.tsx","/angelcare-marketplace/admin/journeys/orders","B04|B07","NONE","@/angelcare-marketplace/auth/context|@/angelcare-marketplace/journey-control/components/JourneyAdminCommand|@/angelcare-marketplace/journey-control/repository","auth/context|journey-control/components/JourneyAdminCommand|journey-control/repository","repository","NONE","YES","CAP-B07-004","SOURCE_REVIEWED","CANONICAL_OR_CONTEXTUAL_OPERATOR_SURFACE","MAPPED_TO_IMPLEMENTED_CAPABILITY","app/angelcare-marketplace/(protected)/admin/journeys/orders/page.tsx; source imports/handlers reconciled against completed approved-screen and Batch evidence."
"PAGE-268","ADMIN_PAGE","app/angelcare-marketplace/(protected)/admin/journeys/page.tsx","/angelcare-marketplace/admin/journeys","B04|B07","NONE","@/angelcare-marketplace/auth/context|@/angelcare-marketplace/journey-control/components/JourneyAdminCommand|@/angelcare-marketplace/journey-control/repository","auth/context|journey-control/components/JourneyAdminCommand|journey-control/repository","repository","NONE","YES","CAP-B07-004","SOURCE_REVIEWED","CANONICAL_OR_CONTEXTUAL_OPERATOR_SURFACE","MAPPED_TO_IMPLEMENTED_CAPABILITY","app/angelcare-marketplace/(protected)/admin/journeys/page.tsx; source imports/handlers reconciled against completed approved-screen and Batch evidence."
"PAGE-269","ADMIN_PAGE","app/angelcare-marketplace/(protected)/admin/journeys/quotations/page.tsx","/angelcare-marketplace/admin/journeys/quotations","B07","NONE","@/angelcare-marketplace/auth/context|@/angelcare-marketplace/journey-control/components/JourneyAdminCommand|@/angelcare-marketplace/journey-control/repository","auth/context|journey-control/components/JourneyAdminCommand|journey-control/repository","repository","NONE","YES","CAP-B07-004","SOURCE_REVIEWED","CANONICAL_OR_CONTEXTUAL_OPERATOR_SURFACE","MAPPED_TO_IMPLEMENTED_CAPABILITY","app/angelcare-marketplace/(protected)/admin/journeys/quotations/page.tsx; source imports/handlers reconciled against completed approved-screen and Batch evidence."
"PAGE-270","ADMIN_PAGE","app/angelcare-marketplace/(protected)/admin/journeys/recovery/page.tsx","/angelcare-marketplace/admin/journeys/recovery","B07","NONE","@/angelcare-marketplace/auth/context|@/angelcare-marketplace/journey-control/components/JourneyAdminCommand|@/angelcare-marketplace/journey-control/repository","auth/context|journey-control/components/JourneyAdminCommand|journey-control/repository","repository","NONE","YES","CAP-B07-004","SOURCE_REVIEWED","CANONICAL_OR_CONTEXTUAL_OPERATOR_SURFACE","MAPPED_TO_IMPLEMENTED_CAPABILITY","app/angelcare-marketplace/(protected)/admin/journeys/recovery/page.tsx; source imports/handlers reconciled against completed approved-screen and Batch evidence."
"PAGE-271","ADMIN_PAGE","app/angelcare-marketplace/(protected)/admin/journeys/subscriptions/page.tsx","/angelcare-marketplace/admin/journeys/subscriptions","B04|B07","NONE","@/angelcare-marketplace/auth/context|@/angelcare-marketplace/journey-control/components/JourneyAdminCommand|@/angelcare-marketplace/journey-control/repository","auth/context|journey-control/components/JourneyAdminCommand|journey-control/repository","repository","NONE","YES","CAP-B07-004","SOURCE_REVIEWED","CANONICAL_OR_CONTEXTUAL_OPERATOR_SURFACE","MAPPED_TO_IMPLEMENTED_CAPABILITY","app/angelcare-marketplace/(protected)/admin/journeys/subscriptions/page.tsx; source imports/handlers reconciled against completed approved-screen and Batch evidence."
"PAGE-272","ADMIN_PAGE","app/angelcare-marketplace/(protected)/admin/launch/approvals/page.tsx","/angelcare-marketplace/admin/launch/approvals","B11","NONE","@/angelcare-marketplace/reality-completion/admin-page","reality-completion/admin-page","NONE","NONE","YES","CAP-B11-010","SOURCE_REVIEWED","CANONICAL_OR_CONTEXTUAL_OPERATOR_SURFACE","MAPPED_TO_IMPLEMENTED_CAPABILITY","app/angelcare-marketplace/(protected)/admin/launch/approvals/page.tsx; source imports/handlers reconciled against completed approved-screen and Batch evidence."
"PAGE-273","ADMIN_PAGE","app/angelcare-marketplace/(protected)/admin/launch/blockers/page.tsx","/angelcare-marketplace/admin/launch/blockers","B11","NONE","next/navigation","NONE","NONE","/angelcare-marketplace/admin/launch/readiness","LEGACY_COMPATIBILITY","CAP-B11-010","SOURCE_REVIEWED","LEGACY_COMPATIBILITY_SURFACE","LEGACY_COMPATIBILITY_ONLY","app/angelcare-marketplace/(protected)/admin/launch/blockers/page.tsx; source imports/handlers and redirect target reconciled against completed approved-screen and Batch evidence."
"PAGE-274","ADMIN_PAGE","app/angelcare-marketplace/(protected)/admin/launch/defects/page.tsx","/angelcare-marketplace/admin/launch/defects","B11","NONE","@/angelcare-marketplace/reality-completion/admin-page","reality-completion/admin-page","NONE","NONE","YES","CAP-B11-010","SOURCE_REVIEWED","CANONICAL_OR_CONTEXTUAL_OPERATOR_SURFACE","MAPPED_TO_IMPLEMENTED_CAPABILITY","app/angelcare-marketplace/(protected)/admin/launch/defects/page.tsx; source imports/handlers reconciled against completed approved-screen and Batch evidence."
"PAGE-275","ADMIN_PAGE","app/angelcare-marketplace/(protected)/admin/launch/evidence/page.tsx","/angelcare-marketplace/admin/launch/evidence","B11","NONE","@/angelcare-marketplace/reality-completion/admin-page","reality-completion/admin-page","NONE","NONE","YES","CAP-B11-010","SOURCE_REVIEWED","CANONICAL_OR_CONTEXTUAL_OPERATOR_SURFACE","MAPPED_TO_IMPLEMENTED_CAPABILITY","app/angelcare-marketplace/(protected)/admin/launch/evidence/page.tsx; source imports/handlers reconciled against completed approved-screen and Batch evidence."
"PAGE-276","ADMIN_PAGE","app/angelcare-marketplace/(protected)/admin/launch/gates/page.tsx","/angelcare-marketplace/admin/launch/gates","B11","NONE","@/angelcare-marketplace/reality-completion/admin-page","reality-completion/admin-page","NONE","NONE","YES","CAP-B11-010","SOURCE_REVIEWED","CANONICAL_OR_CONTEXTUAL_OPERATOR_SURFACE","MAPPED_TO_IMPLEMENTED_CAPABILITY","app/angelcare-marketplace/(protected)/admin/launch/gates/page.tsx; source imports/handlers reconciled against completed approved-screen and Batch evidence."
"PAGE-277","ADMIN_PAGE","app/angelcare-marketplace/(protected)/admin/launch/monitoring/page.tsx","/angelcare-marketplace/admin/launch/monitoring","B11","NONE","@/angelcare-marketplace/reality-completion/admin-page","reality-completion/admin-page","NONE","NONE","YES","CAP-B11-010","SOURCE_REVIEWED","CANONICAL_OR_CONTEXTUAL_OPERATOR_SURFACE","MAPPED_TO_IMPLEMENTED_CAPABILITY","app/angelcare-marketplace/(protected)/admin/launch/monitoring/page.tsx; source imports/handlers reconciled against completed approved-screen and Batch evidence."
"PAGE-278","ADMIN_PAGE","app/angelcare-marketplace/(protected)/admin/launch/page.tsx","/angelcare-marketplace/admin/launch","B11","NONE","@/angelcare-marketplace/reality-completion/admin-page","reality-completion/admin-page","NONE","NONE","YES","CAP-B11-010","SOURCE_REVIEWED","CANONICAL_OR_CONTEXTUAL_OPERATOR_SURFACE","MAPPED_TO_IMPLEMENTED_CAPABILITY","app/angelcare-marketplace/(protected)/admin/launch/page.tsx; source imports/handlers reconciled against completed approved-screen and Batch evidence."
"PAGE-279","ADMIN_PAGE","app/angelcare-marketplace/(protected)/admin/launch/post-launch/page.tsx","/angelcare-marketplace/admin/launch/post-launch","B11","NONE","next/navigation","NONE","NONE","/angelcare-marketplace/admin/launch/monitoring","LEGACY_COMPATIBILITY","CAP-B11-010","SOURCE_REVIEWED","LEGACY_COMPATIBILITY_SURFACE","LEGACY_COMPATIBILITY_ONLY","app/angelcare-marketplace/(protected)/admin/launch/post-launch/page.tsx; source imports/handlers and redirect target reconciled against completed approved-screen and Batch evidence."
"PAGE-280","ADMIN_PAGE","app/angelcare-marketplace/(protected)/admin/launch/readiness/page.tsx","/angelcare-marketplace/admin/launch/readiness","B11","NONE","@/angelcare-marketplace/reality-completion/admin-page","reality-completion/admin-page","NONE","NONE","YES","CAP-B11-010","SOURCE_REVIEWED","CANONICAL_OR_CONTEXTUAL_OPERATOR_SURFACE","MAPPED_TO_IMPLEMENTED_CAPABILITY","app/angelcare-marketplace/(protected)/admin/launch/readiness/page.tsx; source imports/handlers reconciled against completed approved-screen and Batch evidence."
"PAGE-281","ADMIN_PAGE","app/angelcare-marketplace/(protected)/admin/launch/release/page.tsx","/angelcare-marketplace/admin/launch/release","B11","NONE","@/angelcare-marketplace/reality-completion/admin-page","reality-completion/admin-page","NONE","NONE","YES","CAP-B11-010","SOURCE_REVIEWED","CANONICAL_OR_CONTEXTUAL_OPERATOR_SURFACE","MAPPED_TO_IMPLEMENTED_CAPABILITY","app/angelcare-marketplace/(protected)/admin/launch/release/page.tsx; source imports/handlers reconciled against completed approved-screen and Batch evidence."
"PAGE-282","ADMIN_PAGE","app/angelcare-marketplace/(protected)/admin/launch/rollback/page.tsx","/angelcare-marketplace/admin/launch/rollback","B11","NONE","@/angelcare-marketplace/reality-completion/admin-page","reality-completion/admin-page","NONE","NONE","YES","CAP-B11-010","SOURCE_REVIEWED","CANONICAL_OR_CONTEXTUAL_OPERATOR_SURFACE","MAPPED_TO_IMPLEMENTED_CAPABILITY","app/angelcare-marketplace/(protected)/admin/launch/rollback/page.tsx; source imports/handlers reconciled against completed approved-screen and Batch evidence."
"PAGE-283","ADMIN_PAGE","app/angelcare-marketplace/(protected)/admin/launch/runbook/page.tsx","/angelcare-marketplace/admin/launch/runbook","B11","NONE","@/angelcare-marketplace/auth/context|@/angelcare-marketplace/launch-assurance/repository|@/angelcare-marketplace/launch-assurance/components/LaunchRegisters","auth/context|launch-assurance/repository|launch-assurance/components/LaunchRegisters","repository","NONE","YES","CAP-B11-010","SOURCE_REVIEWED","CANONICAL_OR_CONTEXTUAL_OPERATOR_SURFACE","MAPPED_TO_IMPLEMENTED_CAPABILITY","app/angelcare-marketplace/(protected)/admin/launch/runbook/page.tsx; source imports/handlers reconciled against completed approved-screen and Batch evidence."
"PAGE-284","ADMIN_PAGE","app/angelcare-marketplace/(protected)/admin/live-experience-command/analytics/page.tsx","/angelcare-marketplace/admin/live-experience-command/analytics","B06","NONE","@/angelcare-marketplace/live-experience-command/admin-pages","live-experience-command/admin-pages","NONE","NONE","YES","CAP-B06-003","SOURCE_REVIEWED","CANONICAL_OR_CONTEXTUAL_OPERATOR_SURFACE","MAPPED_TO_IMPLEMENTED_CAPABILITY","app/angelcare-marketplace/(protected)/admin/live-experience-command/analytics/page.tsx; source imports/handlers reconciled against completed approved-screen and Batch evidence."
"PAGE-285","ADMIN_PAGE","app/angelcare-marketplace/(protected)/admin/live-experience-command/audiences/page.tsx","/angelcare-marketplace/admin/live-experience-command/audiences","B06","NONE","@/angelcare-marketplace/live-experience-command/governance-admin-page","live-experience-command/governance-admin-page","NONE","NONE","YES","CAP-B06-004","SOURCE_REVIEWED","CANONICAL_OR_CONTEXTUAL_OPERATOR_SURFACE","MAPPED_TO_IMPLEMENTED_CAPABILITY","app/angelcare-marketplace/(protected)/admin/live-experience-command/audiences/page.tsx; source imports/handlers reconciled against completed approved-screen and Batch evidence."
"PAGE-286","ADMIN_PAGE","app/angelcare-marketplace/(protected)/admin/live-experience-command/broadcasts/page.tsx","/angelcare-marketplace/admin/live-experience-command/broadcasts","B06","NONE","@/angelcare-marketplace/live-experience-command/admin-pages","live-experience-command/admin-pages","NONE","NONE","YES","CAP-B06-003","SOURCE_REVIEWED","CANONICAL_OR_CONTEXTUAL_OPERATOR_SURFACE","MAPPED_TO_IMPLEMENTED_CAPABILITY","app/angelcare-marketplace/(protected)/admin/live-experience-command/broadcasts/page.tsx; source imports/handlers reconciled against completed approved-screen and Batch evidence."
"PAGE-287","ADMIN_PAGE","app/angelcare-marketplace/(protected)/admin/live-experience-command/experiments/page.tsx","/angelcare-marketplace/admin/live-experience-command/experiments","B06","NONE","@/angelcare-marketplace/live-experience-command/governance-admin-page","live-experience-command/governance-admin-page","NONE","NONE","YES","CAP-B06-009","SOURCE_REVIEWED","CANONICAL_OR_CONTEXTUAL_OPERATOR_SURFACE","MAPPED_TO_IMPLEMENTED_CAPABILITY","app/angelcare-marketplace/(protected)/admin/live-experience-command/experiments/page.tsx; source imports/handlers reconciled against completed approved-screen and Batch evidence."
"PAGE-288","ADMIN_PAGE","app/angelcare-marketplace/(protected)/admin/live-experience-command/history/page.tsx","/angelcare-marketplace/admin/live-experience-command/history","B06","NONE","@/angelcare-marketplace/live-experience-command/governance-admin-page","live-experience-command/governance-admin-page","NONE","NONE","YES","CAP-B06-003","SOURCE_REVIEWED","CANONICAL_OR_CONTEXTUAL_OPERATOR_SURFACE","MAPPED_TO_IMPLEMENTED_CAPABILITY","app/angelcare-marketplace/(protected)/admin/live-experience-command/history/page.tsx; source imports/handlers reconciled against completed approved-screen and Batch evidence."
"PAGE-289","ADMIN_PAGE","app/angelcare-marketplace/(protected)/admin/live-experience-command/page.tsx","/angelcare-marketplace/admin/live-experience-command","B05|B06","NONE","@/angelcare-marketplace/live-experience-command/admin-pages","live-experience-command/admin-pages","NONE","NONE","YES","CAP-B06-003","SOURCE_REVIEWED","CANONICAL_OR_CONTEXTUAL_OPERATOR_SURFACE","MAPPED_TO_IMPLEMENTED_CAPABILITY","app/angelcare-marketplace/(protected)/admin/live-experience-command/page.tsx; source imports/handlers reconciled against completed approved-screen and Batch evidence."
"PAGE-290","ADMIN_PAGE","app/angelcare-marketplace/(protected)/admin/live-experience-command/placements/page.tsx","/angelcare-marketplace/admin/live-experience-command/placements","B06","NONE","@/angelcare-marketplace/live-experience-command/governance-admin-page","live-experience-command/governance-admin-page","NONE","NONE","YES","CAP-B06-003","SOURCE_REVIEWED","CANONICAL_OR_CONTEXTUAL_OPERATOR_SURFACE","MAPPED_TO_IMPLEMENTED_CAPABILITY","app/angelcare-marketplace/(protected)/admin/live-experience-command/placements/page.tsx; source imports/handlers reconciled against completed approved-screen and Batch evidence."
"PAGE-291","ADMIN_PAGE","app/angelcare-marketplace/(protected)/admin/live-experience-command/popups/page.tsx","/angelcare-marketplace/admin/live-experience-command/popups","B06","NONE","@/angelcare-marketplace/live-experience-command/admin-pages","live-experience-command/admin-pages","NONE","NONE","YES","CAP-B06-003","SOURCE_REVIEWED","CANONICAL_OR_CONTEXTUAL_OPERATOR_SURFACE","MAPPED_TO_IMPLEMENTED_CAPABILITY","app/angelcare-marketplace/(protected)/admin/live-experience-command/popups/page.tsx; source imports/handlers reconciled against completed approved-screen and Batch evidence."
"PAGE-292","ADMIN_PAGE","app/angelcare-marketplace/(protected)/admin/live-experience-command/proof-widgets/page.tsx","/angelcare-marketplace/admin/live-experience-command/proof-widgets","B06","NONE","@/angelcare-marketplace/live-experience-command/admin-pages","live-experience-command/admin-pages","NONE","NONE","YES","CAP-B06-003","SOURCE_REVIEWED","CANONICAL_OR_CONTEXTUAL_OPERATOR_SURFACE","MAPPED_TO_IMPLEMENTED_CAPABILITY","app/angelcare-marketplace/(protected)/admin/live-experience-command/proof-widgets/page.tsx; source imports/handlers reconciled against completed approved-screen and Batch evidence."
"PAGE-293","ADMIN_PAGE","app/angelcare-marketplace/(protected)/admin/live-experience-command/schedules/page.tsx","/angelcare-marketplace/admin/live-experience-command/schedules","B06","NONE","@/angelcare-marketplace/live-experience-command/governance-admin-page","live-experience-command/governance-admin-page","NONE","NONE","YES","CAP-B06-003","SOURCE_REVIEWED","CANONICAL_OR_CONTEXTUAL_OPERATOR_SURFACE","MAPPED_TO_IMPLEMENTED_CAPABILITY","app/angelcare-marketplace/(protected)/admin/live-experience-command/schedules/page.tsx; source imports/handlers reconciled against completed approved-screen and Batch evidence."
"PAGE-294","ADMIN_PAGE","app/angelcare-marketplace/(protected)/admin/live-experience-command/settings/page.tsx","/angelcare-marketplace/admin/live-experience-command/settings","B06","NONE","@/angelcare-marketplace/live-experience-command/governance-admin-page","live-experience-command/governance-admin-page","NONE","NONE","YES","CAP-B06-003","SOURCE_REVIEWED","CANONICAL_OR_CONTEXTUAL_OPERATOR_SURFACE","MAPPED_TO_IMPLEMENTED_CAPABILITY","app/angelcare-marketplace/(protected)/admin/live-experience-command/settings/page.tsx; source imports/handlers reconciled against completed approved-screen and Batch evidence."
"PAGE-295","ADMIN_PAGE","app/angelcare-marketplace/(protected)/admin/live-experience-command/templates/page.tsx","/angelcare-marketplace/admin/live-experience-command/templates","B06","NONE","@/angelcare-marketplace/live-experience-command/admin-pages","live-experience-command/admin-pages","NONE","NONE","YES","CAP-B06-003","SOURCE_REVIEWED","CANONICAL_OR_CONTEXTUAL_OPERATOR_SURFACE","MAPPED_TO_IMPLEMENTED_CAPABILITY","app/angelcare-marketplace/(protected)/admin/live-experience-command/templates/page.tsx; source imports/handlers reconciled against completed approved-screen and Batch evidence."
"PAGE-296","ADMIN_PAGE","app/angelcare-marketplace/(protected)/admin/live-map/page.tsx","/angelcare-marketplace/admin/live-map","UNMAPPED","dynamic","@/angelcare-marketplace/auth/context|@/angelcare-marketplace/enterprise-command/components/LiveVisitorSpatialCommand","auth/context|enterprise-command/components/LiveVisitorSpatialCommand","NONE","NONE","YES","CAP-B07-001","SOURCE_REVIEWED","CANONICAL_OR_CONTEXTUAL_OPERATOR_SURFACE","MAPPED_TO_IMPLEMENTED_CAPABILITY","app/angelcare-marketplace/(protected)/admin/live-map/page.tsx; source imports/handlers reconciled against completed approved-screen and Batch evidence."
"PAGE-297","ADMIN_PAGE","app/angelcare-marketplace/(protected)/admin/localization/csv/page.tsx","/angelcare-marketplace/admin/localization/csv","B05","NONE","@/angelcare-marketplace/localization-intelligence/components/CsvCenter","localization-intelligence/components/CsvCenter","NONE","NONE","YES","CAP-B05-010","SOURCE_REVIEWED","CANONICAL_OR_CONTEXTUAL_OPERATOR_SURFACE","MAPPED_TO_IMPLEMENTED_CAPABILITY","app/angelcare-marketplace/(protected)/admin/localization/csv/page.tsx; source imports/handlers reconciled against completed approved-screen and Batch evidence."
"PAGE-298","ADMIN_PAGE","app/angelcare-marketplace/(protected)/admin/localization/glossary/page.tsx","/angelcare-marketplace/admin/localization/glossary","B05","NONE","@/angelcare-marketplace/localization-intelligence/final-admin-page","localization-intelligence/final-admin-page","NONE","NONE","YES","CAP-B05-010","SOURCE_REVIEWED","CANONICAL_OR_CONTEXTUAL_OPERATOR_SURFACE","MAPPED_TO_IMPLEMENTED_CAPABILITY","app/angelcare-marketplace/(protected)/admin/localization/glossary/page.tsx; source imports/handlers reconciled against completed approved-screen and Batch evidence."
"PAGE-299","ADMIN_PAGE","app/angelcare-marketplace/(protected)/admin/localization/imports/page.tsx","/angelcare-marketplace/admin/localization/imports","B05","NONE","@/angelcare-marketplace/localization-intelligence/components/CsvCenter","localization-intelligence/components/CsvCenter","NONE","NONE","YES","CAP-B05-010","SOURCE_REVIEWED","CANONICAL_OR_CONTEXTUAL_OPERATOR_SURFACE","MAPPED_TO_IMPLEMENTED_CAPABILITY","app/angelcare-marketplace/(protected)/admin/localization/imports/page.tsx; source imports/handlers reconciled against completed approved-screen and Batch evidence."
"PAGE-300","ADMIN_PAGE","app/angelcare-marketplace/(protected)/admin/localization/inventory/page.tsx","/angelcare-marketplace/admin/localization/inventory","B05","NONE","@/angelcare-marketplace/localization-intelligence/components/InventoryTable|@/angelcare-marketplace/localization-intelligence/repository","localization-intelligence/components/InventoryTable|localization-intelligence/repository","repository","NONE","YES","CAP-B05-010","SOURCE_REVIEWED","CANONICAL_OR_CONTEXTUAL_OPERATOR_SURFACE","MAPPED_TO_IMPLEMENTED_CAPABILITY","app/angelcare-marketplace/(protected)/admin/localization/inventory/page.tsx; source imports/handlers reconciled against completed approved-screen and Batch evidence."
"PAGE-301","ADMIN_PAGE","app/angelcare-marketplace/(protected)/admin/localization/memory/page.tsx","/angelcare-marketplace/admin/localization/memory","B05","NONE","@/angelcare-marketplace/localization-intelligence/final-admin-page","localization-intelligence/final-admin-page","NONE","NONE","YES","CAP-B05-010","SOURCE_REVIEWED","CANONICAL_OR_CONTEXTUAL_OPERATOR_SURFACE","MAPPED_TO_IMPLEMENTED_CAPABILITY","app/angelcare-marketplace/(protected)/admin/localization/memory/page.tsx; source imports/handlers reconciled against completed approved-screen and Batch evidence."
"PAGE-302","ADMIN_PAGE","app/angelcare-marketplace/(protected)/admin/localization/page.tsx","/angelcare-marketplace/admin/localization","B05","NONE","@/angelcare-marketplace/localization-intelligence/components/LocalizationCockpit|@/angelcare-marketplace/localization-intelligence/repository","localization-intelligence/components/LocalizationCockpit|localization-intelligence/repository","repository","NONE","YES","CAP-B05-010","SOURCE_REVIEWED","CANONICAL_OR_CONTEXTUAL_OPERATOR_SURFACE","MAPPED_TO_IMPLEMENTED_CAPABILITY","app/angelcare-marketplace/(protected)/admin/localization/page.tsx; source imports/handlers reconciled against completed approved-screen and Batch evidence."
"PAGE-303","ADMIN_PAGE","app/angelcare-marketplace/(protected)/admin/localization/readiness/page.tsx","/angelcare-marketplace/admin/localization/readiness","B05","NONE","@/angelcare-marketplace/localization-intelligence/final-admin-page","localization-intelligence/final-admin-page","NONE","NONE","YES","CAP-B05-010","SOURCE_REVIEWED","CANONICAL_OR_CONTEXTUAL_OPERATOR_SURFACE","MAPPED_TO_IMPLEMENTED_CAPABILITY","app/angelcare-marketplace/(protected)/admin/localization/readiness/page.tsx; source imports/handlers reconciled against completed approved-screen and Batch evidence."
"PAGE-304","ADMIN_PAGE","app/angelcare-marketplace/(protected)/admin/localization/reviews/page.tsx","/angelcare-marketplace/admin/localization/reviews","B05","NONE","@/angelcare-marketplace/localization-intelligence/final-admin-page","localization-intelligence/final-admin-page","NONE","NONE","YES","CAP-B05-010","SOURCE_REVIEWED","CANONICAL_OR_CONTEXTUAL_OPERATOR_SURFACE","MAPPED_TO_IMPLEMENTED_CAPABILITY","app/angelcare-marketplace/(protected)/admin/localization/reviews/page.tsx; source imports/handlers reconciled against completed approved-screen and Batch evidence."
"PAGE-305","ADMIN_PAGE","app/angelcare-marketplace/(protected)/admin/localization/rtl-lab/page.tsx","/angelcare-marketplace/admin/localization/rtl-lab","B05","NONE","@/angelcare-marketplace/localization-intelligence/components/RtlLab","localization-intelligence/components/RtlLab","NONE","NONE","YES","CAP-B05-010","SOURCE_REVIEWED","CANONICAL_OR_CONTEXTUAL_OPERATOR_SURFACE","MAPPED_TO_IMPLEMENTED_CAPABILITY","app/angelcare-marketplace/(protected)/admin/localization/rtl-lab/page.tsx; source imports/handlers reconciled against completed approved-screen and Batch evidence."
"PAGE-306","ADMIN_PAGE","app/angelcare-marketplace/(protected)/admin/localization/scanner/page.tsx","/angelcare-marketplace/admin/localization/scanner","B05","NONE","@/angelcare-marketplace/localization-intelligence/components/ScannerCommandCenter","localization-intelligence/components/ScannerCommandCenter","NONE","NONE","YES","CAP-B05-010","SOURCE_REVIEWED","CANONICAL_OR_CONTEXTUAL_OPERATOR_SURFACE","MAPPED_TO_IMPLEMENTED_CAPABILITY","app/angelcare-marketplace/(protected)/admin/localization/scanner/page.tsx; source imports/handlers reconciled against completed approved-screen and Batch evidence."
"PAGE-307","ADMIN_PAGE","app/angelcare-marketplace/(protected)/admin/localization/seo/page.tsx","/angelcare-marketplace/admin/localization/seo","B05","NONE","@/angelcare-marketplace/localization-intelligence/final-admin-page","localization-intelligence/final-admin-page","NONE","NONE","YES","CAP-B05-010","SOURCE_REVIEWED","CANONICAL_OR_CONTEXTUAL_OPERATOR_SURFACE","MAPPED_TO_IMPLEMENTED_CAPABILITY","app/angelcare-marketplace/(protected)/admin/localization/seo/page.tsx; source imports/handlers reconciled against completed approved-screen and Batch evidence."
"PAGE-308","ADMIN_PAGE","app/angelcare-marketplace/(protected)/admin/localization/sources/page.tsx","/angelcare-marketplace/admin/localization/sources","B05","NONE","@/angelcare-marketplace/localization-intelligence/final-admin-page","localization-intelligence/final-admin-page","NONE","NONE","YES","CAP-B05-010","SOURCE_REVIEWED","CANONICAL_OR_CONTEXTUAL_OPERATOR_SURFACE","MAPPED_TO_IMPLEMENTED_CAPABILITY","app/angelcare-marketplace/(protected)/admin/localization/sources/page.tsx; source imports/handlers reconciled against completed approved-screen and Batch evidence."
"PAGE-309","ADMIN_PAGE","app/angelcare-marketplace/(protected)/admin/localization/translations/page.tsx","/angelcare-marketplace/admin/localization/translations","B05","NONE","@/angelcare-marketplace/localization-intelligence/final-admin-page","localization-intelligence/final-admin-page","NONE","NONE","YES","CAP-B05-010","SOURCE_REVIEWED","CANONICAL_OR_CONTEXTUAL_OPERATOR_SURFACE","MAPPED_TO_IMPLEMENTED_CAPABILITY","app/angelcare-marketplace/(protected)/admin/localization/translations/page.tsx; source imports/handlers reconciled against completed approved-screen and Batch evidence."
"PAGE-310","ADMIN_PAGE","app/angelcare-marketplace/(protected)/admin/marketplace/page.tsx","/angelcare-marketplace/admin/marketplace","UNMAPPED","NONE","@/angelcare-marketplace/auth/context|@/angelcare-marketplace/marketplace-core/components/MarketplaceCommand|@/angelcare-marketplace/marketplace-core/repository","auth/context|marketplace-core/components/MarketplaceCommand|marketplace-core/repository","repository","NONE","YES","CAP-B01-001","SOURCE_REVIEWED","CANONICAL_OR_CONTEXTUAL_OPERATOR_SURFACE","MAPPED_TO_IMPLEMENTED_CAPABILITY","app/angelcare-marketplace/(protected)/admin/marketplace/page.tsx; source imports/handlers reconciled against completed approved-screen and Batch evidence."
"PAGE-311","ADMIN_PAGE","app/angelcare-marketplace/(protected)/admin/media/folders/page.tsx","/angelcare-marketplace/admin/media/folders","B05","NONE","@/angelcare-marketplace/commerce-studio/admin-pages","commerce-studio/admin-pages","NONE","NONE","YES","CAP-B05-006","SOURCE_REVIEWED","CANONICAL_OR_CONTEXTUAL_OPERATOR_SURFACE","MAPPED_TO_IMPLEMENTED_CAPABILITY","app/angelcare-marketplace/(protected)/admin/media/folders/page.tsx; source imports/handlers reconciled against completed approved-screen and Batch evidence."
"PAGE-312","ADMIN_PAGE","app/angelcare-marketplace/(protected)/admin/media/library/page.tsx","/angelcare-marketplace/admin/media/library","B05","NONE","@/angelcare-marketplace/commerce-studio/admin-pages","commerce-studio/admin-pages","NONE","NONE","YES","CAP-B05-006","SOURCE_REVIEWED","CANONICAL_OR_CONTEXTUAL_OPERATOR_SURFACE","MAPPED_TO_IMPLEMENTED_CAPABILITY","app/angelcare-marketplace/(protected)/admin/media/library/page.tsx; source imports/handlers reconciled against completed approved-screen and Batch evidence."
"PAGE-313","ADMIN_PAGE","app/angelcare-marketplace/(protected)/admin/media/optimization/page.tsx","/angelcare-marketplace/admin/media/optimization","B05","NONE","@/angelcare-marketplace/commerce-studio/admin-pages","commerce-studio/admin-pages","NONE","NONE","YES","CAP-B05-006","SOURCE_REVIEWED","CANONICAL_OR_CONTEXTUAL_OPERATOR_SURFACE","MAPPED_TO_IMPLEMENTED_CAPABILITY","app/angelcare-marketplace/(protected)/admin/media/optimization/page.tsx; source imports/handlers reconciled against completed approved-screen and Batch evidence."
"PAGE-314","ADMIN_PAGE","app/angelcare-marketplace/(protected)/admin/media/page.tsx","/angelcare-marketplace/admin/media","B05","NONE","@/angelcare-marketplace/commerce-studio/admin-pages","commerce-studio/admin-pages","NONE","NONE","YES","CAP-B05-006","SOURCE_REVIEWED","CANONICAL_OR_CONTEXTUAL_OPERATOR_SURFACE","MAPPED_TO_IMPLEMENTED_CAPABILITY","app/angelcare-marketplace/(protected)/admin/media/page.tsx; source imports/handlers reconciled against completed approved-screen and Batch evidence."
"PAGE-315","ADMIN_PAGE","app/angelcare-marketplace/(protected)/admin/media/rights/page.tsx","/angelcare-marketplace/admin/media/rights","B05","NONE","@/angelcare-marketplace/commerce-studio/admin-pages","commerce-studio/admin-pages","NONE","NONE","YES","CAP-B05-006","SOURCE_REVIEWED","CANONICAL_OR_CONTEXTUAL_OPERATOR_SURFACE","MAPPED_TO_IMPLEMENTED_CAPABILITY","app/angelcare-marketplace/(protected)/admin/media/rights/page.tsx; source imports/handlers reconciled against completed approved-screen and Batch evidence."
"PAGE-316","ADMIN_PAGE","app/angelcare-marketplace/(protected)/admin/media/upload/page.tsx","/angelcare-marketplace/admin/media/upload","B05","NONE","@/angelcare-marketplace/commerce-studio/admin-pages","commerce-studio/admin-pages","NONE","NONE","YES","CAP-B05-006","SOURCE_REVIEWED","CANONICAL_OR_CONTEXTUAL_OPERATOR_SURFACE","MAPPED_TO_IMPLEMENTED_CAPABILITY","app/angelcare-marketplace/(protected)/admin/media/upload/page.tsx; source imports/handlers reconciled against completed approved-screen and Batch evidence."
"PAGE-317","ADMIN_PAGE","app/angelcare-marketplace/(protected)/admin/media/usage/page.tsx","/angelcare-marketplace/admin/media/usage","B05","NONE","@/angelcare-marketplace/commerce-studio/admin-pages","commerce-studio/admin-pages","NONE","NONE","YES","CAP-B05-006","SOURCE_REVIEWED","CANONICAL_OR_CONTEXTUAL_OPERATOR_SURFACE","MAPPED_TO_IMPLEMENTED_CAPABILITY","app/angelcare-marketplace/(protected)/admin/media/usage/page.tsx; source imports/handlers reconciled against completed approved-screen and Batch evidence."
"PAGE-318","ADMIN_PAGE","app/angelcare-marketplace/(protected)/admin/merchandising/available-now/page.tsx","/angelcare-marketplace/admin/merchandising/available-now","B06","NONE","@/angelcare-marketplace/commerce-studio/admin-pages","commerce-studio/admin-pages","NONE","NONE","YES","CAP-B06-005","SOURCE_REVIEWED","CANONICAL_OR_CONTEXTUAL_OPERATOR_SURFACE","MAPPED_TO_IMPLEMENTED_CAPABILITY","app/angelcare-marketplace/(protected)/admin/merchandising/available-now/page.tsx; source imports/handlers reconciled against completed approved-screen and Batch evidence."
"PAGE-319","ADMIN_PAGE","app/angelcare-marketplace/(protected)/admin/merchandising/best-picks/page.tsx","/angelcare-marketplace/admin/merchandising/best-picks","B06","NONE","@/angelcare-marketplace/commerce-studio/admin-pages","commerce-studio/admin-pages","NONE","NONE","YES","CAP-B06-005","SOURCE_REVIEWED","CANONICAL_OR_CONTEXTUAL_OPERATOR_SURFACE","MAPPED_TO_IMPLEMENTED_CAPABILITY","app/angelcare-marketplace/(protected)/admin/merchandising/best-picks/page.tsx; source imports/handlers reconciled against completed approved-screen and Batch evidence."
"PAGE-320","ADMIN_PAGE","app/angelcare-marketplace/(protected)/admin/merchandising/calendar/page.tsx","/angelcare-marketplace/admin/merchandising/calendar","B06","NONE","@/angelcare-marketplace/commerce-studio/admin-pages","commerce-studio/admin-pages","NONE","NONE","YES","CAP-B06-005","SOURCE_REVIEWED","CANONICAL_OR_CONTEXTUAL_OPERATOR_SURFACE","MAPPED_TO_IMPLEMENTED_CAPABILITY","app/angelcare-marketplace/(protected)/admin/merchandising/calendar/page.tsx; source imports/handlers reconciled against completed approved-screen and Batch evidence."
"PAGE-321","ADMIN_PAGE","app/angelcare-marketplace/(protected)/admin/merchandising/collections/page.tsx","/angelcare-marketplace/admin/merchandising/collections","B02|B06","NONE","@/angelcare-marketplace/commerce-studio/admin-pages","commerce-studio/admin-pages","NONE","NONE","YES","CAP-B02-006","SOURCE_REVIEWED","CANONICAL_OR_CONTEXTUAL_OPERATOR_SURFACE","MAPPED_TO_IMPLEMENTED_CAPABILITY","app/angelcare-marketplace/(protected)/admin/merchandising/collections/page.tsx; source imports/handlers reconciled against completed approved-screen and Batch evidence."
"PAGE-322","ADMIN_PAGE","app/angelcare-marketplace/(protected)/admin/merchandising/featured/page.tsx","/angelcare-marketplace/admin/merchandising/featured","B06","NONE","@/angelcare-marketplace/commerce-studio/admin-pages","commerce-studio/admin-pages","NONE","NONE","YES","CAP-B06-005","SOURCE_REVIEWED","CANONICAL_OR_CONTEXTUAL_OPERATOR_SURFACE","MAPPED_TO_IMPLEMENTED_CAPABILITY","app/angelcare-marketplace/(protected)/admin/merchandising/featured/page.tsx; source imports/handlers reconciled against completed approved-screen and Batch evidence."
"PAGE-323","ADMIN_PAGE","app/angelcare-marketplace/(protected)/admin/merchandising/history/page.tsx","/angelcare-marketplace/admin/merchandising/history","B06","NONE","@/angelcare-marketplace/commerce-studio/admin-pages","commerce-studio/admin-pages","NONE","NONE","YES","CAP-B06-005","SOURCE_REVIEWED","CANONICAL_OR_CONTEXTUAL_OPERATOR_SURFACE","MAPPED_TO_IMPLEMENTED_CAPABILITY","app/angelcare-marketplace/(protected)/admin/merchandising/history/page.tsx; source imports/handlers reconciled against completed approved-screen and Batch evidence."
"PAGE-324","ADMIN_PAGE","app/angelcare-marketplace/(protected)/admin/merchandising/new-arrivals/page.tsx","/angelcare-marketplace/admin/merchandising/new-arrivals","B06","NONE","@/angelcare-marketplace/commerce-studio/admin-pages","commerce-studio/admin-pages","NONE","NONE","YES","CAP-B06-005","SOURCE_REVIEWED","CANONICAL_OR_CONTEXTUAL_OPERATOR_SURFACE","MAPPED_TO_IMPLEMENTED_CAPABILITY","app/angelcare-marketplace/(protected)/admin/merchandising/new-arrivals/page.tsx; source imports/handlers reconciled against completed approved-screen and Batch evidence."
"PAGE-325","ADMIN_PAGE","app/angelcare-marketplace/(protected)/admin/merchandising/page.tsx","/angelcare-marketplace/admin/merchandising","B02|B06","NONE","@/angelcare-marketplace/commerce-studio/admin-pages","commerce-studio/admin-pages","NONE","NONE","YES","CAP-B06-005","SOURCE_REVIEWED","CANONICAL_OR_CONTEXTUAL_OPERATOR_SURFACE","MAPPED_TO_IMPLEMENTED_CAPABILITY","app/angelcare-marketplace/(protected)/admin/merchandising/page.tsx; source imports/handlers reconciled against completed approved-screen and Batch evidence."
"PAGE-326","ADMIN_PAGE","app/angelcare-marketplace/(protected)/admin/merchandising/placements/page.tsx","/angelcare-marketplace/admin/merchandising/placements","B06","NONE","@/angelcare-marketplace/commerce-studio/admin-pages","commerce-studio/admin-pages","NONE","NONE","YES","CAP-B06-005","SOURCE_REVIEWED","CANONICAL_OR_CONTEXTUAL_OPERATOR_SURFACE","MAPPED_TO_IMPLEMENTED_CAPABILITY","app/angelcare-marketplace/(protected)/admin/merchandising/placements/page.tsx; source imports/handlers reconciled against completed approved-screen and Batch evidence."
"PAGE-327","ADMIN_PAGE","app/angelcare-marketplace/(protected)/admin/merchandising/popular/page.tsx","/angelcare-marketplace/admin/merchandising/popular","B06","NONE","@/angelcare-marketplace/commerce-studio/admin-pages","commerce-studio/admin-pages","NONE","NONE","YES","CAP-B06-005","SOURCE_REVIEWED","CANONICAL_OR_CONTEXTUAL_OPERATOR_SURFACE","MAPPED_TO_IMPLEMENTED_CAPABILITY","app/angelcare-marketplace/(protected)/admin/merchandising/popular/page.tsx; source imports/handlers reconciled against completed approved-screen and Batch evidence."
"PAGE-328","ADMIN_PAGE","app/angelcare-marketplace/(protected)/admin/merchandising/rules/page.tsx","/angelcare-marketplace/admin/merchandising/rules","B06","NONE","@/angelcare-marketplace/commerce-studio/admin-pages","commerce-studio/admin-pages","NONE","NONE","YES","CAP-B06-005","SOURCE_REVIEWED","CANONICAL_OR_CONTEXTUAL_OPERATOR_SURFACE","MAPPED_TO_IMPLEMENTED_CAPABILITY","app/angelcare-marketplace/(protected)/admin/merchandising/rules/page.tsx; source imports/handlers reconciled against completed approved-screen and Batch evidence."
"PAGE-329","ADMIN_PAGE","app/angelcare-marketplace/(protected)/admin/modules/[moduleKey]/page.tsx","/angelcare-marketplace/admin/modules/:moduleKey","UNMAPPED","metadata","next/link|lucide-react|@/angelcare-marketplace/auth/context|@/angelcare-marketplace/server/repository|@/angelcare-marketplace/design-system/marketplace.module.css|@/angelcare-marketplace/design-system/ui","auth/context|server/repository|design-system/marketplace.module.css|design-system/ui","repository","NONE","YES","CAP-GLOBAL-001","SOURCE_REVIEWED","CANONICAL_OR_CONTEXTUAL_OPERATOR_SURFACE","MAPPED_TO_IMPLEMENTED_CAPABILITY","app/angelcare-marketplace/(protected)/admin/modules/[moduleKey]/page.tsx; source imports/handlers reconciled against completed approved-screen and Batch evidence."
"PAGE-330","ADMIN_PAGE","app/angelcare-marketplace/(protected)/admin/modules/page.tsx","/angelcare-marketplace/admin/modules","B11","metadata","@/angelcare-marketplace/domain/types|@/angelcare-marketplace/auth/context|@/angelcare-marketplace/features/admin/ModuleRegistryClient|@/angelcare-marketplace/components/FoundationUnavailable|@/angelcare-marketplace/design-system/ui|@/angelcare-marketplace/server/repository","domain/types|auth/context|features/admin/ModuleRegistryClient|components/FoundationUnavailable|design-system/ui|server/repository","repository","NONE","YES","CAP-B11-001","SOURCE_REVIEWED","CANONICAL_OR_CONTEXTUAL_OPERATOR_SURFACE","MAPPED_TO_IMPLEMENTED_CAPABILITY","app/angelcare-marketplace/(protected)/admin/modules/page.tsx; source imports/handlers reconciled against completed approved-screen and Batch evidence."
"PAGE-331","ADMIN_PAGE","app/angelcare-marketplace/(protected)/admin/my-workspace/page.tsx","/angelcare-marketplace/admin/my-workspace","UNMAPPED","dynamic","@/angelcare-marketplace/auth/context|@/angelcare-marketplace/enterprise-command/components/OperatorWorkspace","auth/context|enterprise-command/components/OperatorWorkspace","NONE","NONE","YES","CAP-B07-001","SOURCE_REVIEWED","CANONICAL_OR_CONTEXTUAL_OPERATOR_SURFACE","MAPPED_TO_IMPLEMENTED_CAPABILITY","app/angelcare-marketplace/(protected)/admin/my-workspace/page.tsx; source imports/handlers reconciled against completed approved-screen and Batch evidence."
"PAGE-332","ADMIN_PAGE","app/angelcare-marketplace/(protected)/admin/navigation/footer/page.tsx","/angelcare-marketplace/admin/navigation/footer","B05","NONE","@/angelcare-marketplace/commerce-studio/admin-pages","commerce-studio/admin-pages","NONE","NONE","YES","CAP-B05-001","SOURCE_REVIEWED","CANONICAL_OR_CONTEXTUAL_OPERATOR_SURFACE","MAPPED_TO_IMPLEMENTED_CAPABILITY","app/angelcare-marketplace/(protected)/admin/navigation/footer/page.tsx; source imports/handlers reconciled against completed approved-screen and Batch evidence."
"PAGE-333","ADMIN_PAGE","app/angelcare-marketplace/(protected)/admin/navigation/header/page.tsx","/angelcare-marketplace/admin/navigation/header","B05","NONE","@/angelcare-marketplace/commerce-studio/admin-pages","commerce-studio/admin-pages","NONE","NONE","YES","CAP-B05-007","SOURCE_REVIEWED","CANONICAL_OR_CONTEXTUAL_OPERATOR_SURFACE","MAPPED_TO_IMPLEMENTED_CAPABILITY","app/angelcare-marketplace/(protected)/admin/navigation/header/page.tsx; source imports/handlers reconciled against completed approved-screen and Batch evidence."
"PAGE-334","ADMIN_PAGE","app/angelcare-marketplace/(protected)/admin/navigation/history/page.tsx","/angelcare-marketplace/admin/navigation/history","B05","NONE","@/angelcare-marketplace/commerce-studio/admin-pages","commerce-studio/admin-pages","NONE","NONE","YES","CAP-B05-001","SOURCE_REVIEWED","CANONICAL_OR_CONTEXTUAL_OPERATOR_SURFACE","MAPPED_TO_IMPLEMENTED_CAPABILITY","app/angelcare-marketplace/(protected)/admin/navigation/history/page.tsx; source imports/handlers reconciled against completed approved-screen and Batch evidence."
"PAGE-335","ADMIN_PAGE","app/angelcare-marketplace/(protected)/admin/navigation/mega-menu/page.tsx","/angelcare-marketplace/admin/navigation/mega-menu","B05","NONE","@/angelcare-marketplace/commerce-studio/admin-pages","commerce-studio/admin-pages","NONE","NONE","YES","CAP-B05-001","SOURCE_REVIEWED","CANONICAL_OR_CONTEXTUAL_OPERATOR_SURFACE","MAPPED_TO_IMPLEMENTED_CAPABILITY","app/angelcare-marketplace/(protected)/admin/navigation/mega-menu/page.tsx; source imports/handlers reconciled against completed approved-screen and Batch evidence."
"PAGE-336","ADMIN_PAGE","app/angelcare-marketplace/(protected)/admin/navigation/mobile/page.tsx","/angelcare-marketplace/admin/navigation/mobile","B05","NONE","@/angelcare-marketplace/commerce-studio/admin-pages","commerce-studio/admin-pages","NONE","NONE","YES","CAP-B05-001","SOURCE_REVIEWED","CANONICAL_OR_CONTEXTUAL_OPERATOR_SURFACE","MAPPED_TO_IMPLEMENTED_CAPABILITY","app/angelcare-marketplace/(protected)/admin/navigation/mobile/page.tsx; source imports/handlers reconciled against completed approved-screen and Batch evidence."
"PAGE-337","ADMIN_PAGE","app/angelcare-marketplace/(protected)/admin/navigation/page.tsx","/angelcare-marketplace/admin/navigation","B05","NONE","@/angelcare-marketplace/commerce-studio/admin-pages","commerce-studio/admin-pages","NONE","NONE","YES","CAP-B05-007","SOURCE_REVIEWED","CANONICAL_OR_CONTEXTUAL_OPERATOR_SURFACE","MAPPED_TO_IMPLEMENTED_CAPABILITY","app/angelcare-marketplace/(protected)/admin/navigation/page.tsx; source imports/handlers reconciled against completed approved-screen and Batch evidence."
"PAGE-338","ADMIN_PAGE","app/angelcare-marketplace/(protected)/admin/objects/[objectType]/[objectId]/page.tsx","/angelcare-marketplace/admin/objects/:objectType/:objectId","UNMAPPED","NONE","@/angelcare-marketplace/auth/context|@/angelcare-marketplace/sovereign-control/components/ObjectDossier|@/angelcare-marketplace/sovereign-control/repository","auth/context|sovereign-control/components/ObjectDossier|sovereign-control/repository","repository","NONE","YES","CAP-B11-001","SOURCE_REVIEWED","CANONICAL_OR_CONTEXTUAL_OPERATOR_SURFACE","MAPPED_TO_IMPLEMENTED_CAPABILITY","app/angelcare-marketplace/(protected)/admin/objects/[objectType]/[objectId]/page.tsx; source imports/handlers reconciled against completed approved-screen and Batch evidence."
"PAGE-339","ADMIN_PAGE","app/angelcare-marketplace/(protected)/admin/operating/[caseId]/page.tsx","/angelcare-marketplace/admin/operating/:caseId","UNMAPPED","NONE","@/angelcare-marketplace/auth/context|@/angelcare-marketplace/admin-operating/components/OperatingDossier|@/angelcare-marketplace/admin-operating/repository","auth/context|admin-operating/components/OperatingDossier|admin-operating/repository","repository","NONE","YES","CAP-B07-001","SOURCE_REVIEWED","CANONICAL_OR_CONTEXTUAL_OPERATOR_SURFACE","MAPPED_TO_IMPLEMENTED_CAPABILITY","app/angelcare-marketplace/(protected)/admin/operating/[caseId]/page.tsx; source imports/handlers reconciled against completed approved-screen and Batch evidence."
"PAGE-340","ADMIN_PAGE","app/angelcare-marketplace/(protected)/admin/operating/page.tsx","/angelcare-marketplace/admin/operating","UNMAPPED","metadata","@/angelcare-marketplace/auth/context|@/angelcare-marketplace/admin-operating/components/OperatingCommandCenter|@/angelcare-marketplace/admin-operating/repository","auth/context|admin-operating/components/OperatingCommandCenter|admin-operating/repository","repository","NONE","YES","CAP-B07-001","SOURCE_REVIEWED","CANONICAL_OR_CONTEXTUAL_OPERATOR_SURFACE","MAPPED_TO_IMPLEMENTED_CAPABILITY","app/angelcare-marketplace/(protected)/admin/operating/page.tsx; source imports/handlers reconciled against completed approved-screen and Batch evidence."
"PAGE-341","ADMIN_PAGE","app/angelcare-marketplace/(protected)/admin/operations/academy/page.tsx","/angelcare-marketplace/admin/operations/academy","B07","NONE","@/angelcare-marketplace/auth/context|@/angelcare-marketplace/operations-reconciliation/components/OperationsQueuePage|@/angelcare-marketplace/operations-reconciliation/repository","auth/context|operations-reconciliation/components/OperationsQueuePage|operations-reconciliation/repository","repository","NONE","YES","CAP-B07-001","SOURCE_REVIEWED","CANONICAL_OR_CONTEXTUAL_OPERATOR_SURFACE","MAPPED_TO_IMPLEMENTED_CAPABILITY","app/angelcare-marketplace/(protected)/admin/operations/academy/page.tsx; source imports/handlers reconciled against completed approved-screen and Batch evidence."
"PAGE-342","ADMIN_PAGE","app/angelcare-marketplace/(protected)/admin/operations/action-center/page.tsx","/angelcare-marketplace/admin/operations/action-center","B07","NONE","@/angelcare-marketplace/auth/context|@/angelcare-marketplace/operations-reconciliation/components/OperationsQueuePage|@/angelcare-marketplace/operations-reconciliation/repository","auth/context|operations-reconciliation/components/OperationsQueuePage|operations-reconciliation/repository","repository","NONE","YES","CAP-B07-001","SOURCE_REVIEWED","CANONICAL_OR_CONTEXTUAL_OPERATOR_SURFACE","MAPPED_TO_IMPLEMENTED_CAPABILITY","app/angelcare-marketplace/(protected)/admin/operations/action-center/page.tsx; source imports/handlers reconciled against completed approved-screen and Batch evidence."
"PAGE-343","ADMIN_PAGE","app/angelcare-marketplace/(protected)/admin/operations/analytics/page.tsx","/angelcare-marketplace/admin/operations/analytics","B07","NONE","@/angelcare-marketplace/auth/context|@/angelcare-marketplace/operations-reconciliation/components/OperationsQueuePage|@/angelcare-marketplace/operations-reconciliation/repository","auth/context|operations-reconciliation/components/OperationsQueuePage|operations-reconciliation/repository","repository","NONE","YES","CAP-B07-001","SOURCE_REVIEWED","CANONICAL_OR_CONTEXTUAL_OPERATOR_SURFACE","MAPPED_TO_IMPLEMENTED_CAPABILITY","app/angelcare-marketplace/(protected)/admin/operations/analytics/page.tsx; source imports/handlers reconciled against completed approved-screen and Batch evidence."
"PAGE-344","ADMIN_PAGE","app/angelcare-marketplace/(protected)/admin/operations/b2b/page.tsx","/angelcare-marketplace/admin/operations/b2b","B07","NONE","@/angelcare-marketplace/auth/context|@/angelcare-marketplace/operations-reconciliation/components/OperationsQueuePage|@/angelcare-marketplace/operations-reconciliation/repository","auth/context|operations-reconciliation/components/OperationsQueuePage|operations-reconciliation/repository","repository","NONE","YES","CAP-B07-001","SOURCE_REVIEWED","CANONICAL_OR_CONTEXTUAL_OPERATOR_SURFACE","MAPPED_TO_IMPLEMENTED_CAPABILITY","app/angelcare-marketplace/(protected)/admin/operations/b2b/page.tsx; source imports/handlers reconciled against completed approved-screen and Batch evidence."
"PAGE-345","ADMIN_PAGE","app/angelcare-marketplace/(protected)/admin/operations/checklists/page.tsx","/angelcare-marketplace/admin/operations/checklists","B07","NONE","@/angelcare-marketplace/auth/context|@/angelcare-marketplace/operations-execution/components/OperationsEvidenceRegisters|@/angelcare-marketplace/operations-execution/repository","auth/context|operations-execution/components/OperationsEvidenceRegisters|operations-execution/repository","repository","NONE","YES","CAP-B07-001","SOURCE_REVIEWED","CANONICAL_OR_CONTEXTUAL_OPERATOR_SURFACE","MAPPED_TO_IMPLEMENTED_CAPABILITY","app/angelcare-marketplace/(protected)/admin/operations/checklists/page.tsx; source imports/handlers reconciled against completed approved-screen and Batch evidence."
"PAGE-346","ADMIN_PAGE","app/angelcare-marketplace/(protected)/admin/operations/closure/page.tsx","/angelcare-marketplace/admin/operations/closure","B07","NONE","@/angelcare-marketplace/auth/context|@/angelcare-marketplace/operations-execution/components/DailyClosureBoard|@/angelcare-marketplace/operations-execution/repository","auth/context|operations-execution/components/DailyClosureBoard|operations-execution/repository","repository","NONE","YES","CAP-B07-007","SOURCE_REVIEWED","CANONICAL_OR_CONTEXTUAL_OPERATOR_SURFACE","MAPPED_TO_IMPLEMENTED_CAPABILITY","app/angelcare-marketplace/(protected)/admin/operations/closure/page.tsx; source imports/handlers reconciled against completed approved-screen and Batch evidence."
"PAGE-347","ADMIN_PAGE","app/angelcare-marketplace/(protected)/admin/operations/configuration/page.tsx","/angelcare-marketplace/admin/operations/configuration","B07","NONE","@/angelcare-marketplace/auth/context|@/angelcare-marketplace/operations-reconciliation/components/OperationsQueuePage|@/angelcare-marketplace/operations-reconciliation/repository","auth/context|operations-reconciliation/components/OperationsQueuePage|operations-reconciliation/repository","repository","NONE","YES","CAP-B07-001","SOURCE_REVIEWED","CANONICAL_OR_CONTEXTUAL_OPERATOR_SURFACE","MAPPED_TO_IMPLEMENTED_CAPABILITY","app/angelcare-marketplace/(protected)/admin/operations/configuration/page.tsx; source imports/handlers reconciled against completed approved-screen and Batch evidence."
"PAGE-348","ADMIN_PAGE","app/angelcare-marketplace/(protected)/admin/operations/dispatch/page.tsx","/angelcare-marketplace/admin/operations/dispatch","B07","NONE","@/angelcare-marketplace/auth/context|@/angelcare-marketplace/operations-execution/repository|@/angelcare-marketplace/operations-execution/components/DispatchBoard","auth/context|operations-execution/repository|operations-execution/components/DispatchBoard","repository","NONE","YES","CAP-B07-001","SOURCE_REVIEWED","CANONICAL_OR_CONTEXTUAL_OPERATOR_SURFACE","MAPPED_TO_IMPLEMENTED_CAPABILITY","app/angelcare-marketplace/(protected)/admin/operations/dispatch/page.tsx; source imports/handlers reconciled against completed approved-screen and Batch evidence."
"PAGE-349","ADMIN_PAGE","app/angelcare-marketplace/(protected)/admin/operations/disputes/page.tsx","/angelcare-marketplace/admin/operations/disputes","B07","NONE","@/angelcare-marketplace/auth/context|@/angelcare-marketplace/operations-reconciliation/components/CaseCommands|@/angelcare-marketplace/operations-reconciliation/repository","auth/context|operations-reconciliation/components/CaseCommands|operations-reconciliation/repository","repository","NONE","YES","CAP-B07-001","SOURCE_REVIEWED","CANONICAL_OR_CONTEXTUAL_OPERATOR_SURFACE","MAPPED_TO_IMPLEMENTED_CAPABILITY","app/angelcare-marketplace/(protected)/admin/operations/disputes/page.tsx; source imports/handlers reconciled against completed approved-screen and Batch evidence."
"PAGE-350","ADMIN_PAGE","app/angelcare-marketplace/(protected)/admin/operations/escalations/page.tsx","/angelcare-marketplace/admin/operations/escalations","B07","NONE","@/angelcare-marketplace/auth/context|@/angelcare-marketplace/operations-execution/components/IncidentAuthorityClient|@/angelcare-marketplace/operations-execution/repository","auth/context|operations-execution/components/IncidentAuthorityClient|operations-execution/repository","repository","NONE","YES","CAP-B07-001","SOURCE_REVIEWED","CANONICAL_OR_CONTEXTUAL_OPERATOR_SURFACE","MAPPED_TO_IMPLEMENTED_CAPABILITY","app/angelcare-marketplace/(protected)/admin/operations/escalations/page.tsx; source imports/handlers reconciled against completed approved-screen and Batch evidence."
"PAGE-351","ADMIN_PAGE","app/angelcare-marketplace/(protected)/admin/operations/exceptions/page.tsx","/angelcare-marketplace/admin/operations/exceptions","B07","NONE","@/angelcare-marketplace/auth/context|@/angelcare-marketplace/operations-reconciliation/components/CaseCommands|@/angelcare-marketplace/operations-reconciliation/repository","auth/context|operations-reconciliation/components/CaseCommands|operations-reconciliation/repository","repository","NONE","YES","CAP-B07-001","SOURCE_REVIEWED","CANONICAL_OR_CONTEXTUAL_OPERATOR_SURFACE","MAPPED_TO_IMPLEMENTED_CAPABILITY","app/angelcare-marketplace/(protected)/admin/operations/exceptions/page.tsx; source imports/handlers reconciled against completed approved-screen and Batch evidence."
"PAGE-352","ADMIN_PAGE","app/angelcare-marketplace/(protected)/admin/operations/fulfillment/[caseId]/page.tsx","/angelcare-marketplace/admin/operations/fulfillment/:caseId","UNMAPPED","NONE","@/angelcare-marketplace/auth/context|@/angelcare-marketplace/operations-reconciliation/components/FulfillmentDossier|@/angelcare-marketplace/operations-reconciliation/repository","auth/context|operations-reconciliation/components/FulfillmentDossier|operations-reconciliation/repository","repository","NONE","YES","CAP-B07-001|CAP-B08-001","SOURCE_REVIEWED","CANONICAL_OR_CONTEXTUAL_OPERATOR_SURFACE","MAPPED_TO_IMPLEMENTED_CAPABILITY","app/angelcare-marketplace/(protected)/admin/operations/fulfillment/[caseId]/page.tsx; source imports/handlers reconciled against completed approved-screen and Batch evidence."
"PAGE-353","ADMIN_PAGE","app/angelcare-marketplace/(protected)/admin/operations/fulfillment/page.tsx","/angelcare-marketplace/admin/operations/fulfillment","B07","NONE","@/angelcare-marketplace/auth/context|@/angelcare-marketplace/operations-reconciliation/components/OperationsQueuePage|@/angelcare-marketplace/operations-reconciliation/repository","auth/context|operations-reconciliation/components/OperationsQueuePage|operations-reconciliation/repository","repository","NONE","YES","CAP-B07-001","SOURCE_REVIEWED","CANONICAL_OR_CONTEXTUAL_OPERATOR_SURFACE","MAPPED_TO_IMPLEMENTED_CAPABILITY","app/angelcare-marketplace/(protected)/admin/operations/fulfillment/page.tsx; source imports/handlers reconciled against completed approved-screen and Batch evidence."
"PAGE-354","ADMIN_PAGE","app/angelcare-marketplace/(protected)/admin/operations/incidents/page.tsx","/angelcare-marketplace/admin/operations/incidents","B07","NONE","@/angelcare-marketplace/auth/context|@/angelcare-marketplace/operations-execution/components/IncidentAuthorityClient|@/angelcare-marketplace/operations-execution/repository","auth/context|operations-execution/components/IncidentAuthorityClient|operations-execution/repository","repository","NONE","YES","CAP-B07-005","SOURCE_REVIEWED","CANONICAL_OR_CONTEXTUAL_OPERATOR_SURFACE","MAPPED_TO_IMPLEMENTED_CAPABILITY","app/angelcare-marketplace/(protected)/admin/operations/incidents/page.tsx; source imports/handlers reconciled against completed approved-screen and Batch evidence."
"PAGE-355","ADMIN_PAGE","app/angelcare-marketplace/(protected)/admin/operations/live/page.tsx","/angelcare-marketplace/admin/operations/live","B07","NONE","@/angelcare-marketplace/auth/context|@/angelcare-marketplace/operations-execution/components/OperationsCommand|@/angelcare-marketplace/operations-execution/repository","auth/context|operations-execution/components/OperationsCommand|operations-execution/repository","repository","NONE","YES","CAP-B07-001","SOURCE_REVIEWED","CANONICAL_OR_CONTEXTUAL_OPERATOR_SURFACE","MAPPED_TO_IMPLEMENTED_CAPABILITY","app/angelcare-marketplace/(protected)/admin/operations/live/page.tsx; source imports/handlers reconciled against completed approved-screen and Batch evidence."
"PAGE-356","ADMIN_PAGE","app/angelcare-marketplace/(protected)/admin/operations/mission-control/page.tsx","/angelcare-marketplace/admin/operations/mission-control","B07","dynamic","@/angelcare-marketplace/auth/context|@/angelcare-marketplace/enterprise-command/components/FulfillmentMissionControl","auth/context|enterprise-command/components/FulfillmentMissionControl","NONE","NONE","YES","CAP-B07-002","SOURCE_REVIEWED","CANONICAL_OR_CONTEXTUAL_OPERATOR_SURFACE","MAPPED_TO_IMPLEMENTED_CAPABILITY","app/angelcare-marketplace/(protected)/admin/operations/mission-control/page.tsx; source imports/handlers reconciled against completed approved-screen and Batch evidence."
"PAGE-357","ADMIN_PAGE","app/angelcare-marketplace/(protected)/admin/operations/missions/[missionId]/page.tsx","/angelcare-marketplace/admin/operations/missions/:missionId","UNMAPPED","NONE","@/angelcare-marketplace/auth/context|@/angelcare-marketplace/operations-execution/repository|@/angelcare-marketplace/operations-execution/components/MissionDossier","auth/context|operations-execution/repository|operations-execution/components/MissionDossier","repository","NONE","YES","CAP-B07-003","SOURCE_REVIEWED","CANONICAL_OR_CONTEXTUAL_OPERATOR_SURFACE","MAPPED_TO_IMPLEMENTED_CAPABILITY","app/angelcare-marketplace/(protected)/admin/operations/missions/[missionId]/page.tsx; source imports/handlers reconciled against completed approved-screen and Batch evidence."
"PAGE-358","ADMIN_PAGE","app/angelcare-marketplace/(protected)/admin/operations/missions/page.tsx","/angelcare-marketplace/admin/operations/missions","B07","NONE","@/angelcare-marketplace/auth/context|@/angelcare-marketplace/operations-execution/components/OperationsCommand|@/angelcare-marketplace/operations-execution/repository","auth/context|operations-execution/components/OperationsCommand|operations-execution/repository","repository","NONE","YES","CAP-B07-003","SOURCE_REVIEWED","CANONICAL_OR_CONTEXTUAL_OPERATOR_SURFACE","MAPPED_TO_IMPLEMENTED_CAPABILITY","app/angelcare-marketplace/(protected)/admin/operations/missions/page.tsx; source imports/handlers reconciled against completed approved-screen and Batch evidence."
"PAGE-359","ADMIN_PAGE","app/angelcare-marketplace/(protected)/admin/operations/orders/page.tsx","/angelcare-marketplace/admin/operations/orders","B04|B07","NONE","@/angelcare-marketplace/auth/context|@/angelcare-marketplace/operations-reconciliation/components/OperationsQueuePage|@/angelcare-marketplace/operations-reconciliation/repository","auth/context|operations-reconciliation/components/OperationsQueuePage|operations-reconciliation/repository","repository","NONE","YES","CAP-B04-001|CAP-B07-001","SOURCE_REVIEWED","CANONICAL_OR_CONTEXTUAL_OPERATOR_SURFACE","MAPPED_TO_IMPLEMENTED_CAPABILITY","app/angelcare-marketplace/(protected)/admin/operations/orders/page.tsx; source imports/handlers reconciled against completed approved-screen and Batch evidence."
"PAGE-360","ADMIN_PAGE","app/angelcare-marketplace/(protected)/admin/operations/page.tsx","/angelcare-marketplace/admin/operations","B04|B07","NONE","@/angelcare-marketplace/auth/context|@/angelcare-marketplace/operations-reconciliation/components/OperationsCommerceCommand|@/angelcare-marketplace/operations-reconciliation/repository","auth/context|operations-reconciliation/components/OperationsCommerceCommand|operations-reconciliation/repository","repository","NONE","YES","CAP-B07-003","SOURCE_REVIEWED","CANONICAL_OR_CONTEXTUAL_OPERATOR_SURFACE","MAPPED_TO_IMPLEMENTED_CAPABILITY","app/angelcare-marketplace/(protected)/admin/operations/page.tsx; source imports/handlers reconciled against completed approved-screen and Batch evidence."
"PAGE-361","ADMIN_PAGE","app/angelcare-marketplace/(protected)/admin/operations/partner-os/page.tsx","/angelcare-marketplace/admin/operations/partner-os","B07","NONE","@/angelcare-marketplace/auth/context|@/angelcare-marketplace/operations-reconciliation/components/OperationsQueuePage|@/angelcare-marketplace/operations-reconciliation/repository","auth/context|operations-reconciliation/components/OperationsQueuePage|operations-reconciliation/repository","repository","NONE","YES","CAP-B07-001","SOURCE_REVIEWED","CANONICAL_OR_CONTEXTUAL_OPERATOR_SURFACE","MAPPED_TO_IMPLEMENTED_CAPABILITY","app/angelcare-marketplace/(protected)/admin/operations/partner-os/page.tsx; source imports/handlers reconciled against completed approved-screen and Batch evidence."
"PAGE-362","ADMIN_PAGE","app/angelcare-marketplace/(protected)/admin/operations/proof/page.tsx","/angelcare-marketplace/admin/operations/proof","B07","NONE","@/angelcare-marketplace/auth/context|@/angelcare-marketplace/operations-execution/components/OperationsEvidenceRegisters|@/angelcare-marketplace/operations-execution/repository","auth/context|operations-execution/components/OperationsEvidenceRegisters|operations-execution/repository","repository","NONE","YES","CAP-B07-001","SOURCE_REVIEWED","CANONICAL_OR_CONTEXTUAL_OPERATOR_SURFACE","MAPPED_TO_IMPLEMENTED_CAPABILITY","app/angelcare-marketplace/(protected)/admin/operations/proof/page.tsx; source imports/handlers reconciled against completed approved-screen and Batch evidence."
"PAGE-363","ADMIN_PAGE","app/angelcare-marketplace/(protected)/admin/operations/quality-check/page.tsx","/angelcare-marketplace/admin/operations/quality-check","B07","NONE","@/angelcare-marketplace/auth/context|@/angelcare-marketplace/operations-reconciliation/components/OperationsQueuePage|@/angelcare-marketplace/operations-reconciliation/repository","auth/context|operations-reconciliation/components/OperationsQueuePage|operations-reconciliation/repository","repository","NONE","YES","CAP-B07-001","SOURCE_REVIEWED","CANONICAL_OR_CONTEXTUAL_OPERATOR_SURFACE","MAPPED_TO_IMPLEMENTED_CAPABILITY","app/angelcare-marketplace/(protected)/admin/operations/quality-check/page.tsx; source imports/handlers reconciled against completed approved-screen and Batch evidence."
"PAGE-364","ADMIN_PAGE","app/angelcare-marketplace/(protected)/admin/operations/reconciliation/page.tsx","/angelcare-marketplace/admin/operations/reconciliation","B07","NONE","@/angelcare-marketplace/auth/context|@/angelcare-marketplace/operations-reconciliation/components/CaseCommands|@/angelcare-marketplace/operations-reconciliation/repository","auth/context|operations-reconciliation/components/CaseCommands|operations-reconciliation/repository","repository","NONE","YES","CAP-B07-001","SOURCE_REVIEWED","CANONICAL_OR_CONTEXTUAL_OPERATOR_SURFACE","MAPPED_TO_IMPLEMENTED_CAPABILITY","app/angelcare-marketplace/(protected)/admin/operations/reconciliation/page.tsx; source imports/handlers reconciled against completed approved-screen and Batch evidence."
"PAGE-365","ADMIN_PAGE","app/angelcare-marketplace/(protected)/admin/operations/recovery/page.tsx","/angelcare-marketplace/admin/operations/recovery","B07","NONE","@/angelcare-marketplace/auth/context|@/angelcare-marketplace/operations-reconciliation/components/CaseCommands|@/angelcare-marketplace/operations-reconciliation/repository","auth/context|operations-reconciliation/components/CaseCommands|operations-reconciliation/repository","repository","NONE","YES","CAP-B07-006","SOURCE_REVIEWED","CANONICAL_OR_CONTEXTUAL_OPERATOR_SURFACE","MAPPED_TO_IMPLEMENTED_CAPABILITY","app/angelcare-marketplace/(protected)/admin/operations/recovery/page.tsx; source imports/handlers reconciled against completed approved-screen and Batch evidence."
"PAGE-366","ADMIN_PAGE","app/angelcare-marketplace/(protected)/admin/operations/replacements/page.tsx","/angelcare-marketplace/admin/operations/replacements","B07","NONE","@/angelcare-marketplace/auth/context|@/angelcare-marketplace/operations-reconciliation/components/CaseCommands|@/angelcare-marketplace/operations-reconciliation/repository","auth/context|operations-reconciliation/components/CaseCommands|operations-reconciliation/repository","repository","NONE","YES","CAP-B07-001","SOURCE_REVIEWED","CANONICAL_OR_CONTEXTUAL_OPERATOR_SURFACE","MAPPED_TO_IMPLEMENTED_CAPABILITY","app/angelcare-marketplace/(protected)/admin/operations/replacements/page.tsx; source imports/handlers reconciled against completed approved-screen and Batch evidence."
"PAGE-367","ADMIN_PAGE","app/angelcare-marketplace/(protected)/admin/operations/reports/page.tsx","/angelcare-marketplace/admin/operations/reports","B07","NONE","@/angelcare-marketplace/auth/context|@/angelcare-marketplace/operations-execution/components/OperationsEvidenceRegisters|@/angelcare-marketplace/operations-execution/repository","auth/context|operations-execution/components/OperationsEvidenceRegisters|operations-execution/repository","repository","NONE","YES","CAP-B07-001","SOURCE_REVIEWED","CANONICAL_OR_CONTEXTUAL_OPERATOR_SURFACE","MAPPED_TO_IMPLEMENTED_CAPABILITY","app/angelcare-marketplace/(protected)/admin/operations/reports/page.tsx; source imports/handlers reconciled against completed approved-screen and Batch evidence."
"PAGE-368","ADMIN_PAGE","app/angelcare-marketplace/(protected)/admin/operations/returns/page.tsx","/angelcare-marketplace/admin/operations/returns","B07","NONE","@/angelcare-marketplace/auth/context|@/angelcare-marketplace/operations-reconciliation/components/CaseCommands|@/angelcare-marketplace/operations-reconciliation/repository","auth/context|operations-reconciliation/components/CaseCommands|operations-reconciliation/repository","repository","NONE","YES","CAP-B07-001","SOURCE_REVIEWED","CANONICAL_OR_CONTEXTUAL_OPERATOR_SURFACE","MAPPED_TO_IMPLEMENTED_CAPABILITY","app/angelcare-marketplace/(protected)/admin/operations/returns/page.tsx; source imports/handlers reconciled against completed approved-screen and Batch evidence."
"PAGE-369","ADMIN_PAGE","app/angelcare-marketplace/(protected)/admin/operations/services/page.tsx","/angelcare-marketplace/admin/operations/services","B07","NONE","@/angelcare-marketplace/auth/context|@/angelcare-marketplace/operations-reconciliation/components/OperationsQueuePage|@/angelcare-marketplace/operations-reconciliation/repository","auth/context|operations-reconciliation/components/OperationsQueuePage|operations-reconciliation/repository","repository|Service|service","NONE","YES","CAP-B07-001","SOURCE_REVIEWED","CANONICAL_OR_CONTEXTUAL_OPERATOR_SURFACE","MAPPED_TO_IMPLEMENTED_CAPABILITY","app/angelcare-marketplace/(protected)/admin/operations/services/page.tsx; source imports/handlers reconciled against completed approved-screen and Batch evidence."
"PAGE-370","ADMIN_PAGE","app/angelcare-marketplace/(protected)/admin/operations/settlements/page.tsx","/angelcare-marketplace/admin/operations/settlements","B07","NONE","@/angelcare-marketplace/auth/context|@/angelcare-marketplace/operations-reconciliation/components/CaseCommands|@/angelcare-marketplace/operations-reconciliation/repository","auth/context|operations-reconciliation/components/CaseCommands|operations-reconciliation/repository","repository","NONE","YES","CAP-B07-001","SOURCE_REVIEWED","CANONICAL_OR_CONTEXTUAL_OPERATOR_SURFACE","MAPPED_TO_IMPLEMENTED_CAPABILITY","app/angelcare-marketplace/(protected)/admin/operations/settlements/page.tsx; source imports/handlers reconciled against completed approved-screen and Batch evidence."
"PAGE-371","ADMIN_PAGE","app/angelcare-marketplace/(protected)/admin/operations/today/page.tsx","/angelcare-marketplace/admin/operations/today","B07","NONE","@/angelcare-marketplace/auth/context|@/angelcare-marketplace/operations-execution/components/OperationsCommand|@/angelcare-marketplace/operations-execution/repository","auth/context|operations-execution/components/OperationsCommand|operations-execution/repository","repository","NONE","YES","CAP-B07-001","SOURCE_REVIEWED","CANONICAL_OR_CONTEXTUAL_OPERATOR_SURFACE","MAPPED_TO_IMPLEMENTED_CAPABILITY","app/angelcare-marketplace/(protected)/admin/operations/today/page.tsx; source imports/handlers reconciled against completed approved-screen and Batch evidence."
"PAGE-372","ADMIN_PAGE","app/angelcare-marketplace/(protected)/admin/operations/validation/page.tsx","/angelcare-marketplace/admin/operations/validation","B07","NONE","@/angelcare-marketplace/auth/context|@/angelcare-marketplace/operations-execution/components/ValidationBoard","auth/context|operations-execution/components/ValidationBoard","NONE","NONE","YES","CAP-B07-001","SOURCE_REVIEWED","CANONICAL_OR_CONTEXTUAL_OPERATOR_SURFACE","MAPPED_TO_IMPLEMENTED_CAPABILITY","app/angelcare-marketplace/(protected)/admin/operations/validation/page.tsx; source imports/handlers reconciled against completed approved-screen and Batch evidence."
"PAGE-373","ADMIN_PAGE","app/angelcare-marketplace/(protected)/admin/orders-fulfillment/completed/page.tsx","/angelcare-marketplace/admin/orders-fulfillment/completed","B07","dynamic","@/angelcare-marketplace/transaction-flight-deck/repository|@/angelcare-marketplace/transaction-flight-deck/components/FlightDeckWorkspace","transaction-flight-deck/repository|transaction-flight-deck/components/FlightDeckWorkspace","repository","NONE","YES","CAP-B07-009","SOURCE_REVIEWED","CANONICAL_OR_CONTEXTUAL_OPERATOR_SURFACE","MAPPED_TO_IMPLEMENTED_CAPABILITY","app/angelcare-marketplace/(protected)/admin/orders-fulfillment/completed/page.tsx; source imports/handlers reconciled against completed approved-screen and Batch evidence."
"PAGE-374","ADMIN_PAGE","app/angelcare-marketplace/(protected)/admin/orders-fulfillment/dispatch/page.tsx","/angelcare-marketplace/admin/orders-fulfillment/dispatch","B07","dynamic","@/angelcare-marketplace/transaction-flight-deck/repository|@/angelcare-marketplace/transaction-flight-deck/components/FlightDeckWorkspace","transaction-flight-deck/repository|transaction-flight-deck/components/FlightDeckWorkspace","repository","NONE","YES","CAP-B07-009","SOURCE_REVIEWED","CANONICAL_OR_CONTEXTUAL_OPERATOR_SURFACE","MAPPED_TO_IMPLEMENTED_CAPABILITY","app/angelcare-marketplace/(protected)/admin/orders-fulfillment/dispatch/page.tsx; source imports/handlers reconciled against completed approved-screen and Batch evidence."
"PAGE-375","ADMIN_PAGE","app/angelcare-marketplace/(protected)/admin/orders-fulfillment/exceptions/page.tsx","/angelcare-marketplace/admin/orders-fulfillment/exceptions","B07","dynamic","@/angelcare-marketplace/transaction-flight-deck/repository|@/angelcare-marketplace/transaction-flight-deck/components/FlightDeckWorkspace","transaction-flight-deck/repository|transaction-flight-deck/components/FlightDeckWorkspace","repository","NONE","YES","CAP-B07-009","SOURCE_REVIEWED","CANONICAL_OR_CONTEXTUAL_OPERATOR_SURFACE","MAPPED_TO_IMPLEMENTED_CAPABILITY","app/angelcare-marketplace/(protected)/admin/orders-fulfillment/exceptions/page.tsx; source imports/handlers reconciled against completed approved-screen and Batch evidence."
"PAGE-376","ADMIN_PAGE","app/angelcare-marketplace/(protected)/admin/orders-fulfillment/fulfillment/page.tsx","/angelcare-marketplace/admin/orders-fulfillment/fulfillment","B07","dynamic","@/angelcare-marketplace/transaction-flight-deck/repository|@/angelcare-marketplace/transaction-flight-deck/components/FlightDeckWorkspace","transaction-flight-deck/repository|transaction-flight-deck/components/FlightDeckWorkspace","repository","NONE","YES","CAP-B07-009","SOURCE_REVIEWED","CANONICAL_OR_CONTEXTUAL_OPERATOR_SURFACE","MAPPED_TO_IMPLEMENTED_CAPABILITY","app/angelcare-marketplace/(protected)/admin/orders-fulfillment/fulfillment/page.tsx; source imports/handlers reconciled against completed approved-screen and Batch evidence."
"PAGE-377","ADMIN_PAGE","app/angelcare-marketplace/(protected)/admin/orders-fulfillment/incoming/page.tsx","/angelcare-marketplace/admin/orders-fulfillment/incoming","B07","dynamic","@/angelcare-marketplace/transaction-flight-deck/repository|@/angelcare-marketplace/transaction-flight-deck/components/FlightDeckWorkspace","transaction-flight-deck/repository|transaction-flight-deck/components/FlightDeckWorkspace","repository","NONE","YES","CAP-B07-009","SOURCE_REVIEWED","CANONICAL_OR_CONTEXTUAL_OPERATOR_SURFACE","MAPPED_TO_IMPLEMENTED_CAPABILITY","app/angelcare-marketplace/(protected)/admin/orders-fulfillment/incoming/page.tsx; source imports/handlers reconciled against completed approved-screen and Batch evidence."
"PAGE-378","ADMIN_PAGE","app/angelcare-marketplace/(protected)/admin/orders-fulfillment/orders/page.tsx","/angelcare-marketplace/admin/orders-fulfillment/orders","B07","dynamic","@/angelcare-marketplace/transaction-flight-deck/repository|@/angelcare-marketplace/transaction-flight-deck/components/FlightDeckWorkspace","transaction-flight-deck/repository|transaction-flight-deck/components/FlightDeckWorkspace","repository","NONE","YES","CAP-B07-009","SOURCE_REVIEWED","CANONICAL_OR_CONTEXTUAL_OPERATOR_SURFACE","MAPPED_TO_IMPLEMENTED_CAPABILITY","app/angelcare-marketplace/(protected)/admin/orders-fulfillment/orders/page.tsx; source imports/handlers reconciled against completed approved-screen and Batch evidence."
"PAGE-379","ADMIN_PAGE","app/angelcare-marketplace/(protected)/admin/orders-fulfillment/page.tsx","/angelcare-marketplace/admin/orders-fulfillment","B04|B07","dynamic","@/angelcare-marketplace/transaction-flight-deck/repository|@/angelcare-marketplace/transaction-flight-deck/components/FlightDeckWorkspace","transaction-flight-deck/repository|transaction-flight-deck/components/FlightDeckWorkspace","repository","NONE","YES","CAP-B07-009","SOURCE_REVIEWED","CANONICAL_OR_CONTEXTUAL_OPERATOR_SURFACE","MAPPED_TO_IMPLEMENTED_CAPABILITY","app/angelcare-marketplace/(protected)/admin/orders-fulfillment/page.tsx; source imports/handlers reconciled against completed approved-screen and Batch evidence."
"PAGE-380","ADMIN_PAGE","app/angelcare-marketplace/(protected)/admin/orders-fulfillment/recovery/page.tsx","/angelcare-marketplace/admin/orders-fulfillment/recovery","B07","dynamic","@/angelcare-marketplace/transaction-flight-deck/repository|@/angelcare-marketplace/transaction-flight-deck/components/FlightDeckWorkspace","transaction-flight-deck/repository|transaction-flight-deck/components/FlightDeckWorkspace","repository","NONE","YES","CAP-B07-009","SOURCE_REVIEWED","CANONICAL_OR_CONTEXTUAL_OPERATOR_SURFACE","MAPPED_TO_IMPLEMENTED_CAPABILITY","app/angelcare-marketplace/(protected)/admin/orders-fulfillment/recovery/page.tsx; source imports/handlers reconciled against completed approved-screen and Batch evidence."
"PAGE-381","ADMIN_PAGE","app/angelcare-marketplace/(protected)/admin/orders/[orderId]/command/page.tsx","/angelcare-marketplace/admin/orders/:orderId/command","UNMAPPED","dynamic","next/navigation|@/angelcare-marketplace/auth/context|@/angelcare-marketplace/enterprise-command/repository|@/angelcare-marketplace/enterprise-command/components/OrderMegaCommand","auth/context|enterprise-command/repository|enterprise-command/components/OrderMegaCommand","repository","NONE","YES","CAP-B07-001","SOURCE_REVIEWED","CANONICAL_OR_CONTEXTUAL_OPERATOR_SURFACE","MAPPED_TO_IMPLEMENTED_CAPABILITY","app/angelcare-marketplace/(protected)/admin/orders/[orderId]/command/page.tsx; source imports/handlers reconciled against completed approved-screen and Batch evidence."
"PAGE-382","ADMIN_PAGE","app/angelcare-marketplace/(protected)/admin/orders/[orderId]/page.tsx","/angelcare-marketplace/admin/orders/:orderId","UNMAPPED","dynamic","next/navigation|@/angelcare-marketplace/auth/context|@/angelcare-marketplace/enterprise-closure/repository|@/angelcare-marketplace/enterprise-closure/components/OrderDossier","auth/context|enterprise-closure/repository|enterprise-closure/components/OrderDossier","repository","NONE","YES","CAP-B04-004","SOURCE_REVIEWED","CANONICAL_OR_CONTEXTUAL_OPERATOR_SURFACE","MAPPED_TO_IMPLEMENTED_CAPABILITY","app/angelcare-marketplace/(protected)/admin/orders/[orderId]/page.tsx; source imports/handlers reconciled against completed approved-screen and Batch evidence."
"PAGE-383","ADMIN_PAGE","app/angelcare-marketplace/(protected)/admin/orders/new/page.tsx","/angelcare-marketplace/admin/orders/new","B04","dynamic","@/angelcare-marketplace/auth/context|@/angelcare-marketplace/admin-control-plane/repository|@/angelcare-marketplace/admin-control-plane/components/ManualOrderCommand","auth/context|admin-control-plane/repository|admin-control-plane/components/ManualOrderCommand","repository","NONE","YES","CAP-B04-003","SOURCE_REVIEWED","CANONICAL_OR_CONTEXTUAL_OPERATOR_SURFACE","MAPPED_TO_IMPLEMENTED_CAPABILITY","app/angelcare-marketplace/(protected)/admin/orders/new/page.tsx; source imports/handlers reconciled against completed approved-screen and Batch evidence."
"PAGE-384","ADMIN_PAGE","app/angelcare-marketplace/(protected)/admin/orders/page.tsx","/angelcare-marketplace/admin/orders","B04|B07","dynamic","@/angelcare-marketplace/auth/context|@/angelcare-marketplace/customer-commerce/admin-repository|@/angelcare-marketplace/customer-commerce/components/EnterpriseOrderCommand|@/angelcare-marketplace/total-commerce-control/repository","auth/context|customer-commerce/admin-repository|customer-commerce/components/EnterpriseOrderCommand|total-commerce-control/repository","repository","NONE","YES","CAP-B04-002","SOURCE_REVIEWED","CANONICAL_OR_CONTEXTUAL_OPERATOR_SURFACE","MAPPED_TO_IMPLEMENTED_CAPABILITY","app/angelcare-marketplace/(protected)/admin/orders/page.tsx; source imports/handlers reconciled against completed approved-screen and Batch evidence."
"PAGE-385","ADMIN_PAGE","app/angelcare-marketplace/(protected)/admin/page.tsx","/angelcare-marketplace/admin","B01|B02|B03|B04|B05|B06|B07|B08|B09|B10|B11","dynamic|metadata","@/angelcare-marketplace/auth/context|@/angelcare-marketplace/enterprise-closure/repository|@/angelcare-marketplace/total-commerce-control/repository|@/angelcare-marketplace/admin-excellence/workspace-registry|@/angelcare-marketplace/admin-excellence/components/OperatorExcellenceCockpit","auth/context|enterprise-closure/repository|total-commerce-control/repository|admin-excellence/workspace-registry|admin-excellence/components/OperatorExcellenceCockpit","repository","NONE","YES","CAP-B01-001","SOURCE_REVIEWED","CANONICAL_OR_CONTEXTUAL_OPERATOR_SURFACE","MAPPED_TO_IMPLEMENTED_CAPABILITY","app/angelcare-marketplace/(protected)/admin/page.tsx; source imports/handlers reconciled against completed approved-screen and Batch evidence."
"PAGE-386","ADMIN_PAGE","app/angelcare-marketplace/(protected)/admin/partner-os/page.tsx","/angelcare-marketplace/admin/partner-os","B09","NONE","@/angelcare-marketplace/auth/context|@/angelcare-marketplace/partner-os/components/PartnerCommand|@/angelcare-marketplace/partner-os/repository","auth/context|partner-os/components/PartnerCommand|partner-os/repository","repository","NONE","YES","CAP-B09-001","SOURCE_REVIEWED","CANONICAL_OR_CONTEXTUAL_OPERATOR_SURFACE","MAPPED_TO_IMPLEMENTED_CAPABILITY","app/angelcare-marketplace/(protected)/admin/partner-os/page.tsx; source imports/handlers reconciled against completed approved-screen and Batch evidence."
"PAGE-387","ADMIN_PAGE","app/angelcare-marketplace/(protected)/admin/partner-os/plans/page.tsx","/angelcare-marketplace/admin/partner-os/plans","B09","NONE","@/angelcare-marketplace/auth/context|@/angelcare-marketplace/partner-os/components/PlanSubscriptionBoard|@/angelcare-marketplace/partner-os/repository","auth/context|partner-os/components/PlanSubscriptionBoard|partner-os/repository","repository","NONE","YES","CAP-B09-001","SOURCE_REVIEWED","CANONICAL_OR_CONTEXTUAL_OPERATOR_SURFACE","MAPPED_TO_IMPLEMENTED_CAPABILITY","app/angelcare-marketplace/(protected)/admin/partner-os/plans/page.tsx; source imports/handlers reconciled against completed approved-screen and Batch evidence."
"PAGE-388","ADMIN_PAGE","app/angelcare-marketplace/(protected)/admin/partner-os/tenants/[tenantId]/page.tsx","/angelcare-marketplace/admin/partner-os/tenants/:tenantId","UNMAPPED","NONE","@/angelcare-marketplace/auth/context|@/angelcare-marketplace/partner-os/components/TenantWorkspace|@/angelcare-marketplace/partner-os/components/PartnerLifecycleClient|@/angelcare-marketplace/partner-os/repository","auth/context|partner-os/components/TenantWorkspace|partner-os/components/PartnerLifecycleClient|partner-os/repository","repository","NONE","YES","CAP-B09-001","SOURCE_REVIEWED","CANONICAL_OR_CONTEXTUAL_OPERATOR_SURFACE","MAPPED_TO_IMPLEMENTED_CAPABILITY","app/angelcare-marketplace/(protected)/admin/partner-os/tenants/[tenantId]/page.tsx; source imports/handlers reconciled against completed approved-screen and Batch evidence."
"PAGE-389","ADMIN_PAGE","app/angelcare-marketplace/(protected)/admin/partner-os/tenants/page.tsx","/angelcare-marketplace/admin/partner-os/tenants","B09","NONE","next/link|@/angelcare-marketplace/auth/context|@/angelcare-marketplace/partner-os/components/TenantRegistry|@/angelcare-marketplace/partner-os/components/PartnerLifecycleClient|@/angelcare-marketplace/partner-os/repository","auth/context|partner-os/components/TenantRegistry|partner-os/components/PartnerLifecycleClient|partner-os/repository","repository","NONE","YES","CAP-B09-001","SOURCE_REVIEWED","CANONICAL_OR_CONTEXTUAL_OPERATOR_SURFACE","MAPPED_TO_IMPLEMENTED_CAPABILITY","app/angelcare-marketplace/(protected)/admin/partner-os/tenants/page.tsx; source imports/handlers reconciled against completed approved-screen and Batch evidence."
"PAGE-390","ADMIN_PAGE","app/angelcare-marketplace/(protected)/admin/payments/[paymentIntentId]/command/page.tsx","/angelcare-marketplace/admin/payments/:paymentIntentId/command","UNMAPPED","dynamic","next/navigation|@/angelcare-marketplace/auth/context|@/angelcare-marketplace/admin-control-plane/repository|@/angelcare-marketplace/enterprise-command/components/PaymentMegaCommand","auth/context|admin-control-plane/repository|enterprise-command/components/PaymentMegaCommand","repository","NONE","YES","CAP-B10-003","SOURCE_REVIEWED","CANONICAL_OR_CONTEXTUAL_OPERATOR_SURFACE","MAPPED_TO_IMPLEMENTED_CAPABILITY","app/angelcare-marketplace/(protected)/admin/payments/[paymentIntentId]/command/page.tsx; source imports/handlers reconciled against completed approved-screen and Batch evidence."
"PAGE-391","ADMIN_PAGE","app/angelcare-marketplace/(protected)/admin/payments/page.tsx","/angelcare-marketplace/admin/payments","B10","dynamic","@/angelcare-marketplace/auth/context|@/angelcare-marketplace/admin-control-plane/repository|@/angelcare-marketplace/admin-control-plane/components/PaymentCommand","auth/context|admin-control-plane/repository|admin-control-plane/components/PaymentCommand","repository","NONE","YES","CAP-B10-002","SOURCE_REVIEWED","CANONICAL_OR_CONTEXTUAL_OPERATOR_SURFACE","MAPPED_TO_IMPLEMENTED_CAPABILITY","app/angelcare-marketplace/(protected)/admin/payments/page.tsx; source imports/handlers reconciled against completed approved-screen and Batch evidence."
"PAGE-392","ADMIN_PAGE","app/angelcare-marketplace/(protected)/admin/platform-performance/apis/page.tsx","/angelcare-marketplace/admin/platform-performance/apis","UNMAPPED","NONE","@/angelcare-marketplace/reality-completion/admin-page","reality-completion/admin-page","NONE","NONE","YES","CAP-B11-001","SOURCE_REVIEWED","CANONICAL_OR_CONTEXTUAL_OPERATOR_SURFACE","MAPPED_TO_IMPLEMENTED_CAPABILITY","app/angelcare-marketplace/(protected)/admin/platform-performance/apis/page.tsx; source imports/handlers reconciled against completed approved-screen and Batch evidence."
"PAGE-393","ADMIN_PAGE","app/angelcare-marketplace/(protected)/admin/platform-performance/database/page.tsx","/angelcare-marketplace/admin/platform-performance/database","UNMAPPED","NONE","@/angelcare-marketplace/reality-completion/admin-page","reality-completion/admin-page","NONE","NONE","YES","CAP-B11-001","SOURCE_REVIEWED","CANONICAL_OR_CONTEXTUAL_OPERATOR_SURFACE","MAPPED_TO_IMPLEMENTED_CAPABILITY","app/angelcare-marketplace/(protected)/admin/platform-performance/database/page.tsx; source imports/handlers reconciled against completed approved-screen and Batch evidence."
"PAGE-394","ADMIN_PAGE","app/angelcare-marketplace/(protected)/admin/platform-performance/errors/page.tsx","/angelcare-marketplace/admin/platform-performance/errors","UNMAPPED","NONE","@/angelcare-marketplace/reality-completion/admin-page","reality-completion/admin-page","NONE","NONE","YES","CAP-B11-001","SOURCE_REVIEWED","CANONICAL_OR_CONTEXTUAL_OPERATOR_SURFACE","MAPPED_TO_IMPLEMENTED_CAPABILITY","app/angelcare-marketplace/(protected)/admin/platform-performance/errors/page.tsx; source imports/handlers reconciled against completed approved-screen and Batch evidence."
"PAGE-395","ADMIN_PAGE","app/angelcare-marketplace/(protected)/admin/platform-performance/media/page.tsx","/angelcare-marketplace/admin/platform-performance/media","UNMAPPED","NONE","@/angelcare-marketplace/reality-completion/admin-page","reality-completion/admin-page","NONE","NONE","YES","CAP-B11-001","SOURCE_REVIEWED","CANONICAL_OR_CONTEXTUAL_OPERATOR_SURFACE","MAPPED_TO_IMPLEMENTED_CAPABILITY","app/angelcare-marketplace/(protected)/admin/platform-performance/media/page.tsx; source imports/handlers reconciled against completed approved-screen and Batch evidence."
"PAGE-396","ADMIN_PAGE","app/angelcare-marketplace/(protected)/admin/platform-performance/page.tsx","/angelcare-marketplace/admin/platform-performance","UNMAPPED","NONE","@/angelcare-marketplace/reality-completion/admin-page","reality-completion/admin-page","NONE","NONE","YES","CAP-B11-001","SOURCE_REVIEWED","CANONICAL_OR_CONTEXTUAL_OPERATOR_SURFACE","MAPPED_TO_IMPLEMENTED_CAPABILITY","app/angelcare-marketplace/(protected)/admin/platform-performance/page.tsx; source imports/handlers reconciled against completed approved-screen and Batch evidence."
"PAGE-397","ADMIN_PAGE","app/angelcare-marketplace/(protected)/admin/platform-performance/routes/page.tsx","/angelcare-marketplace/admin/platform-performance/routes","UNMAPPED","NONE","@/angelcare-marketplace/reality-completion/admin-page","reality-completion/admin-page","NONE","NONE","YES","CAP-B11-001","SOURCE_REVIEWED","CANONICAL_OR_CONTEXTUAL_OPERATOR_SURFACE","MAPPED_TO_IMPLEMENTED_CAPABILITY","app/angelcare-marketplace/(protected)/admin/platform-performance/routes/page.tsx; source imports/handlers reconciled against completed approved-screen and Batch evidence."
"PAGE-398","ADMIN_PAGE","app/angelcare-marketplace/(protected)/admin/platform-performance/search/page.tsx","/angelcare-marketplace/admin/platform-performance/search","UNMAPPED","NONE","@/angelcare-marketplace/reality-completion/admin-page","reality-completion/admin-page","NONE","NONE","YES","CAP-B11-001","SOURCE_REVIEWED","CANONICAL_OR_CONTEXTUAL_OPERATOR_SURFACE","MAPPED_TO_IMPLEMENTED_CAPABILITY","app/angelcare-marketplace/(protected)/admin/platform-performance/search/page.tsx; source imports/handlers reconciled against completed approved-screen and Batch evidence."
"PAGE-399","ADMIN_PAGE","app/angelcare-marketplace/(protected)/admin/product-excellence/page.tsx","/angelcare-marketplace/admin/product-excellence","B11","dynamic","@/angelcare-marketplace/auth/context|@/angelcare-marketplace/total-commerce-control/repository|@/angelcare-marketplace/total-commerce-control/components/ProductExcellenceCommand","auth/context|total-commerce-control/repository|total-commerce-control/components/ProductExcellenceCommand","repository","NONE","YES","CAP-B11-001","SOURCE_REVIEWED","CANONICAL_OR_CONTEXTUAL_OPERATOR_SURFACE","MAPPED_TO_IMPLEMENTED_CAPABILITY","app/angelcare-marketplace/(protected)/admin/product-excellence/page.tsx; source imports/handlers reconciled against completed approved-screen and Batch evidence."
"PAGE-400","ADMIN_PAGE","app/angelcare-marketplace/(protected)/admin/promotions/page.tsx","/angelcare-marketplace/admin/promotions","B06","dynamic","@/angelcare-marketplace/auth/context|@/angelcare-marketplace/enterprise-closure/repository|@/angelcare-marketplace/enterprise-closure/components/PromotionCommand","auth/context|enterprise-closure/repository|enterprise-closure/components/PromotionCommand","repository","NONE","YES","CAP-B06-002","SOURCE_REVIEWED","CANONICAL_OR_CONTEXTUAL_OPERATOR_SURFACE","MAPPED_TO_IMPLEMENTED_CAPABILITY","app/angelcare-marketplace/(protected)/admin/promotions/page.tsx; source imports/handlers reconciled against completed approved-screen and Batch evidence."
"PAGE-401","ADMIN_PAGE","app/angelcare-marketplace/(protected)/admin/providers/assignments/page.tsx","/angelcare-marketplace/admin/providers/assignments","B08","NONE","@/angelcare-marketplace/auth/context|@/angelcare-marketplace/provider-workforce/components/ProviderCommand|@/angelcare-marketplace/provider-workforce/repository","auth/context|provider-workforce/components/ProviderCommand|provider-workforce/repository","repository","NONE","YES","CAP-B08-005","SOURCE_REVIEWED","CANONICAL_OR_CONTEXTUAL_OPERATOR_SURFACE","MAPPED_TO_IMPLEMENTED_CAPABILITY","app/angelcare-marketplace/(protected)/admin/providers/assignments/page.tsx; source imports/handlers reconciled against completed approved-screen and Batch evidence."
"PAGE-402","ADMIN_PAGE","app/angelcare-marketplace/(protected)/admin/providers/availability/page.tsx","/angelcare-marketplace/admin/providers/availability","B08","NONE","@/angelcare-marketplace/auth/context|@/angelcare-marketplace/provider-workforce/components/ProviderActionClient|@/angelcare-marketplace/provider-workforce/repository","auth/context|provider-workforce/components/ProviderActionClient|provider-workforce/repository","repository","NONE","YES","CAP-B08-002","SOURCE_REVIEWED","CANONICAL_OR_CONTEXTUAL_OPERATOR_SURFACE","MAPPED_TO_IMPLEMENTED_CAPABILITY","app/angelcare-marketplace/(protected)/admin/providers/availability/page.tsx; source imports/handlers reconciled against completed approved-screen and Batch evidence."
"PAGE-403","ADMIN_PAGE","app/angelcare-marketplace/(protected)/admin/providers/certifications/page.tsx","/angelcare-marketplace/admin/providers/certifications","B08","NONE","@/angelcare-marketplace/auth/context|@/angelcare-marketplace/provider-workforce/components/ProviderActionClient|@/angelcare-marketplace/provider-workforce/repository","auth/context|provider-workforce/components/ProviderActionClient|provider-workforce/repository","repository","NONE","YES","CAP-B08-002","SOURCE_REVIEWED","CANONICAL_OR_CONTEXTUAL_OPERATOR_SURFACE","MAPPED_TO_IMPLEMENTED_CAPABILITY","app/angelcare-marketplace/(protected)/admin/providers/certifications/page.tsx; source imports/handlers reconciled against completed approved-screen and Batch evidence."
"PAGE-404","ADMIN_PAGE","app/angelcare-marketplace/(protected)/admin/providers/commerce/disputes/page.tsx","/angelcare-marketplace/admin/providers/commerce/disputes","B08","NONE","@/angelcare-marketplace/auth/context|@/angelcare-marketplace/operations-reconciliation/components/CounterpartyCommands|@/angelcare-marketplace/operations-reconciliation/repository","auth/context|operations-reconciliation/components/CounterpartyCommands|operations-reconciliation/repository","repository","NONE","YES","CAP-B08-002","SOURCE_REVIEWED","CANONICAL_OR_CONTEXTUAL_OPERATOR_SURFACE","MAPPED_TO_IMPLEMENTED_CAPABILITY","app/angelcare-marketplace/(protected)/admin/providers/commerce/disputes/page.tsx; source imports/handlers reconciled against completed approved-screen and Batch evidence."
"PAGE-405","ADMIN_PAGE","app/angelcare-marketplace/(protected)/admin/providers/commerce/evidence/page.tsx","/angelcare-marketplace/admin/providers/commerce/evidence","B08","NONE","@/angelcare-marketplace/auth/context|@/angelcare-marketplace/operations-reconciliation/components/CounterpartyCommands|@/angelcare-marketplace/operations-reconciliation/repository","auth/context|operations-reconciliation/components/CounterpartyCommands|operations-reconciliation/repository","repository","NONE","YES","CAP-B08-002","SOURCE_REVIEWED","CANONICAL_OR_CONTEXTUAL_OPERATOR_SURFACE","MAPPED_TO_IMPLEMENTED_CAPABILITY","app/angelcare-marketplace/(protected)/admin/providers/commerce/evidence/page.tsx; source imports/handlers reconciled against completed approved-screen and Batch evidence."
"PAGE-406","ADMIN_PAGE","app/angelcare-marketplace/(protected)/admin/providers/commerce/page.tsx","/angelcare-marketplace/admin/providers/commerce","B08","NONE","@/angelcare-marketplace/auth/context|@/angelcare-marketplace/operations-reconciliation/components/CounterpartyCommands|@/angelcare-marketplace/operations-reconciliation/repository","auth/context|operations-reconciliation/components/CounterpartyCommands|operations-reconciliation/repository","repository","NONE","YES","CAP-B08-002","SOURCE_REVIEWED","CANONICAL_OR_CONTEXTUAL_OPERATOR_SURFACE","MAPPED_TO_IMPLEMENTED_CAPABILITY","app/angelcare-marketplace/(protected)/admin/providers/commerce/page.tsx; source imports/handlers reconciled against completed approved-screen and Batch evidence."
"PAGE-407","ADMIN_PAGE","app/angelcare-marketplace/(protected)/admin/providers/commerce/payables/page.tsx","/angelcare-marketplace/admin/providers/commerce/payables","B08","NONE","@/angelcare-marketplace/auth/context|@/angelcare-marketplace/operations-reconciliation/components/CounterpartyCommands|@/angelcare-marketplace/operations-reconciliation/repository","auth/context|operations-reconciliation/components/CounterpartyCommands|operations-reconciliation/repository","repository","NONE","YES","CAP-B08-002","SOURCE_REVIEWED","CANONICAL_OR_CONTEXTUAL_OPERATOR_SURFACE","MAPPED_TO_IMPLEMENTED_CAPABILITY","app/angelcare-marketplace/(protected)/admin/providers/commerce/payables/page.tsx; source imports/handlers reconciled against completed approved-screen and Batch evidence."
"PAGE-408","ADMIN_PAGE","app/angelcare-marketplace/(protected)/admin/providers/commerce/quality/page.tsx","/angelcare-marketplace/admin/providers/commerce/quality","B08","NONE","@/angelcare-marketplace/auth/context|@/angelcare-marketplace/operations-reconciliation/components/CounterpartyCommands|@/angelcare-marketplace/operations-reconciliation/repository","auth/context|operations-reconciliation/components/CounterpartyCommands|operations-reconciliation/repository","repository","NONE","YES","CAP-B08-002","SOURCE_REVIEWED","CANONICAL_OR_CONTEXTUAL_OPERATOR_SURFACE","MAPPED_TO_IMPLEMENTED_CAPABILITY","app/angelcare-marketplace/(protected)/admin/providers/commerce/quality/page.tsx; source imports/handlers reconciled against completed approved-screen and Batch evidence."
"PAGE-409","ADMIN_PAGE","app/angelcare-marketplace/(protected)/admin/providers/commerce/readiness/page.tsx","/angelcare-marketplace/admin/providers/commerce/readiness","B08","NONE","@/angelcare-marketplace/auth/context|@/angelcare-marketplace/operations-reconciliation/components/CounterpartyCommands|@/angelcare-marketplace/operations-reconciliation/repository","auth/context|operations-reconciliation/components/CounterpartyCommands|operations-reconciliation/repository","repository","NONE","YES","CAP-B08-002","SOURCE_REVIEWED","CANONICAL_OR_CONTEXTUAL_OPERATOR_SURFACE","MAPPED_TO_IMPLEMENTED_CAPABILITY","app/angelcare-marketplace/(protected)/admin/providers/commerce/readiness/page.tsx; source imports/handlers reconciled against completed approved-screen and Batch evidence."
"PAGE-410","ADMIN_PAGE","app/angelcare-marketplace/(protected)/admin/providers/documents/page.tsx","/angelcare-marketplace/admin/providers/documents","B08","NONE","@/angelcare-marketplace/auth/context|@/angelcare-marketplace/provider-workforce/components/ProviderActionClient|@/angelcare-marketplace/provider-workforce/repository","auth/context|provider-workforce/components/ProviderActionClient|provider-workforce/repository","repository","NONE","YES","CAP-B08-004","SOURCE_REVIEWED","CANONICAL_OR_CONTEXTUAL_OPERATOR_SURFACE","MAPPED_TO_IMPLEMENTED_CAPABILITY","app/angelcare-marketplace/(protected)/admin/providers/documents/page.tsx; source imports/handlers reconciled against completed approved-screen and Batch evidence."
"PAGE-411","ADMIN_PAGE","app/angelcare-marketplace/(protected)/admin/providers/dossiers/[providerId]/page.tsx","/angelcare-marketplace/admin/providers/dossiers/:providerId","UNMAPPED","NONE","@/angelcare-marketplace/auth/context|@/angelcare-marketplace/provider-workforce/repository|@/angelcare-marketplace/provider-workforce/components/ProviderDossier","auth/context|provider-workforce/repository|provider-workforce/components/ProviderDossier","repository","NONE","YES","CAP-B08-003","SOURCE_REVIEWED","CANONICAL_OR_CONTEXTUAL_OPERATOR_SURFACE","MAPPED_TO_IMPLEMENTED_CAPABILITY","app/angelcare-marketplace/(protected)/admin/providers/dossiers/[providerId]/page.tsx; source imports/handlers reconciled against completed approved-screen and Batch evidence."
"PAGE-412","ADMIN_PAGE","app/angelcare-marketplace/(protected)/admin/providers/dossiers/page.tsx","/angelcare-marketplace/admin/providers/dossiers","B08","NONE","@/angelcare-marketplace/auth/context|@/angelcare-marketplace/provider-workforce/components/ProviderCommand|@/angelcare-marketplace/provider-workforce/repository","auth/context|provider-workforce/components/ProviderCommand|provider-workforce/repository","repository","NONE","YES","CAP-B08-003","SOURCE_REVIEWED","CANONICAL_OR_CONTEXTUAL_OPERATOR_SURFACE","MAPPED_TO_IMPLEMENTED_CAPABILITY","app/angelcare-marketplace/(protected)/admin/providers/dossiers/page.tsx; source imports/handlers reconciled against completed approved-screen and Batch evidence."
"PAGE-413","ADMIN_PAGE","app/angelcare-marketplace/(protected)/admin/providers/eligibility/page.tsx","/angelcare-marketplace/admin/providers/eligibility","B08","NONE","@/angelcare-marketplace/auth/context|@/angelcare-marketplace/provider-workforce/components/EligibilityCommand|@/angelcare-marketplace/provider-workforce/components/ProviderActionClient|@/angelcare-marketplace/provider-workforce/repository","auth/context|provider-workforce/components/EligibilityCommand|provider-workforce/components/ProviderActionClient|provider-workforce/repository","repository","NONE","YES","CAP-B08-002","SOURCE_REVIEWED","CANONICAL_OR_CONTEXTUAL_OPERATOR_SURFACE","MAPPED_TO_IMPLEMENTED_CAPABILITY","app/angelcare-marketplace/(protected)/admin/providers/eligibility/page.tsx; source imports/handlers reconciled against completed approved-screen and Batch evidence."
"PAGE-414","ADMIN_PAGE","app/angelcare-marketplace/(protected)/admin/providers/onboarding/page.tsx","/angelcare-marketplace/admin/providers/onboarding","B08","NONE","@/angelcare-marketplace/auth/context|@/angelcare-marketplace/provider-workforce/components/ProviderActionClient|@/angelcare-marketplace/provider-workforce/repository","auth/context|provider-workforce/components/ProviderActionClient|provider-workforce/repository","repository","NONE","YES","CAP-B08-002","SOURCE_REVIEWED","CANONICAL_OR_CONTEXTUAL_OPERATOR_SURFACE","MAPPED_TO_IMPLEMENTED_CAPABILITY","app/angelcare-marketplace/(protected)/admin/providers/onboarding/page.tsx; source imports/handlers reconciled against completed approved-screen and Batch evidence."
"PAGE-415","ADMIN_PAGE","app/angelcare-marketplace/(protected)/admin/providers/page.tsx","/angelcare-marketplace/admin/providers","B08","NONE","@/angelcare-marketplace/auth/context|@/angelcare-marketplace/provider-workforce/repository|@/angelcare-marketplace/provider-workforce/components/ProviderCommand","auth/context|provider-workforce/repository|provider-workforce/components/ProviderCommand","repository","NONE","YES","CAP-B08-002","SOURCE_REVIEWED","CANONICAL_OR_CONTEXTUAL_OPERATOR_SURFACE","MAPPED_TO_IMPLEMENTED_CAPABILITY","app/angelcare-marketplace/(protected)/admin/providers/page.tsx; source imports/handlers reconciled against completed approved-screen and Batch evidence."
"PAGE-416","ADMIN_PAGE","app/angelcare-marketplace/(protected)/admin/providers/payable-eligibility/page.tsx","/angelcare-marketplace/admin/providers/payable-eligibility","B08","NONE","@/angelcare-marketplace/auth/context|@/angelcare-marketplace/provider-workforce/components/ProviderActionClient|@/angelcare-marketplace/provider-workforce/repository","auth/context|provider-workforce/components/ProviderActionClient|provider-workforce/repository","repository","NONE","YES","CAP-B08-002","SOURCE_REVIEWED","CANONICAL_OR_CONTEXTUAL_OPERATOR_SURFACE","MAPPED_TO_IMPLEMENTED_CAPABILITY","app/angelcare-marketplace/(protected)/admin/providers/payable-eligibility/page.tsx; source imports/handlers reconciled against completed approved-screen and Batch evidence."
"PAGE-417","ADMIN_PAGE","app/angelcare-marketplace/(protected)/admin/providers/performance/page.tsx","/angelcare-marketplace/admin/providers/performance","B08","NONE","@/angelcare-marketplace/auth/context|@/angelcare-marketplace/provider-workforce/components/ProviderActionClient|@/angelcare-marketplace/provider-workforce/repository","auth/context|provider-workforce/components/ProviderActionClient|provider-workforce/repository","repository","NONE","YES","CAP-B08-002","SOURCE_REVIEWED","CANONICAL_OR_CONTEXTUAL_OPERATOR_SURFACE","MAPPED_TO_IMPLEMENTED_CAPABILITY","app/angelcare-marketplace/(protected)/admin/providers/performance/page.tsx; source imports/handlers reconciled against completed approved-screen and Batch evidence."
"PAGE-418","ADMIN_PAGE","app/angelcare-marketplace/(protected)/admin/public-inquiries/page.tsx","/angelcare-marketplace/admin/public-inquiries","UNMAPPED","dynamic","@/angelcare-marketplace/auth/context|@/angelcare-marketplace/public-universe/repository|@/angelcare-marketplace/total-commerce-control/components/InquiryCommandCenter","auth/context|public-universe/repository|total-commerce-control/components/InquiryCommandCenter","repository","NONE","YES","CAP-B05-001","SOURCE_REVIEWED","CANONICAL_OR_CONTEXTUAL_OPERATOR_SURFACE","MAPPED_TO_IMPLEMENTED_CAPABILITY","app/angelcare-marketplace/(protected)/admin/public-inquiries/page.tsx; source imports/handlers reconciled against completed approved-screen and Batch evidence."
"PAGE-419","ADMIN_PAGE","app/angelcare-marketplace/(protected)/admin/publication/page.tsx","/angelcare-marketplace/admin/publication","B05","NONE","@/angelcare-marketplace/commerce-studio/admin-pages","commerce-studio/admin-pages","NONE","NONE","YES","CAP-B05-001","SOURCE_REVIEWED","CANONICAL_OR_CONTEXTUAL_OPERATOR_SURFACE","MAPPED_TO_IMPLEMENTED_CAPABILITY","app/angelcare-marketplace/(protected)/admin/publication/page.tsx; source imports/handlers reconciled against completed approved-screen and Batch evidence."
"PAGE-420","ADMIN_PAGE","app/angelcare-marketplace/(protected)/admin/qa/accessibility/page.tsx","/angelcare-marketplace/admin/qa/accessibility","B11","NONE","@/angelcare-marketplace/reality-completion/admin-page","reality-completion/admin-page","NONE","NONE","YES","CAP-B11-001","SOURCE_REVIEWED","CANONICAL_OR_CONTEXTUAL_OPERATOR_SURFACE","MAPPED_TO_IMPLEMENTED_CAPABILITY","app/angelcare-marketplace/(protected)/admin/qa/accessibility/page.tsx; source imports/handlers reconciled against completed approved-screen and Batch evidence."
"PAGE-421","ADMIN_PAGE","app/angelcare-marketplace/(protected)/admin/qa/contracts/page.tsx","/angelcare-marketplace/admin/qa/contracts","B11","NONE","@/angelcare-marketplace/reality-completion/admin-page","reality-completion/admin-page","NONE","NONE","YES","CAP-B11-001","SOURCE_REVIEWED","CANONICAL_OR_CONTEXTUAL_OPERATOR_SURFACE","MAPPED_TO_IMPLEMENTED_CAPABILITY","app/angelcare-marketplace/(protected)/admin/qa/contracts/page.tsx; source imports/handlers reconciled against completed approved-screen and Batch evidence."
"PAGE-422","ADMIN_PAGE","app/angelcare-marketplace/(protected)/admin/qa/data-integrity/page.tsx","/angelcare-marketplace/admin/qa/data-integrity","B11","NONE","@/angelcare-marketplace/reality-completion/admin-page","reality-completion/admin-page","NONE","NONE","YES","CAP-B11-001","SOURCE_REVIEWED","CANONICAL_OR_CONTEXTUAL_OPERATOR_SURFACE","MAPPED_TO_IMPLEMENTED_CAPABILITY","app/angelcare-marketplace/(protected)/admin/qa/data-integrity/page.tsx; source imports/handlers reconciled against completed approved-screen and Batch evidence."
"PAGE-423","ADMIN_PAGE","app/angelcare-marketplace/(protected)/admin/qa/defects/page.tsx","/angelcare-marketplace/admin/qa/defects","B11","NONE","@/angelcare-marketplace/reality-completion/admin-page","reality-completion/admin-page","NONE","NONE","YES","CAP-B11-001","SOURCE_REVIEWED","CANONICAL_OR_CONTEXTUAL_OPERATOR_SURFACE","MAPPED_TO_IMPLEMENTED_CAPABILITY","app/angelcare-marketplace/(protected)/admin/qa/defects/page.tsx; source imports/handlers reconciled against completed approved-screen and Batch evidence."
"PAGE-424","ADMIN_PAGE","app/angelcare-marketplace/(protected)/admin/qa/evidence/page.tsx","/angelcare-marketplace/admin/qa/evidence","B11","NONE","@/angelcare-marketplace/reality-completion/admin-page","reality-completion/admin-page","NONE","NONE","YES","CAP-B11-001","SOURCE_REVIEWED","CANONICAL_OR_CONTEXTUAL_OPERATOR_SURFACE","MAPPED_TO_IMPLEMENTED_CAPABILITY","app/angelcare-marketplace/(protected)/admin/qa/evidence/page.tsx; source imports/handlers reconciled against completed approved-screen and Batch evidence."
"PAGE-425","ADMIN_PAGE","app/angelcare-marketplace/(protected)/admin/qa/localization/page.tsx","/angelcare-marketplace/admin/qa/localization","B11","NONE","@/angelcare-marketplace/reality-completion/admin-page","reality-completion/admin-page","NONE","NONE","YES","CAP-B11-001","SOURCE_REVIEWED","CANONICAL_OR_CONTEXTUAL_OPERATOR_SURFACE","MAPPED_TO_IMPLEMENTED_CAPABILITY","app/angelcare-marketplace/(protected)/admin/qa/localization/page.tsx; source imports/handlers reconciled against completed approved-screen and Batch evidence."
"PAGE-426","ADMIN_PAGE","app/angelcare-marketplace/(protected)/admin/qa/page.tsx","/angelcare-marketplace/admin/qa","B11","NONE","@/angelcare-marketplace/reality-completion/admin-page","reality-completion/admin-page","NONE","NONE","YES","CAP-B11-001","SOURCE_REVIEWED","CANONICAL_OR_CONTEXTUAL_OPERATOR_SURFACE","MAPPED_TO_IMPLEMENTED_CAPABILITY","app/angelcare-marketplace/(protected)/admin/qa/page.tsx; source imports/handlers reconciled against completed approved-screen and Batch evidence."
"PAGE-427","ADMIN_PAGE","app/angelcare-marketplace/(protected)/admin/qa/regression/page.tsx","/angelcare-marketplace/admin/qa/regression","B11","NONE","@/angelcare-marketplace/reality-completion/admin-page","reality-completion/admin-page","NONE","NONE","YES","CAP-B11-001","SOURCE_REVIEWED","CANONICAL_OR_CONTEXTUAL_OPERATOR_SURFACE","MAPPED_TO_IMPLEMENTED_CAPABILITY","app/angelcare-marketplace/(protected)/admin/qa/regression/page.tsx; source imports/handlers reconciled against completed approved-screen and Batch evidence."
"PAGE-428","ADMIN_PAGE","app/angelcare-marketplace/(protected)/admin/qa/responsive/page.tsx","/angelcare-marketplace/admin/qa/responsive","B11","NONE","@/angelcare-marketplace/reality-completion/admin-page","reality-completion/admin-page","NONE","NONE","YES","CAP-B11-001","SOURCE_REVIEWED","CANONICAL_OR_CONTEXTUAL_OPERATOR_SURFACE","MAPPED_TO_IMPLEMENTED_CAPABILITY","app/angelcare-marketplace/(protected)/admin/qa/responsive/page.tsx; source imports/handlers reconciled against completed approved-screen and Batch evidence."
"PAGE-429","ADMIN_PAGE","app/angelcare-marketplace/(protected)/admin/qa/routes/page.tsx","/angelcare-marketplace/admin/qa/routes","B11","NONE","@/angelcare-marketplace/reality-completion/admin-page","reality-completion/admin-page","NONE","NONE","YES","CAP-B11-001","SOURCE_REVIEWED","CANONICAL_OR_CONTEXTUAL_OPERATOR_SURFACE","MAPPED_TO_IMPLEMENTED_CAPABILITY","app/angelcare-marketplace/(protected)/admin/qa/routes/page.tsx; source imports/handlers reconciled against completed approved-screen and Batch evidence."
"PAGE-430","ADMIN_PAGE","app/angelcare-marketplace/(protected)/admin/qa/security/page.tsx","/angelcare-marketplace/admin/qa/security","B11","NONE","@/angelcare-marketplace/reality-completion/admin-page","reality-completion/admin-page","NONE","NONE","YES","CAP-B11-001","SOURCE_REVIEWED","CANONICAL_OR_CONTEXTUAL_OPERATOR_SURFACE","MAPPED_TO_IMPLEMENTED_CAPABILITY","app/angelcare-marketplace/(protected)/admin/qa/security/page.tsx; source imports/handlers reconciled against completed approved-screen and Batch evidence."
"PAGE-431","ADMIN_PAGE","app/angelcare-marketplace/(protected)/admin/qa/workflows/page.tsx","/angelcare-marketplace/admin/qa/workflows","B11","NONE","@/angelcare-marketplace/reality-completion/admin-page","reality-completion/admin-page","NONE","NONE","YES","CAP-B11-001","SOURCE_REVIEWED","CANONICAL_OR_CONTEXTUAL_OPERATOR_SURFACE","MAPPED_TO_IMPLEMENTED_CAPABILITY","app/angelcare-marketplace/(protected)/admin/qa/workflows/page.tsx; source imports/handlers reconciled against completed approved-screen and Batch evidence."
"PAGE-432","ADMIN_PAGE","app/angelcare-marketplace/(protected)/admin/quality-assurance/accessibility/page.tsx","/angelcare-marketplace/admin/quality-assurance/accessibility","B11","NONE","@/angelcare-marketplace/auth/context|@/angelcare-marketplace/launch-assurance/repository|@/angelcare-marketplace/launch-assurance/components/QaRegisters","auth/context|launch-assurance/repository|launch-assurance/components/QaRegisters","repository","NONE","YES","CAP-B11-001","SOURCE_REVIEWED","CANONICAL_OR_CONTEXTUAL_OPERATOR_SURFACE","MAPPED_TO_IMPLEMENTED_CAPABILITY","app/angelcare-marketplace/(protected)/admin/quality-assurance/accessibility/page.tsx; source imports/handlers reconciled against completed approved-screen and Batch evidence."
"PAGE-433","ADMIN_PAGE","app/angelcare-marketplace/(protected)/admin/quality-assurance/defects/page.tsx","/angelcare-marketplace/admin/quality-assurance/defects","B11","NONE","@/angelcare-marketplace/auth/context|@/angelcare-marketplace/launch-assurance/repository|@/angelcare-marketplace/launch-assurance/components/QaRegisters","auth/context|launch-assurance/repository|launch-assurance/components/QaRegisters","repository","NONE","YES","CAP-B11-001","SOURCE_REVIEWED","CANONICAL_OR_CONTEXTUAL_OPERATOR_SURFACE","MAPPED_TO_IMPLEMENTED_CAPABILITY","app/angelcare-marketplace/(protected)/admin/quality-assurance/defects/page.tsx; source imports/handlers reconciled against completed approved-screen and Batch evidence."
"PAGE-434","ADMIN_PAGE","app/angelcare-marketplace/(protected)/admin/quality-assurance/localization/page.tsx","/angelcare-marketplace/admin/quality-assurance/localization","B11","NONE","@/angelcare-marketplace/auth/context|@/angelcare-marketplace/launch-assurance/repository|@/angelcare-marketplace/launch-assurance/components/QaRegisters","auth/context|launch-assurance/repository|launch-assurance/components/QaRegisters","repository","NONE","YES","CAP-B11-001","SOURCE_REVIEWED","CANONICAL_OR_CONTEXTUAL_OPERATOR_SURFACE","MAPPED_TO_IMPLEMENTED_CAPABILITY","app/angelcare-marketplace/(protected)/admin/quality-assurance/localization/page.tsx; source imports/handlers reconciled against completed approved-screen and Batch evidence."
"PAGE-435","ADMIN_PAGE","app/angelcare-marketplace/(protected)/admin/quality-assurance/page.tsx","/angelcare-marketplace/admin/quality-assurance","B11","NONE","@/angelcare-marketplace/auth/context|@/angelcare-marketplace/launch-assurance/repository|@/angelcare-marketplace/launch-assurance/components/QaCommand","auth/context|launch-assurance/repository|launch-assurance/components/QaCommand","repository","NONE","YES","CAP-B11-001","SOURCE_REVIEWED","CANONICAL_OR_CONTEXTUAL_OPERATOR_SURFACE","MAPPED_TO_IMPLEMENTED_CAPABILITY","app/angelcare-marketplace/(protected)/admin/quality-assurance/page.tsx; source imports/handlers reconciled against completed approved-screen and Batch evidence."
"PAGE-436","ADMIN_PAGE","app/angelcare-marketplace/(protected)/admin/quality-assurance/performance/page.tsx","/angelcare-marketplace/admin/quality-assurance/performance","B11","NONE","@/angelcare-marketplace/auth/context|@/angelcare-marketplace/launch-assurance/repository|@/angelcare-marketplace/launch-assurance/components/QaRegisters","auth/context|launch-assurance/repository|launch-assurance/components/QaRegisters","repository","NONE","YES","CAP-B11-001","SOURCE_REVIEWED","CANONICAL_OR_CONTEXTUAL_OPERATOR_SURFACE","MAPPED_TO_IMPLEMENTED_CAPABILITY","app/angelcare-marketplace/(protected)/admin/quality-assurance/performance/page.tsx; source imports/handlers reconciled against completed approved-screen and Batch evidence."
"PAGE-437","ADMIN_PAGE","app/angelcare-marketplace/(protected)/admin/quality-assurance/regressions/page.tsx","/angelcare-marketplace/admin/quality-assurance/regressions","B11","NONE","@/angelcare-marketplace/auth/context|@/angelcare-marketplace/launch-assurance/repository|@/angelcare-marketplace/launch-assurance/components/QaRegisters","auth/context|launch-assurance/repository|launch-assurance/components/QaRegisters","repository","NONE","YES","CAP-B11-001","SOURCE_REVIEWED","CANONICAL_OR_CONTEXTUAL_OPERATOR_SURFACE","MAPPED_TO_IMPLEMENTED_CAPABILITY","app/angelcare-marketplace/(protected)/admin/quality-assurance/regressions/page.tsx; source imports/handlers reconciled against completed approved-screen and Batch evidence."
"PAGE-438","ADMIN_PAGE","app/angelcare-marketplace/(protected)/admin/quality-assurance/release/page.tsx","/angelcare-marketplace/admin/quality-assurance/release","B11","NONE","@/angelcare-marketplace/auth/context|@/angelcare-marketplace/launch-assurance/repository|@/angelcare-marketplace/launch-assurance/components/QaRegisters","auth/context|launch-assurance/repository|launch-assurance/components/QaRegisters","repository","NONE","YES","CAP-B11-001","SOURCE_REVIEWED","CANONICAL_OR_CONTEXTUAL_OPERATOR_SURFACE","MAPPED_TO_IMPLEMENTED_CAPABILITY","app/angelcare-marketplace/(protected)/admin/quality-assurance/release/page.tsx; source imports/handlers reconciled against completed approved-screen and Batch evidence."
"PAGE-439","ADMIN_PAGE","app/angelcare-marketplace/(protected)/admin/quality-assurance/runs/page.tsx","/angelcare-marketplace/admin/quality-assurance/runs","B11","NONE","next/navigation","NONE","NONE","/angelcare-marketplace/admin/qa","LEGACY_COMPATIBILITY","CAP-B11-001","SOURCE_REVIEWED","LEGACY_COMPATIBILITY_SURFACE","LEGACY_COMPATIBILITY_ONLY","app/angelcare-marketplace/(protected)/admin/quality-assurance/runs/page.tsx; source imports/handlers and redirect target reconciled against completed approved-screen and Batch evidence."
"PAGE-440","ADMIN_PAGE","app/angelcare-marketplace/(protected)/admin/quality-assurance/security/page.tsx","/angelcare-marketplace/admin/quality-assurance/security","B11","NONE","@/angelcare-marketplace/auth/context|@/angelcare-marketplace/launch-assurance/repository|@/angelcare-marketplace/launch-assurance/components/QaRegisters","auth/context|launch-assurance/repository|launch-assurance/components/QaRegisters","repository","NONE","YES","CAP-B11-001","SOURCE_REVIEWED","CANONICAL_OR_CONTEXTUAL_OPERATOR_SURFACE","MAPPED_TO_IMPLEMENTED_CAPABILITY","app/angelcare-marketplace/(protected)/admin/quality-assurance/security/page.tsx; source imports/handlers reconciled against completed approved-screen and Batch evidence."
"PAGE-441","ADMIN_PAGE","app/angelcare-marketplace/(protected)/admin/quality-assurance/suites/page.tsx","/angelcare-marketplace/admin/quality-assurance/suites","B11","NONE","@/angelcare-marketplace/auth/context|@/angelcare-marketplace/launch-assurance/repository|@/angelcare-marketplace/launch-assurance/components/QaRegisters","auth/context|launch-assurance/repository|launch-assurance/components/QaRegisters","repository","NONE","YES","CAP-B11-001","SOURCE_REVIEWED","CANONICAL_OR_CONTEXTUAL_OPERATOR_SURFACE","MAPPED_TO_IMPLEMENTED_CAPABILITY","app/angelcare-marketplace/(protected)/admin/quality-assurance/suites/page.tsx; source imports/handlers reconciled against completed approved-screen and Batch evidence."
"PAGE-442","ADMIN_PAGE","app/angelcare-marketplace/(protected)/admin/quote-baskets/page.tsx","/angelcare-marketplace/admin/quote-baskets","B04","NONE","@/angelcare-marketplace/auth/context|@/angelcare-marketplace/marketplace-core/components/QuoteBasketBoard|@/angelcare-marketplace/marketplace-core/repository","auth/context|marketplace-core/components/QuoteBasketBoard|marketplace-core/repository","repository","NONE","YES","CAP-B04-001","SOURCE_REVIEWED","CANONICAL_OR_CONTEXTUAL_OPERATOR_SURFACE","MAPPED_TO_IMPLEMENTED_CAPABILITY","app/angelcare-marketplace/(protected)/admin/quote-baskets/page.tsx; source imports/handlers reconciled against completed approved-screen and Batch evidence."
"PAGE-443","ADMIN_PAGE","app/angelcare-marketplace/(protected)/admin/readiness/page.tsx","/angelcare-marketplace/admin/readiness","B11","metadata","@/angelcare-marketplace/domain/types|@/angelcare-marketplace/auth/context|@/angelcare-marketplace/components/FoundationUnavailable|@/angelcare-marketplace/features/admin/ReadinessClient|@/angelcare-marketplace/design-system/ui|@/angelcare-marketplace/server/repository","domain/types|auth/context|components/FoundationUnavailable|features/admin/ReadinessClient|design-system/ui|server/repository","repository","NONE","YES","CAP-B11-001","SOURCE_REVIEWED","CANONICAL_OR_CONTEXTUAL_OPERATOR_SURFACE","MAPPED_TO_IMPLEMENTED_CAPABILITY","app/angelcare-marketplace/(protected)/admin/readiness/page.tsx; source imports/handlers reconciled against completed approved-screen and Batch evidence."
"PAGE-444","ADMIN_PAGE","app/angelcare-marketplace/(protected)/admin/reality-readiness/page.tsx","/angelcare-marketplace/admin/reality-readiness","B11","dynamic","@/angelcare-marketplace/auth/context|@/angelcare-marketplace/enterprise-closure/repository|@/angelcare-marketplace/total-commerce-control/repository|@/angelcare-marketplace/admin-excellence/workspace-registry|@/angelcare-marketplace/admin-excellence/components/FinalRealityReadiness","auth/context|enterprise-closure/repository|total-commerce-control/repository|admin-excellence/workspace-registry|admin-excellence/components/FinalRealityReadiness","repository","NONE","YES","CAP-B11-001","SOURCE_REVIEWED","CANONICAL_OR_CONTEXTUAL_OPERATOR_SURFACE","MAPPED_TO_IMPLEMENTED_CAPABILITY","app/angelcare-marketplace/(protected)/admin/reality-readiness/page.tsx; source imports/handlers reconciled against completed approved-screen and Batch evidence."
"PAGE-445","ADMIN_PAGE","app/angelcare-marketplace/(protected)/admin/search/page.tsx","/angelcare-marketplace/admin/search","B06","metadata","@/angelcare-marketplace/auth/context|@/angelcare-marketplace/design-system/ui|@/angelcare-marketplace/sovereign-control/components/GlobalSearchClient","auth/context|design-system/ui|sovereign-control/components/GlobalSearchClient","NONE","NONE","YES","CAP-B06-001","SOURCE_REVIEWED","CANONICAL_OR_CONTEXTUAL_OPERATOR_SURFACE","MAPPED_TO_IMPLEMENTED_CAPABILITY","app/angelcare-marketplace/(protected)/admin/search/page.tsx; source imports/handlers reconciled against completed approved-screen and Batch evidence."
"PAGE-446","ADMIN_PAGE","app/angelcare-marketplace/(protected)/admin/security-audit/page.tsx","/angelcare-marketplace/admin/security-audit","B11","metadata","@/angelcare-marketplace/domain/types|@/angelcare-marketplace/auth/context|@/angelcare-marketplace/components/FoundationUnavailable|@/angelcare-marketplace/features/admin/AuditViewerClient|@/angelcare-marketplace/design-system/marketplace.module.css|@/angelcare-marketplace/design-system/ui|@/angelcare-marketplace/permissions/permission-catalog|@/angelcare-marketplace/server/repository","domain/types|auth/context|components/FoundationUnavailable|features/admin/AuditViewerClient|design-system/marketplace.module.css|design-system/ui|permissions/permission-catalog|server/repository","repository","NONE","YES","CAP-B11-001","SOURCE_REVIEWED","CANONICAL_OR_CONTEXTUAL_OPERATOR_SURFACE","MAPPED_TO_IMPLEMENTED_CAPABILITY","app/angelcare-marketplace/(protected)/admin/security-audit/page.tsx; source imports/handlers reconciled against completed approved-screen and Batch evidence."
"PAGE-447","ADMIN_PAGE","app/angelcare-marketplace/(protected)/admin/security/access/page.tsx","/angelcare-marketplace/admin/security/access","B11","NONE","@/angelcare-marketplace/reality-completion/admin-page","reality-completion/admin-page","NONE","NONE","YES","CAP-B11-008","SOURCE_REVIEWED","CANONICAL_OR_CONTEXTUAL_OPERATOR_SURFACE","MAPPED_TO_IMPLEMENTED_CAPABILITY","app/angelcare-marketplace/(protected)/admin/security/access/page.tsx; source imports/handlers reconciled against completed approved-screen and Batch evidence."
"PAGE-448","ADMIN_PAGE","app/angelcare-marketplace/(protected)/admin/security/audit/page.tsx","/angelcare-marketplace/admin/security/audit","B11","NONE","@/angelcare-marketplace/reality-completion/admin-page","reality-completion/admin-page","NONE","NONE","YES","CAP-B11-008","SOURCE_REVIEWED","CANONICAL_OR_CONTEXTUAL_OPERATOR_SURFACE","MAPPED_TO_IMPLEMENTED_CAPABILITY","app/angelcare-marketplace/(protected)/admin/security/audit/page.tsx; source imports/handlers reconciled against completed approved-screen and Batch evidence."
"PAGE-449","ADMIN_PAGE","app/angelcare-marketplace/(protected)/admin/security/backups/page.tsx","/angelcare-marketplace/admin/security/backups","B11","NONE","@/angelcare-marketplace/auth/context|@/angelcare-marketplace/analytics-security/components/SecurityRegisters|@/angelcare-marketplace/analytics-security/repository","auth/context|analytics-security/components/SecurityRegisters|analytics-security/repository","repository","NONE","YES","CAP-B11-008","SOURCE_REVIEWED","CANONICAL_OR_CONTEXTUAL_OPERATOR_SURFACE","MAPPED_TO_IMPLEMENTED_CAPABILITY","app/angelcare-marketplace/(protected)/admin/security/backups/page.tsx; source imports/handlers reconciled against completed approved-screen and Batch evidence."
"PAGE-450","ADMIN_PAGE","app/angelcare-marketplace/(protected)/admin/security/data-exposure/page.tsx","/angelcare-marketplace/admin/security/data-exposure","B11","NONE","@/angelcare-marketplace/reality-completion/admin-page","reality-completion/admin-page","NONE","NONE","YES","CAP-B11-008","SOURCE_REVIEWED","CANONICAL_OR_CONTEXTUAL_OPERATOR_SURFACE","MAPPED_TO_IMPLEMENTED_CAPABILITY","app/angelcare-marketplace/(protected)/admin/security/data-exposure/page.tsx; source imports/handlers reconciled against completed approved-screen and Batch evidence."
"PAGE-451","ADMIN_PAGE","app/angelcare-marketplace/(protected)/admin/security/data-retention/page.tsx","/angelcare-marketplace/admin/security/data-retention","B11","NONE","@/angelcare-marketplace/auth/context|@/angelcare-marketplace/analytics-security/repository|@/angelcare-marketplace/analytics-security/components/SecurityRegisters","auth/context|analytics-security/repository|analytics-security/components/SecurityRegisters","repository","NONE","YES","CAP-B11-008","SOURCE_REVIEWED","CANONICAL_OR_CONTEXTUAL_OPERATOR_SURFACE","MAPPED_TO_IMPLEMENTED_CAPABILITY","app/angelcare-marketplace/(protected)/admin/security/data-retention/page.tsx; source imports/handlers reconciled against completed approved-screen and Batch evidence."
"PAGE-452","ADMIN_PAGE","app/angelcare-marketplace/(protected)/admin/security/events/page.tsx","/angelcare-marketplace/admin/security/events","B11","NONE","@/angelcare-marketplace/auth/context|@/angelcare-marketplace/analytics-security/repository|@/angelcare-marketplace/analytics-security/components/SecurityRegisters","auth/context|analytics-security/repository|analytics-security/components/SecurityRegisters","repository","NONE","YES","CAP-B11-008","SOURCE_REVIEWED","CANONICAL_OR_CONTEXTUAL_OPERATOR_SURFACE","MAPPED_TO_IMPLEMENTED_CAPABILITY","app/angelcare-marketplace/(protected)/admin/security/events/page.tsx; source imports/handlers reconciled against completed approved-screen and Batch evidence."
"PAGE-453","ADMIN_PAGE","app/angelcare-marketplace/(protected)/admin/security/incidents/page.tsx","/angelcare-marketplace/admin/security/incidents","B11","NONE","@/angelcare-marketplace/reality-completion/admin-page","reality-completion/admin-page","NONE","NONE","YES","CAP-B11-008","SOURCE_REVIEWED","CANONICAL_OR_CONTEXTUAL_OPERATOR_SURFACE","MAPPED_TO_IMPLEMENTED_CAPABILITY","app/angelcare-marketplace/(protected)/admin/security/incidents/page.tsx; source imports/handlers reconciled against completed approved-screen and Batch evidence."
"PAGE-454","ADMIN_PAGE","app/angelcare-marketplace/(protected)/admin/security/page.tsx","/angelcare-marketplace/admin/security","B11","NONE","@/angelcare-marketplace/reality-completion/admin-page","reality-completion/admin-page","NONE","NONE","YES","CAP-B11-008","SOURCE_REVIEWED","CANONICAL_OR_CONTEXTUAL_OPERATOR_SURFACE","MAPPED_TO_IMPLEMENTED_CAPABILITY","app/angelcare-marketplace/(protected)/admin/security/page.tsx; source imports/handlers reconciled against completed approved-screen and Batch evidence."
"PAGE-455","ADMIN_PAGE","app/angelcare-marketplace/(protected)/admin/security/permissions/page.tsx","/angelcare-marketplace/admin/security/permissions","B11","NONE","next/navigation","NONE","NONE","/angelcare-marketplace/admin/security/workspace-access","LEGACY_COMPATIBILITY","CAP-B11-008","SOURCE_REVIEWED","LEGACY_COMPATIBILITY_SURFACE","LEGACY_COMPATIBILITY_ONLY","app/angelcare-marketplace/(protected)/admin/security/permissions/page.tsx; source imports/handlers and redirect target reconciled against completed approved-screen and Batch evidence."
"PAGE-456","ADMIN_PAGE","app/angelcare-marketplace/(protected)/admin/security/rbac/page.tsx","/angelcare-marketplace/admin/security/rbac","B11","NONE","@/angelcare-marketplace/reality-completion/admin-page","reality-completion/admin-page","NONE","NONE","YES","CAP-B11-008","SOURCE_REVIEWED","CANONICAL_OR_CONTEXTUAL_OPERATOR_SURFACE","MAPPED_TO_IMPLEMENTED_CAPABILITY","app/angelcare-marketplace/(protected)/admin/security/rbac/page.tsx; source imports/handlers reconciled against completed approved-screen and Batch evidence."
"PAGE-457","ADMIN_PAGE","app/angelcare-marketplace/(protected)/admin/security/recovery/page.tsx","/angelcare-marketplace/admin/security/recovery","B11","NONE","@/angelcare-marketplace/reality-completion/admin-page","reality-completion/admin-page","NONE","NONE","YES","CAP-B11-008","SOURCE_REVIEWED","CANONICAL_OR_CONTEXTUAL_OPERATOR_SURFACE","MAPPED_TO_IMPLEMENTED_CAPABILITY","app/angelcare-marketplace/(protected)/admin/security/recovery/page.tsx; source imports/handlers reconciled against completed approved-screen and Batch evidence."
"PAGE-458","ADMIN_PAGE","app/angelcare-marketplace/(protected)/admin/security/reviews/page.tsx","/angelcare-marketplace/admin/security/reviews","B11","NONE","next/navigation","NONE","NONE","/angelcare-marketplace/admin/security/access","LEGACY_COMPATIBILITY","CAP-B11-008","SOURCE_REVIEWED","LEGACY_COMPATIBILITY_SURFACE","LEGACY_COMPATIBILITY_ONLY","app/angelcare-marketplace/(protected)/admin/security/reviews/page.tsx; source imports/handlers and redirect target reconciled against completed approved-screen and Batch evidence."
"PAGE-459","ADMIN_PAGE","app/angelcare-marketplace/(protected)/admin/security/roles/page.tsx","/angelcare-marketplace/admin/security/roles","B11","NONE","next/navigation","NONE","NONE","/angelcare-marketplace/admin/security/workspace-access","LEGACY_COMPATIBILITY","CAP-B11-008","SOURCE_REVIEWED","LEGACY_COMPATIBILITY_SURFACE","LEGACY_COMPATIBILITY_ONLY","app/angelcare-marketplace/(protected)/admin/security/roles/page.tsx; source imports/handlers and redirect target reconciled against completed approved-screen and Batch evidence."
"PAGE-460","ADMIN_PAGE","app/angelcare-marketplace/(protected)/admin/security/secrets/page.tsx","/angelcare-marketplace/admin/security/secrets","B11","NONE","next/navigation","NONE","NONE","/angelcare-marketplace/admin/security","LEGACY_COMPATIBILITY","CAP-B11-008","SOURCE_REVIEWED","LEGACY_COMPATIBILITY_SURFACE","LEGACY_COMPATIBILITY_ONLY","app/angelcare-marketplace/(protected)/admin/security/secrets/page.tsx; source imports/handlers and redirect target reconciled against completed approved-screen and Batch evidence."
"PAGE-461","ADMIN_PAGE","app/angelcare-marketplace/(protected)/admin/security/separation-of-duties/page.tsx","/angelcare-marketplace/admin/security/separation-of-duties","B11","NONE","@/angelcare-marketplace/reality-completion/admin-page","reality-completion/admin-page","NONE","NONE","YES","CAP-B11-008","SOURCE_REVIEWED","CANONICAL_OR_CONTEXTUAL_OPERATOR_SURFACE","MAPPED_TO_IMPLEMENTED_CAPABILITY","app/angelcare-marketplace/(protected)/admin/security/separation-of-duties/page.tsx; source imports/handlers reconciled against completed approved-screen and Batch evidence."
"PAGE-462","ADMIN_PAGE","app/angelcare-marketplace/(protected)/admin/security/sessions/page.tsx","/angelcare-marketplace/admin/security/sessions","B11","NONE","next/navigation","NONE","NONE","/angelcare-marketplace/admin/security/incidents","LEGACY_COMPATIBILITY","CAP-B11-008","SOURCE_REVIEWED","LEGACY_COMPATIBILITY_SURFACE","LEGACY_COMPATIBILITY_ONLY","app/angelcare-marketplace/(protected)/admin/security/sessions/page.tsx; source imports/handlers and redirect target reconciled against completed approved-screen and Batch evidence."
"PAGE-463","ADMIN_PAGE","app/angelcare-marketplace/(protected)/admin/security/tenant-isolation/page.tsx","/angelcare-marketplace/admin/security/tenant-isolation","B11","NONE","@/angelcare-marketplace/reality-completion/admin-page","reality-completion/admin-page","NONE","NONE","YES","CAP-B11-008","SOURCE_REVIEWED","CANONICAL_OR_CONTEXTUAL_OPERATOR_SURFACE","MAPPED_TO_IMPLEMENTED_CAPABILITY","app/angelcare-marketplace/(protected)/admin/security/tenant-isolation/page.tsx; source imports/handlers reconciled against completed approved-screen and Batch evidence."
"PAGE-464","ADMIN_PAGE","app/angelcare-marketplace/(protected)/admin/security/territory-isolation/page.tsx","/angelcare-marketplace/admin/security/territory-isolation","B11","NONE","@/angelcare-marketplace/reality-completion/admin-page","reality-completion/admin-page","NONE","NONE","YES","CAP-B11-008","SOURCE_REVIEWED","CANONICAL_OR_CONTEXTUAL_OPERATOR_SURFACE","MAPPED_TO_IMPLEMENTED_CAPABILITY","app/angelcare-marketplace/(protected)/admin/security/territory-isolation/page.tsx; source imports/handlers reconciled against completed approved-screen and Batch evidence."
"PAGE-465","ADMIN_PAGE","app/angelcare-marketplace/(protected)/admin/security/workspace-access/page.tsx","/angelcare-marketplace/admin/security/workspace-access","B11","NONE","@/angelcare-marketplace/workspace-access/admin-page","workspace-access/admin-page","NONE","NONE","YES","CAP-B11-008","SOURCE_REVIEWED","CANONICAL_OR_CONTEXTUAL_OPERATOR_SURFACE","MAPPED_TO_IMPLEMENTED_CAPABILITY","app/angelcare-marketplace/(protected)/admin/security/workspace-access/page.tsx; source imports/handlers reconciled against completed approved-screen and Batch evidence."
"PAGE-466","ADMIN_PAGE","app/angelcare-marketplace/(protected)/admin/segments/page.tsx","/angelcare-marketplace/admin/segments","B06","dynamic","@/angelcare-marketplace/auth/context|@/angelcare-marketplace/enterprise-command/components/SegmentBuilder","auth/context|enterprise-command/components/SegmentBuilder","NONE","NONE","YES","CAP-B06-006","SOURCE_REVIEWED","CANONICAL_OR_CONTEXTUAL_OPERATOR_SURFACE","MAPPED_TO_IMPLEMENTED_CAPABILITY","app/angelcare-marketplace/(protected)/admin/segments/page.tsx; source imports/handlers reconciled against completed approved-screen and Batch evidence."
"PAGE-467","ADMIN_PAGE","app/angelcare-marketplace/(protected)/admin/subscriptions/page.tsx","/angelcare-marketplace/admin/subscriptions","B04|B10","dynamic","@/angelcare-marketplace/auth/context|@/angelcare-marketplace/enterprise-closure/repository|@/angelcare-marketplace/enterprise-closure/components/SubscriptionCommand","auth/context|enterprise-closure/repository|enterprise-closure/components/SubscriptionCommand","repository","NONE","YES","CAP-B04-008","SOURCE_REVIEWED","CANONICAL_OR_CONTEXTUAL_OPERATOR_SURFACE","MAPPED_TO_IMPLEMENTED_CAPABILITY","app/angelcare-marketplace/(protected)/admin/subscriptions/page.tsx; source imports/handlers reconciled against completed approved-screen and Batch evidence."
"PAGE-468","ADMIN_PAGE","app/angelcare-marketplace/(protected)/admin/suppliers/page.tsx","/angelcare-marketplace/admin/suppliers","B08","NONE","@/angelcare-marketplace/auth/context|@/angelcare-marketplace/marketplace-core/components/SupplierCommand|@/angelcare-marketplace/marketplace-core/repository","auth/context|marketplace-core/components/SupplierCommand|marketplace-core/repository","repository","NONE","YES","CAP-B08-009","SOURCE_REVIEWED","CANONICAL_OR_CONTEXTUAL_OPERATOR_SURFACE","MAPPED_TO_IMPLEMENTED_CAPABILITY","app/angelcare-marketplace/(protected)/admin/suppliers/page.tsx; source imports/handlers reconciled against completed approved-screen and Batch evidence."
"PAGE-469","ADMIN_PAGE","app/angelcare-marketplace/(protected)/admin/supply-network/assignments/page.tsx","/angelcare-marketplace/admin/supply-network/assignments","B08","NONE","@/angelcare-marketplace/network-capacity-grid/NetworkAreaPage","network-capacity-grid/NetworkAreaPage","NONE","NONE","YES","CAP-B08-001","SOURCE_REVIEWED","CANONICAL_OR_CONTEXTUAL_OPERATOR_SURFACE","MAPPED_TO_IMPLEMENTED_CAPABILITY","app/angelcare-marketplace/(protected)/admin/supply-network/assignments/page.tsx; source imports/handlers reconciled against completed approved-screen and Batch evidence."
"PAGE-470","ADMIN_PAGE","app/angelcare-marketplace/(protected)/admin/supply-network/availability/page.tsx","/angelcare-marketplace/admin/supply-network/availability","B08","NONE","@/angelcare-marketplace/network-capacity-grid/NetworkAreaPage","network-capacity-grid/NetworkAreaPage","NONE","NONE","YES","CAP-B08-001","SOURCE_REVIEWED","CANONICAL_OR_CONTEXTUAL_OPERATOR_SURFACE","MAPPED_TO_IMPLEMENTED_CAPABILITY","app/angelcare-marketplace/(protected)/admin/supply-network/availability/page.tsx; source imports/handlers reconciled against completed approved-screen and Batch evidence."
"PAGE-471","ADMIN_PAGE","app/angelcare-marketplace/(protected)/admin/supply-network/capacity/page.tsx","/angelcare-marketplace/admin/supply-network/capacity","B08","NONE","@/angelcare-marketplace/network-capacity-grid/NetworkAreaPage","network-capacity-grid/NetworkAreaPage","NONE","NONE","YES","CAP-B08-010","SOURCE_REVIEWED","CANONICAL_OR_CONTEXTUAL_OPERATOR_SURFACE","MAPPED_TO_IMPLEMENTED_CAPABILITY","app/angelcare-marketplace/(protected)/admin/supply-network/capacity/page.tsx; source imports/handlers reconciled against completed approved-screen and Batch evidence."
"PAGE-472","ADMIN_PAGE","app/angelcare-marketplace/(protected)/admin/supply-network/page.tsx","/angelcare-marketplace/admin/supply-network","B08","NONE","@/angelcare-marketplace/network-capacity-grid/NetworkAreaPage","network-capacity-grid/NetworkAreaPage","NONE","NONE","YES","CAP-B08-001","SOURCE_REVIEWED","CANONICAL_OR_CONTEXTUAL_OPERATOR_SURFACE","MAPPED_TO_IMPLEMENTED_CAPABILITY","app/angelcare-marketplace/(protected)/admin/supply-network/page.tsx; source imports/handlers reconciled against completed approved-screen and Batch evidence."
"PAGE-473","ADMIN_PAGE","app/angelcare-marketplace/(protected)/admin/supply-network/partners/page.tsx","/angelcare-marketplace/admin/supply-network/partners","B08","NONE","@/angelcare-marketplace/network-capacity-grid/NetworkAreaPage","network-capacity-grid/NetworkAreaPage","NONE","NONE","YES","CAP-B08-001","SOURCE_REVIEWED","CANONICAL_OR_CONTEXTUAL_OPERATOR_SURFACE","MAPPED_TO_IMPLEMENTED_CAPABILITY","app/angelcare-marketplace/(protected)/admin/supply-network/partners/page.tsx; source imports/handlers reconciled against completed approved-screen and Batch evidence."
"PAGE-474","ADMIN_PAGE","app/angelcare-marketplace/(protected)/admin/supply-network/providers/page.tsx","/angelcare-marketplace/admin/supply-network/providers","B08","NONE","@/angelcare-marketplace/network-capacity-grid/NetworkAreaPage","network-capacity-grid/NetworkAreaPage","NONE","NONE","YES","CAP-B08-001","SOURCE_REVIEWED","CANONICAL_OR_CONTEXTUAL_OPERATOR_SURFACE","MAPPED_TO_IMPLEMENTED_CAPABILITY","app/angelcare-marketplace/(protected)/admin/supply-network/providers/page.tsx; source imports/handlers reconciled against completed approved-screen and Batch evidence."
"PAGE-475","ADMIN_PAGE","app/angelcare-marketplace/(protected)/admin/supply-network/quality/page.tsx","/angelcare-marketplace/admin/supply-network/quality","B08","NONE","@/angelcare-marketplace/network-capacity-grid/NetworkAreaPage","network-capacity-grid/NetworkAreaPage","NONE","NONE","YES","CAP-B08-001","SOURCE_REVIEWED","CANONICAL_OR_CONTEXTUAL_OPERATOR_SURFACE","MAPPED_TO_IMPLEMENTED_CAPABILITY","app/angelcare-marketplace/(protected)/admin/supply-network/quality/page.tsx; source imports/handlers reconciled against completed approved-screen and Batch evidence."
"PAGE-476","ADMIN_PAGE","app/angelcare-marketplace/(protected)/admin/supply-network/suppliers/page.tsx","/angelcare-marketplace/admin/supply-network/suppliers","B08","NONE","@/angelcare-marketplace/network-capacity-grid/NetworkAreaPage","network-capacity-grid/NetworkAreaPage","NONE","NONE","YES","CAP-B08-001","SOURCE_REVIEWED","CANONICAL_OR_CONTEXTUAL_OPERATOR_SURFACE","MAPPED_TO_IMPLEMENTED_CAPABILITY","app/angelcare-marketplace/(protected)/admin/supply-network/suppliers/page.tsx; source imports/handlers reconciled against completed approved-screen and Batch evidence."
"PAGE-477","ADMIN_PAGE","app/angelcare-marketplace/(protected)/admin/supply-network/vendors/page.tsx","/angelcare-marketplace/admin/supply-network/vendors","B08","NONE","@/angelcare-marketplace/network-capacity-grid/NetworkAreaPage","network-capacity-grid/NetworkAreaPage","NONE","NONE","YES","CAP-B08-001","SOURCE_REVIEWED","CANONICAL_OR_CONTEXTUAL_OPERATOR_SURFACE","MAPPED_TO_IMPLEMENTED_CAPABILITY","app/angelcare-marketplace/(protected)/admin/supply-network/vendors/page.tsx; source imports/handlers reconciled against completed approved-screen and Batch evidence."
"PAGE-478","ADMIN_PAGE","app/angelcare-marketplace/(protected)/admin/territories/[territoryCode]/health/page.tsx","/angelcare-marketplace/admin/territories/:territoryCode/health","UNMAPPED","NONE","@/angelcare-marketplace/auth/context|@/angelcare-marketplace/territory-os/components/TerritoryHealthClient|@/angelcare-marketplace/territory-os/repository","auth/context|territory-os/components/TerritoryHealthClient|territory-os/repository","repository","NONE","YES","CAP-B07-008","SOURCE_REVIEWED","CANONICAL_OR_CONTEXTUAL_OPERATOR_SURFACE","MAPPED_TO_IMPLEMENTED_CAPABILITY","app/angelcare-marketplace/(protected)/admin/territories/[territoryCode]/health/page.tsx; source imports/handlers reconciled against completed approved-screen and Batch evidence."
"PAGE-479","ADMIN_PAGE","app/angelcare-marketplace/(protected)/admin/territories/[territoryCode]/overrides/page.tsx","/angelcare-marketplace/admin/territories/:territoryCode/overrides","UNMAPPED","NONE","@/angelcare-marketplace/auth/context|@/angelcare-marketplace/territory-os/components/OverrideStudioClient|@/angelcare-marketplace/territory-os/repository","auth/context|territory-os/components/OverrideStudioClient|territory-os/repository","repository","NONE","YES","CAP-B07-008","SOURCE_REVIEWED","CANONICAL_OR_CONTEXTUAL_OPERATOR_SURFACE","MAPPED_TO_IMPLEMENTED_CAPABILITY","app/angelcare-marketplace/(protected)/admin/territories/[territoryCode]/overrides/page.tsx; source imports/handlers reconciled against completed approved-screen and Batch evidence."
"PAGE-480","ADMIN_PAGE","app/angelcare-marketplace/(protected)/admin/territories/[territoryCode]/page.tsx","/angelcare-marketplace/admin/territories/:territoryCode","UNMAPPED","metadata","@/angelcare-marketplace/auth/context|@/angelcare-marketplace/territory-os/components/TerritoryDetailCommand|@/angelcare-marketplace/territory-os/repository","auth/context|territory-os/components/TerritoryDetailCommand|territory-os/repository","repository","NONE","YES","CAP-B07-008","SOURCE_REVIEWED","CANONICAL_OR_CONTEXTUAL_OPERATOR_SURFACE","MAPPED_TO_IMPLEMENTED_CAPABILITY","app/angelcare-marketplace/(protected)/admin/territories/[territoryCode]/page.tsx; source imports/handlers reconciled against completed approved-screen and Batch evidence."
"PAGE-481","ADMIN_PAGE","app/angelcare-marketplace/(protected)/admin/territories/[territoryCode]/preview/page.tsx","/angelcare-marketplace/admin/territories/:territoryCode/preview","UNMAPPED","NONE","@/angelcare-marketplace/auth/context|@/angelcare-marketplace/territory-os/components/TerritoryPreview|@/angelcare-marketplace/territory-os/repository","auth/context|territory-os/components/TerritoryPreview|territory-os/repository","repository","NONE","YES","CAP-B07-008","SOURCE_REVIEWED","CANONICAL_OR_CONTEXTUAL_OPERATOR_SURFACE","MAPPED_TO_IMPLEMENTED_CAPABILITY","app/angelcare-marketplace/(protected)/admin/territories/[territoryCode]/preview/page.tsx; source imports/handlers reconciled against completed approved-screen and Batch evidence."
"PAGE-482","ADMIN_PAGE","app/angelcare-marketplace/(protected)/admin/territories/[territoryCode]/readiness/page.tsx","/angelcare-marketplace/admin/territories/:territoryCode/readiness","UNMAPPED","NONE","@/angelcare-marketplace/auth/context|@/angelcare-marketplace/territory-os/components/ReadinessBoardClient|@/angelcare-marketplace/territory-os/readiness|@/angelcare-marketplace/territory-os/repository","auth/context|territory-os/components/ReadinessBoardClient|territory-os/readiness|territory-os/repository","repository","NONE","YES","CAP-B07-008","SOURCE_REVIEWED","CANONICAL_OR_CONTEXTUAL_OPERATOR_SURFACE","MAPPED_TO_IMPLEMENTED_CAPABILITY","app/angelcare-marketplace/(protected)/admin/territories/[territoryCode]/readiness/page.tsx; source imports/handlers reconciled against completed approved-screen and Batch evidence."
"PAGE-483","ADMIN_PAGE","app/angelcare-marketplace/(protected)/admin/territories/[territoryCode]/settings/page.tsx","/angelcare-marketplace/admin/territories/:territoryCode/settings","UNMAPPED","NONE","@/angelcare-marketplace/auth/context|@/angelcare-marketplace/territory-os/components/TerritorySettingsClient|@/angelcare-marketplace/territory-os/repository","auth/context|territory-os/components/TerritorySettingsClient|territory-os/repository","repository","NONE","YES","CAP-B07-008","SOURCE_REVIEWED","CANONICAL_OR_CONTEXTUAL_OPERATOR_SURFACE","MAPPED_TO_IMPLEMENTED_CAPABILITY","app/angelcare-marketplace/(protected)/admin/territories/[territoryCode]/settings/page.tsx; source imports/handlers reconciled against completed approved-screen and Batch evidence."
"PAGE-484","ADMIN_PAGE","app/angelcare-marketplace/(protected)/admin/territories/clone/page.tsx","/angelcare-marketplace/admin/territories/clone","B07","metadata","@/angelcare-marketplace/auth/context|@/angelcare-marketplace/territory-os/components/CloneTerritoryWizard|@/angelcare-marketplace/territory-os/repository","auth/context|territory-os/components/CloneTerritoryWizard|territory-os/repository","repository","NONE","YES","CAP-B07-008","SOURCE_REVIEWED","CANONICAL_OR_CONTEXTUAL_OPERATOR_SURFACE","MAPPED_TO_IMPLEMENTED_CAPABILITY","app/angelcare-marketplace/(protected)/admin/territories/clone/page.tsx; source imports/handlers reconciled against completed approved-screen and Batch evidence."
"PAGE-485","ADMIN_PAGE","app/angelcare-marketplace/(protected)/admin/territories/new/page.tsx","/angelcare-marketplace/admin/territories/new","B07","metadata","@/angelcare-marketplace/auth/context|@/angelcare-marketplace/territory-os/components/CreateTerritoryWizard|@/angelcare-marketplace/territory-os/repository","auth/context|territory-os/components/CreateTerritoryWizard|territory-os/repository","repository","NONE","YES","CAP-B07-008","SOURCE_REVIEWED","CANONICAL_OR_CONTEXTUAL_OPERATOR_SURFACE","MAPPED_TO_IMPLEMENTED_CAPABILITY","app/angelcare-marketplace/(protected)/admin/territories/new/page.tsx; source imports/handlers reconciled against completed approved-screen and Batch evidence."
"PAGE-486","ADMIN_PAGE","app/angelcare-marketplace/(protected)/admin/territories/page.tsx","/angelcare-marketplace/admin/territories","B07","metadata","@/angelcare-marketplace/auth/context|@/angelcare-marketplace/territory-os/components/TerritoryCommandCockpit|@/angelcare-marketplace/territory-os/repository","auth/context|territory-os/components/TerritoryCommandCockpit|territory-os/repository","repository","NONE","YES","CAP-B07-008","SOURCE_REVIEWED","CANONICAL_OR_CONTEXTUAL_OPERATOR_SURFACE","MAPPED_TO_IMPLEMENTED_CAPABILITY","app/angelcare-marketplace/(protected)/admin/territories/page.tsx; source imports/handlers reconciled against completed approved-screen and Batch evidence."
"PAGE-487","ADMIN_PAGE","app/angelcare-marketplace/(protected)/admin/territories/registry/page.tsx","/angelcare-marketplace/admin/territories/registry","B07","metadata","@/angelcare-marketplace/auth/context|@/angelcare-marketplace/territory-os/components/TerritoryRegistryClient|@/angelcare-marketplace/territory-os/repository","auth/context|territory-os/components/TerritoryRegistryClient|territory-os/repository","repository","NONE","YES","CAP-B07-008","SOURCE_REVIEWED","CANONICAL_OR_CONTEXTUAL_OPERATOR_SURFACE","MAPPED_TO_IMPLEMENTED_CAPABILITY","app/angelcare-marketplace/(protected)/admin/territories/registry/page.tsx; source imports/handlers reconciled against completed approved-screen and Batch evidence."
"PAGE-488","ADMIN_PAGE","app/angelcare-marketplace/(protected)/admin/trust/audits/page.tsx","/angelcare-marketplace/admin/trust/audits","B11","NONE","@/angelcare-marketplace/reality-completion/admin-page","reality-completion/admin-page","NONE","NONE","YES","CAP-B11-001","SOURCE_REVIEWED","CANONICAL_OR_CONTEXTUAL_OPERATOR_SURFACE","MAPPED_TO_IMPLEMENTED_CAPABILITY","app/angelcare-marketplace/(protected)/admin/trust/audits/page.tsx; source imports/handlers reconciled against completed approved-screen and Batch evidence."
"PAGE-489","ADMIN_PAGE","app/angelcare-marketplace/(protected)/admin/trust/badges/page.tsx","/angelcare-marketplace/admin/trust/badges","B11","NONE","@/angelcare-marketplace/auth/context|@/angelcare-marketplace/trust-quality/repository|@/angelcare-marketplace/trust-quality/components/TrustRegisters","auth/context|trust-quality/repository|trust-quality/components/TrustRegisters","repository","NONE","YES","CAP-B11-001","SOURCE_REVIEWED","CANONICAL_OR_CONTEXTUAL_OPERATOR_SURFACE","MAPPED_TO_IMPLEMENTED_CAPABILITY","app/angelcare-marketplace/(protected)/admin/trust/badges/page.tsx; source imports/handlers reconciled against completed approved-screen and Batch evidence."
"PAGE-490","ADMIN_PAGE","app/angelcare-marketplace/(protected)/admin/trust/command/page.tsx","/angelcare-marketplace/admin/trust/command","B11","NONE","next/navigation","NONE","NONE","/angelcare-marketplace/admin/trust","LEGACY_COMPATIBILITY","CAP-B11-001","SOURCE_REVIEWED","LEGACY_COMPATIBILITY_SURFACE","LEGACY_COMPATIBILITY_ONLY","app/angelcare-marketplace/(protected)/admin/trust/command/page.tsx; source imports/handlers and redirect target reconciled against completed approved-screen and Batch evidence."
"PAGE-491","ADMIN_PAGE","app/angelcare-marketplace/(protected)/admin/trust/complaints/page.tsx","/angelcare-marketplace/admin/trust/complaints","B11","NONE","@/angelcare-marketplace/auth/context|@/angelcare-marketplace/trust-quality/repository|@/angelcare-marketplace/trust-quality/components/ComplaintCommand","auth/context|trust-quality/repository|trust-quality/components/ComplaintCommand","repository","NONE","YES","CAP-B11-003","SOURCE_REVIEWED","CANONICAL_OR_CONTEXTUAL_OPERATOR_SURFACE","MAPPED_TO_IMPLEMENTED_CAPABILITY","app/angelcare-marketplace/(protected)/admin/trust/complaints/page.tsx; source imports/handlers reconciled against completed approved-screen and Batch evidence."
"PAGE-492","ADMIN_PAGE","app/angelcare-marketplace/(protected)/admin/trust/compliance/page.tsx","/angelcare-marketplace/admin/trust/compliance","B11","NONE","@/angelcare-marketplace/auth/context|@/angelcare-marketplace/trust-quality/repository|@/angelcare-marketplace/trust-quality/components/TrustRegisters","auth/context|trust-quality/repository|trust-quality/components/TrustRegisters","repository","NONE","YES","CAP-B11-001","SOURCE_REVIEWED","CANONICAL_OR_CONTEXTUAL_OPERATOR_SURFACE","MAPPED_TO_IMPLEMENTED_CAPABILITY","app/angelcare-marketplace/(protected)/admin/trust/compliance/page.tsx; source imports/handlers reconciled against completed approved-screen and Batch evidence."
"PAGE-493","ADMIN_PAGE","app/angelcare-marketplace/(protected)/admin/trust/corrective-actions/page.tsx","/angelcare-marketplace/admin/trust/corrective-actions","B11","NONE","@/angelcare-marketplace/auth/context|@/angelcare-marketplace/trust-quality/repository|@/angelcare-marketplace/trust-quality/components/CapaCommand","auth/context|trust-quality/repository|trust-quality/components/CapaCommand","repository","NONE","YES","CAP-B11-001","SOURCE_REVIEWED","CANONICAL_OR_CONTEXTUAL_OPERATOR_SURFACE","MAPPED_TO_IMPLEMENTED_CAPABILITY","app/angelcare-marketplace/(protected)/admin/trust/corrective-actions/page.tsx; source imports/handlers reconciled against completed approved-screen and Batch evidence."
"PAGE-494","ADMIN_PAGE","app/angelcare-marketplace/(protected)/admin/trust/evidence/page.tsx","/angelcare-marketplace/admin/trust/evidence","B11","NONE","@/angelcare-marketplace/auth/context|@/angelcare-marketplace/trust-quality/repository|@/angelcare-marketplace/trust-quality/components/EvidenceAuthority","auth/context|trust-quality/repository|trust-quality/components/EvidenceAuthority","repository","NONE","YES","CAP-B11-001","SOURCE_REVIEWED","CANONICAL_OR_CONTEXTUAL_OPERATOR_SURFACE","MAPPED_TO_IMPLEMENTED_CAPABILITY","app/angelcare-marketplace/(protected)/admin/trust/evidence/page.tsx; source imports/handlers reconciled against completed approved-screen and Batch evidence."
"PAGE-495","ADMIN_PAGE","app/angelcare-marketplace/(protected)/admin/trust/investigations/page.tsx","/angelcare-marketplace/admin/trust/investigations","B11","NONE","@/angelcare-marketplace/reality-completion/admin-page","reality-completion/admin-page","NONE","NONE","YES","CAP-B11-001","SOURCE_REVIEWED","CANONICAL_OR_CONTEXTUAL_OPERATOR_SURFACE","MAPPED_TO_IMPLEMENTED_CAPABILITY","app/angelcare-marketplace/(protected)/admin/trust/investigations/page.tsx; source imports/handlers reconciled against completed approved-screen and Batch evidence."
"PAGE-496","ADMIN_PAGE","app/angelcare-marketplace/(protected)/admin/trust/non-conformities/page.tsx","/angelcare-marketplace/admin/trust/non-conformities","B11","NONE","@/angelcare-marketplace/auth/context|@/angelcare-marketplace/trust-quality/repository|@/angelcare-marketplace/trust-quality/components/TrustRegisters","auth/context|trust-quality/repository|trust-quality/components/TrustRegisters","repository","NONE","YES","CAP-B11-001","SOURCE_REVIEWED","CANONICAL_OR_CONTEXTUAL_OPERATOR_SURFACE","MAPPED_TO_IMPLEMENTED_CAPABILITY","app/angelcare-marketplace/(protected)/admin/trust/non-conformities/page.tsx; source imports/handlers reconciled against completed approved-screen and Batch evidence."
"PAGE-497","ADMIN_PAGE","app/angelcare-marketplace/(protected)/admin/trust/page.tsx","/angelcare-marketplace/admin/trust","B11","NONE","@/angelcare-marketplace/auth/context|@/angelcare-marketplace/trust-quality/repository|@/angelcare-marketplace/trust-quality/components/TrustCommand","auth/context|trust-quality/repository|trust-quality/components/TrustCommand","repository","NONE","YES","CAP-B11-001","SOURCE_REVIEWED","CANONICAL_OR_CONTEXTUAL_OPERATOR_SURFACE","MAPPED_TO_IMPLEMENTED_CAPABILITY","app/angelcare-marketplace/(protected)/admin/trust/page.tsx; source imports/handlers reconciled against completed approved-screen and Batch evidence."
"PAGE-498","ADMIN_PAGE","app/angelcare-marketplace/(protected)/admin/trust/quality-check-360/page.tsx","/angelcare-marketplace/admin/trust/quality-check-360","B11","NONE","@/angelcare-marketplace/auth/context|@/angelcare-marketplace/trust-quality/repository|@/angelcare-marketplace/trust-quality/components/Quality360Command","auth/context|trust-quality/repository|trust-quality/components/Quality360Command","repository","NONE","YES","CAP-B11-002","SOURCE_REVIEWED","CANONICAL_OR_CONTEXTUAL_OPERATOR_SURFACE","MAPPED_TO_IMPLEMENTED_CAPABILITY","app/angelcare-marketplace/(protected)/admin/trust/quality-check-360/page.tsx; source imports/handlers reconciled against completed approved-screen and Batch evidence."
"PAGE-499","ADMIN_PAGE","app/angelcare-marketplace/(protected)/admin/trust/reports/page.tsx","/angelcare-marketplace/admin/trust/reports","B11","NONE","@/angelcare-marketplace/reality-completion/admin-page","reality-completion/admin-page","NONE","NONE","YES","CAP-B11-001","SOURCE_REVIEWED","CANONICAL_OR_CONTEXTUAL_OPERATOR_SURFACE","MAPPED_TO_IMPLEMENTED_CAPABILITY","app/angelcare-marketplace/(protected)/admin/trust/reports/page.tsx; source imports/handlers reconciled against completed approved-screen and Batch evidence."
"PAGE-500","ADMIN_PAGE","app/angelcare-marketplace/(protected)/admin/trust/sensitive-content/page.tsx","/angelcare-marketplace/admin/trust/sensitive-content","B11","NONE","@/angelcare-marketplace/auth/context|@/angelcare-marketplace/trust-quality/repository|@/angelcare-marketplace/trust-quality/components/SensitiveContentCommand","auth/context|trust-quality/repository|trust-quality/components/SensitiveContentCommand","repository","NONE","YES","CAP-B11-001","SOURCE_REVIEWED","CANONICAL_OR_CONTEXTUAL_OPERATOR_SURFACE","MAPPED_TO_IMPLEMENTED_CAPABILITY","app/angelcare-marketplace/(protected)/admin/trust/sensitive-content/page.tsx; source imports/handlers reconciled against completed approved-screen and Batch evidence."
"PAGE-501","ADMIN_PAGE","app/angelcare-marketplace/(protected)/admin/trust/sops/page.tsx","/angelcare-marketplace/admin/trust/sops","B11","NONE","@/angelcare-marketplace/auth/context|@/angelcare-marketplace/trust-quality/repository|@/angelcare-marketplace/trust-quality/components/SopAuthority","auth/context|trust-quality/repository|trust-quality/components/SopAuthority","repository","NONE","YES","CAP-B11-004","SOURCE_REVIEWED","CANONICAL_OR_CONTEXTUAL_OPERATOR_SURFACE","MAPPED_TO_IMPLEMENTED_CAPABILITY","app/angelcare-marketplace/(protected)/admin/trust/sops/page.tsx; source imports/handlers reconciled against completed approved-screen and Batch evidence."
"PAGE-502","ADMIN_PAGE","app/angelcare-marketplace/(protected)/admin/trust/standards/page.tsx","/angelcare-marketplace/admin/trust/standards","B11","NONE","@/angelcare-marketplace/auth/context|@/angelcare-marketplace/trust-quality/repository|@/angelcare-marketplace/trust-quality/components/TrustRegisters","auth/context|trust-quality/repository|trust-quality/components/TrustRegisters","repository","NONE","YES","CAP-B11-001","SOURCE_REVIEWED","CANONICAL_OR_CONTEXTUAL_OPERATOR_SURFACE","MAPPED_TO_IMPLEMENTED_CAPABILITY","app/angelcare-marketplace/(protected)/admin/trust/standards/page.tsx; source imports/handlers reconciled against completed approved-screen and Batch evidence."
"PAGE-503","ADMIN_PAGE","app/angelcare-marketplace/(protected)/admin/vendors/catalog-links/page.tsx","/angelcare-marketplace/admin/vendors/catalog-links","B08","NONE","@/angelcare-marketplace/auth/context|@/angelcare-marketplace/vendor-authority/components/VendorAuthorityClient|@/angelcare-marketplace/vendor-authority/repository","auth/context|vendor-authority/components/VendorAuthorityClient|vendor-authority/repository","authority|repository","NONE","YES","CAP-B08-006","SOURCE_REVIEWED","CANONICAL_OR_CONTEXTUAL_OPERATOR_SURFACE","MAPPED_TO_IMPLEMENTED_CAPABILITY","app/angelcare-marketplace/(protected)/admin/vendors/catalog-links/page.tsx; source imports/handlers reconciled against completed approved-screen and Batch evidence."
"PAGE-504","ADMIN_PAGE","app/angelcare-marketplace/(protected)/admin/vendors/contracts/page.tsx","/angelcare-marketplace/admin/vendors/contracts","B08","NONE","@/angelcare-marketplace/auth/context|@/angelcare-marketplace/vendor-authority/components/VendorAuthorityClient|@/angelcare-marketplace/vendor-authority/repository","auth/context|vendor-authority/components/VendorAuthorityClient|vendor-authority/repository","authority|repository","NONE","YES","CAP-B08-007","SOURCE_REVIEWED","CANONICAL_OR_CONTEXTUAL_OPERATOR_SURFACE","MAPPED_TO_IMPLEMENTED_CAPABILITY","app/angelcare-marketplace/(protected)/admin/vendors/contracts/page.tsx; source imports/handlers reconciled against completed approved-screen and Batch evidence."
"PAGE-505","ADMIN_PAGE","app/angelcare-marketplace/(protected)/admin/vendors/disputes/page.tsx","/angelcare-marketplace/admin/vendors/disputes","B08","NONE","@/angelcare-marketplace/auth/context|@/angelcare-marketplace/vendor-authority/components/VendorAuthorityClient|@/angelcare-marketplace/vendor-authority/repository","auth/context|vendor-authority/components/VendorAuthorityClient|vendor-authority/repository","authority|repository","NONE","YES","CAP-B08-006","SOURCE_REVIEWED","CANONICAL_OR_CONTEXTUAL_OPERATOR_SURFACE","MAPPED_TO_IMPLEMENTED_CAPABILITY","app/angelcare-marketplace/(protected)/admin/vendors/disputes/page.tsx; source imports/handlers reconciled against completed approved-screen and Batch evidence."
"PAGE-506","ADMIN_PAGE","app/angelcare-marketplace/(protected)/admin/vendors/inventory/page.tsx","/angelcare-marketplace/admin/vendors/inventory","B08","NONE","@/angelcare-marketplace/auth/context|@/angelcare-marketplace/vendor-authority/components/VendorAuthorityClient|@/angelcare-marketplace/vendor-authority/repository","auth/context|vendor-authority/components/VendorAuthorityClient|vendor-authority/repository","authority|repository","NONE","YES","CAP-B08-006","SOURCE_REVIEWED","CANONICAL_OR_CONTEXTUAL_OPERATOR_SURFACE","MAPPED_TO_IMPLEMENTED_CAPABILITY","app/angelcare-marketplace/(protected)/admin/vendors/inventory/page.tsx; source imports/handlers reconciled against completed approved-screen and Batch evidence."
"PAGE-507","ADMIN_PAGE","app/angelcare-marketplace/(protected)/admin/vendors/onboarding/page.tsx","/angelcare-marketplace/admin/vendors/onboarding","B08","NONE","@/angelcare-marketplace/auth/context|@/angelcare-marketplace/vendor-authority/components/VendorAuthorityClient|@/angelcare-marketplace/vendor-authority/repository","auth/context|vendor-authority/components/VendorAuthorityClient|vendor-authority/repository","authority|repository","NONE","YES","CAP-B08-006","SOURCE_REVIEWED","CANONICAL_OR_CONTEXTUAL_OPERATOR_SURFACE","MAPPED_TO_IMPLEMENTED_CAPABILITY","app/angelcare-marketplace/(protected)/admin/vendors/onboarding/page.tsx; source imports/handlers reconciled against completed approved-screen and Batch evidence."
"PAGE-508","ADMIN_PAGE","app/angelcare-marketplace/(protected)/admin/vendors/orders/page.tsx","/angelcare-marketplace/admin/vendors/orders","B08","NONE","@/angelcare-marketplace/auth/context|@/angelcare-marketplace/vendor-authority/components/VendorAuthorityClient|@/angelcare-marketplace/vendor-authority/repository","auth/context|vendor-authority/components/VendorAuthorityClient|vendor-authority/repository","authority|repository","NONE","YES","CAP-B08-008","SOURCE_REVIEWED","CANONICAL_OR_CONTEXTUAL_OPERATOR_SURFACE","MAPPED_TO_IMPLEMENTED_CAPABILITY","app/angelcare-marketplace/(protected)/admin/vendors/orders/page.tsx; source imports/handlers reconciled against completed approved-screen and Batch evidence."
"PAGE-509","ADMIN_PAGE","app/angelcare-marketplace/(protected)/admin/vendors/page.tsx","/angelcare-marketplace/admin/vendors","B08","NONE","@/angelcare-marketplace/auth/context|@/angelcare-marketplace/vendor-authority/components/VendorAuthorityClient|@/angelcare-marketplace/vendor-authority/repository","auth/context|vendor-authority/components/VendorAuthorityClient|vendor-authority/repository","authority|repository","NONE","YES","CAP-B08-006","SOURCE_REVIEWED","CANONICAL_OR_CONTEXTUAL_OPERATOR_SURFACE","MAPPED_TO_IMPLEMENTED_CAPABILITY","app/angelcare-marketplace/(protected)/admin/vendors/page.tsx; source imports/handlers reconciled against completed approved-screen and Batch evidence."
"PAGE-510","ADMIN_PAGE","app/angelcare-marketplace/(protected)/admin/vendors/performance/page.tsx","/angelcare-marketplace/admin/vendors/performance","B08","NONE","@/angelcare-marketplace/auth/context|@/angelcare-marketplace/vendor-authority/components/VendorAuthorityClient|@/angelcare-marketplace/vendor-authority/repository","auth/context|vendor-authority/components/VendorAuthorityClient|vendor-authority/repository","authority|repository","NONE","YES","CAP-B08-006","SOURCE_REVIEWED","CANONICAL_OR_CONTEXTUAL_OPERATOR_SURFACE","MAPPED_TO_IMPLEMENTED_CAPABILITY","app/angelcare-marketplace/(protected)/admin/vendors/performance/page.tsx; source imports/handlers reconciled against completed approved-screen and Batch evidence."
"PAGE-511","ADMIN_PAGE","app/angelcare-marketplace/(protected)/admin/vendors/quality/page.tsx","/angelcare-marketplace/admin/vendors/quality","B08","NONE","@/angelcare-marketplace/auth/context|@/angelcare-marketplace/vendor-authority/components/VendorAuthorityClient|@/angelcare-marketplace/vendor-authority/repository","auth/context|vendor-authority/components/VendorAuthorityClient|vendor-authority/repository","authority|repository","NONE","YES","CAP-B08-006","SOURCE_REVIEWED","CANONICAL_OR_CONTEXTUAL_OPERATOR_SURFACE","MAPPED_TO_IMPLEMENTED_CAPABILITY","app/angelcare-marketplace/(protected)/admin/vendors/quality/page.tsx; source imports/handlers reconciled against completed approved-screen and Batch evidence."
"PAGE-512","ADMIN_PAGE","app/angelcare-marketplace/(protected)/admin/vendors/registry/page.tsx","/angelcare-marketplace/admin/vendors/registry","B08","NONE","@/angelcare-marketplace/auth/context|@/angelcare-marketplace/vendor-authority/components/VendorAuthorityClient|@/angelcare-marketplace/vendor-authority/repository","auth/context|vendor-authority/components/VendorAuthorityClient|vendor-authority/repository","authority|repository","NONE","YES","CAP-B08-006","SOURCE_REVIEWED","CANONICAL_OR_CONTEXTUAL_OPERATOR_SURFACE","MAPPED_TO_IMPLEMENTED_CAPABILITY","app/angelcare-marketplace/(protected)/admin/vendors/registry/page.tsx; source imports/handlers reconciled against completed approved-screen and Batch evidence."
"PAGE-513","ADMIN_PAGE","app/angelcare-marketplace/(protected)/admin/vendors/settlements/page.tsx","/angelcare-marketplace/admin/vendors/settlements","B08","NONE","@/angelcare-marketplace/auth/context|@/angelcare-marketplace/vendor-authority/components/VendorAuthorityClient|@/angelcare-marketplace/vendor-authority/repository","auth/context|vendor-authority/components/VendorAuthorityClient|vendor-authority/repository","authority|repository","NONE","YES","CAP-B08-006","SOURCE_REVIEWED","CANONICAL_OR_CONTEXTUAL_OPERATOR_SURFACE","MAPPED_TO_IMPLEMENTED_CAPABILITY","app/angelcare-marketplace/(protected)/admin/vendors/settlements/page.tsx; source imports/handlers reconciled against completed approved-screen and Batch evidence."
"PAGE-514","ADMIN_PAGE","app/angelcare-marketplace/(protected)/admin/verticals/corporates/eligibility/page.tsx","/angelcare-marketplace/admin/verticals/corporates/eligibility","B09","NONE","@/angelcare-marketplace/auth/context|@/angelcare-marketplace/b2b-verticals/components/SpecializedBoards|@/angelcare-marketplace/b2b-verticals/repository","auth/context|b2b-verticals/components/SpecializedBoards|b2b-verticals/repository","repository","NONE","YES","CAP-B09-007","SOURCE_REVIEWED","CANONICAL_OR_CONTEXTUAL_OPERATOR_SURFACE","MAPPED_TO_IMPLEMENTED_CAPABILITY","app/angelcare-marketplace/(protected)/admin/verticals/corporates/eligibility/page.tsx; source imports/handlers reconciled against completed approved-screen and Batch evidence."
"PAGE-515","ADMIN_PAGE","app/angelcare-marketplace/(protected)/admin/verticals/corporates/impact/page.tsx","/angelcare-marketplace/admin/verticals/corporates/impact","B09","NONE","@/angelcare-marketplace/auth/context|@/angelcare-marketplace/b2b-verticals/components/VerticalOperationsBoard|@/angelcare-marketplace/b2b-verticals/repository","auth/context|b2b-verticals/components/VerticalOperationsBoard|b2b-verticals/repository","repository","NONE","YES","CAP-B09-005","SOURCE_REVIEWED","CANONICAL_OR_CONTEXTUAL_OPERATOR_SURFACE","MAPPED_TO_IMPLEMENTED_CAPABILITY","app/angelcare-marketplace/(protected)/admin/verticals/corporates/impact/page.tsx; source imports/handlers reconciled against completed approved-screen and Batch evidence."
"PAGE-516","ADMIN_PAGE","app/angelcare-marketplace/(protected)/admin/verticals/corporates/page.tsx","/angelcare-marketplace/admin/verticals/corporates","B09","NONE","@/angelcare-marketplace/auth/context|@/angelcare-marketplace/b2b-verticals/components/CorporateCommand|@/angelcare-marketplace/b2b-verticals/repository","auth/context|b2b-verticals/components/CorporateCommand|b2b-verticals/repository","repository","NONE","YES","CAP-B09-007","SOURCE_REVIEWED","CANONICAL_OR_CONTEXTUAL_OPERATOR_SURFACE","MAPPED_TO_IMPLEMENTED_CAPABILITY","app/angelcare-marketplace/(protected)/admin/verticals/corporates/page.tsx; source imports/handlers reconciled against completed approved-screen and Batch evidence."
"PAGE-517","ADMIN_PAGE","app/angelcare-marketplace/(protected)/admin/verticals/corporates/programs/page.tsx","/angelcare-marketplace/admin/verticals/corporates/programs","B09","NONE","@/angelcare-marketplace/auth/context|@/angelcare-marketplace/b2b-verticals/components/VerticalOperationsBoard|@/angelcare-marketplace/b2b-verticals/repository","auth/context|b2b-verticals/components/VerticalOperationsBoard|b2b-verticals/repository","repository|service","NONE","YES","CAP-B09-005","SOURCE_REVIEWED","CANONICAL_OR_CONTEXTUAL_OPERATOR_SURFACE","MAPPED_TO_IMPLEMENTED_CAPABILITY","app/angelcare-marketplace/(protected)/admin/verticals/corporates/programs/page.tsx; source imports/handlers reconciled against completed approved-screen and Batch evidence."
"PAGE-518","ADMIN_PAGE","app/angelcare-marketplace/(protected)/admin/verticals/corporates/usage/page.tsx","/angelcare-marketplace/admin/verticals/corporates/usage","B09","NONE","@/angelcare-marketplace/auth/context|@/angelcare-marketplace/b2b-verticals/components/VerticalOperationsBoard|@/angelcare-marketplace/b2b-verticals/repository","auth/context|b2b-verticals/components/VerticalOperationsBoard|b2b-verticals/repository","repository","NONE","YES","CAP-B09-005","SOURCE_REVIEWED","CANONICAL_OR_CONTEXTUAL_OPERATOR_SURFACE","MAPPED_TO_IMPLEMENTED_CAPABILITY","app/angelcare-marketplace/(protected)/admin/verticals/corporates/usage/page.tsx; source imports/handlers reconciled against completed approved-screen and Batch evidence."
"PAGE-519","ADMIN_PAGE","app/angelcare-marketplace/(protected)/admin/verticals/establishments/conversions/page.tsx","/angelcare-marketplace/admin/verticals/establishments/conversions","B09","NONE","@/angelcare-marketplace/auth/context|@/angelcare-marketplace/b2b-verticals/components/PortfolioRegistry|@/angelcare-marketplace/b2b-verticals/repository","auth/context|b2b-verticals/components/PortfolioRegistry|b2b-verticals/repository","repository","NONE","YES","CAP-B09-008","SOURCE_REVIEWED","CANONICAL_OR_CONTEXTUAL_OPERATOR_SURFACE","MAPPED_TO_IMPLEMENTED_CAPABILITY","app/angelcare-marketplace/(protected)/admin/verticals/establishments/conversions/page.tsx; source imports/handlers reconciled against completed approved-screen and Batch evidence."
"PAGE-520","ADMIN_PAGE","app/angelcare-marketplace/(protected)/admin/verticals/establishments/diagnostics/page.tsx","/angelcare-marketplace/admin/verticals/establishments/diagnostics","B09","NONE","@/angelcare-marketplace/auth/context|@/angelcare-marketplace/b2b-verticals/components/PortfolioRegistry|@/angelcare-marketplace/b2b-verticals/repository","auth/context|b2b-verticals/components/PortfolioRegistry|b2b-verticals/repository","repository","NONE","YES","CAP-B09-008","SOURCE_REVIEWED","CANONICAL_OR_CONTEXTUAL_OPERATOR_SURFACE","MAPPED_TO_IMPLEMENTED_CAPABILITY","app/angelcare-marketplace/(protected)/admin/verticals/establishments/diagnostics/page.tsx; source imports/handlers reconciled against completed approved-screen and Batch evidence."
"PAGE-521","ADMIN_PAGE","app/angelcare-marketplace/(protected)/admin/verticals/establishments/page.tsx","/angelcare-marketplace/admin/verticals/establishments","B09","NONE","@/angelcare-marketplace/auth/context|@/angelcare-marketplace/b2b-verticals/components/EstablishmentsCommand|@/angelcare-marketplace/b2b-verticals/repository","auth/context|b2b-verticals/components/EstablishmentsCommand|b2b-verticals/repository","repository","NONE","YES","CAP-B09-008","SOURCE_REVIEWED","CANONICAL_OR_CONTEXTUAL_OPERATOR_SURFACE","MAPPED_TO_IMPLEMENTED_CAPABILITY","app/angelcare-marketplace/(protected)/admin/verticals/establishments/page.tsx; source imports/handlers reconciled against completed approved-screen and Batch evidence."
"PAGE-522","ADMIN_PAGE","app/angelcare-marketplace/(protected)/admin/verticals/establishments/proposals/page.tsx","/angelcare-marketplace/admin/verticals/establishments/proposals","B09","NONE","@/angelcare-marketplace/auth/context|@/angelcare-marketplace/b2b-verticals/components/PortfolioRegistry|@/angelcare-marketplace/b2b-verticals/repository","auth/context|b2b-verticals/components/PortfolioRegistry|b2b-verticals/repository","repository","NONE","YES","CAP-B09-008","SOURCE_REVIEWED","CANONICAL_OR_CONTEXTUAL_OPERATOR_SURFACE","MAPPED_TO_IMPLEMENTED_CAPABILITY","app/angelcare-marketplace/(protected)/admin/verticals/establishments/proposals/page.tsx; source imports/handlers reconciled against completed approved-screen and Batch evidence."
"PAGE-523","ADMIN_PAGE","app/angelcare-marketplace/(protected)/admin/verticals/establishments/quality-checks/page.tsx","/angelcare-marketplace/admin/verticals/establishments/quality-checks","B09","NONE","@/angelcare-marketplace/auth/context|@/angelcare-marketplace/b2b-verticals/components/SpecializedBoards|@/angelcare-marketplace/b2b-verticals/repository","auth/context|b2b-verticals/components/SpecializedBoards|b2b-verticals/repository","repository","NONE","YES","CAP-B09-008","SOURCE_REVIEWED","CANONICAL_OR_CONTEXTUAL_OPERATOR_SURFACE","MAPPED_TO_IMPLEMENTED_CAPABILITY","app/angelcare-marketplace/(protected)/admin/verticals/establishments/quality-checks/page.tsx; source imports/handlers reconciled against completed approved-screen and Batch evidence."
"PAGE-524","ADMIN_PAGE","app/angelcare-marketplace/(protected)/admin/verticals/health-partners/compliance/page.tsx","/angelcare-marketplace/admin/verticals/health-partners/compliance","B09","NONE","@/angelcare-marketplace/auth/context|@/angelcare-marketplace/b2b-verticals/components/SpecializedBoards|@/angelcare-marketplace/b2b-verticals/repository","auth/context|b2b-verticals/components/SpecializedBoards|b2b-verticals/repository","repository","NONE","YES","CAP-B09-009","SOURCE_REVIEWED","CANONICAL_OR_CONTEXTUAL_OPERATOR_SURFACE","MAPPED_TO_IMPLEMENTED_CAPABILITY","app/angelcare-marketplace/(protected)/admin/verticals/health-partners/compliance/page.tsx; source imports/handlers reconciled against completed approved-screen and Batch evidence."
"PAGE-525","ADMIN_PAGE","app/angelcare-marketplace/(protected)/admin/verticals/health-partners/consents/page.tsx","/angelcare-marketplace/admin/verticals/health-partners/consents","B09","NONE","@/angelcare-marketplace/auth/context|@/angelcare-marketplace/b2b-verticals/components/SpecializedBoards|@/angelcare-marketplace/b2b-verticals/repository","auth/context|b2b-verticals/components/SpecializedBoards|b2b-verticals/repository","repository","NONE","YES","CAP-B09-009","SOURCE_REVIEWED","CANONICAL_OR_CONTEXTUAL_OPERATOR_SURFACE","MAPPED_TO_IMPLEMENTED_CAPABILITY","app/angelcare-marketplace/(protected)/admin/verticals/health-partners/consents/page.tsx; source imports/handlers reconciled against completed approved-screen and Batch evidence."
"PAGE-526","ADMIN_PAGE","app/angelcare-marketplace/(protected)/admin/verticals/health-partners/page.tsx","/angelcare-marketplace/admin/verticals/health-partners","B09","NONE","@/angelcare-marketplace/auth/context|@/angelcare-marketplace/b2b-verticals/components/HealthPartnersCommand|@/angelcare-marketplace/b2b-verticals/repository","auth/context|b2b-verticals/components/HealthPartnersCommand|b2b-verticals/repository","repository","NONE","YES","CAP-B09-009","SOURCE_REVIEWED","CANONICAL_OR_CONTEXTUAL_OPERATOR_SURFACE","MAPPED_TO_IMPLEMENTED_CAPABILITY","app/angelcare-marketplace/(protected)/admin/verticals/health-partners/page.tsx; source imports/handlers reconciled against completed approved-screen and Batch evidence."
"PAGE-527","ADMIN_PAGE","app/angelcare-marketplace/(protected)/admin/verticals/health-partners/programs/page.tsx","/angelcare-marketplace/admin/verticals/health-partners/programs","B09","NONE","@/angelcare-marketplace/auth/context|@/angelcare-marketplace/b2b-verticals/components/VerticalOperationsBoard|@/angelcare-marketplace/b2b-verticals/repository","auth/context|b2b-verticals/components/VerticalOperationsBoard|b2b-verticals/repository","repository|services","NONE","YES","CAP-B09-009","SOURCE_REVIEWED","CANONICAL_OR_CONTEXTUAL_OPERATOR_SURFACE","MAPPED_TO_IMPLEMENTED_CAPABILITY","app/angelcare-marketplace/(protected)/admin/verticals/health-partners/programs/page.tsx; source imports/handlers reconciled against completed approved-screen and Batch evidence."
"PAGE-528","ADMIN_PAGE","app/angelcare-marketplace/(protected)/admin/verticals/health-partners/referrals/page.tsx","/angelcare-marketplace/admin/verticals/health-partners/referrals","B09","NONE","@/angelcare-marketplace/auth/context|@/angelcare-marketplace/b2b-verticals/components/VerticalOperationsBoard|@/angelcare-marketplace/b2b-verticals/repository","auth/context|b2b-verticals/components/VerticalOperationsBoard|b2b-verticals/repository","repository","NONE","YES","CAP-B09-009","SOURCE_REVIEWED","CANONICAL_OR_CONTEXTUAL_OPERATOR_SURFACE","MAPPED_TO_IMPLEMENTED_CAPABILITY","app/angelcare-marketplace/(protected)/admin/verticals/health-partners/referrals/page.tsx; source imports/handlers reconciled against completed approved-screen and Batch evidence."
"PAGE-529","ADMIN_PAGE","app/angelcare-marketplace/(protected)/admin/verticals/hospitality/page.tsx","/angelcare-marketplace/admin/verticals/hospitality","B09","NONE","@/angelcare-marketplace/auth/context|@/angelcare-marketplace/b2b-verticals/components/HospitalityCommand|@/angelcare-marketplace/b2b-verticals/repository","auth/context|b2b-verticals/components/HospitalityCommand|b2b-verticals/repository","repository","NONE","YES","CAP-B09-010","SOURCE_REVIEWED","CANONICAL_OR_CONTEXTUAL_OPERATOR_SURFACE","MAPPED_TO_IMPLEMENTED_CAPABILITY","app/angelcare-marketplace/(protected)/admin/verticals/hospitality/page.tsx; source imports/handlers reconciled against completed approved-screen and Batch evidence."
"PAGE-530","ADMIN_PAGE","app/angelcare-marketplace/(protected)/admin/verticals/hospitality/programs/page.tsx","/angelcare-marketplace/admin/verticals/hospitality/programs","B09","NONE","@/angelcare-marketplace/auth/context|@/angelcare-marketplace/b2b-verticals/components/VerticalOperationsBoard|@/angelcare-marketplace/b2b-verticals/repository","auth/context|b2b-verticals/components/VerticalOperationsBoard|b2b-verticals/repository","repository","NONE","YES","CAP-B09-010","SOURCE_REVIEWED","CANONICAL_OR_CONTEXTUAL_OPERATOR_SURFACE","MAPPED_TO_IMPLEMENTED_CAPABILITY","app/angelcare-marketplace/(protected)/admin/verticals/hospitality/programs/page.tsx; source imports/handlers reconciled against completed approved-screen and Batch evidence."
"PAGE-531","ADMIN_PAGE","app/angelcare-marketplace/(protected)/admin/verticals/hospitality/properties/page.tsx","/angelcare-marketplace/admin/verticals/hospitality/properties","B09","NONE","@/angelcare-marketplace/auth/context|@/angelcare-marketplace/b2b-verticals/components/SpecializedBoards|@/angelcare-marketplace/b2b-verticals/repository","auth/context|b2b-verticals/components/SpecializedBoards|b2b-verticals/repository","repository","NONE","YES","CAP-B09-010","SOURCE_REVIEWED","CANONICAL_OR_CONTEXTUAL_OPERATOR_SURFACE","MAPPED_TO_IMPLEMENTED_CAPABILITY","app/angelcare-marketplace/(protected)/admin/verticals/hospitality/properties/page.tsx; source imports/handlers reconciled against completed approved-screen and Batch evidence."
"PAGE-532","ADMIN_PAGE","app/angelcare-marketplace/(protected)/admin/verticals/hospitality/readiness/page.tsx","/angelcare-marketplace/admin/verticals/hospitality/readiness","B09","NONE","@/angelcare-marketplace/auth/context|@/angelcare-marketplace/b2b-verticals/components/VerticalOperationsBoard|@/angelcare-marketplace/b2b-verticals/repository","auth/context|b2b-verticals/components/VerticalOperationsBoard|b2b-verticals/repository","repository","NONE","YES","CAP-B09-010","SOURCE_REVIEWED","CANONICAL_OR_CONTEXTUAL_OPERATOR_SURFACE","MAPPED_TO_IMPLEMENTED_CAPABILITY","app/angelcare-marketplace/(protected)/admin/verticals/hospitality/readiness/page.tsx; source imports/handlers reconciled against completed approved-screen and Batch evidence."
"PAGE-533","ADMIN_PAGE","app/angelcare-marketplace/(protected)/admin/verticals/hospitality/reports/page.tsx","/angelcare-marketplace/admin/verticals/hospitality/reports","B09","NONE","@/angelcare-marketplace/auth/context|@/angelcare-marketplace/b2b-verticals/components/VerticalOperationsBoard|@/angelcare-marketplace/b2b-verticals/repository","auth/context|b2b-verticals/components/VerticalOperationsBoard|b2b-verticals/repository","repository|service","NONE","YES","CAP-B09-010","SOURCE_REVIEWED","CANONICAL_OR_CONTEXTUAL_OPERATOR_SURFACE","MAPPED_TO_IMPLEMENTED_CAPABILITY","app/angelcare-marketplace/(protected)/admin/verticals/hospitality/reports/page.tsx; source imports/handlers reconciled against completed approved-screen and Batch evidence."
"PAGE-534","ADMIN_PAGE","app/angelcare-marketplace/(protected)/admin/verticals/organizations/[organizationId]/page.tsx","/angelcare-marketplace/admin/verticals/organizations/:organizationId","UNMAPPED","NONE","@/angelcare-marketplace/auth/context|@/angelcare-marketplace/b2b-verticals/components/Organization360|@/angelcare-marketplace/b2b-verticals/repository","auth/context|b2b-verticals/components/Organization360|b2b-verticals/repository","repository","NONE","YES","CAP-B09-006","SOURCE_REVIEWED","CANONICAL_OR_CONTEXTUAL_OPERATOR_SURFACE","MAPPED_TO_IMPLEMENTED_CAPABILITY","app/angelcare-marketplace/(protected)/admin/verticals/organizations/[organizationId]/page.tsx; source imports/handlers reconciled against completed approved-screen and Batch evidence."
"PAGE-535","ADMIN_PAGE","app/angelcare-marketplace/(protected)/admin/verticals/organizations/page.tsx","/angelcare-marketplace/admin/verticals/organizations","B09","NONE","@/angelcare-marketplace/auth/context|@/angelcare-marketplace/b2b-verticals/components/PortfolioRegistry|@/angelcare-marketplace/b2b-verticals/repository","auth/context|b2b-verticals/components/PortfolioRegistry|b2b-verticals/repository","repository","NONE","YES","CAP-B09-006","SOURCE_REVIEWED","CANONICAL_OR_CONTEXTUAL_OPERATOR_SURFACE","MAPPED_TO_IMPLEMENTED_CAPABILITY","app/angelcare-marketplace/(protected)/admin/verticals/organizations/page.tsx; source imports/handlers reconciled against completed approved-screen and Batch evidence."
"PAGE-536","ADMIN_PAGE","app/angelcare-marketplace/(protected)/admin/verticals/page.tsx","/angelcare-marketplace/admin/verticals","B09","NONE","@/angelcare-marketplace/auth/context|@/angelcare-marketplace/b2b-verticals/components/B2BExecutiveCommand|@/angelcare-marketplace/b2b-verticals/repository","auth/context|b2b-verticals/components/B2BExecutiveCommand|b2b-verticals/repository","repository","NONE","YES","CAP-B09-005","SOURCE_REVIEWED","CANONICAL_OR_CONTEXTUAL_OPERATOR_SURFACE","MAPPED_TO_IMPLEMENTED_CAPABILITY","app/angelcare-marketplace/(protected)/admin/verticals/page.tsx; source imports/handlers reconciled against completed approved-screen and Batch evidence."
"PAGE-537","ADMIN_PAGE","app/angelcare-marketplace/(protected)/admin/wallet/customers/page.tsx","/angelcare-marketplace/admin/wallet/customers","B10","dynamic","@/angelcare-marketplace/auth/context|@/angelcare-marketplace/customer-commerce/wallet-admin|@/angelcare-marketplace/customer-commerce/components/WalletAuthorityClient","auth/context|customer-commerce/wallet-admin|customer-commerce/components/WalletAuthorityClient","NONE","NONE","YES","CAP-B10-006","SOURCE_REVIEWED","CANONICAL_OR_CONTEXTUAL_OPERATOR_SURFACE","MAPPED_TO_IMPLEMENTED_CAPABILITY","app/angelcare-marketplace/(protected)/admin/wallet/customers/page.tsx; source imports/handlers reconciled against completed approved-screen and Batch evidence."
"PAGE-538","ADMIN_PAGE","app/angelcare-marketplace/(protected)/admin/wallet/page.tsx","/angelcare-marketplace/admin/wallet","B10","dynamic","@/angelcare-marketplace/auth/context|@/angelcare-marketplace/customer-commerce/admin-repository|@/angelcare-marketplace/customer-commerce/components/AdminWalletCommand","auth/context|customer-commerce/admin-repository|customer-commerce/components/AdminWalletCommand","repository","NONE","YES","CAP-B10-006","SOURCE_REVIEWED","CANONICAL_OR_CONTEXTUAL_OPERATOR_SURFACE","MAPPED_TO_IMPLEMENTED_CAPABILITY","app/angelcare-marketplace/(protected)/admin/wallet/page.tsx; source imports/handlers reconciled against completed approved-screen and Batch evidence."
"PAGE-539","ADMIN_PAGE","app/angelcare-marketplace/(protected)/admin/wallet/policies/page.tsx","/angelcare-marketplace/admin/wallet/policies","B10","dynamic","@/angelcare-marketplace/auth/context|@/angelcare-marketplace/customer-commerce/admin-repository|@/angelcare-marketplace/customer-commerce/components/WalletPolicyStudio","auth/context|customer-commerce/admin-repository|customer-commerce/components/WalletPolicyStudio","repository","NONE","YES","CAP-B10-006","SOURCE_REVIEWED","CANONICAL_OR_CONTEXTUAL_OPERATOR_SURFACE","MAPPED_TO_IMPLEMENTED_CAPABILITY","app/angelcare-marketplace/(protected)/admin/wallet/policies/page.tsx; source imports/handlers reconciled against completed approved-screen and Batch evidence."
"PAGE-540","ADMIN_PAGE","app/angelcare-marketplace/(protected)/admin/wallet/reconciliation/page.tsx","/angelcare-marketplace/admin/wallet/reconciliation","B10","dynamic","@/angelcare-marketplace/auth/context|@/angelcare-marketplace/customer-commerce/wallet-admin|@/angelcare-marketplace/customer-commerce/components/WalletAuthorityClient","auth/context|customer-commerce/wallet-admin|customer-commerce/components/WalletAuthorityClient","NONE","NONE","YES","CAP-B10-006","SOURCE_REVIEWED","CANONICAL_OR_CONTEXTUAL_OPERATOR_SURFACE","MAPPED_TO_IMPLEMENTED_CAPABILITY","app/angelcare-marketplace/(protected)/admin/wallet/reconciliation/page.tsx; source imports/handlers reconciled against completed approved-screen and Batch evidence."
"PAGE-541","ADMIN_PAGE","app/angelcare-marketplace/(protected)/admin/wallet/risk/page.tsx","/angelcare-marketplace/admin/wallet/risk","B10","dynamic","@/angelcare-marketplace/auth/context|@/angelcare-marketplace/customer-commerce/wallet-admin|@/angelcare-marketplace/customer-commerce/components/WalletAuthorityClient","auth/context|customer-commerce/wallet-admin|customer-commerce/components/WalletAuthorityClient","NONE","NONE","YES","CAP-B10-006","SOURCE_REVIEWED","CANONICAL_OR_CONTEXTUAL_OPERATOR_SURFACE","MAPPED_TO_IMPLEMENTED_CAPABILITY","app/angelcare-marketplace/(protected)/admin/wallet/risk/page.tsx; source imports/handlers reconciled against completed approved-screen and Batch evidence."
"PAGE-542","ADMIN_PAGE","app/angelcare-marketplace/(protected)/admin/workspaces/page.tsx","/angelcare-marketplace/admin/workspaces","B11","dynamic","@/angelcare-marketplace/auth/context|@/angelcare-marketplace/admin-excellence/workspace-registry|@/angelcare-marketplace/admin-excellence/components/WorkspaceRegistryCommand","auth/context|admin-excellence/workspace-registry|admin-excellence/components/WorkspaceRegistryCommand","NONE","NONE","YES","CAP-B11-001","SOURCE_REVIEWED","CANONICAL_OR_CONTEXTUAL_OPERATOR_SURFACE","MAPPED_TO_IMPLEMENTED_CAPABILITY","app/angelcare-marketplace/(protected)/admin/workspaces/page.tsx; source imports/handlers reconciled against completed approved-screen and Batch evidence."
"API-543","API_ROUTE","app/api/angelcare-marketplace/academy/assessment-results/route.ts","/api/angelcare-marketplace/academy/assessment-results","B09","POST","@/angelcare-marketplace/academy-engine/api-handlers","academy-engine/api-handlers","NONE","NONE","YES","CAP-B09-001","SOURCE_REVIEWED","SUPPORTING_MUTATION_AUTHORITY","MAPPED_TO_IMPLEMENTED_CAPABILITY","app/api/angelcare-marketplace/academy/assessment-results/route.ts; source imports/handlers reconciled against completed approved-screen and Batch evidence."
"API-544","API_ROUTE","app/api/angelcare-marketplace/academy/assessments/route.ts","/api/angelcare-marketplace/academy/assessments","B09","GET","@/angelcare-marketplace/academy-engine/api-handlers","academy-engine/api-handlers","NONE","NONE","YES","CAP-B09-001","SOURCE_REVIEWED","SUPPORTING_READ_AUTHORITY","MAPPED_TO_IMPLEMENTED_CAPABILITY","app/api/angelcare-marketplace/academy/assessments/route.ts; source imports/handlers reconciled against completed approved-screen and Batch evidence."
"API-545","API_ROUTE","app/api/angelcare-marketplace/academy/attendance/route.ts","/api/angelcare-marketplace/academy/attendance","B09","POST","@/angelcare-marketplace/academy-engine/api-handlers","academy-engine/api-handlers","NONE","NONE","YES","CAP-B09-001","SOURCE_REVIEWED","SUPPORTING_MUTATION_AUTHORITY","MAPPED_TO_IMPLEMENTED_CAPABILITY","app/api/angelcare-marketplace/academy/attendance/route.ts; source imports/handlers reconciled against completed approved-screen and Batch evidence."
"API-546","API_ROUTE","app/api/angelcare-marketplace/academy/b2b-training/route.ts","/api/angelcare-marketplace/academy/b2b-training","B09","GET","@/angelcare-marketplace/academy-engine/api-handlers","academy-engine/api-handlers","NONE","NONE","YES","CAP-B09-001","SOURCE_REVIEWED","SUPPORTING_READ_AUTHORITY","MAPPED_TO_IMPLEMENTED_CAPABILITY","app/api/angelcare-marketplace/academy/b2b-training/route.ts; source imports/handlers reconciled against completed approved-screen and Batch evidence."
"API-547","API_ROUTE","app/api/angelcare-marketplace/academy/certificates/[certificateId]/decision/route.ts","/api/angelcare-marketplace/academy/certificates/:certificateId/decision","UNMAPPED","POST","@/angelcare-marketplace/academy-engine/api-handlers","academy-engine/api-handlers","NONE","NONE","YES","CAP-B09-001","SOURCE_REVIEWED","SUPPORTING_MUTATION_AUTHORITY","MAPPED_TO_IMPLEMENTED_CAPABILITY","app/api/angelcare-marketplace/academy/certificates/[certificateId]/decision/route.ts; source imports/handlers reconciled against completed approved-screen and Batch evidence."
"API-548","API_ROUTE","app/api/angelcare-marketplace/academy/certificates/route.ts","/api/angelcare-marketplace/academy/certificates","B09","GET","@/angelcare-marketplace/academy-engine/api-handlers","academy-engine/api-handlers","NONE","NONE","YES","CAP-B09-001","SOURCE_REVIEWED","SUPPORTING_READ_AUTHORITY","MAPPED_TO_IMPLEMENTED_CAPABILITY","app/api/angelcare-marketplace/academy/certificates/route.ts; source imports/handlers reconciled against completed approved-screen and Batch evidence."
"API-549","API_ROUTE","app/api/angelcare-marketplace/academy/cohorts/route.ts","/api/angelcare-marketplace/academy/cohorts","B09","GET|POST","@/angelcare-marketplace/academy-engine/api-handlers","academy-engine/api-handlers","NONE","NONE","YES","CAP-B09-001","SOURCE_REVIEWED","OPERATOR_CAPABILITY_AUTHORITY","MAPPED_TO_IMPLEMENTED_CAPABILITY","app/api/angelcare-marketplace/academy/cohorts/route.ts; source imports/handlers reconciled against completed approved-screen and Batch evidence."
"API-550","API_ROUTE","app/api/angelcare-marketplace/academy/enrollments/route.ts","/api/angelcare-marketplace/academy/enrollments","B09","GET","@/angelcare-marketplace/academy-engine/api-handlers","academy-engine/api-handlers","NONE","NONE","YES","CAP-B09-001","SOURCE_REVIEWED","SUPPORTING_READ_AUTHORITY","MAPPED_TO_IMPLEMENTED_CAPABILITY","app/api/angelcare-marketplace/academy/enrollments/route.ts; source imports/handlers reconciled against completed approved-screen and Batch evidence."
"API-551","API_ROUTE","app/api/angelcare-marketplace/academy/final/assessments/route.ts","/api/angelcare-marketplace/academy/final/assessments","B09","POST","@/angelcare-marketplace/academy-engine/final-api-handlers","academy-engine/final-api-handlers","NONE","NONE","YES","CAP-B09-001","SOURCE_REVIEWED","SUPPORTING_MUTATION_AUTHORITY","MAPPED_TO_IMPLEMENTED_CAPABILITY","app/api/angelcare-marketplace/academy/final/assessments/route.ts; source imports/handlers reconciled against completed approved-screen and Batch evidence."
"API-552","API_ROUTE","app/api/angelcare-marketplace/academy/final/b2b/[orderId]/transition/route.ts","/api/angelcare-marketplace/academy/final/b2b/:orderId/transition","UNMAPPED","POST","@/angelcare-marketplace/academy-engine/final-api-handlers","academy-engine/final-api-handlers","NONE","NONE","YES","CAP-B09-001","SOURCE_REVIEWED","SUPPORTING_MUTATION_AUTHORITY","MAPPED_TO_IMPLEMENTED_CAPABILITY","app/api/angelcare-marketplace/academy/final/b2b/[orderId]/transition/route.ts; source imports/handlers reconciled against completed approved-screen and Batch evidence."
"API-553","API_ROUTE","app/api/angelcare-marketplace/academy/final/cohorts/[cohortId]/trainer/route.ts","/api/angelcare-marketplace/academy/final/cohorts/:cohortId/trainer","UNMAPPED","POST","@/angelcare-marketplace/academy-engine/final-api-handlers","academy-engine/final-api-handlers","NONE","NONE","YES","CAP-B09-001","SOURCE_REVIEWED","SUPPORTING_MUTATION_AUTHORITY","MAPPED_TO_IMPLEMENTED_CAPABILITY","app/api/angelcare-marketplace/academy/final/cohorts/[cohortId]/trainer/route.ts; source imports/handlers reconciled against completed approved-screen and Batch evidence."
"API-554","API_ROUTE","app/api/angelcare-marketplace/academy/final/cohorts/[cohortId]/transition/route.ts","/api/angelcare-marketplace/academy/final/cohorts/:cohortId/transition","UNMAPPED","POST","@/angelcare-marketplace/academy-engine/final-api-handlers","academy-engine/final-api-handlers","NONE","NONE","YES","CAP-B09-001","SOURCE_REVIEWED","SUPPORTING_MUTATION_AUTHORITY","MAPPED_TO_IMPLEMENTED_CAPABILITY","app/api/angelcare-marketplace/academy/final/cohorts/[cohortId]/transition/route.ts; source imports/handlers reconciled against completed approved-screen and Batch evidence."
"API-555","API_ROUTE","app/api/angelcare-marketplace/academy/final/courses/[id]/transition/route.ts","/api/angelcare-marketplace/academy/final/courses/:id/transition","B09","POST","@/angelcare-marketplace/academy-engine/final-api-handlers","academy-engine/final-api-handlers","NONE","NONE","YES","CAP-B09-001","SOURCE_REVIEWED","SUPPORTING_MUTATION_AUTHORITY","MAPPED_TO_IMPLEMENTED_CAPABILITY","app/api/angelcare-marketplace/academy/final/courses/[id]/transition/route.ts; source imports/handlers reconciled against completed approved-screen and Batch evidence."
"API-556","API_ROUTE","app/api/angelcare-marketplace/academy/final/programs/[id]/transition/route.ts","/api/angelcare-marketplace/academy/final/programs/:id/transition","B09","POST","@/angelcare-marketplace/academy-engine/final-api-handlers","academy-engine/final-api-handlers","NONE","NONE","YES","CAP-B09-001","SOURCE_REVIEWED","SUPPORTING_MUTATION_AUTHORITY","MAPPED_TO_IMPLEMENTED_CAPABILITY","app/api/angelcare-marketplace/academy/final/programs/[id]/transition/route.ts; source imports/handlers reconciled against completed approved-screen and Batch evidence."
"API-557","API_ROUTE","app/api/angelcare-marketplace/academy/final/remediations/[remediationId]/transition/route.ts","/api/angelcare-marketplace/academy/final/remediations/:remediationId/transition","UNMAPPED","POST","@/angelcare-marketplace/academy-engine/final-api-handlers","academy-engine/final-api-handlers","NONE","NONE","YES","CAP-B09-001","SOURCE_REVIEWED","SUPPORTING_MUTATION_AUTHORITY","MAPPED_TO_IMPLEMENTED_CAPABILITY","app/api/angelcare-marketplace/academy/final/remediations/[remediationId]/transition/route.ts; source imports/handlers reconciled against completed approved-screen and Batch evidence."
"API-558","API_ROUTE","app/api/angelcare-marketplace/academy/final/remediations/route.ts","/api/angelcare-marketplace/academy/final/remediations","B09","POST","@/angelcare-marketplace/academy-engine/final-api-handlers","academy-engine/final-api-handlers","NONE","NONE","YES","CAP-B09-001","SOURCE_REVIEWED","SUPPORTING_MUTATION_AUTHORITY","MAPPED_TO_IMPLEMENTED_CAPABILITY","app/api/angelcare-marketplace/academy/final/remediations/route.ts; source imports/handlers reconciled against completed approved-screen and Batch evidence."
"API-559","API_ROUTE","app/api/angelcare-marketplace/academy/final/results/[resultId]/review/route.ts","/api/angelcare-marketplace/academy/final/results/:resultId/review","UNMAPPED","POST","@/angelcare-marketplace/academy-engine/final-api-handlers","academy-engine/final-api-handlers","NONE","NONE","YES","CAP-B09-001","SOURCE_REVIEWED","SUPPORTING_MUTATION_AUTHORITY","MAPPED_TO_IMPLEMENTED_CAPABILITY","app/api/angelcare-marketplace/academy/final/results/[resultId]/review/route.ts; source imports/handlers reconciled against completed approved-screen and Batch evidence."
"API-560","API_ROUTE","app/api/angelcare-marketplace/academy/final/sessions/[sessionId]/transition/route.ts","/api/angelcare-marketplace/academy/final/sessions/:sessionId/transition","UNMAPPED","POST","@/angelcare-marketplace/academy-engine/final-api-handlers","academy-engine/final-api-handlers","NONE","NONE","YES","CAP-B09-001","SOURCE_REVIEWED","SUPPORTING_MUTATION_AUTHORITY","MAPPED_TO_IMPLEMENTED_CAPABILITY","app/api/angelcare-marketplace/academy/final/sessions/[sessionId]/transition/route.ts; source imports/handlers reconciled against completed approved-screen and Batch evidence."
"API-561","API_ROUTE","app/api/angelcare-marketplace/academy/final/sessions/route.ts","/api/angelcare-marketplace/academy/final/sessions","B09","POST","@/angelcare-marketplace/academy-engine/final-api-handlers","academy-engine/final-api-handlers","NONE","NONE","YES","CAP-B09-001","SOURCE_REVIEWED","SUPPORTING_MUTATION_AUTHORITY","MAPPED_TO_IMPLEMENTED_CAPABILITY","app/api/angelcare-marketplace/academy/final/sessions/route.ts; source imports/handlers reconciled against completed approved-screen and Batch evidence."
"API-562","API_ROUTE","app/api/angelcare-marketplace/academy/final/snapshot/route.ts","/api/angelcare-marketplace/academy/final/snapshot","B09","GET","@/angelcare-marketplace/academy-engine/final-api-handlers","academy-engine/final-api-handlers","NONE","NONE","YES","CAP-B09-001","SOURCE_REVIEWED","SUPPORTING_READ_AUTHORITY","MAPPED_TO_IMPLEMENTED_CAPABILITY","app/api/angelcare-marketplace/academy/final/snapshot/route.ts; source imports/handlers reconciled against completed approved-screen and Batch evidence."
"API-563","API_ROUTE","app/api/angelcare-marketplace/academy/programs/route.ts","/api/angelcare-marketplace/academy/programs","B09","GET","@/angelcare-marketplace/academy-engine/api-handlers","academy-engine/api-handlers","NONE","NONE","YES","CAP-B09-001","SOURCE_REVIEWED","SUPPORTING_READ_AUTHORITY","MAPPED_TO_IMPLEMENTED_CAPABILITY","app/api/angelcare-marketplace/academy/programs/route.ts; source imports/handlers reconciled against completed approved-screen and Batch evidence."
"API-564","API_ROUTE","app/api/angelcare-marketplace/academy/sessions/route.ts","/api/angelcare-marketplace/academy/sessions","B09","GET","@/angelcare-marketplace/academy-engine/api-handlers","academy-engine/api-handlers","NONE","NONE","YES","CAP-B09-001","SOURCE_REVIEWED","SUPPORTING_READ_AUTHORITY","MAPPED_TO_IMPLEMENTED_CAPABILITY","app/api/angelcare-marketplace/academy/sessions/route.ts; source imports/handlers reconciled against completed approved-screen and Batch evidence."
"API-565","API_ROUTE","app/api/angelcare-marketplace/academy/summary/route.ts","/api/angelcare-marketplace/academy/summary","B09","GET","@/angelcare-marketplace/academy-engine/api-handlers","academy-engine/api-handlers","NONE","NONE","YES","CAP-B09-001","SOURCE_REVIEWED","SUPPORTING_READ_AUTHORITY","MAPPED_TO_IMPLEMENTED_CAPABILITY","app/api/angelcare-marketplace/academy/summary/route.ts; source imports/handlers reconciled against completed approved-screen and Batch evidence."
"API-566","API_ROUTE","app/api/angelcare-marketplace/admin/activation/run/route.ts","/api/angelcare-marketplace/admin/activation/run","B11","POST","@/angelcare-marketplace/production-activation/api-handlers","production-activation/api-handlers","NONE","NONE","YES","CAP-B11-001","SOURCE_REVIEWED","SUPPORTING_MUTATION_AUTHORITY","MAPPED_TO_IMPLEMENTED_CAPABILITY","app/api/angelcare-marketplace/admin/activation/run/route.ts; source imports/handlers reconciled against completed approved-screen and Batch evidence."
"API-567","API_ROUTE","app/api/angelcare-marketplace/admin/activation/summary/route.ts","/api/angelcare-marketplace/admin/activation/summary","B11","GET","@/angelcare-marketplace/production-activation/api-handlers","production-activation/api-handlers","NONE","NONE","YES","CAP-B11-001","SOURCE_REVIEWED","SUPPORTING_READ_AUTHORITY","MAPPED_TO_IMPLEMENTED_CAPABILITY","app/api/angelcare-marketplace/admin/activation/summary/route.ts; source imports/handlers reconciled against completed approved-screen and Batch evidence."
"API-568","API_ROUTE","app/api/angelcare-marketplace/admin/auth/login/route.ts","/api/angelcare-marketplace/admin/auth/login","UNMAPPED","dynamic|POST","next/server|@/lib/auth/session|@/angelcare-marketplace/auth/admin/admin-auth","auth/admin/admin-auth","NONE","NONE","YES","CAP-GLOBAL-001","SOURCE_REVIEWED","SUPPORTING_MUTATION_AUTHORITY","MAPPED_TO_IMPLEMENTED_CAPABILITY","app/api/angelcare-marketplace/admin/auth/login/route.ts; source imports/handlers reconciled against completed approved-screen and Batch evidence."
"API-569","API_ROUTE","app/api/angelcare-marketplace/admin/auth/logout/route.ts","/api/angelcare-marketplace/admin/auth/logout","UNMAPPED","dynamic|POST","next/server|next/headers|@/lib/auth/session|@/lib/supabase/server","NONE","ServiceClient","NONE","YES","CAP-GLOBAL-001","SOURCE_REVIEWED","SUPPORTING_MUTATION_AUTHORITY","MAPPED_TO_IMPLEMENTED_CAPABILITY","app/api/angelcare-marketplace/admin/auth/logout/route.ts; source imports/handlers reconciled against completed approved-screen and Batch evidence."
"API-570","API_ROUTE","app/api/angelcare-marketplace/admin/bookings/[bookingId]/route.ts","/api/angelcare-marketplace/admin/bookings/:bookingId","UNMAPPED","PATCH","@/angelcare-marketplace/enterprise-closure/api-handlers","enterprise-closure/api-handlers","NONE","NONE","YES","CAP-GLOBAL-001","SOURCE_REVIEWED","SUPPORTING_MUTATION_AUTHORITY","MAPPED_TO_IMPLEMENTED_CAPABILITY","app/api/angelcare-marketplace/admin/bookings/[bookingId]/route.ts; source imports/handlers reconciled against completed approved-screen and Batch evidence."
"API-571","API_ROUTE","app/api/angelcare-marketplace/admin/bookings/route.ts","/api/angelcare-marketplace/admin/bookings","B04","GET|POST","@/angelcare-marketplace/enterprise-closure/api-handlers","enterprise-closure/api-handlers","NONE","NONE","YES","CAP-B04-001","SOURCE_REVIEWED","OPERATOR_CAPABILITY_AUTHORITY","MAPPED_TO_IMPLEMENTED_CAPABILITY","app/api/angelcare-marketplace/admin/bookings/route.ts; source imports/handlers reconciled against completed approved-screen and Batch evidence."
"API-572","API_ROUTE","app/api/angelcare-marketplace/admin/catalog/categories/[categoryId]/items/route.ts","/api/angelcare-marketplace/admin/catalog/categories/:categoryId/items","UNMAPPED","POST","@/angelcare-marketplace/commerce-studio/api-handlers","commerce-studio/api-handlers","NONE","NONE","YES","CAP-GLOBAL-001","SOURCE_REVIEWED","SUPPORTING_MUTATION_AUTHORITY","MAPPED_TO_IMPLEMENTED_CAPABILITY","app/api/angelcare-marketplace/admin/catalog/categories/[categoryId]/items/route.ts; source imports/handlers reconciled against completed approved-screen and Batch evidence."
"API-573","API_ROUTE","app/api/angelcare-marketplace/admin/catalog/categories/[categoryId]/route.ts","/api/angelcare-marketplace/admin/catalog/categories/:categoryId","UNMAPPED","GET|PATCH|DELETE","@/angelcare-marketplace/commerce-studio/api-handlers","commerce-studio/api-handlers","NONE","NONE","YES","CAP-GLOBAL-001","SOURCE_REVIEWED","OPERATOR_CAPABILITY_AUTHORITY","MAPPED_TO_IMPLEMENTED_CAPABILITY","app/api/angelcare-marketplace/admin/catalog/categories/[categoryId]/route.ts; source imports/handlers reconciled against completed approved-screen and Batch evidence."
"API-574","API_ROUTE","app/api/angelcare-marketplace/admin/catalog/categories/reorder/route.ts","/api/angelcare-marketplace/admin/catalog/categories/reorder","B02","POST","@/angelcare-marketplace/commerce-studio/api-handlers","commerce-studio/api-handlers","NONE","NONE","YES","CAP-B02-001","SOURCE_REVIEWED","SUPPORTING_MUTATION_AUTHORITY","MAPPED_TO_IMPLEMENTED_CAPABILITY","app/api/angelcare-marketplace/admin/catalog/categories/reorder/route.ts; source imports/handlers reconciled against completed approved-screen and Batch evidence."
"API-575","API_ROUTE","app/api/angelcare-marketplace/admin/catalog/categories/route.ts","/api/angelcare-marketplace/admin/catalog/categories","B02","GET|POST","@/angelcare-marketplace/commerce-studio/api-handlers","commerce-studio/api-handlers","NONE","NONE","YES","CAP-B02-001","SOURCE_REVIEWED","OPERATOR_CAPABILITY_AUTHORITY","MAPPED_TO_IMPLEMENTED_CAPABILITY","app/api/angelcare-marketplace/admin/catalog/categories/route.ts; source imports/handlers reconciled against completed approved-screen and Batch evidence."
"API-576","API_ROUTE","app/api/angelcare-marketplace/admin/catalog/items/[itemId]/availability/route.ts","/api/angelcare-marketplace/admin/catalog/items/:itemId/availability","UNMAPPED","GET|POST","@/angelcare-marketplace/commerce-studio/api-handlers","commerce-studio/api-handlers","NONE","NONE","YES","CAP-GLOBAL-001","SOURCE_REVIEWED","OPERATOR_CAPABILITY_AUTHORITY","MAPPED_TO_IMPLEMENTED_CAPABILITY","app/api/angelcare-marketplace/admin/catalog/items/[itemId]/availability/route.ts; source imports/handlers reconciled against completed approved-screen and Batch evidence."
"API-577","API_ROUTE","app/api/angelcare-marketplace/admin/catalog/items/[itemId]/categories/route.ts","/api/angelcare-marketplace/admin/catalog/items/:itemId/categories","UNMAPPED","GET|POST","@/angelcare-marketplace/commerce-studio/api-handlers","commerce-studio/api-handlers","NONE","NONE","YES","CAP-GLOBAL-001","SOURCE_REVIEWED","OPERATOR_CAPABILITY_AUTHORITY","MAPPED_TO_IMPLEMENTED_CAPABILITY","app/api/angelcare-marketplace/admin/catalog/items/[itemId]/categories/route.ts; source imports/handlers reconciled against completed approved-screen and Batch evidence."
"API-578","API_ROUTE","app/api/angelcare-marketplace/admin/catalog/items/[itemId]/media/route.ts","/api/angelcare-marketplace/admin/catalog/items/:itemId/media","UNMAPPED","GET|POST","@/angelcare-marketplace/commerce-studio/api-handlers","commerce-studio/api-handlers","NONE","NONE","YES","CAP-GLOBAL-001","SOURCE_REVIEWED","OPERATOR_CAPABILITY_AUTHORITY","MAPPED_TO_IMPLEMENTED_CAPABILITY","app/api/angelcare-marketplace/admin/catalog/items/[itemId]/media/route.ts; source imports/handlers reconciled against completed approved-screen and Batch evidence."
"API-579","API_ROUTE","app/api/angelcare-marketplace/admin/catalog/items/[itemId]/pricing/route.ts","/api/angelcare-marketplace/admin/catalog/items/:itemId/pricing","UNMAPPED","GET|POST","@/angelcare-marketplace/commerce-studio/api-handlers","commerce-studio/api-handlers","NONE","NONE","YES","CAP-GLOBAL-001","SOURCE_REVIEWED","OPERATOR_CAPABILITY_AUTHORITY","MAPPED_TO_IMPLEMENTED_CAPABILITY","app/api/angelcare-marketplace/admin/catalog/items/[itemId]/pricing/route.ts; source imports/handlers reconciled against completed approved-screen and Batch evidence."
"API-580","API_ROUTE","app/api/angelcare-marketplace/admin/catalog/items/[itemId]/route.ts","/api/angelcare-marketplace/admin/catalog/items/:itemId","UNMAPPED","GET|PATCH|DELETE","@/angelcare-marketplace/commerce-studio/api-handlers","commerce-studio/api-handlers","NONE","NONE","YES","CAP-GLOBAL-001","SOURCE_REVIEWED","OPERATOR_CAPABILITY_AUTHORITY","MAPPED_TO_IMPLEMENTED_CAPABILITY","app/api/angelcare-marketplace/admin/catalog/items/[itemId]/route.ts; source imports/handlers reconciled against completed approved-screen and Batch evidence."
"API-581","API_ROUTE","app/api/angelcare-marketplace/admin/catalog/items/[itemId]/variants/route.ts","/api/angelcare-marketplace/admin/catalog/items/:itemId/variants","UNMAPPED","GET|POST","@/angelcare-marketplace/commerce-studio/api-handlers","commerce-studio/api-handlers","NONE","NONE","YES","CAP-GLOBAL-001","SOURCE_REVIEWED","OPERATOR_CAPABILITY_AUTHORITY","MAPPED_TO_IMPLEMENTED_CAPABILITY","app/api/angelcare-marketplace/admin/catalog/items/[itemId]/variants/route.ts; source imports/handlers reconciled against completed approved-screen and Batch evidence."
"API-582","API_ROUTE","app/api/angelcare-marketplace/admin/catalog/items/route.ts","/api/angelcare-marketplace/admin/catalog/items","UNMAPPED","GET|POST","@/angelcare-marketplace/commerce-studio/api-handlers","commerce-studio/api-handlers","NONE","NONE","YES","CAP-GLOBAL-001","SOURCE_REVIEWED","OPERATOR_CAPABILITY_AUTHORITY","MAPPED_TO_IMPLEMENTED_CAPABILITY","app/api/angelcare-marketplace/admin/catalog/items/route.ts; source imports/handlers reconciled against completed approved-screen and Batch evidence."
"API-583","API_ROUTE","app/api/angelcare-marketplace/admin/category-native/homepage-blocks/route.ts","/api/angelcare-marketplace/admin/category-native/homepage-blocks","UNMAPPED","GET","@/angelcare-marketplace/category-native/api-handlers","category-native/api-handlers","NONE","NONE","YES","CAP-B02-001","SOURCE_REVIEWED","SUPPORTING_READ_AUTHORITY","MAPPED_TO_IMPLEMENTED_CAPABILITY","app/api/angelcare-marketplace/admin/category-native/homepage-blocks/route.ts; source imports/handlers reconciled against completed approved-screen and Batch evidence."
"API-584","API_ROUTE","app/api/angelcare-marketplace/admin/category-native/imports/[jobId]/[action]/route.ts","/api/angelcare-marketplace/admin/category-native/imports/:jobId/:action","UNMAPPED","POST","@/angelcare-marketplace/category-native/api-handlers","category-native/api-handlers","NONE","NONE","YES","CAP-B02-001","SOURCE_REVIEWED","SUPPORTING_MUTATION_AUTHORITY","MAPPED_TO_IMPLEMENTED_CAPABILITY","app/api/angelcare-marketplace/admin/category-native/imports/[jobId]/[action]/route.ts; source imports/handlers reconciled against completed approved-screen and Batch evidence."
"API-585","API_ROUTE","app/api/angelcare-marketplace/admin/category-native/imports/[jobId]/route.ts","/api/angelcare-marketplace/admin/category-native/imports/:jobId","UNMAPPED","GET","@/angelcare-marketplace/category-native/api-handlers","category-native/api-handlers","NONE","NONE","YES","CAP-B02-001","SOURCE_REVIEWED","SUPPORTING_READ_AUTHORITY","MAPPED_TO_IMPLEMENTED_CAPABILITY","app/api/angelcare-marketplace/admin/category-native/imports/[jobId]/route.ts; source imports/handlers reconciled against completed approved-screen and Batch evidence."
"API-586","API_ROUTE","app/api/angelcare-marketplace/admin/category-native/imports/route.ts","/api/angelcare-marketplace/admin/category-native/imports","B02","GET|POST","@/angelcare-marketplace/category-native/api-handlers","category-native/api-handlers","NONE","NONE","YES","CAP-B02-001","SOURCE_REVIEWED","OPERATOR_CAPABILITY_AUTHORITY","MAPPED_TO_IMPLEMENTED_CAPABILITY","app/api/angelcare-marketplace/admin/category-native/imports/route.ts; source imports/handlers reconciled against completed approved-screen and Batch evidence."
"API-587","API_ROUTE","app/api/angelcare-marketplace/admin/category-native/schemas/[schemaKey]/[action]/route.ts","/api/angelcare-marketplace/admin/category-native/schemas/:schemaKey/:action","UNMAPPED","POST","@/angelcare-marketplace/category-native/api-handlers","category-native/api-handlers","NONE","NONE","YES","CAP-B02-001","SOURCE_REVIEWED","SUPPORTING_MUTATION_AUTHORITY","MAPPED_TO_IMPLEMENTED_CAPABILITY","app/api/angelcare-marketplace/admin/category-native/schemas/[schemaKey]/[action]/route.ts; source imports/handlers reconciled against completed approved-screen and Batch evidence."
"API-588","API_ROUTE","app/api/angelcare-marketplace/admin/category-native/schemas/[schemaKey]/fields/[fieldId]/route.ts","/api/angelcare-marketplace/admin/category-native/schemas/:schemaKey/fields/:fieldId","UNMAPPED","PATCH","@/angelcare-marketplace/category-native/api-handlers","category-native/api-handlers","NONE","NONE","YES","CAP-B02-001","SOURCE_REVIEWED","SUPPORTING_MUTATION_AUTHORITY","MAPPED_TO_IMPLEMENTED_CAPABILITY","app/api/angelcare-marketplace/admin/category-native/schemas/[schemaKey]/fields/[fieldId]/route.ts; source imports/handlers reconciled against completed approved-screen and Batch evidence."
"API-589","API_ROUTE","app/api/angelcare-marketplace/admin/category-native/schemas/[schemaKey]/fields/reorder/route.ts","/api/angelcare-marketplace/admin/category-native/schemas/:schemaKey/fields/reorder","UNMAPPED","POST","@/angelcare-marketplace/category-native/api-handlers","category-native/api-handlers","NONE","NONE","YES","CAP-B02-001","SOURCE_REVIEWED","SUPPORTING_MUTATION_AUTHORITY","MAPPED_TO_IMPLEMENTED_CAPABILITY","app/api/angelcare-marketplace/admin/category-native/schemas/[schemaKey]/fields/reorder/route.ts; source imports/handlers reconciled against completed approved-screen and Batch evidence."
"API-590","API_ROUTE","app/api/angelcare-marketplace/admin/category-native/schemas/[schemaKey]/fields/route.ts","/api/angelcare-marketplace/admin/category-native/schemas/:schemaKey/fields","UNMAPPED","GET|POST","@/angelcare-marketplace/category-native/api-handlers","category-native/api-handlers","NONE","NONE","YES","CAP-B02-001","SOURCE_REVIEWED","OPERATOR_CAPABILITY_AUTHORITY","MAPPED_TO_IMPLEMENTED_CAPABILITY","app/api/angelcare-marketplace/admin/category-native/schemas/[schemaKey]/fields/route.ts; source imports/handlers reconciled against completed approved-screen and Batch evidence."
"API-591","API_ROUTE","app/api/angelcare-marketplace/admin/category-native/schemas/[schemaKey]/route.ts","/api/angelcare-marketplace/admin/category-native/schemas/:schemaKey","UNMAPPED","GET|PATCH","@/angelcare-marketplace/category-native/api-handlers","category-native/api-handlers","NONE","NONE","YES","CAP-B02-001","SOURCE_REVIEWED","OPERATOR_CAPABILITY_AUTHORITY","MAPPED_TO_IMPLEMENTED_CAPABILITY","app/api/angelcare-marketplace/admin/category-native/schemas/[schemaKey]/route.ts; source imports/handlers reconciled against completed approved-screen and Batch evidence."
"API-592","API_ROUTE","app/api/angelcare-marketplace/admin/category-native/schemas/[schemaKey]/template/route.ts","/api/angelcare-marketplace/admin/category-native/schemas/:schemaKey/template","UNMAPPED","GET","@/angelcare-marketplace/category-native/api-handlers","category-native/api-handlers","NONE","NONE","YES","CAP-B02-001","SOURCE_REVIEWED","SUPPORTING_READ_AUTHORITY","MAPPED_TO_IMPLEMENTED_CAPABILITY","app/api/angelcare-marketplace/admin/category-native/schemas/[schemaKey]/template/route.ts; source imports/handlers reconciled against completed approved-screen and Batch evidence."
"API-593","API_ROUTE","app/api/angelcare-marketplace/admin/category-native/schemas/route.ts","/api/angelcare-marketplace/admin/category-native/schemas","B02","GET|POST","@/angelcare-marketplace/category-native/api-handlers","category-native/api-handlers","NONE","NONE","YES","CAP-B02-001","SOURCE_REVIEWED","OPERATOR_CAPABILITY_AUTHORITY","MAPPED_TO_IMPLEMENTED_CAPABILITY","app/api/angelcare-marketplace/admin/category-native/schemas/route.ts; source imports/handlers reconciled against completed approved-screen and Batch evidence."
"API-594","API_ROUTE","app/api/angelcare-marketplace/admin/category-native/summary/route.ts","/api/angelcare-marketplace/admin/category-native/summary","UNMAPPED","GET","@/angelcare-marketplace/category-native/api-handlers","category-native/api-handlers","NONE","NONE","YES","CAP-B02-001","SOURCE_REVIEWED","SUPPORTING_READ_AUTHORITY","MAPPED_TO_IMPLEMENTED_CAPABILITY","app/api/angelcare-marketplace/admin/category-native/summary/route.ts; source imports/handlers reconciled against completed approved-screen and Batch evidence."
"API-595","API_ROUTE","app/api/angelcare-marketplace/admin/commerce/[resource]/[id]/[action]/route.ts","/api/angelcare-marketplace/admin/commerce/:resource/:id/:action","UNMAPPED","POST|PATCH","@/angelcare-marketplace/commerce-studio/api-handlers","commerce-studio/api-handlers","NONE","NONE","YES","CAP-GLOBAL-001","SOURCE_REVIEWED","SUPPORTING_MUTATION_AUTHORITY","MAPPED_TO_IMPLEMENTED_CAPABILITY","app/api/angelcare-marketplace/admin/commerce/[resource]/[id]/[action]/route.ts; source imports/handlers reconciled against completed approved-screen and Batch evidence."
"API-596","API_ROUTE","app/api/angelcare-marketplace/admin/commerce/[resource]/[id]/route.ts","/api/angelcare-marketplace/admin/commerce/:resource/:id","UNMAPPED","GET|PATCH|DELETE","@/angelcare-marketplace/commerce-studio/api-handlers","commerce-studio/api-handlers","NONE","NONE","YES","CAP-GLOBAL-001","SOURCE_REVIEWED","OPERATOR_CAPABILITY_AUTHORITY","MAPPED_TO_IMPLEMENTED_CAPABILITY","app/api/angelcare-marketplace/admin/commerce/[resource]/[id]/route.ts; source imports/handlers reconciled against completed approved-screen and Batch evidence."
"API-597","API_ROUTE","app/api/angelcare-marketplace/admin/commerce/[resource]/route.ts","/api/angelcare-marketplace/admin/commerce/:resource","UNMAPPED","GET|POST","@/angelcare-marketplace/commerce-studio/api-handlers","commerce-studio/api-handlers","NONE","NONE","YES","CAP-GLOBAL-001","SOURCE_REVIEWED","OPERATOR_CAPABILITY_AUTHORITY","MAPPED_TO_IMPLEMENTED_CAPABILITY","app/api/angelcare-marketplace/admin/commerce/[resource]/route.ts; source imports/handlers reconciled against completed approved-screen and Batch evidence."
"API-598","API_ROUTE","app/api/angelcare-marketplace/admin/commerce/export/[resource]/route.ts","/api/angelcare-marketplace/admin/commerce/export/:resource","UNMAPPED","GET","@/angelcare-marketplace/commerce-studio/import-export","commerce-studio/import-export","NONE","NONE","YES","CAP-GLOBAL-001","SOURCE_REVIEWED","SUPPORTING_READ_AUTHORITY","MAPPED_TO_IMPLEMENTED_CAPABILITY","app/api/angelcare-marketplace/admin/commerce/export/[resource]/route.ts; source imports/handlers reconciled against completed approved-screen and Batch evidence."
"API-599","API_ROUTE","app/api/angelcare-marketplace/admin/commerce/import/[resource]/route.ts","/api/angelcare-marketplace/admin/commerce/import/:resource","UNMAPPED","POST","@/angelcare-marketplace/commerce-studio/import-export","commerce-studio/import-export","NONE","NONE","YES","CAP-GLOBAL-001","SOURCE_REVIEWED","SUPPORTING_MUTATION_AUTHORITY","MAPPED_TO_IMPLEMENTED_CAPABILITY","app/api/angelcare-marketplace/admin/commerce/import/[resource]/route.ts; source imports/handlers reconciled against completed approved-screen and Batch evidence."
"API-600","API_ROUTE","app/api/angelcare-marketplace/admin/commerce/summary/route.ts","/api/angelcare-marketplace/admin/commerce/summary","UNMAPPED","GET","@/angelcare-marketplace/commerce-studio/api-handlers","commerce-studio/api-handlers","NONE","NONE","YES","CAP-GLOBAL-001","SOURCE_REVIEWED","SUPPORTING_READ_AUTHORITY","MAPPED_TO_IMPLEMENTED_CAPABILITY","app/api/angelcare-marketplace/admin/commerce/summary/route.ts; source imports/handlers reconciled against completed approved-screen and Batch evidence."
"API-601","API_ROUTE","app/api/angelcare-marketplace/admin/customers-revenue/overview/route.ts","/api/angelcare-marketplace/admin/customers-revenue/overview","UNMAPPED","GET","@/angelcare-marketplace/auth/context|@/angelcare-marketplace/customer-relationship-command/repository|@/angelcare-marketplace/server/request","auth/context|customer-relationship-command/repository|server/request","repository","NONE","YES","CAP-B03-001","SOURCE_REVIEWED","SUPPORTING_READ_AUTHORITY","MAPPED_TO_IMPLEMENTED_CAPABILITY","app/api/angelcare-marketplace/admin/customers-revenue/overview/route.ts; source imports/handlers reconciled against completed approved-screen and Batch evidence."
"API-602","API_ROUTE","app/api/angelcare-marketplace/admin/customers/[customerId]/addresses/[addressId]/route.ts","/api/angelcare-marketplace/admin/customers/:customerId/addresses/:addressId","UNMAPPED","PATCH","@/angelcare-marketplace/admin-control-plane/api-handlers","admin-control-plane/api-handlers","NONE","NONE","YES","CAP-B11-001","SOURCE_REVIEWED","SUPPORTING_MUTATION_AUTHORITY","MAPPED_TO_IMPLEMENTED_CAPABILITY","app/api/angelcare-marketplace/admin/customers/[customerId]/addresses/[addressId]/route.ts; source imports/handlers reconciled against completed approved-screen and Batch evidence."
"API-603","API_ROUTE","app/api/angelcare-marketplace/admin/customers/[customerId]/addresses/route.ts","/api/angelcare-marketplace/admin/customers/:customerId/addresses","UNMAPPED","GET|POST","@/angelcare-marketplace/admin-control-plane/api-handlers","admin-control-plane/api-handlers","NONE","NONE","YES","CAP-B11-001","SOURCE_REVIEWED","OPERATOR_CAPABILITY_AUTHORITY","MAPPED_TO_IMPLEMENTED_CAPABILITY","app/api/angelcare-marketplace/admin/customers/[customerId]/addresses/route.ts; source imports/handlers reconciled against completed approved-screen and Batch evidence."
"API-604","API_ROUTE","app/api/angelcare-marketplace/admin/customers/[customerId]/family/children/[childId]/route.ts","/api/angelcare-marketplace/admin/customers/:customerId/family/children/:childId","UNMAPPED","PATCH","@/angelcare-marketplace/admin-control-plane/api-handlers","admin-control-plane/api-handlers","NONE","NONE","YES","CAP-B11-001","SOURCE_REVIEWED","SUPPORTING_MUTATION_AUTHORITY","MAPPED_TO_IMPLEMENTED_CAPABILITY","app/api/angelcare-marketplace/admin/customers/[customerId]/family/children/[childId]/route.ts; source imports/handlers reconciled against completed approved-screen and Batch evidence."
"API-605","API_ROUTE","app/api/angelcare-marketplace/admin/customers/[customerId]/family/children/route.ts","/api/angelcare-marketplace/admin/customers/:customerId/family/children","UNMAPPED","GET|POST","@/angelcare-marketplace/admin-control-plane/api-handlers","admin-control-plane/api-handlers","NONE","NONE","YES","CAP-B11-001","SOURCE_REVIEWED","OPERATOR_CAPABILITY_AUTHORITY","MAPPED_TO_IMPLEMENTED_CAPABILITY","app/api/angelcare-marketplace/admin/customers/[customerId]/family/children/route.ts; source imports/handlers reconciled against completed approved-screen and Batch evidence."
"API-606","API_ROUTE","app/api/angelcare-marketplace/admin/customers/[customerId]/family/route.ts","/api/angelcare-marketplace/admin/customers/:customerId/family","UNMAPPED","GET|PATCH","@/angelcare-marketplace/admin-control-plane/api-handlers","admin-control-plane/api-handlers","NONE","NONE","YES","CAP-B11-001","SOURCE_REVIEWED","OPERATOR_CAPABILITY_AUTHORITY","MAPPED_TO_IMPLEMENTED_CAPABILITY","app/api/angelcare-marketplace/admin/customers/[customerId]/family/route.ts; source imports/handlers reconciled against completed approved-screen and Batch evidence."
"API-607","API_ROUTE","app/api/angelcare-marketplace/admin/customers/[customerId]/route.ts","/api/angelcare-marketplace/admin/customers/:customerId","UNMAPPED","GET|PATCH","@/angelcare-marketplace/admin-control-plane/api-handlers","admin-control-plane/api-handlers","NONE","NONE","YES","CAP-B11-001","SOURCE_REVIEWED","OPERATOR_CAPABILITY_AUTHORITY","MAPPED_TO_IMPLEMENTED_CAPABILITY","app/api/angelcare-marketplace/admin/customers/[customerId]/route.ts; source imports/handlers reconciled against completed approved-screen and Batch evidence."
"API-608","API_ROUTE","app/api/angelcare-marketplace/admin/customers/route.ts","/api/angelcare-marketplace/admin/customers","UNMAPPED","GET|POST","@/angelcare-marketplace/admin-control-plane/api-handlers","admin-control-plane/api-handlers","NONE","NONE","YES","CAP-B11-001","SOURCE_REVIEWED","OPERATOR_CAPABILITY_AUTHORITY","MAPPED_TO_IMPLEMENTED_CAPABILITY","app/api/angelcare-marketplace/admin/customers/route.ts; source imports/handlers reconciled against completed approved-screen and Batch evidence."
"API-609","API_ROUTE","app/api/angelcare-marketplace/admin/enterprise-command/bulk-operations/route.ts","/api/angelcare-marketplace/admin/enterprise-command/bulk-operations","B07","dynamic|GET","@/angelcare-marketplace/enterprise-command/api-handlers","enterprise-command/api-handlers","NONE","NONE","YES","CAP-B07-001","SOURCE_REVIEWED","SUPPORTING_READ_AUTHORITY","MAPPED_TO_IMPLEMENTED_CAPABILITY","app/api/angelcare-marketplace/admin/enterprise-command/bulk-operations/route.ts; source imports/handlers reconciled against completed approved-screen and Batch evidence."
"API-610","API_ROUTE","app/api/angelcare-marketplace/admin/enterprise-command/command-center/route.ts","/api/angelcare-marketplace/admin/enterprise-command/command-center","UNMAPPED","GET","@/angelcare-marketplace/auth/context|@/angelcare-marketplace/enterprise-command/command-center-repository|@/angelcare-marketplace/server/request","auth/context|enterprise-command/command-center-repository|server/request","repository","NONE","YES","CAP-B07-001","SOURCE_REVIEWED","SUPPORTING_READ_AUTHORITY","MAPPED_TO_IMPLEMENTED_CAPABILITY","app/api/angelcare-marketplace/admin/enterprise-command/command-center/route.ts; source imports/handlers reconciled against completed approved-screen and Batch evidence."
"API-611","API_ROUTE","app/api/angelcare-marketplace/admin/enterprise-command/customers/[customerId]/route.ts","/api/angelcare-marketplace/admin/enterprise-command/customers/:customerId","UNMAPPED","dynamic|GET","@/angelcare-marketplace/enterprise-command/api-handlers","enterprise-command/api-handlers","NONE","NONE","YES","CAP-B07-001","SOURCE_REVIEWED","SUPPORTING_READ_AUTHORITY","MAPPED_TO_IMPLEMENTED_CAPABILITY","app/api/angelcare-marketplace/admin/enterprise-command/customers/[customerId]/route.ts; source imports/handlers reconciled against completed approved-screen and Batch evidence."
"API-612","API_ROUTE","app/api/angelcare-marketplace/admin/enterprise-command/documents/export/route.ts","/api/angelcare-marketplace/admin/enterprise-command/documents/export","B04|B07","dynamic|POST","@/angelcare-marketplace/enterprise-command/api-handlers","enterprise-command/api-handlers","NONE","NONE","YES","CAP-B04-001|CAP-B07-001","SOURCE_REVIEWED","SUPPORTING_MUTATION_AUTHORITY","MAPPED_TO_IMPLEMENTED_CAPABILITY","app/api/angelcare-marketplace/admin/enterprise-command/documents/export/route.ts; source imports/handlers reconciled against completed approved-screen and Batch evidence."
"API-613","API_ROUTE","app/api/angelcare-marketplace/admin/enterprise-command/live-map/route.ts","/api/angelcare-marketplace/admin/enterprise-command/live-map","UNMAPPED","dynamic|GET","@/angelcare-marketplace/enterprise-command/api-handlers","enterprise-command/api-handlers","NONE","NONE","YES","CAP-B07-001","SOURCE_REVIEWED","SUPPORTING_READ_AUTHORITY","MAPPED_TO_IMPLEMENTED_CAPABILITY","app/api/angelcare-marketplace/admin/enterprise-command/live-map/route.ts; source imports/handlers reconciled against completed approved-screen and Batch evidence."
"API-614","API_ROUTE","app/api/angelcare-marketplace/admin/enterprise-command/missions/route.ts","/api/angelcare-marketplace/admin/enterprise-command/missions","B07","dynamic|GET","@/angelcare-marketplace/enterprise-command/api-handlers","enterprise-command/api-handlers","NONE","NONE","YES","CAP-B07-001","SOURCE_REVIEWED","SUPPORTING_READ_AUTHORITY","MAPPED_TO_IMPLEMENTED_CAPABILITY","app/api/angelcare-marketplace/admin/enterprise-command/missions/route.ts; source imports/handlers reconciled against completed approved-screen and Batch evidence."
"API-615","API_ROUTE","app/api/angelcare-marketplace/admin/enterprise-command/operator-workspace/route.ts","/api/angelcare-marketplace/admin/enterprise-command/operator-workspace","UNMAPPED","GET|PATCH","@/angelcare-marketplace/enterprise-command/sovereign-api-handlers","enterprise-command/sovereign-api-handlers","NONE","NONE","YES","CAP-B07-001","SOURCE_REVIEWED","OPERATOR_CAPABILITY_AUTHORITY","MAPPED_TO_IMPLEMENTED_CAPABILITY","app/api/angelcare-marketplace/admin/enterprise-command/operator-workspace/route.ts; source imports/handlers reconciled against completed approved-screen and Batch evidence."
"API-616","API_ROUTE","app/api/angelcare-marketplace/admin/enterprise-command/orders/[orderId]/operate/route.ts","/api/angelcare-marketplace/admin/enterprise-command/orders/:orderId/operate","UNMAPPED","PATCH","@/angelcare-marketplace/enterprise-command/sovereign-api-handlers","enterprise-command/sovereign-api-handlers","NONE","NONE","YES","CAP-B07-001","SOURCE_REVIEWED","SUPPORTING_MUTATION_AUTHORITY","MAPPED_TO_IMPLEMENTED_CAPABILITY","app/api/angelcare-marketplace/admin/enterprise-command/orders/[orderId]/operate/route.ts; source imports/handlers reconciled against completed approved-screen and Batch evidence."
"API-617","API_ROUTE","app/api/angelcare-marketplace/admin/enterprise-command/orders/[orderId]/route.ts","/api/angelcare-marketplace/admin/enterprise-command/orders/:orderId","UNMAPPED","dynamic|GET","@/angelcare-marketplace/enterprise-command/api-handlers","enterprise-command/api-handlers","NONE","NONE","YES","CAP-B07-001","SOURCE_REVIEWED","SUPPORTING_READ_AUTHORITY","MAPPED_TO_IMPLEMENTED_CAPABILITY","app/api/angelcare-marketplace/admin/enterprise-command/orders/[orderId]/route.ts; source imports/handlers reconciled against completed approved-screen and Batch evidence."
"API-618","API_ROUTE","app/api/angelcare-marketplace/admin/enterprise-command/product-import/commit/route.ts","/api/angelcare-marketplace/admin/enterprise-command/product-import/commit","UNMAPPED","dynamic|POST","@/angelcare-marketplace/enterprise-command/api-handlers","enterprise-command/api-handlers","NONE","NONE","YES","CAP-B07-001","SOURCE_REVIEWED","SUPPORTING_MUTATION_AUTHORITY","MAPPED_TO_IMPLEMENTED_CAPABILITY","app/api/angelcare-marketplace/admin/enterprise-command/product-import/commit/route.ts; source imports/handlers reconciled against completed approved-screen and Batch evidence."
"API-619","API_ROUTE","app/api/angelcare-marketplace/admin/enterprise-command/product-import/jobs/[jobId]/result/route.ts","/api/angelcare-marketplace/admin/enterprise-command/product-import/jobs/:jobId/result","UNMAPPED","dynamic|GET","@/angelcare-marketplace/enterprise-command/api-handlers","enterprise-command/api-handlers","NONE","NONE","YES","CAP-B07-001","SOURCE_REVIEWED","SUPPORTING_READ_AUTHORITY","MAPPED_TO_IMPLEMENTED_CAPABILITY","app/api/angelcare-marketplace/admin/enterprise-command/product-import/jobs/[jobId]/result/route.ts; source imports/handlers reconciled against completed approved-screen and Batch evidence."
"API-620","API_ROUTE","app/api/angelcare-marketplace/admin/enterprise-command/product-import/jobs/[jobId]/retry/route.ts","/api/angelcare-marketplace/admin/enterprise-command/product-import/jobs/:jobId/retry","UNMAPPED","dynamic|POST","@/angelcare-marketplace/enterprise-command/api-handlers","enterprise-command/api-handlers","NONE","NONE","YES","CAP-B07-001","SOURCE_REVIEWED","SUPPORTING_MUTATION_AUTHORITY","MAPPED_TO_IMPLEMENTED_CAPABILITY","app/api/angelcare-marketplace/admin/enterprise-command/product-import/jobs/[jobId]/retry/route.ts; source imports/handlers reconciled against completed approved-screen and Batch evidence."
"API-621","API_ROUTE","app/api/angelcare-marketplace/admin/enterprise-command/product-import/jobs/[jobId]/route.ts","/api/angelcare-marketplace/admin/enterprise-command/product-import/jobs/:jobId","UNMAPPED","dynamic|GET","@/angelcare-marketplace/enterprise-command/api-handlers","enterprise-command/api-handlers","NONE","NONE","YES","CAP-B07-001","SOURCE_REVIEWED","SUPPORTING_READ_AUTHORITY","MAPPED_TO_IMPLEMENTED_CAPABILITY","app/api/angelcare-marketplace/admin/enterprise-command/product-import/jobs/[jobId]/route.ts; source imports/handlers reconciled against completed approved-screen and Batch evidence."
"API-622","API_ROUTE","app/api/angelcare-marketplace/admin/enterprise-command/product-import/jobs/[jobId]/run/route.ts","/api/angelcare-marketplace/admin/enterprise-command/product-import/jobs/:jobId/run","UNMAPPED","dynamic|POST","@/angelcare-marketplace/enterprise-command/api-handlers","enterprise-command/api-handlers","NONE","NONE","YES","CAP-B07-001","SOURCE_REVIEWED","SUPPORTING_MUTATION_AUTHORITY","MAPPED_TO_IMPLEMENTED_CAPABILITY","app/api/angelcare-marketplace/admin/enterprise-command/product-import/jobs/[jobId]/run/route.ts; source imports/handlers reconciled against completed approved-screen and Batch evidence."
"API-623","API_ROUTE","app/api/angelcare-marketplace/admin/enterprise-command/product-import/jobs/route.ts","/api/angelcare-marketplace/admin/enterprise-command/product-import/jobs","UNMAPPED","dynamic|POST","@/angelcare-marketplace/enterprise-command/api-handlers","enterprise-command/api-handlers","NONE","NONE","YES","CAP-B07-001","SOURCE_REVIEWED","SUPPORTING_MUTATION_AUTHORITY","MAPPED_TO_IMPLEMENTED_CAPABILITY","app/api/angelcare-marketplace/admin/enterprise-command/product-import/jobs/route.ts; source imports/handlers reconciled against completed approved-screen and Batch evidence."
"API-624","API_ROUTE","app/api/angelcare-marketplace/admin/enterprise-command/product-import/preview/route.ts","/api/angelcare-marketplace/admin/enterprise-command/product-import/preview","UNMAPPED","dynamic|POST","@/angelcare-marketplace/enterprise-command/api-handlers","enterprise-command/api-handlers","NONE","NONE","YES","CAP-B07-001","SOURCE_REVIEWED","SUPPORTING_MUTATION_AUTHORITY","MAPPED_TO_IMPLEMENTED_CAPABILITY","app/api/angelcare-marketplace/admin/enterprise-command/product-import/preview/route.ts; source imports/handlers reconciled against completed approved-screen and Batch evidence."
"API-625","API_ROUTE","app/api/angelcare-marketplace/admin/enterprise-command/pulse/route.ts","/api/angelcare-marketplace/admin/enterprise-command/pulse","B11","dynamic|GET","@/angelcare-marketplace/enterprise-command/api-handlers","enterprise-command/api-handlers","NONE","NONE","YES","CAP-B11-001","SOURCE_REVIEWED","SUPPORTING_READ_AUTHORITY","MAPPED_TO_IMPLEMENTED_CAPABILITY","app/api/angelcare-marketplace/admin/enterprise-command/pulse/route.ts; source imports/handlers reconciled against completed approved-screen and Batch evidence."
"API-626","API_ROUTE","app/api/angelcare-marketplace/admin/enterprise-command/search/route.ts","/api/angelcare-marketplace/admin/enterprise-command/search","UNMAPPED","dynamic|GET","@/angelcare-marketplace/enterprise-command/api-handlers","enterprise-command/api-handlers","NONE","NONE","YES","CAP-B07-001","SOURCE_REVIEWED","SUPPORTING_READ_AUTHORITY","MAPPED_TO_IMPLEMENTED_CAPABILITY","app/api/angelcare-marketplace/admin/enterprise-command/search/route.ts; source imports/handlers reconciled against completed approved-screen and Batch evidence."
"API-627","API_ROUTE","app/api/angelcare-marketplace/admin/enterprise-command/segments/route.ts","/api/angelcare-marketplace/admin/enterprise-command/segments","B06","dynamic|POST","@/angelcare-marketplace/enterprise-command/api-handlers","enterprise-command/api-handlers","NONE","NONE","YES","CAP-B06-001","SOURCE_REVIEWED","SUPPORTING_MUTATION_AUTHORITY","MAPPED_TO_IMPLEMENTED_CAPABILITY","app/api/angelcare-marketplace/admin/enterprise-command/segments/route.ts; source imports/handlers reconciled against completed approved-screen and Batch evidence."
"API-628","API_ROUTE","app/api/angelcare-marketplace/admin/enterprise-command/segments/saved/[segmentId]/route.ts","/api/angelcare-marketplace/admin/enterprise-command/segments/saved/:segmentId","UNMAPPED","PATCH|DELETE","@/angelcare-marketplace/enterprise-command/sovereign-api-handlers","enterprise-command/sovereign-api-handlers","NONE","NONE","YES","CAP-B07-001","SOURCE_REVIEWED","SUPPORTING_MUTATION_AUTHORITY","MAPPED_TO_IMPLEMENTED_CAPABILITY","app/api/angelcare-marketplace/admin/enterprise-command/segments/saved/[segmentId]/route.ts; source imports/handlers reconciled against completed approved-screen and Batch evidence."
"API-629","API_ROUTE","app/api/angelcare-marketplace/admin/enterprise-command/segments/saved/route.ts","/api/angelcare-marketplace/admin/enterprise-command/segments/saved","B06","GET|POST","@/angelcare-marketplace/enterprise-command/sovereign-api-handlers","enterprise-command/sovereign-api-handlers","NONE","NONE","YES","CAP-B06-001","SOURCE_REVIEWED","OPERATOR_CAPABILITY_AUTHORITY","MAPPED_TO_IMPLEMENTED_CAPABILITY","app/api/angelcare-marketplace/admin/enterprise-command/segments/saved/route.ts; source imports/handlers reconciled against completed approved-screen and Batch evidence."
"API-630","API_ROUTE","app/api/angelcare-marketplace/admin/enterprise-command/templates/[templateKey]/versions/route.ts","/api/angelcare-marketplace/admin/enterprise-command/templates/:templateKey/versions","UNMAPPED","GET|POST","@/angelcare-marketplace/enterprise-command/api-handlers|@/angelcare-marketplace/enterprise-command/types","enterprise-command/api-handlers|enterprise-command/types","NONE","NONE","YES","CAP-B07-001","SOURCE_REVIEWED","OPERATOR_CAPABILITY_AUTHORITY","MAPPED_TO_IMPLEMENTED_CAPABILITY","app/api/angelcare-marketplace/admin/enterprise-command/templates/[templateKey]/versions/route.ts; source imports/handlers reconciled against completed approved-screen and Batch evidence."
"API-631","API_ROUTE","app/api/angelcare-marketplace/admin/enterprise-command/templates/route.ts","/api/angelcare-marketplace/admin/enterprise-command/templates","UNMAPPED","dynamic|GET|POST","@/angelcare-marketplace/enterprise-command/api-handlers","enterprise-command/api-handlers","NONE","NONE","YES","CAP-B07-001","SOURCE_REVIEWED","OPERATOR_CAPABILITY_AUTHORITY","MAPPED_TO_IMPLEMENTED_CAPABILITY","app/api/angelcare-marketplace/admin/enterprise-command/templates/route.ts; source imports/handlers reconciled against completed approved-screen and Batch evidence."
"API-632","API_ROUTE","app/api/angelcare-marketplace/admin/enterprise-control/route.ts","/api/angelcare-marketplace/admin/enterprise-control","UNMAPPED","GET","@/angelcare-marketplace/enterprise-closure/api-handlers","enterprise-closure/api-handlers","NONE","NONE","YES","CAP-GLOBAL-001","SOURCE_REVIEWED","SUPPORTING_READ_AUTHORITY","MAPPED_TO_IMPLEMENTED_CAPABILITY","app/api/angelcare-marketplace/admin/enterprise-control/route.ts; source imports/handlers reconciled against completed approved-screen and Batch evidence."
"API-633","API_ROUTE","app/api/angelcare-marketplace/admin/enterprise/orders/[orderId]/lines/[lineId]/route.ts","/api/angelcare-marketplace/admin/enterprise/orders/:orderId/lines/:lineId","UNMAPPED","PATCH","@/angelcare-marketplace/enterprise-closure/api-handlers","enterprise-closure/api-handlers","NONE","NONE","YES","CAP-GLOBAL-001","SOURCE_REVIEWED","SUPPORTING_MUTATION_AUTHORITY","MAPPED_TO_IMPLEMENTED_CAPABILITY","app/api/angelcare-marketplace/admin/enterprise/orders/[orderId]/lines/[lineId]/route.ts; source imports/handlers reconciled against completed approved-screen and Batch evidence."
"API-634","API_ROUTE","app/api/angelcare-marketplace/admin/enterprise/orders/[orderId]/lines/route.ts","/api/angelcare-marketplace/admin/enterprise/orders/:orderId/lines","UNMAPPED","POST","@/angelcare-marketplace/enterprise-closure/api-handlers","enterprise-closure/api-handlers","NONE","NONE","YES","CAP-GLOBAL-001","SOURCE_REVIEWED","SUPPORTING_MUTATION_AUTHORITY","MAPPED_TO_IMPLEMENTED_CAPABILITY","app/api/angelcare-marketplace/admin/enterprise/orders/[orderId]/lines/route.ts; source imports/handlers reconciled against completed approved-screen and Batch evidence."
"API-635","API_ROUTE","app/api/angelcare-marketplace/admin/enterprise/orders/[orderId]/route.ts","/api/angelcare-marketplace/admin/enterprise/orders/:orderId","UNMAPPED","GET","@/angelcare-marketplace/enterprise-closure/api-handlers","enterprise-closure/api-handlers","NONE","NONE","YES","CAP-GLOBAL-001","SOURCE_REVIEWED","SUPPORTING_READ_AUTHORITY","MAPPED_TO_IMPLEMENTED_CAPABILITY","app/api/angelcare-marketplace/admin/enterprise/orders/[orderId]/route.ts; source imports/handlers reconciled against completed approved-screen and Batch evidence."
"API-636","API_ROUTE","app/api/angelcare-marketplace/admin/families/[familyId]/guardians/[guardianId]/route.ts","/api/angelcare-marketplace/admin/families/:familyId/guardians/:guardianId","UNMAPPED","PATCH","@/angelcare-marketplace/enterprise-closure/api-handlers","enterprise-closure/api-handlers","NONE","NONE","YES","CAP-GLOBAL-001","SOURCE_REVIEWED","SUPPORTING_MUTATION_AUTHORITY","MAPPED_TO_IMPLEMENTED_CAPABILITY","app/api/angelcare-marketplace/admin/families/[familyId]/guardians/[guardianId]/route.ts; source imports/handlers reconciled against completed approved-screen and Batch evidence."
"API-637","API_ROUTE","app/api/angelcare-marketplace/admin/families/[familyId]/guardians/route.ts","/api/angelcare-marketplace/admin/families/:familyId/guardians","UNMAPPED","GET|POST","@/angelcare-marketplace/enterprise-closure/api-handlers","enterprise-closure/api-handlers","NONE","NONE","YES","CAP-GLOBAL-001","SOURCE_REVIEWED","OPERATOR_CAPABILITY_AUTHORITY","MAPPED_TO_IMPLEMENTED_CAPABILITY","app/api/angelcare-marketplace/admin/families/[familyId]/guardians/route.ts; source imports/handlers reconciled against completed approved-screen and Batch evidence."
"API-638","API_ROUTE","app/api/angelcare-marketplace/admin/families/route.ts","/api/angelcare-marketplace/admin/families","UNMAPPED","NONE","@/angelcare-marketplace/family-experience/api-handlers","family-experience/api-handlers","NONE","NONE","YES","CAP-B03-001","SOURCE_REVIEWED","SUPPORTING_READ_AUTHORITY","MAPPED_TO_IMPLEMENTED_CAPABILITY","app/api/angelcare-marketplace/admin/families/route.ts; source imports/handlers reconciled against completed approved-screen and Batch evidence."
"API-639","API_ROUTE","app/api/angelcare-marketplace/admin/family-requests/[requestId]/qualify/route.ts","/api/angelcare-marketplace/admin/family-requests/:requestId/qualify","UNMAPPED","POST","@/angelcare-marketplace/family-experience/api-handlers","family-experience/api-handlers","NONE","NONE","YES","CAP-B03-001","SOURCE_REVIEWED","SUPPORTING_MUTATION_AUTHORITY","MAPPED_TO_IMPLEMENTED_CAPABILITY","app/api/angelcare-marketplace/admin/family-requests/[requestId]/qualify/route.ts; source imports/handlers reconciled against completed approved-screen and Batch evidence."
"API-640","API_ROUTE","app/api/angelcare-marketplace/admin/family-requests/route.ts","/api/angelcare-marketplace/admin/family-requests","UNMAPPED","NONE","@/angelcare-marketplace/family-experience/api-handlers","family-experience/api-handlers","NONE","NONE","YES","CAP-B03-001","SOURCE_REVIEWED","SUPPORTING_READ_AUTHORITY","MAPPED_TO_IMPLEMENTED_CAPABILITY","app/api/angelcare-marketplace/admin/family-requests/route.ts; source imports/handlers reconciled against completed approved-screen and Batch evidence."
"API-641","API_ROUTE","app/api/angelcare-marketplace/admin/finance-control-ledger/route.ts","/api/angelcare-marketplace/admin/finance-control-ledger","B10","GET","@/angelcare-marketplace/financial-control-ledger/api-handlers","financial-control-ledger/api-handlers","NONE","NONE","YES","CAP-B10-001","SOURCE_REVIEWED","SUPPORTING_READ_AUTHORITY","MAPPED_TO_IMPLEMENTED_CAPABILITY","app/api/angelcare-marketplace/admin/finance-control-ledger/route.ts; source imports/handlers reconciled against completed approved-screen and Batch evidence."
"API-642","API_ROUTE","app/api/angelcare-marketplace/admin/footer-studio/analytics/route.ts","/api/angelcare-marketplace/admin/footer-studio/analytics","B05","GET","@/angelcare-marketplace/footer-studio/api-handlers","footer-studio/api-handlers","NONE","NONE","YES","CAP-B05-001","SOURCE_REVIEWED","SUPPORTING_READ_AUTHORITY","MAPPED_TO_IMPLEMENTED_CAPABILITY","app/api/angelcare-marketplace/admin/footer-studio/analytics/route.ts; source imports/handlers reconciled against completed approved-screen and Batch evidence."
"API-643","API_ROUTE","app/api/angelcare-marketplace/admin/footer-studio/contacts/[deskId]/route.ts","/api/angelcare-marketplace/admin/footer-studio/contacts/:deskId","UNMAPPED","PATCH","@/angelcare-marketplace/footer-studio/api-handlers","footer-studio/api-handlers","NONE","NONE","YES","CAP-B05-001","SOURCE_REVIEWED","SUPPORTING_READ_AUTHORITY","MAPPED_TO_IMPLEMENTED_CAPABILITY","app/api/angelcare-marketplace/admin/footer-studio/contacts/[deskId]/route.ts; source imports/handlers reconciled against completed approved-screen and Batch evidence."
"API-644","API_ROUTE","app/api/angelcare-marketplace/admin/footer-studio/contacts/route.ts","/api/angelcare-marketplace/admin/footer-studio/contacts","B05","GET|POST","@/angelcare-marketplace/footer-studio/api-handlers","footer-studio/api-handlers","NONE","NONE","YES","CAP-B05-001","SOURCE_REVIEWED","OPERATOR_CAPABILITY_AUTHORITY","MAPPED_TO_IMPLEMENTED_CAPABILITY","app/api/angelcare-marketplace/admin/footer-studio/contacts/route.ts; source imports/handlers reconciled against completed approved-screen and Batch evidence."
"API-645","API_ROUTE","app/api/angelcare-marketplace/admin/footer-studio/profiles/[profileId]/actions/[action]/route.ts","/api/angelcare-marketplace/admin/footer-studio/profiles/:profileId/actions/:action","UNMAPPED","POST","@/angelcare-marketplace/footer-studio/api-handlers","footer-studio/api-handlers","NONE","NONE","YES","CAP-B05-001","SOURCE_REVIEWED","SUPPORTING_READ_AUTHORITY","MAPPED_TO_IMPLEMENTED_CAPABILITY","app/api/angelcare-marketplace/admin/footer-studio/profiles/[profileId]/actions/[action]/route.ts; source imports/handlers reconciled against completed approved-screen and Batch evidence."
"API-646","API_ROUTE","app/api/angelcare-marketplace/admin/footer-studio/profiles/[profileId]/route.ts","/api/angelcare-marketplace/admin/footer-studio/profiles/:profileId","UNMAPPED","GET|PATCH","@/angelcare-marketplace/footer-studio/api-handlers","footer-studio/api-handlers","NONE","NONE","YES","CAP-B05-001","SOURCE_REVIEWED","SUPPORTING_READ_AUTHORITY","MAPPED_TO_IMPLEMENTED_CAPABILITY","app/api/angelcare-marketplace/admin/footer-studio/profiles/[profileId]/route.ts; source imports/handlers reconciled against completed approved-screen and Batch evidence."
"API-647","API_ROUTE","app/api/angelcare-marketplace/admin/footer-studio/profiles/[profileId]/sections/[sectionId]/links/[linkId]/route.ts","/api/angelcare-marketplace/admin/footer-studio/profiles/:profileId/sections/:sectionId/links/:linkId","UNMAPPED","PATCH","@/angelcare-marketplace/footer-studio/api-handlers","footer-studio/api-handlers","NONE","NONE","YES","CAP-B05-001","SOURCE_REVIEWED","SUPPORTING_READ_AUTHORITY","MAPPED_TO_IMPLEMENTED_CAPABILITY","app/api/angelcare-marketplace/admin/footer-studio/profiles/[profileId]/sections/[sectionId]/links/[linkId]/route.ts; source imports/handlers reconciled against completed approved-screen and Batch evidence."
"API-648","API_ROUTE","app/api/angelcare-marketplace/admin/footer-studio/profiles/[profileId]/sections/[sectionId]/links/route.ts","/api/angelcare-marketplace/admin/footer-studio/profiles/:profileId/sections/:sectionId/links","UNMAPPED","POST","@/angelcare-marketplace/footer-studio/api-handlers","footer-studio/api-handlers","NONE","NONE","YES","CAP-B05-001","SOURCE_REVIEWED","SUPPORTING_READ_AUTHORITY","MAPPED_TO_IMPLEMENTED_CAPABILITY","app/api/angelcare-marketplace/admin/footer-studio/profiles/[profileId]/sections/[sectionId]/links/route.ts; source imports/handlers reconciled against completed approved-screen and Batch evidence."
"API-649","API_ROUTE","app/api/angelcare-marketplace/admin/footer-studio/profiles/[profileId]/sections/[sectionId]/route.ts","/api/angelcare-marketplace/admin/footer-studio/profiles/:profileId/sections/:sectionId","UNMAPPED","PATCH","@/angelcare-marketplace/footer-studio/api-handlers","footer-studio/api-handlers","NONE","NONE","YES","CAP-B05-001","SOURCE_REVIEWED","SUPPORTING_READ_AUTHORITY","MAPPED_TO_IMPLEMENTED_CAPABILITY","app/api/angelcare-marketplace/admin/footer-studio/profiles/[profileId]/sections/[sectionId]/route.ts; source imports/handlers reconciled against completed approved-screen and Batch evidence."
"API-650","API_ROUTE","app/api/angelcare-marketplace/admin/footer-studio/profiles/[profileId]/sections/reorder/route.ts","/api/angelcare-marketplace/admin/footer-studio/profiles/:profileId/sections/reorder","UNMAPPED","POST","@/angelcare-marketplace/footer-studio/api-handlers","footer-studio/api-handlers","NONE","NONE","YES","CAP-B05-001","SOURCE_REVIEWED","SUPPORTING_READ_AUTHORITY","MAPPED_TO_IMPLEMENTED_CAPABILITY","app/api/angelcare-marketplace/admin/footer-studio/profiles/[profileId]/sections/reorder/route.ts; source imports/handlers reconciled against completed approved-screen and Batch evidence."
"API-651","API_ROUTE","app/api/angelcare-marketplace/admin/footer-studio/profiles/[profileId]/sections/route.ts","/api/angelcare-marketplace/admin/footer-studio/profiles/:profileId/sections","UNMAPPED","GET|POST","@/angelcare-marketplace/footer-studio/api-handlers","footer-studio/api-handlers","NONE","NONE","YES","CAP-B05-001","SOURCE_REVIEWED","SUPPORTING_READ_AUTHORITY","MAPPED_TO_IMPLEMENTED_CAPABILITY","app/api/angelcare-marketplace/admin/footer-studio/profiles/[profileId]/sections/route.ts; source imports/handlers reconciled against completed approved-screen and Batch evidence."
"API-652","API_ROUTE","app/api/angelcare-marketplace/admin/footer-studio/profiles/[profileId]/versions/[versionId]/restore/route.ts","/api/angelcare-marketplace/admin/footer-studio/profiles/:profileId/versions/:versionId/restore","UNMAPPED","POST","@/angelcare-marketplace/footer-studio/api-handlers","footer-studio/api-handlers","NONE","NONE","YES","CAP-B05-001","SOURCE_REVIEWED","SUPPORTING_READ_AUTHORITY","MAPPED_TO_IMPLEMENTED_CAPABILITY","app/api/angelcare-marketplace/admin/footer-studio/profiles/[profileId]/versions/[versionId]/restore/route.ts; source imports/handlers reconciled against completed approved-screen and Batch evidence."
"API-653","API_ROUTE","app/api/angelcare-marketplace/admin/footer-studio/profiles/route.ts","/api/angelcare-marketplace/admin/footer-studio/profiles","B05","GET|POST","@/angelcare-marketplace/footer-studio/api-handlers","footer-studio/api-handlers","NONE","NONE","YES","CAP-B05-001","SOURCE_REVIEWED","OPERATOR_CAPABILITY_AUTHORITY","MAPPED_TO_IMPLEMENTED_CAPABILITY","app/api/angelcare-marketplace/admin/footer-studio/profiles/route.ts; source imports/handlers reconciled against completed approved-screen and Batch evidence."
"API-654","API_ROUTE","app/api/angelcare-marketplace/admin/footer-studio/schedules/route.ts","/api/angelcare-marketplace/admin/footer-studio/schedules","B05","GET|POST","@/angelcare-marketplace/footer-studio/api-handlers","footer-studio/api-handlers","NONE","NONE","YES","CAP-B05-001","SOURCE_REVIEWED","OPERATOR_CAPABILITY_AUTHORITY","MAPPED_TO_IMPLEMENTED_CAPABILITY","app/api/angelcare-marketplace/admin/footer-studio/schedules/route.ts; source imports/handlers reconciled against completed approved-screen and Batch evidence."
"API-655","API_ROUTE","app/api/angelcare-marketplace/admin/footer-studio/schedules/run/route.ts","/api/angelcare-marketplace/admin/footer-studio/schedules/run","B05","POST","@/angelcare-marketplace/footer-studio/api-handlers","footer-studio/api-handlers","NONE","NONE","YES","CAP-B05-001","SOURCE_REVIEWED","SUPPORTING_MUTATION_AUTHORITY","MAPPED_TO_IMPLEMENTED_CAPABILITY","app/api/angelcare-marketplace/admin/footer-studio/schedules/run/route.ts; source imports/handlers reconciled against completed approved-screen and Batch evidence."
"API-656","API_ROUTE","app/api/angelcare-marketplace/admin/footer-studio/summary/route.ts","/api/angelcare-marketplace/admin/footer-studio/summary","B05","GET","@/angelcare-marketplace/footer-studio/api-handlers","footer-studio/api-handlers","NONE","NONE","YES","CAP-B05-001","SOURCE_REVIEWED","SUPPORTING_READ_AUTHORITY","MAPPED_TO_IMPLEMENTED_CAPABILITY","app/api/angelcare-marketplace/admin/footer-studio/summary/route.ts; source imports/handlers reconciled against completed approved-screen and Batch evidence."
"API-657","API_ROUTE","app/api/angelcare-marketplace/admin/footer-studio/targeting/route.ts","/api/angelcare-marketplace/admin/footer-studio/targeting","B05","GET|POST","@/angelcare-marketplace/footer-studio/api-handlers","footer-studio/api-handlers","NONE","NONE","YES","CAP-B05-001","SOURCE_REVIEWED","OPERATOR_CAPABILITY_AUTHORITY","MAPPED_TO_IMPLEMENTED_CAPABILITY","app/api/angelcare-marketplace/admin/footer-studio/targeting/route.ts; source imports/handlers reconciled against completed approved-screen and Batch evidence."
"API-658","API_ROUTE","app/api/angelcare-marketplace/admin/footer-studio/themes/[themeId]/route.ts","/api/angelcare-marketplace/admin/footer-studio/themes/:themeId","UNMAPPED","PATCH","@/angelcare-marketplace/footer-studio/api-handlers","footer-studio/api-handlers","NONE","NONE","YES","CAP-B05-001","SOURCE_REVIEWED","SUPPORTING_READ_AUTHORITY","MAPPED_TO_IMPLEMENTED_CAPABILITY","app/api/angelcare-marketplace/admin/footer-studio/themes/[themeId]/route.ts; source imports/handlers reconciled against completed approved-screen and Batch evidence."
"API-659","API_ROUTE","app/api/angelcare-marketplace/admin/footer-studio/themes/route.ts","/api/angelcare-marketplace/admin/footer-studio/themes","B05","GET|POST","@/angelcare-marketplace/footer-studio/api-handlers","footer-studio/api-handlers","NONE","NONE","YES","CAP-B05-001","SOURCE_REVIEWED","OPERATOR_CAPABILITY_AUTHORITY","MAPPED_TO_IMPLEMENTED_CAPABILITY","app/api/angelcare-marketplace/admin/footer-studio/themes/route.ts; source imports/handlers reconciled against completed approved-screen and Batch evidence."
"API-660","API_ROUTE","app/api/angelcare-marketplace/admin/frontend-surfaces/[surfaceKey]/publish/route.ts","/api/angelcare-marketplace/admin/frontend-surfaces/:surfaceKey/publish","UNMAPPED","POST","@/angelcare-marketplace/total-commerce-control/api-handlers","total-commerce-control/api-handlers","NONE","NONE","YES","CAP-B05-001","SOURCE_REVIEWED","SUPPORTING_MUTATION_AUTHORITY","MAPPED_TO_IMPLEMENTED_CAPABILITY","app/api/angelcare-marketplace/admin/frontend-surfaces/[surfaceKey]/publish/route.ts; source imports/handlers reconciled against completed approved-screen and Batch evidence."
"API-661","API_ROUTE","app/api/angelcare-marketplace/admin/frontend-surfaces/[surfaceKey]/route.ts","/api/angelcare-marketplace/admin/frontend-surfaces/:surfaceKey","UNMAPPED","GET|PATCH","@/angelcare-marketplace/total-commerce-control/api-handlers","total-commerce-control/api-handlers","NONE","NONE","YES","CAP-B05-001","SOURCE_REVIEWED","OPERATOR_CAPABILITY_AUTHORITY","MAPPED_TO_IMPLEMENTED_CAPABILITY","app/api/angelcare-marketplace/admin/frontend-surfaces/[surfaceKey]/route.ts; source imports/handlers reconciled against completed approved-screen and Batch evidence."
"API-662","API_ROUTE","app/api/angelcare-marketplace/admin/frontend-surfaces/[surfaceKey]/sections/route.ts","/api/angelcare-marketplace/admin/frontend-surfaces/:surfaceKey/sections","UNMAPPED","PUT","@/angelcare-marketplace/total-commerce-control/api-handlers","total-commerce-control/api-handlers","NONE","NONE","YES","CAP-B05-001","SOURCE_REVIEWED","SUPPORTING_MUTATION_AUTHORITY","MAPPED_TO_IMPLEMENTED_CAPABILITY","app/api/angelcare-marketplace/admin/frontend-surfaces/[surfaceKey]/sections/route.ts; source imports/handlers reconciled against completed approved-screen and Batch evidence."
"API-663","API_ROUTE","app/api/angelcare-marketplace/admin/frontend-surfaces/route.ts","/api/angelcare-marketplace/admin/frontend-surfaces","B05","GET|POST","@/angelcare-marketplace/total-commerce-control/api-handlers","total-commerce-control/api-handlers","NONE","NONE","YES","CAP-B05-001","SOURCE_REVIEWED","OPERATOR_CAPABILITY_AUTHORITY","MAPPED_TO_IMPLEMENTED_CAPABILITY","app/api/angelcare-marketplace/admin/frontend-surfaces/route.ts; source imports/handlers reconciled against completed approved-screen and Batch evidence."
"API-664","API_ROUTE","app/api/angelcare-marketplace/admin/homepage/campaigns/route.ts","/api/angelcare-marketplace/admin/homepage/campaigns","B05","GET|POST","@/angelcare-marketplace/commerce-studio/api-handlers","commerce-studio/api-handlers","NONE","NONE","YES","CAP-B05-001","SOURCE_REVIEWED","OPERATOR_CAPABILITY_AUTHORITY","MAPPED_TO_IMPLEMENTED_CAPABILITY","app/api/angelcare-marketplace/admin/homepage/campaigns/route.ts; source imports/handlers reconciled against completed approved-screen and Batch evidence."
"API-665","API_ROUTE","app/api/angelcare-marketplace/admin/homepage/collections/route.ts","/api/angelcare-marketplace/admin/homepage/collections","B02|B05","GET|POST","@/angelcare-marketplace/commerce-studio/api-handlers","commerce-studio/api-handlers","NONE","NONE","YES","CAP-B02-001|CAP-B05-001","SOURCE_REVIEWED","OPERATOR_CAPABILITY_AUTHORITY","MAPPED_TO_IMPLEMENTED_CAPABILITY","app/api/angelcare-marketplace/admin/homepage/collections/route.ts; source imports/handlers reconciled against completed approved-screen and Batch evidence."
"API-666","API_ROUTE","app/api/angelcare-marketplace/admin/homepage/placements/route.ts","/api/angelcare-marketplace/admin/homepage/placements","B05","GET|POST","@/angelcare-marketplace/commerce-studio/api-handlers","commerce-studio/api-handlers","NONE","NONE","YES","CAP-B05-001","SOURCE_REVIEWED","OPERATOR_CAPABILITY_AUTHORITY","MAPPED_TO_IMPLEMENTED_CAPABILITY","app/api/angelcare-marketplace/admin/homepage/placements/route.ts; source imports/handlers reconciled against completed approved-screen and Batch evidence."
"API-667","API_ROUTE","app/api/angelcare-marketplace/admin/homepage/publish/route.ts","/api/angelcare-marketplace/admin/homepage/publish","B05","POST","@/angelcare-marketplace/commerce-studio/api-handlers","commerce-studio/api-handlers","NONE","NONE","YES","CAP-B05-001","SOURCE_REVIEWED","SUPPORTING_MUTATION_AUTHORITY","MAPPED_TO_IMPLEMENTED_CAPABILITY","app/api/angelcare-marketplace/admin/homepage/publish/route.ts; source imports/handlers reconciled against completed approved-screen and Batch evidence."
"API-668","API_ROUTE","app/api/angelcare-marketplace/admin/homepage/releases/route.ts","/api/angelcare-marketplace/admin/homepage/releases","B05","GET|POST","@/angelcare-marketplace/homepage-final/api-handlers","homepage-final/api-handlers","NONE","NONE","YES","CAP-B05-001","SOURCE_REVIEWED","OPERATOR_CAPABILITY_AUTHORITY","MAPPED_TO_IMPLEMENTED_CAPABILITY","app/api/angelcare-marketplace/admin/homepage/releases/route.ts; source imports/handlers reconciled against completed approved-screen and Batch evidence."
"API-669","API_ROUTE","app/api/angelcare-marketplace/admin/homepage/reorder/route.ts","/api/angelcare-marketplace/admin/homepage/reorder","B05","POST","@/angelcare-marketplace/commerce-studio/api-handlers","commerce-studio/api-handlers","NONE","NONE","YES","CAP-B05-001","SOURCE_REVIEWED","SUPPORTING_MUTATION_AUTHORITY","MAPPED_TO_IMPLEMENTED_CAPABILITY","app/api/angelcare-marketplace/admin/homepage/reorder/route.ts; source imports/handlers reconciled against completed approved-screen and Batch evidence."
"API-670","API_ROUTE","app/api/angelcare-marketplace/admin/homepage/sections/[sectionId]/route.ts","/api/angelcare-marketplace/admin/homepage/sections/:sectionId","UNMAPPED","GET|PATCH|DELETE","@/angelcare-marketplace/commerce-studio/api-handlers","commerce-studio/api-handlers","NONE","NONE","YES","CAP-GLOBAL-001","SOURCE_REVIEWED","OPERATOR_CAPABILITY_AUTHORITY","MAPPED_TO_IMPLEMENTED_CAPABILITY","app/api/angelcare-marketplace/admin/homepage/sections/[sectionId]/route.ts; source imports/handlers reconciled against completed approved-screen and Batch evidence."
"API-671","API_ROUTE","app/api/angelcare-marketplace/admin/homepage/sections/route.ts","/api/angelcare-marketplace/admin/homepage/sections","B05","GET|POST","@/angelcare-marketplace/commerce-studio/api-handlers","commerce-studio/api-handlers","NONE","NONE","YES","CAP-B05-001","SOURCE_REVIEWED","OPERATOR_CAPABILITY_AUTHORITY","MAPPED_TO_IMPLEMENTED_CAPABILITY","app/api/angelcare-marketplace/admin/homepage/sections/route.ts; source imports/handlers reconciled against completed approved-screen and Batch evidence."
"API-672","API_ROUTE","app/api/angelcare-marketplace/admin/invoices/[invoiceId]/route.ts","/api/angelcare-marketplace/admin/invoices/:invoiceId","UNMAPPED","PATCH","@/angelcare-marketplace/enterprise-closure/api-handlers","enterprise-closure/api-handlers","NONE","NONE","YES","CAP-GLOBAL-001","SOURCE_REVIEWED","SUPPORTING_MUTATION_AUTHORITY","MAPPED_TO_IMPLEMENTED_CAPABILITY","app/api/angelcare-marketplace/admin/invoices/[invoiceId]/route.ts; source imports/handlers reconciled against completed approved-screen and Batch evidence."
"API-673","API_ROUTE","app/api/angelcare-marketplace/admin/invoices/route.ts","/api/angelcare-marketplace/admin/invoices","B10","GET|POST","@/angelcare-marketplace/enterprise-closure/api-handlers","enterprise-closure/api-handlers","NONE","NONE","YES","CAP-B10-001","SOURCE_REVIEWED","OPERATOR_CAPABILITY_AUTHORITY","MAPPED_TO_IMPLEMENTED_CAPABILITY","app/api/angelcare-marketplace/admin/invoices/route.ts; source imports/handlers reconciled against completed approved-screen and Batch evidence."
"API-674","API_ROUTE","app/api/angelcare-marketplace/admin/live-experience/analytics/route.ts","/api/angelcare-marketplace/admin/live-experience/analytics","B06","GET","@/angelcare-marketplace/live-experience-command/api-handlers","live-experience-command/api-handlers","NONE","NONE","YES","CAP-B06-001","SOURCE_REVIEWED","SUPPORTING_READ_AUTHORITY","MAPPED_TO_IMPLEMENTED_CAPABILITY","app/api/angelcare-marketplace/admin/live-experience/analytics/route.ts; source imports/handlers reconciled against completed approved-screen and Batch evidence."
"API-675","API_ROUTE","app/api/angelcare-marketplace/admin/live-experience/audiences/route.ts","/api/angelcare-marketplace/admin/live-experience/audiences","B06","GET|POST|PATCH","@/angelcare-marketplace/live-experience-command/governance-api-handlers","live-experience-command/governance-api-handlers","NONE","NONE","YES","CAP-B06-001","SOURCE_REVIEWED","OPERATOR_CAPABILITY_AUTHORITY","MAPPED_TO_IMPLEMENTED_CAPABILITY","app/api/angelcare-marketplace/admin/live-experience/audiences/route.ts; source imports/handlers reconciled against completed approved-screen and Batch evidence."
"API-676","API_ROUTE","app/api/angelcare-marketplace/admin/live-experience/broadcasts/route.ts","/api/angelcare-marketplace/admin/live-experience/broadcasts","B06","GET|POST","@/angelcare-marketplace/live-experience-command/api-handlers","live-experience-command/api-handlers","NONE","NONE","YES","CAP-B06-001","SOURCE_REVIEWED","OPERATOR_CAPABILITY_AUTHORITY","MAPPED_TO_IMPLEMENTED_CAPABILITY","app/api/angelcare-marketplace/admin/live-experience/broadcasts/route.ts; source imports/handlers reconciled against completed approved-screen and Batch evidence."
"API-677","API_ROUTE","app/api/angelcare-marketplace/admin/live-experience/campaigns/[campaignId]/actions/[action]/route.ts","/api/angelcare-marketplace/admin/live-experience/campaigns/:campaignId/actions/:action","UNMAPPED","POST","@/angelcare-marketplace/live-experience-command/api-handlers","live-experience-command/api-handlers","NONE","NONE","YES","CAP-B06-001","SOURCE_REVIEWED","SUPPORTING_MUTATION_AUTHORITY","MAPPED_TO_IMPLEMENTED_CAPABILITY","app/api/angelcare-marketplace/admin/live-experience/campaigns/[campaignId]/actions/[action]/route.ts; source imports/handlers reconciled against completed approved-screen and Batch evidence."
"API-678","API_ROUTE","app/api/angelcare-marketplace/admin/live-experience/campaigns/[campaignId]/route.ts","/api/angelcare-marketplace/admin/live-experience/campaigns/:campaignId","UNMAPPED","GET|PATCH","@/angelcare-marketplace/live-experience-command/api-handlers","live-experience-command/api-handlers","NONE","NONE","YES","CAP-B06-001","SOURCE_REVIEWED","OPERATOR_CAPABILITY_AUTHORITY","MAPPED_TO_IMPLEMENTED_CAPABILITY","app/api/angelcare-marketplace/admin/live-experience/campaigns/[campaignId]/route.ts; source imports/handlers reconciled against completed approved-screen and Batch evidence."
"API-679","API_ROUTE","app/api/angelcare-marketplace/admin/live-experience/campaigns/route.ts","/api/angelcare-marketplace/admin/live-experience/campaigns","B06","GET|POST","@/angelcare-marketplace/live-experience-command/api-handlers","live-experience-command/api-handlers","NONE","NONE","YES","CAP-B06-001","SOURCE_REVIEWED","OPERATOR_CAPABILITY_AUTHORITY","MAPPED_TO_IMPLEMENTED_CAPABILITY","app/api/angelcare-marketplace/admin/live-experience/campaigns/route.ts; source imports/handlers reconciled against completed approved-screen and Batch evidence."
"API-680","API_ROUTE","app/api/angelcare-marketplace/admin/live-experience/experiments/route.ts","/api/angelcare-marketplace/admin/live-experience/experiments","B06","GET|POST|PATCH","@/angelcare-marketplace/live-experience-command/governance-api-handlers","live-experience-command/governance-api-handlers","NONE","NONE","YES","CAP-B06-001","SOURCE_REVIEWED","OPERATOR_CAPABILITY_AUTHORITY","MAPPED_TO_IMPLEMENTED_CAPABILITY","app/api/angelcare-marketplace/admin/live-experience/experiments/route.ts; source imports/handlers reconciled against completed approved-screen and Batch evidence."
"API-681","API_ROUTE","app/api/angelcare-marketplace/admin/live-experience/history/route.ts","/api/angelcare-marketplace/admin/live-experience/history","B06","GET","@/angelcare-marketplace/live-experience-command/governance-api-handlers","live-experience-command/governance-api-handlers","NONE","NONE","YES","CAP-B06-001","SOURCE_REVIEWED","SUPPORTING_READ_AUTHORITY","MAPPED_TO_IMPLEMENTED_CAPABILITY","app/api/angelcare-marketplace/admin/live-experience/history/route.ts; source imports/handlers reconciled against completed approved-screen and Batch evidence."
"API-682","API_ROUTE","app/api/angelcare-marketplace/admin/live-experience/placements/route.ts","/api/angelcare-marketplace/admin/live-experience/placements","B06","GET|POST|PATCH","@/angelcare-marketplace/live-experience-command/governance-api-handlers","live-experience-command/governance-api-handlers","NONE","NONE","YES","CAP-B06-001","SOURCE_REVIEWED","OPERATOR_CAPABILITY_AUTHORITY","MAPPED_TO_IMPLEMENTED_CAPABILITY","app/api/angelcare-marketplace/admin/live-experience/placements/route.ts; source imports/handlers reconciled against completed approved-screen and Batch evidence."
"API-683","API_ROUTE","app/api/angelcare-marketplace/admin/live-experience/popups/route.ts","/api/angelcare-marketplace/admin/live-experience/popups","B06","GET|POST","@/angelcare-marketplace/live-experience-command/api-handlers","live-experience-command/api-handlers","NONE","NONE","YES","CAP-B06-001","SOURCE_REVIEWED","OPERATOR_CAPABILITY_AUTHORITY","MAPPED_TO_IMPLEMENTED_CAPABILITY","app/api/angelcare-marketplace/admin/live-experience/popups/route.ts; source imports/handlers reconciled against completed approved-screen and Batch evidence."
"API-684","API_ROUTE","app/api/angelcare-marketplace/admin/live-experience/proof-widgets/route.ts","/api/angelcare-marketplace/admin/live-experience/proof-widgets","B06","GET|POST","@/angelcare-marketplace/live-experience-command/api-handlers","live-experience-command/api-handlers","NONE","NONE","YES","CAP-B06-001","SOURCE_REVIEWED","OPERATOR_CAPABILITY_AUTHORITY","MAPPED_TO_IMPLEMENTED_CAPABILITY","app/api/angelcare-marketplace/admin/live-experience/proof-widgets/route.ts; source imports/handlers reconciled against completed approved-screen and Batch evidence."
"API-685","API_ROUTE","app/api/angelcare-marketplace/admin/live-experience/schedules/route.ts","/api/angelcare-marketplace/admin/live-experience/schedules","B06","GET|POST|PATCH","@/angelcare-marketplace/live-experience-command/governance-api-handlers","live-experience-command/governance-api-handlers","NONE","NONE","YES","CAP-B06-001","SOURCE_REVIEWED","OPERATOR_CAPABILITY_AUTHORITY","MAPPED_TO_IMPLEMENTED_CAPABILITY","app/api/angelcare-marketplace/admin/live-experience/schedules/route.ts; source imports/handlers reconciled against completed approved-screen and Batch evidence."
"API-686","API_ROUTE","app/api/angelcare-marketplace/admin/live-experience/settings/route.ts","/api/angelcare-marketplace/admin/live-experience/settings","B06","GET|POST|PATCH","@/angelcare-marketplace/live-experience-command/governance-api-handlers","live-experience-command/governance-api-handlers","NONE","NONE","YES","CAP-B06-001","SOURCE_REVIEWED","OPERATOR_CAPABILITY_AUTHORITY","MAPPED_TO_IMPLEMENTED_CAPABILITY","app/api/angelcare-marketplace/admin/live-experience/settings/route.ts; source imports/handlers reconciled against completed approved-screen and Batch evidence."
"API-687","API_ROUTE","app/api/angelcare-marketplace/admin/live-experience/simulate/route.ts","/api/angelcare-marketplace/admin/live-experience/simulate","B06","POST","@/angelcare-marketplace/live-experience-command/api-handlers","live-experience-command/api-handlers","NONE","NONE","YES","CAP-B06-001","SOURCE_REVIEWED","SUPPORTING_MUTATION_AUTHORITY","MAPPED_TO_IMPLEMENTED_CAPABILITY","app/api/angelcare-marketplace/admin/live-experience/simulate/route.ts; source imports/handlers reconciled against completed approved-screen and Batch evidence."
"API-688","API_ROUTE","app/api/angelcare-marketplace/admin/live-experience/sources/refresh/route.ts","/api/angelcare-marketplace/admin/live-experience/sources/refresh","B06","POST","@/angelcare-marketplace/live-experience-command/api-handlers","live-experience-command/api-handlers","NONE","NONE","YES","CAP-B06-001","SOURCE_REVIEWED","SUPPORTING_MUTATION_AUTHORITY","MAPPED_TO_IMPLEMENTED_CAPABILITY","app/api/angelcare-marketplace/admin/live-experience/sources/refresh/route.ts; source imports/handlers reconciled against completed approved-screen and Batch evidence."
"API-689","API_ROUTE","app/api/angelcare-marketplace/admin/live-experience/summary/route.ts","/api/angelcare-marketplace/admin/live-experience/summary","B06","GET","@/angelcare-marketplace/live-experience-command/api-handlers","live-experience-command/api-handlers","NONE","NONE","YES","CAP-B06-001","SOURCE_REVIEWED","SUPPORTING_READ_AUTHORITY","MAPPED_TO_IMPLEMENTED_CAPABILITY","app/api/angelcare-marketplace/admin/live-experience/summary/route.ts; source imports/handlers reconciled against completed approved-screen and Batch evidence."
"API-690","API_ROUTE","app/api/angelcare-marketplace/admin/live-experience/templates/route.ts","/api/angelcare-marketplace/admin/live-experience/templates","B06","GET","@/angelcare-marketplace/live-experience-command/api-handlers","live-experience-command/api-handlers","NONE","NONE","YES","CAP-B06-001","SOURCE_REVIEWED","SUPPORTING_READ_AUTHORITY","MAPPED_TO_IMPLEMENTED_CAPABILITY","app/api/angelcare-marketplace/admin/live-experience/templates/route.ts; source imports/handlers reconciled against completed approved-screen and Batch evidence."
"API-691","API_ROUTE","app/api/angelcare-marketplace/admin/media/[mediaId]/route.ts","/api/angelcare-marketplace/admin/media/:mediaId","UNMAPPED","GET|PATCH|DELETE","@/angelcare-marketplace/commerce-studio/api-handlers","commerce-studio/api-handlers","NONE","NONE","YES","CAP-GLOBAL-001","SOURCE_REVIEWED","OPERATOR_CAPABILITY_AUTHORITY","MAPPED_TO_IMPLEMENTED_CAPABILITY","app/api/angelcare-marketplace/admin/media/[mediaId]/route.ts; source imports/handlers reconciled against completed approved-screen and Batch evidence."
"API-692","API_ROUTE","app/api/angelcare-marketplace/admin/media/[mediaId]/transform/route.ts","/api/angelcare-marketplace/admin/media/:mediaId/transform","UNMAPPED","runtime|POST","@/angelcare-marketplace/commerce-studio/api-handlers","commerce-studio/api-handlers","NONE","NONE","YES","CAP-GLOBAL-001","SOURCE_REVIEWED","SUPPORTING_MUTATION_AUTHORITY","MAPPED_TO_IMPLEMENTED_CAPABILITY","app/api/angelcare-marketplace/admin/media/[mediaId]/transform/route.ts; source imports/handlers reconciled against completed approved-screen and Batch evidence."
"API-693","API_ROUTE","app/api/angelcare-marketplace/admin/media/[mediaId]/usage/route.ts","/api/angelcare-marketplace/admin/media/:mediaId/usage","UNMAPPED","GET","@/angelcare-marketplace/auth/context|@/angelcare-marketplace/server/request|@/angelcare-marketplace/total-commerce-control/repository","auth/context|server/request|total-commerce-control/repository","repository","NONE","YES","CAP-B05-001","SOURCE_REVIEWED","SUPPORTING_READ_AUTHORITY","MAPPED_TO_IMPLEMENTED_CAPABILITY","app/api/angelcare-marketplace/admin/media/[mediaId]/usage/route.ts; source imports/handlers reconciled against completed approved-screen and Batch evidence."
"API-694","API_ROUTE","app/api/angelcare-marketplace/admin/media/route.ts","/api/angelcare-marketplace/admin/media","B05","GET|POST","@/angelcare-marketplace/commerce-studio/api-handlers","commerce-studio/api-handlers","NONE","NONE","YES","CAP-B05-001","SOURCE_REVIEWED","OPERATOR_CAPABILITY_AUTHORITY","MAPPED_TO_IMPLEMENTED_CAPABILITY","app/api/angelcare-marketplace/admin/media/route.ts; source imports/handlers reconciled against completed approved-screen and Batch evidence."
"API-695","API_ROUTE","app/api/angelcare-marketplace/admin/media/upload/route.ts","/api/angelcare-marketplace/admin/media/upload","B05","POST","@/angelcare-marketplace/commerce-studio/api-handlers","commerce-studio/api-handlers","NONE","NONE","YES","CAP-B05-001","SOURCE_REVIEWED","SUPPORTING_MUTATION_AUTHORITY","MAPPED_TO_IMPLEMENTED_CAPABILITY","app/api/angelcare-marketplace/admin/media/upload/route.ts; source imports/handlers reconciled against completed approved-screen and Batch evidence."
"API-696","API_ROUTE","app/api/angelcare-marketplace/admin/merchandising/collections/route.ts","/api/angelcare-marketplace/admin/merchandising/collections","B02|B06","GET|POST","@/angelcare-marketplace/commerce-studio/api-handlers","commerce-studio/api-handlers","NONE","NONE","YES","CAP-B02-001|CAP-B06-001","SOURCE_REVIEWED","OPERATOR_CAPABILITY_AUTHORITY","MAPPED_TO_IMPLEMENTED_CAPABILITY","app/api/angelcare-marketplace/admin/merchandising/collections/route.ts; source imports/handlers reconciled against completed approved-screen and Batch evidence."
"API-697","API_ROUTE","app/api/angelcare-marketplace/admin/merchandising/placements/route.ts","/api/angelcare-marketplace/admin/merchandising/placements","B06","GET|POST","@/angelcare-marketplace/commerce-studio/api-handlers","commerce-studio/api-handlers","NONE","NONE","YES","CAP-B06-001","SOURCE_REVIEWED","OPERATOR_CAPABILITY_AUTHORITY","MAPPED_TO_IMPLEMENTED_CAPABILITY","app/api/angelcare-marketplace/admin/merchandising/placements/route.ts; source imports/handlers reconciled against completed approved-screen and Batch evidence."
"API-698","API_ROUTE","app/api/angelcare-marketplace/admin/merchandising/publish/route.ts","/api/angelcare-marketplace/admin/merchandising/publish","B06","POST","@/angelcare-marketplace/commerce-studio/api-handlers","commerce-studio/api-handlers","NONE","NONE","YES","CAP-B06-001","SOURCE_REVIEWED","SUPPORTING_MUTATION_AUTHORITY","MAPPED_TO_IMPLEMENTED_CAPABILITY","app/api/angelcare-marketplace/admin/merchandising/publish/route.ts; source imports/handlers reconciled against completed approved-screen and Batch evidence."
"API-699","API_ROUTE","app/api/angelcare-marketplace/admin/merchandising/reorder/route.ts","/api/angelcare-marketplace/admin/merchandising/reorder","B06","POST","@/angelcare-marketplace/commerce-studio/api-handlers","commerce-studio/api-handlers","NONE","NONE","YES","CAP-B06-001","SOURCE_REVIEWED","SUPPORTING_MUTATION_AUTHORITY","MAPPED_TO_IMPLEMENTED_CAPABILITY","app/api/angelcare-marketplace/admin/merchandising/reorder/route.ts; source imports/handlers reconciled against completed approved-screen and Batch evidence."
"API-700","API_ROUTE","app/api/angelcare-marketplace/admin/merchandising/rules/route.ts","/api/angelcare-marketplace/admin/merchandising/rules","B06","GET|POST","@/angelcare-marketplace/commerce-studio/api-handlers","commerce-studio/api-handlers","NONE","NONE","YES","CAP-B06-001","SOURCE_REVIEWED","OPERATOR_CAPABILITY_AUTHORITY","MAPPED_TO_IMPLEMENTED_CAPABILITY","app/api/angelcare-marketplace/admin/merchandising/rules/route.ts; source imports/handlers reconciled against completed approved-screen and Batch evidence."
"API-701","API_ROUTE","app/api/angelcare-marketplace/admin/navigation/items/[itemId]/route.ts","/api/angelcare-marketplace/admin/navigation/items/:itemId","UNMAPPED","GET|PATCH|DELETE","@/angelcare-marketplace/commerce-studio/api-handlers","commerce-studio/api-handlers","NONE","NONE","YES","CAP-GLOBAL-001","SOURCE_REVIEWED","OPERATOR_CAPABILITY_AUTHORITY","MAPPED_TO_IMPLEMENTED_CAPABILITY","app/api/angelcare-marketplace/admin/navigation/items/[itemId]/route.ts; source imports/handlers reconciled against completed approved-screen and Batch evidence."
"API-702","API_ROUTE","app/api/angelcare-marketplace/admin/navigation/items/route.ts","/api/angelcare-marketplace/admin/navigation/items","B05","GET|POST","@/angelcare-marketplace/commerce-studio/api-handlers","commerce-studio/api-handlers","NONE","NONE","YES","CAP-B05-001","SOURCE_REVIEWED","OPERATOR_CAPABILITY_AUTHORITY","MAPPED_TO_IMPLEMENTED_CAPABILITY","app/api/angelcare-marketplace/admin/navigation/items/route.ts; source imports/handlers reconciled against completed approved-screen and Batch evidence."
"API-703","API_ROUTE","app/api/angelcare-marketplace/admin/navigation/publish/route.ts","/api/angelcare-marketplace/admin/navigation/publish","B05","POST","@/angelcare-marketplace/commerce-studio/api-handlers","commerce-studio/api-handlers","NONE","NONE","YES","CAP-B05-001","SOURCE_REVIEWED","SUPPORTING_MUTATION_AUTHORITY","MAPPED_TO_IMPLEMENTED_CAPABILITY","app/api/angelcare-marketplace/admin/navigation/publish/route.ts; source imports/handlers reconciled against completed approved-screen and Batch evidence."
"API-704","API_ROUTE","app/api/angelcare-marketplace/admin/navigation/reorder/route.ts","/api/angelcare-marketplace/admin/navigation/reorder","B05","POST","@/angelcare-marketplace/commerce-studio/api-handlers","commerce-studio/api-handlers","NONE","NONE","YES","CAP-B05-001","SOURCE_REVIEWED","SUPPORTING_MUTATION_AUTHORITY","MAPPED_TO_IMPLEMENTED_CAPABILITY","app/api/angelcare-marketplace/admin/navigation/reorder/route.ts; source imports/handlers reconciled against completed approved-screen and Batch evidence."
"API-705","API_ROUTE","app/api/angelcare-marketplace/admin/navigation/route.ts","/api/angelcare-marketplace/admin/navigation","B05","GET|POST","@/angelcare-marketplace/commerce-studio/api-handlers","commerce-studio/api-handlers","NONE","NONE","YES","CAP-B05-001","SOURCE_REVIEWED","OPERATOR_CAPABILITY_AUTHORITY","MAPPED_TO_IMPLEMENTED_CAPABILITY","app/api/angelcare-marketplace/admin/navigation/route.ts; source imports/handlers reconciled against completed approved-screen and Batch evidence."
"API-706","API_ROUTE","app/api/angelcare-marketplace/admin/network-capacity-grid/route.ts","/api/angelcare-marketplace/admin/network-capacity-grid","B08","GET","@/angelcare-marketplace/network-capacity-grid/api-handlers","network-capacity-grid/api-handlers","NONE","NONE","YES","CAP-B08-001","SOURCE_REVIEWED","SUPPORTING_READ_AUTHORITY","MAPPED_TO_IMPLEMENTED_CAPABILITY","app/api/angelcare-marketplace/admin/network-capacity-grid/route.ts; source imports/handlers reconciled against completed approved-screen and Batch evidence."
"API-707","API_ROUTE","app/api/angelcare-marketplace/admin/operating/approvals/[approvalId]/decision/route.ts","/api/angelcare-marketplace/admin/operating/approvals/:approvalId/decision","UNMAPPED","POST","@/angelcare-marketplace/admin-operating/api-handlers","admin-operating/api-handlers","NONE","NONE","YES","CAP-B07-001","SOURCE_REVIEWED","SUPPORTING_MUTATION_AUTHORITY","MAPPED_TO_IMPLEMENTED_CAPABILITY","app/api/angelcare-marketplace/admin/operating/approvals/[approvalId]/decision/route.ts; source imports/handlers reconciled against completed approved-screen and Batch evidence."
"API-708","API_ROUTE","app/api/angelcare-marketplace/admin/operating/cases/[caseId]/approvals/route.ts","/api/angelcare-marketplace/admin/operating/cases/:caseId/approvals","UNMAPPED","POST","@/angelcare-marketplace/admin-operating/api-handlers","admin-operating/api-handlers","NONE","NONE","YES","CAP-B07-001","SOURCE_REVIEWED","SUPPORTING_MUTATION_AUTHORITY","MAPPED_TO_IMPLEMENTED_CAPABILITY","app/api/angelcare-marketplace/admin/operating/cases/[caseId]/approvals/route.ts; source imports/handlers reconciled against completed approved-screen and Batch evidence."
"API-709","API_ROUTE","app/api/angelcare-marketplace/admin/operating/cases/[caseId]/assignments/route.ts","/api/angelcare-marketplace/admin/operating/cases/:caseId/assignments","UNMAPPED","POST","@/angelcare-marketplace/admin-operating/api-handlers","admin-operating/api-handlers","NONE","NONE","YES","CAP-B07-001","SOURCE_REVIEWED","SUPPORTING_MUTATION_AUTHORITY","MAPPED_TO_IMPLEMENTED_CAPABILITY","app/api/angelcare-marketplace/admin/operating/cases/[caseId]/assignments/route.ts; source imports/handlers reconciled against completed approved-screen and Batch evidence."
"API-710","API_ROUTE","app/api/angelcare-marketplace/admin/operating/cases/[caseId]/comments/route.ts","/api/angelcare-marketplace/admin/operating/cases/:caseId/comments","UNMAPPED","POST","@/angelcare-marketplace/admin-operating/api-handlers","admin-operating/api-handlers","NONE","NONE","YES","CAP-B07-001","SOURCE_REVIEWED","SUPPORTING_MUTATION_AUTHORITY","MAPPED_TO_IMPLEMENTED_CAPABILITY","app/api/angelcare-marketplace/admin/operating/cases/[caseId]/comments/route.ts; source imports/handlers reconciled against completed approved-screen and Batch evidence."
"API-711","API_ROUTE","app/api/angelcare-marketplace/admin/operating/cases/[caseId]/evidence/route.ts","/api/angelcare-marketplace/admin/operating/cases/:caseId/evidence","UNMAPPED","POST","@/angelcare-marketplace/admin-operating/api-handlers","admin-operating/api-handlers","NONE","NONE","YES","CAP-B07-001","SOURCE_REVIEWED","SUPPORTING_MUTATION_AUTHORITY","MAPPED_TO_IMPLEMENTED_CAPABILITY","app/api/angelcare-marketplace/admin/operating/cases/[caseId]/evidence/route.ts; source imports/handlers reconciled against completed approved-screen and Batch evidence."
"API-712","API_ROUTE","app/api/angelcare-marketplace/admin/operating/cases/[caseId]/exceptions/route.ts","/api/angelcare-marketplace/admin/operating/cases/:caseId/exceptions","UNMAPPED","POST","@/angelcare-marketplace/admin-operating/api-handlers","admin-operating/api-handlers","NONE","NONE","YES","CAP-B07-001","SOURCE_REVIEWED","SUPPORTING_MUTATION_AUTHORITY","MAPPED_TO_IMPLEMENTED_CAPABILITY","app/api/angelcare-marketplace/admin/operating/cases/[caseId]/exceptions/route.ts; source imports/handlers reconciled against completed approved-screen and Batch evidence."
"API-713","API_ROUTE","app/api/angelcare-marketplace/admin/operating/cases/[caseId]/recovery/route.ts","/api/angelcare-marketplace/admin/operating/cases/:caseId/recovery","UNMAPPED","POST","@/angelcare-marketplace/admin-operating/api-handlers","admin-operating/api-handlers","NONE","NONE","YES","CAP-B07-001","SOURCE_REVIEWED","SUPPORTING_MUTATION_AUTHORITY","MAPPED_TO_IMPLEMENTED_CAPABILITY","app/api/angelcare-marketplace/admin/operating/cases/[caseId]/recovery/route.ts; source imports/handlers reconciled against completed approved-screen and Batch evidence."
"API-714","API_ROUTE","app/api/angelcare-marketplace/admin/operating/cases/[caseId]/route.ts","/api/angelcare-marketplace/admin/operating/cases/:caseId","UNMAPPED","GET","@/angelcare-marketplace/admin-operating/api-handlers","admin-operating/api-handlers","NONE","NONE","YES","CAP-B07-001","SOURCE_REVIEWED","SUPPORTING_READ_AUTHORITY","MAPPED_TO_IMPLEMENTED_CAPABILITY","app/api/angelcare-marketplace/admin/operating/cases/[caseId]/route.ts; source imports/handlers reconciled against completed approved-screen and Batch evidence."
"API-715","API_ROUTE","app/api/angelcare-marketplace/admin/operating/cases/[caseId]/transition/route.ts","/api/angelcare-marketplace/admin/operating/cases/:caseId/transition","UNMAPPED","POST","@/angelcare-marketplace/admin-operating/api-handlers","admin-operating/api-handlers","NONE","NONE","YES","CAP-B07-001","SOURCE_REVIEWED","SUPPORTING_MUTATION_AUTHORITY","MAPPED_TO_IMPLEMENTED_CAPABILITY","app/api/angelcare-marketplace/admin/operating/cases/[caseId]/transition/route.ts; source imports/handlers reconciled against completed approved-screen and Batch evidence."
"API-716","API_ROUTE","app/api/angelcare-marketplace/admin/operating/cases/route.ts","/api/angelcare-marketplace/admin/operating/cases","UNMAPPED","GET|POST","@/angelcare-marketplace/admin-operating/api-handlers","admin-operating/api-handlers","NONE","NONE","YES","CAP-B07-001","SOURCE_REVIEWED","OPERATOR_CAPABILITY_AUTHORITY","MAPPED_TO_IMPLEMENTED_CAPABILITY","app/api/angelcare-marketplace/admin/operating/cases/route.ts; source imports/handlers reconciled against completed approved-screen and Batch evidence."
"API-717","API_ROUTE","app/api/angelcare-marketplace/admin/operating/evidence/[evidenceId]/review/route.ts","/api/angelcare-marketplace/admin/operating/evidence/:evidenceId/review","UNMAPPED","POST","@/angelcare-marketplace/admin-operating/api-handlers","admin-operating/api-handlers","NONE","NONE","YES","CAP-B07-001","SOURCE_REVIEWED","SUPPORTING_MUTATION_AUTHORITY","MAPPED_TO_IMPLEMENTED_CAPABILITY","app/api/angelcare-marketplace/admin/operating/evidence/[evidenceId]/review/route.ts; source imports/handlers reconciled against completed approved-screen and Batch evidence."
"API-718","API_ROUTE","app/api/angelcare-marketplace/admin/operating/exceptions/[exceptionId]/transition/route.ts","/api/angelcare-marketplace/admin/operating/exceptions/:exceptionId/transition","UNMAPPED","POST","@/angelcare-marketplace/admin-operating/api-handlers","admin-operating/api-handlers","NONE","NONE","YES","CAP-B07-001","SOURCE_REVIEWED","SUPPORTING_MUTATION_AUTHORITY","MAPPED_TO_IMPLEMENTED_CAPABILITY","app/api/angelcare-marketplace/admin/operating/exceptions/[exceptionId]/transition/route.ts; source imports/handlers reconciled against completed approved-screen and Batch evidence."
"API-719","API_ROUTE","app/api/angelcare-marketplace/admin/orders/[orderId]/lines/route.ts","/api/angelcare-marketplace/admin/orders/:orderId/lines","UNMAPPED","POST","@/angelcare-marketplace/customer-commerce/api-handlers","customer-commerce/api-handlers","NONE","NONE","YES","CAP-GLOBAL-001","SOURCE_REVIEWED","SUPPORTING_MUTATION_AUTHORITY","MAPPED_TO_IMPLEMENTED_CAPABILITY","app/api/angelcare-marketplace/admin/orders/[orderId]/lines/route.ts; source imports/handlers reconciled against completed approved-screen and Batch evidence."
"API-720","API_ROUTE","app/api/angelcare-marketplace/admin/orders/[orderId]/route.ts","/api/angelcare-marketplace/admin/orders/:orderId","UNMAPPED","PATCH","@/angelcare-marketplace/customer-commerce/api-handlers","customer-commerce/api-handlers","NONE","NONE","YES","CAP-GLOBAL-001","SOURCE_REVIEWED","SUPPORTING_MUTATION_AUTHORITY","MAPPED_TO_IMPLEMENTED_CAPABILITY","app/api/angelcare-marketplace/admin/orders/[orderId]/route.ts; source imports/handlers reconciled against completed approved-screen and Batch evidence."
"API-721","API_ROUTE","app/api/angelcare-marketplace/admin/orders/route.ts","/api/angelcare-marketplace/admin/orders","B04","GET|POST","@/angelcare-marketplace/admin-control-plane/api-handlers","admin-control-plane/api-handlers","NONE","NONE","YES","CAP-B04-001","SOURCE_REVIEWED","OPERATOR_CAPABILITY_AUTHORITY","MAPPED_TO_IMPLEMENTED_CAPABILITY","app/api/angelcare-marketplace/admin/orders/route.ts; source imports/handlers reconciled against completed approved-screen and Batch evidence."
"API-722","API_ROUTE","app/api/angelcare-marketplace/admin/payments/[paymentIntentId]/refund/route.ts","/api/angelcare-marketplace/admin/payments/:paymentIntentId/refund","UNMAPPED","POST","@/angelcare-marketplace/customer-commerce/api-handlers","customer-commerce/api-handlers","NONE","NONE","YES","CAP-GLOBAL-001","SOURCE_REVIEWED","SUPPORTING_MUTATION_AUTHORITY","MAPPED_TO_IMPLEMENTED_CAPABILITY","app/api/angelcare-marketplace/admin/payments/[paymentIntentId]/refund/route.ts; source imports/handlers reconciled against completed approved-screen and Batch evidence."
"API-723","API_ROUTE","app/api/angelcare-marketplace/admin/payments/[paymentIntentId]/route.ts","/api/angelcare-marketplace/admin/payments/:paymentIntentId","UNMAPPED","GET|PATCH","@/angelcare-marketplace/admin-control-plane/api-handlers","admin-control-plane/api-handlers","NONE","NONE","YES","CAP-B11-001","SOURCE_REVIEWED","OPERATOR_CAPABILITY_AUTHORITY","MAPPED_TO_IMPLEMENTED_CAPABILITY","app/api/angelcare-marketplace/admin/payments/[paymentIntentId]/route.ts; source imports/handlers reconciled against completed approved-screen and Batch evidence."
"API-724","API_ROUTE","app/api/angelcare-marketplace/admin/payments/reconciliation/[itemId]/transition/route.ts","/api/angelcare-marketplace/admin/payments/reconciliation/:itemId/transition","UNMAPPED","POST","@/angelcare-marketplace/customer-commerce/api-handlers","customer-commerce/api-handlers","NONE","NONE","YES","CAP-GLOBAL-001","SOURCE_REVIEWED","SUPPORTING_MUTATION_AUTHORITY","MAPPED_TO_IMPLEMENTED_CAPABILITY","app/api/angelcare-marketplace/admin/payments/reconciliation/[itemId]/transition/route.ts; source imports/handlers reconciled against completed approved-screen and Batch evidence."
"API-725","API_ROUTE","app/api/angelcare-marketplace/admin/payments/route.ts","/api/angelcare-marketplace/admin/payments","B10","GET|POST","@/angelcare-marketplace/admin-control-plane/api-handlers","admin-control-plane/api-handlers","NONE","NONE","YES","CAP-B10-001","SOURCE_REVIEWED","OPERATOR_CAPABILITY_AUTHORITY","MAPPED_TO_IMPLEMENTED_CAPABILITY","app/api/angelcare-marketplace/admin/payments/route.ts; source imports/handlers reconciled against completed approved-screen and Batch evidence."
"API-726","API_ROUTE","app/api/angelcare-marketplace/admin/promotions/[promotionId]/route.ts","/api/angelcare-marketplace/admin/promotions/:promotionId","UNMAPPED","PATCH","@/angelcare-marketplace/enterprise-closure/api-handlers","enterprise-closure/api-handlers","NONE","NONE","YES","CAP-GLOBAL-001","SOURCE_REVIEWED","SUPPORTING_MUTATION_AUTHORITY","MAPPED_TO_IMPLEMENTED_CAPABILITY","app/api/angelcare-marketplace/admin/promotions/[promotionId]/route.ts; source imports/handlers reconciled against completed approved-screen and Batch evidence."
"API-727","API_ROUTE","app/api/angelcare-marketplace/admin/promotions/route.ts","/api/angelcare-marketplace/admin/promotions","B06","GET|POST","@/angelcare-marketplace/enterprise-closure/api-handlers","enterprise-closure/api-handlers","NONE","NONE","YES","CAP-B06-001","SOURCE_REVIEWED","OPERATOR_CAPABILITY_AUTHORITY","MAPPED_TO_IMPLEMENTED_CAPABILITY","app/api/angelcare-marketplace/admin/promotions/route.ts; source imports/handlers reconciled against completed approved-screen and Batch evidence."
"API-728","API_ROUTE","app/api/angelcare-marketplace/admin/public-inquiries/[inquiryId]/route.ts","/api/angelcare-marketplace/admin/public-inquiries/:inquiryId","UNMAPPED","PATCH","@/angelcare-marketplace/total-commerce-control/api-handlers","total-commerce-control/api-handlers","NONE","NONE","YES","CAP-B05-001","SOURCE_REVIEWED","SUPPORTING_MUTATION_AUTHORITY","MAPPED_TO_IMPLEMENTED_CAPABILITY","app/api/angelcare-marketplace/admin/public-inquiries/[inquiryId]/route.ts; source imports/handlers reconciled against completed approved-screen and Batch evidence."
"API-729","API_ROUTE","app/api/angelcare-marketplace/admin/publication/history/route.ts","/api/angelcare-marketplace/admin/publication/history","UNMAPPED","GET|POST","@/angelcare-marketplace/commerce-studio/api-handlers","commerce-studio/api-handlers","NONE","NONE","YES","CAP-GLOBAL-001","SOURCE_REVIEWED","OPERATOR_CAPABILITY_AUTHORITY","MAPPED_TO_IMPLEMENTED_CAPABILITY","app/api/angelcare-marketplace/admin/publication/history/route.ts; source imports/handlers reconciled against completed approved-screen and Batch evidence."
"API-730","API_ROUTE","app/api/angelcare-marketplace/admin/publication/preview/route.ts","/api/angelcare-marketplace/admin/publication/preview","UNMAPPED","GET","@/angelcare-marketplace/auth/context|@/angelcare-marketplace/server/request","auth/context|server/request","NONE","NONE","YES","CAP-GLOBAL-001","SOURCE_REVIEWED","SUPPORTING_READ_AUTHORITY","MAPPED_TO_IMPLEMENTED_CAPABILITY","app/api/angelcare-marketplace/admin/publication/preview/route.ts; source imports/handlers reconciled against completed approved-screen and Batch evidence."
"API-731","API_ROUTE","app/api/angelcare-marketplace/admin/publication/refresh/route.ts","/api/angelcare-marketplace/admin/publication/refresh","UNMAPPED","POST","next/cache|@/angelcare-marketplace/auth/context|@/angelcare-marketplace/server/request","auth/context|server/request","NONE","NONE","YES","CAP-GLOBAL-001","SOURCE_REVIEWED","SUPPORTING_MUTATION_AUTHORITY","MAPPED_TO_IMPLEMENTED_CAPABILITY","app/api/angelcare-marketplace/admin/publication/refresh/route.ts; source imports/handlers reconciled against completed approved-screen and Batch evidence."
"API-732","API_ROUTE","app/api/angelcare-marketplace/admin/publication/rollback/route.ts","/api/angelcare-marketplace/admin/publication/rollback","UNMAPPED","POST","@/angelcare-marketplace/commerce-studio/api-handlers","commerce-studio/api-handlers","NONE","NONE","YES","CAP-GLOBAL-001","SOURCE_REVIEWED","SUPPORTING_MUTATION_AUTHORITY","MAPPED_TO_IMPLEMENTED_CAPABILITY","app/api/angelcare-marketplace/admin/publication/rollback/route.ts; source imports/handlers reconciled against completed approved-screen and Batch evidence."
"API-733","API_ROUTE","app/api/angelcare-marketplace/admin/reality/[domain]/[recordId]/route.ts","/api/angelcare-marketplace/admin/reality/:domain/:recordId","UNMAPPED","PATCH","@/angelcare-marketplace/reality-completion/api-handlers","reality-completion/api-handlers","NONE","NONE","YES","CAP-B11-001","SOURCE_REVIEWED","SUPPORTING_MUTATION_AUTHORITY","MAPPED_TO_IMPLEMENTED_CAPABILITY","app/api/angelcare-marketplace/admin/reality/[domain]/[recordId]/route.ts; source imports/handlers reconciled against completed approved-screen and Batch evidence."
"API-734","API_ROUTE","app/api/angelcare-marketplace/admin/reality/[domain]/route.ts","/api/angelcare-marketplace/admin/reality/:domain","UNMAPPED","GET|POST","@/angelcare-marketplace/reality-completion/api-handlers","reality-completion/api-handlers","NONE","NONE","YES","CAP-B11-001","SOURCE_REVIEWED","OPERATOR_CAPABILITY_AUTHORITY","MAPPED_TO_IMPLEMENTED_CAPABILITY","app/api/angelcare-marketplace/admin/reality/[domain]/route.ts; source imports/handlers reconciled against completed approved-screen and Batch evidence."
"API-735","API_ROUTE","app/api/angelcare-marketplace/admin/reality/health/route.ts","/api/angelcare-marketplace/admin/reality/health","UNMAPPED","dynamic|GET","@/angelcare-marketplace/server/request|@/angelcare-marketplace/auth/context|@/angelcare-marketplace/enterprise-closure/repository|@/angelcare-marketplace/total-commerce-control/repository|@/angelcare-marketplace/admin-excellence/workspace-registry","server/request|auth/context|enterprise-closure/repository|total-commerce-control/repository|admin-excellence/workspace-registry","repository","NONE","YES","CAP-B05-001|CAP-B11-001","SOURCE_REVIEWED","SUPPORTING_READ_AUTHORITY","MAPPED_TO_IMPLEMENTED_CAPABILITY","app/api/angelcare-marketplace/admin/reality/health/route.ts; source imports/handlers reconciled against completed approved-screen and Batch evidence."
"API-736","API_ROUTE","app/api/angelcare-marketplace/admin/receipts/route.ts","/api/angelcare-marketplace/admin/receipts","B10","GET|POST","@/angelcare-marketplace/enterprise-closure/api-handlers","enterprise-closure/api-handlers","NONE","NONE","YES","CAP-B10-001","SOURCE_REVIEWED","OPERATOR_CAPABILITY_AUTHORITY","MAPPED_TO_IMPLEMENTED_CAPABILITY","app/api/angelcare-marketplace/admin/receipts/route.ts; source imports/handlers reconciled against completed approved-screen and Batch evidence."
"API-737","API_ROUTE","app/api/angelcare-marketplace/admin/search-rules/route.ts","/api/angelcare-marketplace/admin/search-rules","B06","GET|POST","@/angelcare-marketplace/total-commerce-control/api-handlers","total-commerce-control/api-handlers","NONE","NONE","YES","CAP-B06-001","SOURCE_REVIEWED","OPERATOR_CAPABILITY_AUTHORITY","MAPPED_TO_IMPLEMENTED_CAPABILITY","app/api/angelcare-marketplace/admin/search-rules/route.ts; source imports/handlers reconciled against completed approved-screen and Batch evidence."
"API-738","API_ROUTE","app/api/angelcare-marketplace/admin/subscriptions/[subscriptionId]/route.ts","/api/angelcare-marketplace/admin/subscriptions/:subscriptionId","UNMAPPED","PATCH","@/angelcare-marketplace/enterprise-closure/api-handlers","enterprise-closure/api-handlers","NONE","NONE","YES","CAP-GLOBAL-001","SOURCE_REVIEWED","SUPPORTING_MUTATION_AUTHORITY","MAPPED_TO_IMPLEMENTED_CAPABILITY","app/api/angelcare-marketplace/admin/subscriptions/[subscriptionId]/route.ts; source imports/handlers reconciled against completed approved-screen and Batch evidence."
"API-739","API_ROUTE","app/api/angelcare-marketplace/admin/subscriptions/route.ts","/api/angelcare-marketplace/admin/subscriptions","B04|B10","GET|POST","@/angelcare-marketplace/enterprise-closure/api-handlers","enterprise-closure/api-handlers","NONE","NONE","YES","CAP-B04-001|CAP-B10-001","SOURCE_REVIEWED","OPERATOR_CAPABILITY_AUTHORITY","MAPPED_TO_IMPLEMENTED_CAPABILITY","app/api/angelcare-marketplace/admin/subscriptions/route.ts; source imports/handlers reconciled against completed approved-screen and Batch evidence."
"API-740","API_ROUTE","app/api/angelcare-marketplace/admin/suppliers/[supplierId]/route.ts","/api/angelcare-marketplace/admin/suppliers/:supplierId","UNMAPPED","PATCH","@/angelcare-marketplace/admin-control-plane/api-handlers","admin-control-plane/api-handlers","NONE","NONE","YES","CAP-B11-001","SOURCE_REVIEWED","SUPPORTING_MUTATION_AUTHORITY","MAPPED_TO_IMPLEMENTED_CAPABILITY","app/api/angelcare-marketplace/admin/suppliers/[supplierId]/route.ts; source imports/handlers reconciled against completed approved-screen and Batch evidence."
"API-741","API_ROUTE","app/api/angelcare-marketplace/admin/suppliers/route.ts","/api/angelcare-marketplace/admin/suppliers","B08","GET|POST","@/angelcare-marketplace/admin-control-plane/api-handlers","admin-control-plane/api-handlers","NONE","NONE","YES","CAP-B08-001","SOURCE_REVIEWED","OPERATOR_CAPABILITY_AUTHORITY","MAPPED_TO_IMPLEMENTED_CAPABILITY","app/api/angelcare-marketplace/admin/suppliers/route.ts; source imports/handlers reconciled against completed approved-screen and Batch evidence."
"API-742","API_ROUTE","app/api/angelcare-marketplace/admin/transaction-flight-deck/snapshot/route.ts","/api/angelcare-marketplace/admin/transaction-flight-deck/snapshot","B07","dynamic|GET","next/server|@/angelcare-marketplace/auth/context|@/angelcare-marketplace/server/request|@/angelcare-marketplace/transaction-flight-deck/repository","auth/context|server/request|transaction-flight-deck/repository","repository","NONE","YES","CAP-B07-009","SOURCE_REVIEWED","SUPPORTING_READ_AUTHORITY","MAPPED_TO_IMPLEMENTED_CAPABILITY","app/api/angelcare-marketplace/admin/transaction-flight-deck/snapshot/route.ts; source imports/handlers reconciled against completed approved-screen and Batch evidence."
"API-743","API_ROUTE","app/api/angelcare-marketplace/admin/wallet/accounts/[walletId]/adjustment/route.ts","/api/angelcare-marketplace/admin/wallet/accounts/:walletId/adjustment","UNMAPPED","POST","@/angelcare-marketplace/customer-commerce/api-handlers","customer-commerce/api-handlers","NONE","NONE","YES","CAP-GLOBAL-001","SOURCE_REVIEWED","SUPPORTING_MUTATION_AUTHORITY","MAPPED_TO_IMPLEMENTED_CAPABILITY","app/api/angelcare-marketplace/admin/wallet/accounts/[walletId]/adjustment/route.ts; source imports/handlers reconciled against completed approved-screen and Batch evidence."
"API-744","API_ROUTE","app/api/angelcare-marketplace/admin/wallet/accounts/[walletId]/restriction/route.ts","/api/angelcare-marketplace/admin/wallet/accounts/:walletId/restriction","UNMAPPED","PATCH","@/angelcare-marketplace/customer-commerce/api-handlers","customer-commerce/api-handlers","NONE","NONE","YES","CAP-GLOBAL-001","SOURCE_REVIEWED","SUPPORTING_MUTATION_AUTHORITY","MAPPED_TO_IMPLEMENTED_CAPABILITY","app/api/angelcare-marketplace/admin/wallet/accounts/[walletId]/restriction/route.ts; source imports/handlers reconciled against completed approved-screen and Batch evidence."
"API-745","API_ROUTE","app/api/angelcare-marketplace/admin/wallet/imports/route.ts","/api/angelcare-marketplace/admin/wallet/imports","B10","POST","@/angelcare-marketplace/customer-commerce/api-handlers","customer-commerce/api-handlers","NONE","NONE","YES","CAP-B10-001","SOURCE_REVIEWED","SUPPORTING_MUTATION_AUTHORITY","MAPPED_TO_IMPLEMENTED_CAPABILITY","app/api/angelcare-marketplace/admin/wallet/imports/route.ts; source imports/handlers reconciled against completed approved-screen and Batch evidence."
"API-746","API_ROUTE","app/api/angelcare-marketplace/admin/wallet/policies/[policyId]/route.ts","/api/angelcare-marketplace/admin/wallet/policies/:policyId","UNMAPPED","PATCH","@/angelcare-marketplace/customer-commerce/api-handlers","customer-commerce/api-handlers","NONE","NONE","YES","CAP-GLOBAL-001","SOURCE_REVIEWED","SUPPORTING_MUTATION_AUTHORITY","MAPPED_TO_IMPLEMENTED_CAPABILITY","app/api/angelcare-marketplace/admin/wallet/policies/[policyId]/route.ts; source imports/handlers reconciled against completed approved-screen and Batch evidence."
"API-747","API_ROUTE","app/api/angelcare-marketplace/admin/wallet/policies/route.ts","/api/angelcare-marketplace/admin/wallet/policies","B10","GET|POST","@/angelcare-marketplace/customer-commerce/api-handlers","customer-commerce/api-handlers","NONE","NONE","YES","CAP-B10-001","SOURCE_REVIEWED","OPERATOR_CAPABILITY_AUTHORITY","MAPPED_TO_IMPLEMENTED_CAPABILITY","app/api/angelcare-marketplace/admin/wallet/policies/route.ts; source imports/handlers reconciled against completed approved-screen and Batch evidence."
"API-748","API_ROUTE","app/api/angelcare-marketplace/admin/wallet/reconciliation/[itemId]/transition/route.ts","/api/angelcare-marketplace/admin/wallet/reconciliation/:itemId/transition","UNMAPPED","POST","@/angelcare-marketplace/customer-commerce/api-handlers","customer-commerce/api-handlers","NONE","NONE","YES","CAP-GLOBAL-001","SOURCE_REVIEWED","SUPPORTING_MUTATION_AUTHORITY","MAPPED_TO_IMPLEMENTED_CAPABILITY","app/api/angelcare-marketplace/admin/wallet/reconciliation/[itemId]/transition/route.ts; source imports/handlers reconciled against completed approved-screen and Batch evidence."
"API-749","API_ROUTE","app/api/angelcare-marketplace/admin/wallet/simulations/route.ts","/api/angelcare-marketplace/admin/wallet/simulations","B10","POST","@/angelcare-marketplace/customer-commerce/api-handlers","customer-commerce/api-handlers","NONE","NONE","YES","CAP-B10-001","SOURCE_REVIEWED","SUPPORTING_MUTATION_AUTHORITY","MAPPED_TO_IMPLEMENTED_CAPABILITY","app/api/angelcare-marketplace/admin/wallet/simulations/route.ts; source imports/handlers reconciled against completed approved-screen and Batch evidence."
"API-750","API_ROUTE","app/api/angelcare-marketplace/admin/wallet/summary/route.ts","/api/angelcare-marketplace/admin/wallet/summary","B10","GET","@/angelcare-marketplace/customer-commerce/api-handlers","customer-commerce/api-handlers","NONE","NONE","YES","CAP-B10-001","SOURCE_REVIEWED","SUPPORTING_READ_AUTHORITY","MAPPED_TO_IMPLEMENTED_CAPABILITY","app/api/angelcare-marketplace/admin/wallet/summary/route.ts; source imports/handlers reconciled against completed approved-screen and Batch evidence."
"API-751","API_ROUTE","app/api/angelcare-marketplace/admin/workspace-access/route.ts","/api/angelcare-marketplace/admin/workspace-access","B11","GET|POST","@/angelcare-marketplace/workspace-access/api-handlers","workspace-access/api-handlers","NONE","NONE","YES","CAP-B11-001","SOURCE_REVIEWED","OPERATOR_CAPABILITY_AUTHORITY","MAPPED_TO_IMPLEMENTED_CAPABILITY","app/api/angelcare-marketplace/admin/workspace-access/route.ts; source imports/handlers reconciled against completed approved-screen and Batch evidence."
"API-752","API_ROUTE","app/api/angelcare-marketplace/analytics/data-quality/route.ts","/api/angelcare-marketplace/analytics/data-quality","B11","GET","@/angelcare-marketplace/analytics-security/api-handlers","analytics-security/api-handlers","NONE","NONE","YES","CAP-B11-001","SOURCE_REVIEWED","SUPPORTING_READ_AUTHORITY","MAPPED_TO_IMPLEMENTED_CAPABILITY","app/api/angelcare-marketplace/analytics/data-quality/route.ts; source imports/handlers reconciled against completed approved-screen and Batch evidence."
"API-753","API_ROUTE","app/api/angelcare-marketplace/analytics/metrics/route.ts","/api/angelcare-marketplace/analytics/metrics","B11","GET","@/angelcare-marketplace/analytics-security/api-handlers","analytics-security/api-handlers","NONE","NONE","YES","CAP-B11-001","SOURCE_REVIEWED","SUPPORTING_READ_AUTHORITY","MAPPED_TO_IMPLEMENTED_CAPABILITY","app/api/angelcare-marketplace/analytics/metrics/route.ts; source imports/handlers reconciled against completed approved-screen and Batch evidence."
"API-754","API_ROUTE","app/api/angelcare-marketplace/analytics/refresh/route.ts","/api/angelcare-marketplace/analytics/refresh","B11","POST","@/angelcare-marketplace/analytics-security/api-handlers","analytics-security/api-handlers","NONE","NONE","YES","CAP-B11-001","SOURCE_REVIEWED","SUPPORTING_MUTATION_AUTHORITY","MAPPED_TO_IMPLEMENTED_CAPABILITY","app/api/angelcare-marketplace/analytics/refresh/route.ts; source imports/handlers reconciled against completed approved-screen and Batch evidence."
"API-755","API_ROUTE","app/api/angelcare-marketplace/analytics/snapshots/route.ts","/api/angelcare-marketplace/analytics/snapshots","B11","GET","@/angelcare-marketplace/analytics-security/api-handlers","analytics-security/api-handlers","NONE","NONE","YES","CAP-B11-001","SOURCE_REVIEWED","SUPPORTING_READ_AUTHORITY","MAPPED_TO_IMPLEMENTED_CAPABILITY","app/api/angelcare-marketplace/analytics/snapshots/route.ts; source imports/handlers reconciled against completed approved-screen and Batch evidence."
"API-756","API_ROUTE","app/api/angelcare-marketplace/analytics/summary/route.ts","/api/angelcare-marketplace/analytics/summary","B11","GET","@/angelcare-marketplace/analytics-security/api-handlers","analytics-security/api-handlers","NONE","NONE","YES","CAP-B11-001","SOURCE_REVIEWED","SUPPORTING_READ_AUTHORITY","MAPPED_TO_IMPLEMENTED_CAPABILITY","app/api/angelcare-marketplace/analytics/summary/route.ts; source imports/handlers reconciled against completed approved-screen and Batch evidence."
"API-757","API_ROUTE","app/api/angelcare-marketplace/b2b/corporates/eligibility/route.ts","/api/angelcare-marketplace/b2b/corporates/eligibility","B09","GET","@/angelcare-marketplace/b2b-verticals/api-handlers","b2b-verticals/api-handlers","NONE","NONE","YES","CAP-B09-001","SOURCE_REVIEWED","SUPPORTING_READ_AUTHORITY","MAPPED_TO_IMPLEMENTED_CAPABILITY","app/api/angelcare-marketplace/b2b/corporates/eligibility/route.ts; source imports/handlers reconciled against completed approved-screen and Batch evidence."
"API-758","API_ROUTE","app/api/angelcare-marketplace/b2b/corporates/programs/route.ts","/api/angelcare-marketplace/b2b/corporates/programs","B09","GET","@/angelcare-marketplace/b2b-verticals/api-handlers","b2b-verticals/api-handlers","NONE","NONE","YES","CAP-B09-001","SOURCE_REVIEWED","SUPPORTING_READ_AUTHORITY","MAPPED_TO_IMPLEMENTED_CAPABILITY","app/api/angelcare-marketplace/b2b/corporates/programs/route.ts; source imports/handlers reconciled against completed approved-screen and Batch evidence."
"API-759","API_ROUTE","app/api/angelcare-marketplace/b2b/corporates/quotas/[quotaId]/consume/route.ts","/api/angelcare-marketplace/b2b/corporates/quotas/:quotaId/consume","UNMAPPED","POST","@/angelcare-marketplace/b2b-verticals/api-handlers","b2b-verticals/api-handlers","NONE","NONE","YES","CAP-B09-001","SOURCE_REVIEWED","SUPPORTING_MUTATION_AUTHORITY","MAPPED_TO_IMPLEMENTED_CAPABILITY","app/api/angelcare-marketplace/b2b/corporates/quotas/[quotaId]/consume/route.ts; source imports/handlers reconciled against completed approved-screen and Batch evidence."
"API-760","API_ROUTE","app/api/angelcare-marketplace/b2b/diagnostics/[diagnosticId]/convert/route.ts","/api/angelcare-marketplace/b2b/diagnostics/:diagnosticId/convert","UNMAPPED","POST","@/angelcare-marketplace/b2b-verticals/api-handlers","b2b-verticals/api-handlers","NONE","NONE","YES","CAP-B09-001","SOURCE_REVIEWED","SUPPORTING_MUTATION_AUTHORITY","MAPPED_TO_IMPLEMENTED_CAPABILITY","app/api/angelcare-marketplace/b2b/diagnostics/[diagnosticId]/convert/route.ts; source imports/handlers reconciled against completed approved-screen and Batch evidence."
"API-761","API_ROUTE","app/api/angelcare-marketplace/b2b/diagnostics/[diagnosticId]/transition/route.ts","/api/angelcare-marketplace/b2b/diagnostics/:diagnosticId/transition","UNMAPPED","POST","@/angelcare-marketplace/b2b-verticals/api-handlers","b2b-verticals/api-handlers","NONE","NONE","YES","CAP-B09-001","SOURCE_REVIEWED","SUPPORTING_MUTATION_AUTHORITY","MAPPED_TO_IMPLEMENTED_CAPABILITY","app/api/angelcare-marketplace/b2b/diagnostics/[diagnosticId]/transition/route.ts; source imports/handlers reconciled against completed approved-screen and Batch evidence."
"API-762","API_ROUTE","app/api/angelcare-marketplace/b2b/diagnostics/route.ts","/api/angelcare-marketplace/b2b/diagnostics","B09","GET|POST","@/angelcare-marketplace/b2b-verticals/api-handlers","b2b-verticals/api-handlers","NONE","NONE","YES","CAP-B09-001","SOURCE_REVIEWED","OPERATOR_CAPABILITY_AUTHORITY","MAPPED_TO_IMPLEMENTED_CAPABILITY","app/api/angelcare-marketplace/b2b/diagnostics/route.ts; source imports/handlers reconciled against completed approved-screen and Batch evidence."
"API-763","API_ROUTE","app/api/angelcare-marketplace/b2b/establishments/quality-checks/route.ts","/api/angelcare-marketplace/b2b/establishments/quality-checks","B09","GET","@/angelcare-marketplace/b2b-verticals/api-handlers","b2b-verticals/api-handlers","NONE","NONE","YES","CAP-B09-001","SOURCE_REVIEWED","SUPPORTING_READ_AUTHORITY","MAPPED_TO_IMPLEMENTED_CAPABILITY","app/api/angelcare-marketplace/b2b/establishments/quality-checks/route.ts; source imports/handlers reconciled against completed approved-screen and Batch evidence."
"API-764","API_ROUTE","app/api/angelcare-marketplace/b2b/health-partners/compliance/route.ts","/api/angelcare-marketplace/b2b/health-partners/compliance","B09","GET","@/angelcare-marketplace/b2b-verticals/api-handlers","b2b-verticals/api-handlers","NONE","NONE","YES","CAP-B09-001","SOURCE_REVIEWED","SUPPORTING_READ_AUTHORITY","MAPPED_TO_IMPLEMENTED_CAPABILITY","app/api/angelcare-marketplace/b2b/health-partners/compliance/route.ts; source imports/handlers reconciled against completed approved-screen and Batch evidence."
"API-765","API_ROUTE","app/api/angelcare-marketplace/b2b/hospitality/programs/route.ts","/api/angelcare-marketplace/b2b/hospitality/programs","B09","GET","@/angelcare-marketplace/b2b-verticals/api-handlers","b2b-verticals/api-handlers","NONE","NONE","YES","CAP-B09-001","SOURCE_REVIEWED","SUPPORTING_READ_AUTHORITY","MAPPED_TO_IMPLEMENTED_CAPABILITY","app/api/angelcare-marketplace/b2b/hospitality/programs/route.ts; source imports/handlers reconciled against completed approved-screen and Batch evidence."
"API-766","API_ROUTE","app/api/angelcare-marketplace/b2b/hospitality/properties/route.ts","/api/angelcare-marketplace/b2b/hospitality/properties","B09","GET","@/angelcare-marketplace/b2b-verticals/api-handlers","b2b-verticals/api-handlers","NONE","NONE","YES","CAP-B09-001","SOURCE_REVIEWED","SUPPORTING_READ_AUTHORITY","MAPPED_TO_IMPLEMENTED_CAPABILITY","app/api/angelcare-marketplace/b2b/hospitality/properties/route.ts; source imports/handlers reconciled against completed approved-screen and Batch evidence."
"API-767","API_ROUTE","app/api/angelcare-marketplace/b2b/organizations/[organizationId]/route.ts","/api/angelcare-marketplace/b2b/organizations/:organizationId","UNMAPPED","GET","@/angelcare-marketplace/b2b-verticals/api-handlers","b2b-verticals/api-handlers","NONE","NONE","YES","CAP-B09-001","SOURCE_REVIEWED","SUPPORTING_READ_AUTHORITY","MAPPED_TO_IMPLEMENTED_CAPABILITY","app/api/angelcare-marketplace/b2b/organizations/[organizationId]/route.ts; source imports/handlers reconciled against completed approved-screen and Batch evidence."
"API-768","API_ROUTE","app/api/angelcare-marketplace/b2b/organizations/route.ts","/api/angelcare-marketplace/b2b/organizations","B09","GET|POST","@/angelcare-marketplace/b2b-verticals/api-handlers","b2b-verticals/api-handlers","NONE","NONE","YES","CAP-B09-001","SOURCE_REVIEWED","OPERATOR_CAPABILITY_AUTHORITY","MAPPED_TO_IMPLEMENTED_CAPABILITY","app/api/angelcare-marketplace/b2b/organizations/route.ts; source imports/handlers reconciled against completed approved-screen and Batch evidence."
"API-769","API_ROUTE","app/api/angelcare-marketplace/b2b/programs/[programId]/transition/route.ts","/api/angelcare-marketplace/b2b/programs/:programId/transition","UNMAPPED","POST","@/angelcare-marketplace/b2b-verticals/api-handlers","b2b-verticals/api-handlers","NONE","NONE","YES","CAP-B09-001","SOURCE_REVIEWED","SUPPORTING_MUTATION_AUTHORITY","MAPPED_TO_IMPLEMENTED_CAPABILITY","app/api/angelcare-marketplace/b2b/programs/[programId]/transition/route.ts; source imports/handlers reconciled against completed approved-screen and Batch evidence."
"API-770","API_ROUTE","app/api/angelcare-marketplace/b2b/programs/route.ts","/api/angelcare-marketplace/b2b/programs","B09","GET","@/angelcare-marketplace/b2b-verticals/api-handlers","b2b-verticals/api-handlers","NONE","NONE","YES","CAP-B09-001","SOURCE_REVIEWED","SUPPORTING_READ_AUTHORITY","MAPPED_TO_IMPLEMENTED_CAPABILITY","app/api/angelcare-marketplace/b2b/programs/route.ts; source imports/handlers reconciled against completed approved-screen and Batch evidence."
"API-771","API_ROUTE","app/api/angelcare-marketplace/b2b/public/diagnostics/route.ts","/api/angelcare-marketplace/b2b/public/diagnostics","B09","POST","@/angelcare-marketplace/b2b-verticals/api-handlers","b2b-verticals/api-handlers","NONE","NONE","YES","CAP-B09-001","SOURCE_REVIEWED","SUPPORTING_MUTATION_AUTHORITY","MAPPED_TO_IMPLEMENTED_CAPABILITY","app/api/angelcare-marketplace/b2b/public/diagnostics/route.ts; source imports/handlers reconciled against completed approved-screen and Batch evidence."
"API-772","API_ROUTE","app/api/angelcare-marketplace/b2b/summary/route.ts","/api/angelcare-marketplace/b2b/summary","B09","GET","@/angelcare-marketplace/b2b-verticals/api-handlers","b2b-verticals/api-handlers","NONE","NONE","YES","CAP-B09-001","SOURCE_REVIEWED","SUPPORTING_READ_AUTHORITY","MAPPED_TO_IMPLEMENTED_CAPABILITY","app/api/angelcare-marketplace/b2b/summary/route.ts; source imports/handlers reconciled against completed approved-screen and Batch evidence."
"API-773","API_ROUTE","app/api/angelcare-marketplace/backoffice/actions/[actionId]/route.ts","/api/angelcare-marketplace/backoffice/actions/:actionId","UNMAPPED","PATCH","@/angelcare-marketplace/sovereign-control/api-handlers","sovereign-control/api-handlers","NONE","NONE","YES","CAP-B11-001","SOURCE_REVIEWED","SUPPORTING_MUTATION_AUTHORITY","MAPPED_TO_IMPLEMENTED_CAPABILITY","app/api/angelcare-marketplace/backoffice/actions/[actionId]/route.ts; source imports/handlers reconciled against completed approved-screen and Batch evidence."
"API-774","API_ROUTE","app/api/angelcare-marketplace/backoffice/actions/route.ts","/api/angelcare-marketplace/backoffice/actions","UNMAPPED","NONE","@/angelcare-marketplace/sovereign-control/api-handlers","sovereign-control/api-handlers","NONE","NONE","YES","CAP-B11-001","SOURCE_REVIEWED","SUPPORTING_READ_AUTHORITY","MAPPED_TO_IMPLEMENTED_CAPABILITY","app/api/angelcare-marketplace/backoffice/actions/route.ts; source imports/handlers reconciled against completed approved-screen and Batch evidence."
"API-775","API_ROUTE","app/api/angelcare-marketplace/backoffice/approvals/[approvalId]/decision/route.ts","/api/angelcare-marketplace/backoffice/approvals/:approvalId/decision","UNMAPPED","POST","@/angelcare-marketplace/sovereign-control/api-handlers","sovereign-control/api-handlers","NONE","NONE","YES","CAP-B11-001","SOURCE_REVIEWED","SUPPORTING_MUTATION_AUTHORITY","MAPPED_TO_IMPLEMENTED_CAPABILITY","app/api/angelcare-marketplace/backoffice/approvals/[approvalId]/decision/route.ts; source imports/handlers reconciled against completed approved-screen and Batch evidence."
"API-776","API_ROUTE","app/api/angelcare-marketplace/backoffice/approvals/route.ts","/api/angelcare-marketplace/backoffice/approvals","UNMAPPED","NONE","@/angelcare-marketplace/sovereign-control/api-handlers","sovereign-control/api-handlers","NONE","NONE","YES","CAP-B11-001","SOURCE_REVIEWED","SUPPORTING_READ_AUTHORITY","MAPPED_TO_IMPLEMENTED_CAPABILITY","app/api/angelcare-marketplace/backoffice/approvals/route.ts; source imports/handlers reconciled against completed approved-screen and Batch evidence."
"API-777","API_ROUTE","app/api/angelcare-marketplace/backoffice/briefs/route.ts","/api/angelcare-marketplace/backoffice/briefs","B11","NONE","@/angelcare-marketplace/sovereign-control/api-handlers","sovereign-control/api-handlers","NONE","NONE","YES","CAP-B11-001","SOURCE_REVIEWED","SUPPORTING_READ_AUTHORITY","MAPPED_TO_IMPLEMENTED_CAPABILITY","app/api/angelcare-marketplace/backoffice/briefs/route.ts; source imports/handlers reconciled against completed approved-screen and Batch evidence."
"API-778","API_ROUTE","app/api/angelcare-marketplace/backoffice/objects/[objectType]/[objectId]/comments/route.ts","/api/angelcare-marketplace/backoffice/objects/:objectType/:objectId/comments","UNMAPPED","POST","@/angelcare-marketplace/sovereign-control/api-handlers","sovereign-control/api-handlers","NONE","NONE","YES","CAP-B11-001","SOURCE_REVIEWED","SUPPORTING_MUTATION_AUTHORITY","MAPPED_TO_IMPLEMENTED_CAPABILITY","app/api/angelcare-marketplace/backoffice/objects/[objectType]/[objectId]/comments/route.ts; source imports/handlers reconciled against completed approved-screen and Batch evidence."
"API-779","API_ROUTE","app/api/angelcare-marketplace/backoffice/objects/[objectType]/[objectId]/route.ts","/api/angelcare-marketplace/backoffice/objects/:objectType/:objectId","UNMAPPED","GET|POST","@/angelcare-marketplace/sovereign-control/api-handlers","sovereign-control/api-handlers","NONE","NONE","YES","CAP-B11-001","SOURCE_REVIEWED","OPERATOR_CAPABILITY_AUTHORITY","MAPPED_TO_IMPLEMENTED_CAPABILITY","app/api/angelcare-marketplace/backoffice/objects/[objectType]/[objectId]/route.ts; source imports/handlers reconciled against completed approved-screen and Batch evidence."
"API-780","API_ROUTE","app/api/angelcare-marketplace/backoffice/search/route.ts","/api/angelcare-marketplace/backoffice/search","UNMAPPED","NONE","@/angelcare-marketplace/sovereign-control/api-handlers","sovereign-control/api-handlers","NONE","NONE","YES","CAP-B11-001","SOURCE_REVIEWED","SUPPORTING_READ_AUTHORITY","MAPPED_TO_IMPLEMENTED_CAPABILITY","app/api/angelcare-marketplace/backoffice/search/route.ts; source imports/handlers reconciled against completed approved-screen and Batch evidence."
"API-781","API_ROUTE","app/api/angelcare-marketplace/backoffice/summary/route.ts","/api/angelcare-marketplace/backoffice/summary","UNMAPPED","NONE","@/angelcare-marketplace/sovereign-control/api-handlers","sovereign-control/api-handlers","NONE","NONE","YES","CAP-B11-001","SOURCE_REVIEWED","SUPPORTING_READ_AUTHORITY","MAPPED_TO_IMPLEMENTED_CAPABILITY","app/api/angelcare-marketplace/backoffice/summary/route.ts; source imports/handlers reconciled against completed approved-screen and Batch evidence."
"API-782","API_ROUTE","app/api/angelcare-marketplace/catalog/[itemId]/transition/route.ts","/api/angelcare-marketplace/catalog/:itemId/transition","UNMAPPED","POST","@/angelcare-marketplace/marketplace-core/api-handlers","marketplace-core/api-handlers","NONE","NONE","YES","CAP-B01-001|CAP-B04-001|CAP-B08-001","SOURCE_REVIEWED","SUPPORTING_MUTATION_AUTHORITY","MAPPED_TO_IMPLEMENTED_CAPABILITY","app/api/angelcare-marketplace/catalog/[itemId]/transition/route.ts; source imports/handlers reconciled against completed approved-screen and Batch evidence."
"API-783","API_ROUTE","app/api/angelcare-marketplace/catalog/route.ts","/api/angelcare-marketplace/catalog","UNMAPPED","GET|POST","@/angelcare-marketplace/marketplace-core/api-handlers","marketplace-core/api-handlers","NONE","NONE","YES","CAP-B01-001|CAP-B04-001|CAP-B08-001","SOURCE_REVIEWED","OPERATOR_CAPABILITY_AUTHORITY","MAPPED_TO_IMPLEMENTED_CAPABILITY","app/api/angelcare-marketplace/catalog/route.ts; source imports/handlers reconciled against completed approved-screen and Batch evidence."
"API-784","API_ROUTE","app/api/angelcare-marketplace/catalog/summary/route.ts","/api/angelcare-marketplace/catalog/summary","UNMAPPED","GET","@/angelcare-marketplace/marketplace-core/api-handlers","marketplace-core/api-handlers","NONE","NONE","YES","CAP-B01-001|CAP-B04-001|CAP-B08-001","SOURCE_REVIEWED","SUPPORTING_READ_AUTHORITY","MAPPED_TO_IMPLEMENTED_CAPABILITY","app/api/angelcare-marketplace/catalog/summary/route.ts; source imports/handlers reconciled against completed approved-screen and Batch evidence."
"API-785","API_ROUTE","app/api/angelcare-marketplace/checkout/payment-methods/route.ts","/api/angelcare-marketplace/checkout/payment-methods","UNMAPPED","GET|POST","@/angelcare-marketplace/customer-commerce/api-handlers","customer-commerce/api-handlers","NONE","NONE","YES","CAP-GLOBAL-001","SOURCE_REVIEWED","OPERATOR_CAPABILITY_AUTHORITY","MAPPED_TO_IMPLEMENTED_CAPABILITY","app/api/angelcare-marketplace/checkout/payment-methods/route.ts; source imports/handlers reconciled against completed approved-screen and Batch evidence."
"API-786","API_ROUTE","app/api/angelcare-marketplace/cms/ctas/route.ts","/api/angelcare-marketplace/cms/ctas","B05","NONE","@/angelcare-marketplace/experience-builder/api-handlers","experience-builder/api-handlers","NONE","NONE","YES","CAP-B05-001","SOURCE_REVIEWED","SUPPORTING_READ_AUTHORITY","MAPPED_TO_IMPLEMENTED_CAPABILITY","app/api/angelcare-marketplace/cms/ctas/route.ts; source imports/handlers reconciled against completed approved-screen and Batch evidence."
"API-787","API_ROUTE","app/api/angelcare-marketplace/cms/menus/route.ts","/api/angelcare-marketplace/cms/menus","B05","NONE","@/angelcare-marketplace/experience-builder/api-handlers","experience-builder/api-handlers","NONE","NONE","YES","CAP-B05-001","SOURCE_REVIEWED","SUPPORTING_READ_AUTHORITY","MAPPED_TO_IMPLEMENTED_CAPABILITY","app/api/angelcare-marketplace/cms/menus/route.ts; source imports/handlers reconciled against completed approved-screen and Batch evidence."
"API-788","API_ROUTE","app/api/angelcare-marketplace/cms/pages/[pageId]/blocks/route.ts","/api/angelcare-marketplace/cms/pages/:pageId/blocks","UNMAPPED","PUT","@/angelcare-marketplace/experience-builder/api-handlers","experience-builder/api-handlers","NONE","NONE","YES","CAP-B05-001","SOURCE_REVIEWED","SUPPORTING_MUTATION_AUTHORITY","MAPPED_TO_IMPLEMENTED_CAPABILITY","app/api/angelcare-marketplace/cms/pages/[pageId]/blocks/route.ts; source imports/handlers reconciled against completed approved-screen and Batch evidence."
"API-789","API_ROUTE","app/api/angelcare-marketplace/cms/pages/[pageId]/preview/route.ts","/api/angelcare-marketplace/cms/pages/:pageId/preview","UNMAPPED","POST","@/angelcare-marketplace/experience-builder/api-handlers","experience-builder/api-handlers","NONE","NONE","YES","CAP-B05-001","SOURCE_REVIEWED","SUPPORTING_MUTATION_AUTHORITY","MAPPED_TO_IMPLEMENTED_CAPABILITY","app/api/angelcare-marketplace/cms/pages/[pageId]/preview/route.ts; source imports/handlers reconciled against completed approved-screen and Batch evidence."
"API-790","API_ROUTE","app/api/angelcare-marketplace/cms/pages/[pageId]/rollback/route.ts","/api/angelcare-marketplace/cms/pages/:pageId/rollback","UNMAPPED","POST","@/angelcare-marketplace/experience-builder/api-handlers","experience-builder/api-handlers","NONE","NONE","YES","CAP-B05-001","SOURCE_REVIEWED","SUPPORTING_MUTATION_AUTHORITY","MAPPED_TO_IMPLEMENTED_CAPABILITY","app/api/angelcare-marketplace/cms/pages/[pageId]/rollback/route.ts; source imports/handlers reconciled against completed approved-screen and Batch evidence."
"API-791","API_ROUTE","app/api/angelcare-marketplace/cms/pages/[pageId]/route.ts","/api/angelcare-marketplace/cms/pages/:pageId","UNMAPPED","GET|PATCH","@/angelcare-marketplace/experience-builder/api-handlers","experience-builder/api-handlers","NONE","NONE","YES","CAP-B05-001","SOURCE_REVIEWED","OPERATOR_CAPABILITY_AUTHORITY","MAPPED_TO_IMPLEMENTED_CAPABILITY","app/api/angelcare-marketplace/cms/pages/[pageId]/route.ts; source imports/handlers reconciled against completed approved-screen and Batch evidence."
"API-792","API_ROUTE","app/api/angelcare-marketplace/cms/pages/[pageId]/transition/route.ts","/api/angelcare-marketplace/cms/pages/:pageId/transition","UNMAPPED","POST","@/angelcare-marketplace/experience-builder/api-handlers","experience-builder/api-handlers","NONE","NONE","YES","CAP-B05-001","SOURCE_REVIEWED","SUPPORTING_MUTATION_AUTHORITY","MAPPED_TO_IMPLEMENTED_CAPABILITY","app/api/angelcare-marketplace/cms/pages/[pageId]/transition/route.ts; source imports/handlers reconciled against completed approved-screen and Batch evidence."
"API-793","API_ROUTE","app/api/angelcare-marketplace/cms/pages/route.ts","/api/angelcare-marketplace/cms/pages","B05","NONE","@/angelcare-marketplace/experience-builder/api-handlers","experience-builder/api-handlers","NONE","NONE","YES","CAP-B05-001","SOURCE_REVIEWED","SUPPORTING_READ_AUTHORITY","MAPPED_TO_IMPLEMENTED_CAPABILITY","app/api/angelcare-marketplace/cms/pages/route.ts; source imports/handlers reconciled against completed approved-screen and Batch evidence."
"API-794","API_ROUTE","app/api/angelcare-marketplace/cms/publishing/route.ts","/api/angelcare-marketplace/cms/publishing","B05","NONE","@/angelcare-marketplace/experience-builder/api-handlers","experience-builder/api-handlers","NONE","NONE","YES","CAP-B05-001","SOURCE_REVIEWED","SUPPORTING_READ_AUTHORITY","MAPPED_TO_IMPLEMENTED_CAPABILITY","app/api/angelcare-marketplace/cms/publishing/route.ts; source imports/handlers reconciled against completed approved-screen and Batch evidence."
"API-795","API_ROUTE","app/api/angelcare-marketplace/conversion/admin/sessions/[sessionId]/recover/route.ts","/api/angelcare-marketplace/conversion/admin/sessions/:sessionId/recover","UNMAPPED","POST","@/angelcare-marketplace/conversion-universe/api-handlers","conversion-universe/api-handlers","NONE","NONE","YES","CAP-B04-001","SOURCE_REVIEWED","SUPPORTING_MUTATION_AUTHORITY","MAPPED_TO_IMPLEMENTED_CAPABILITY","app/api/angelcare-marketplace/conversion/admin/sessions/[sessionId]/recover/route.ts; source imports/handlers reconciled against completed approved-screen and Batch evidence."
"API-796","API_ROUTE","app/api/angelcare-marketplace/conversion/admin/sessions/route.ts","/api/angelcare-marketplace/conversion/admin/sessions","UNMAPPED","GET","@/angelcare-marketplace/conversion-universe/api-handlers","conversion-universe/api-handlers","NONE","NONE","YES","CAP-B04-001","SOURCE_REVIEWED","SUPPORTING_READ_AUTHORITY","MAPPED_TO_IMPLEMENTED_CAPABILITY","app/api/angelcare-marketplace/conversion/admin/sessions/route.ts; source imports/handlers reconciled against completed approved-screen and Batch evidence."
"API-797","API_ROUTE","app/api/angelcare-marketplace/conversion/admin/summary/route.ts","/api/angelcare-marketplace/conversion/admin/summary","UNMAPPED","GET","@/angelcare-marketplace/conversion-universe/api-handlers","conversion-universe/api-handlers","NONE","NONE","YES","CAP-B04-001","SOURCE_REVIEWED","SUPPORTING_READ_AUTHORITY","MAPPED_TO_IMPLEMENTED_CAPABILITY","app/api/angelcare-marketplace/conversion/admin/summary/route.ts; source imports/handlers reconciled against completed approved-screen and Batch evidence."
"API-798","API_ROUTE","app/api/angelcare-marketplace/conversion/basket/[basketId]/checkout/route.ts","/api/angelcare-marketplace/conversion/basket/:basketId/checkout","UNMAPPED","POST","@/angelcare-marketplace/conversion-universe/api-handlers","conversion-universe/api-handlers","NONE","NONE","YES","CAP-B04-001","SOURCE_REVIEWED","SUPPORTING_MUTATION_AUTHORITY","MAPPED_TO_IMPLEMENTED_CAPABILITY","app/api/angelcare-marketplace/conversion/basket/[basketId]/checkout/route.ts; source imports/handlers reconciled against completed approved-screen and Batch evidence."
"API-799","API_ROUTE","app/api/angelcare-marketplace/conversion/basket/[basketId]/items/route.ts","/api/angelcare-marketplace/conversion/basket/:basketId/items","UNMAPPED","POST|DELETE","@/angelcare-marketplace/conversion-universe/api-handlers","conversion-universe/api-handlers","NONE","NONE","YES","CAP-B04-001","SOURCE_REVIEWED","SUPPORTING_MUTATION_AUTHORITY","MAPPED_TO_IMPLEMENTED_CAPABILITY","app/api/angelcare-marketplace/conversion/basket/[basketId]/items/route.ts; source imports/handlers reconciled against completed approved-screen and Batch evidence."
"API-800","API_ROUTE","app/api/angelcare-marketplace/conversion/basket/route.ts","/api/angelcare-marketplace/conversion/basket","B04","GET|POST","@/angelcare-marketplace/conversion-universe/api-handlers","conversion-universe/api-handlers","NONE","NONE","YES","CAP-B04-001","SOURCE_REVIEWED","OPERATOR_CAPABILITY_AUTHORITY","MAPPED_TO_IMPLEMENTED_CAPABILITY","app/api/angelcare-marketplace/conversion/basket/route.ts; source imports/handlers reconciled against completed approved-screen and Batch evidence."
"API-801","API_ROUTE","app/api/angelcare-marketplace/conversion/category-native/session/[sessionKey]/commit/route.ts","/api/angelcare-marketplace/conversion/category-native/session/:sessionKey/commit","UNMAPPED","POST","@/angelcare-marketplace/category-native-experience/api-handlers","category-native-experience/api-handlers","NONE","NONE","YES","CAP-B02-001","SOURCE_REVIEWED","SUPPORTING_MUTATION_AUTHORITY","MAPPED_TO_IMPLEMENTED_CAPABILITY","app/api/angelcare-marketplace/conversion/category-native/session/[sessionKey]/commit/route.ts; source imports/handlers reconciled against completed approved-screen and Batch evidence."
"API-802","API_ROUTE","app/api/angelcare-marketplace/conversion/category-native/session/[sessionKey]/configuration/route.ts","/api/angelcare-marketplace/conversion/category-native/session/:sessionKey/configuration","UNMAPPED","PATCH","@/angelcare-marketplace/category-native-experience/api-handlers","category-native-experience/api-handlers","NONE","NONE","YES","CAP-B02-001","SOURCE_REVIEWED","SUPPORTING_MUTATION_AUTHORITY","MAPPED_TO_IMPLEMENTED_CAPABILITY","app/api/angelcare-marketplace/conversion/category-native/session/[sessionKey]/configuration/route.ts; source imports/handlers reconciled against completed approved-screen and Batch evidence."
"API-803","API_ROUTE","app/api/angelcare-marketplace/conversion/category-native/session/[sessionKey]/revalidate/route.ts","/api/angelcare-marketplace/conversion/category-native/session/:sessionKey/revalidate","UNMAPPED","POST","@/angelcare-marketplace/category-native-experience/api-handlers","category-native-experience/api-handlers","NONE","NONE","YES","CAP-B02-001","SOURCE_REVIEWED","SUPPORTING_MUTATION_AUTHORITY","MAPPED_TO_IMPLEMENTED_CAPABILITY","app/api/angelcare-marketplace/conversion/category-native/session/[sessionKey]/revalidate/route.ts; source imports/handlers reconciled against completed approved-screen and Batch evidence."
"API-804","API_ROUTE","app/api/angelcare-marketplace/conversion/category-native/session/[sessionKey]/route.ts","/api/angelcare-marketplace/conversion/category-native/session/:sessionKey","UNMAPPED","GET","@/angelcare-marketplace/category-native-experience/api-handlers","category-native-experience/api-handlers","NONE","NONE","YES","CAP-B02-001","SOURCE_REVIEWED","SUPPORTING_READ_AUTHORITY","MAPPED_TO_IMPLEMENTED_CAPABILITY","app/api/angelcare-marketplace/conversion/category-native/session/[sessionKey]/route.ts; source imports/handlers reconciled against completed approved-screen and Batch evidence."
"API-805","API_ROUTE","app/api/angelcare-marketplace/conversion/category-native/session/route.ts","/api/angelcare-marketplace/conversion/category-native/session","UNMAPPED","POST","@/angelcare-marketplace/category-native-experience/api-handlers","category-native-experience/api-handlers","NONE","NONE","YES","CAP-B02-001","SOURCE_REVIEWED","SUPPORTING_MUTATION_AUTHORITY","MAPPED_TO_IMPLEMENTED_CAPABILITY","app/api/angelcare-marketplace/conversion/category-native/session/route.ts; source imports/handlers reconciled against completed approved-screen and Batch evidence."
"API-806","API_ROUTE","app/api/angelcare-marketplace/conversion/sessions/[sessionKey]/availability/route.ts","/api/angelcare-marketplace/conversion/sessions/:sessionKey/availability","UNMAPPED","POST","@/angelcare-marketplace/conversion-universe/api-handlers","conversion-universe/api-handlers","NONE","NONE","YES","CAP-B04-001","SOURCE_REVIEWED","SUPPORTING_MUTATION_AUTHORITY","MAPPED_TO_IMPLEMENTED_CAPABILITY","app/api/angelcare-marketplace/conversion/sessions/[sessionKey]/availability/route.ts; source imports/handlers reconciled against completed approved-screen and Batch evidence."
"API-807","API_ROUTE","app/api/angelcare-marketplace/conversion/sessions/[sessionKey]/confirm/route.ts","/api/angelcare-marketplace/conversion/sessions/:sessionKey/confirm","UNMAPPED","POST","@/angelcare-marketplace/conversion-universe/api-handlers","conversion-universe/api-handlers","NONE","NONE","YES","CAP-B04-001","SOURCE_REVIEWED","SUPPORTING_MUTATION_AUTHORITY","MAPPED_TO_IMPLEMENTED_CAPABILITY","app/api/angelcare-marketplace/conversion/sessions/[sessionKey]/confirm/route.ts; source imports/handlers reconciled against completed approved-screen and Batch evidence."
"API-808","API_ROUTE","app/api/angelcare-marketplace/conversion/sessions/[sessionKey]/consent/route.ts","/api/angelcare-marketplace/conversion/sessions/:sessionKey/consent","UNMAPPED","POST","@/angelcare-marketplace/conversion-universe/api-handlers","conversion-universe/api-handlers","NONE","NONE","YES","CAP-B04-001","SOURCE_REVIEWED","SUPPORTING_MUTATION_AUTHORITY","MAPPED_TO_IMPLEMENTED_CAPABILITY","app/api/angelcare-marketplace/conversion/sessions/[sessionKey]/consent/route.ts; source imports/handlers reconciled against completed approved-screen and Batch evidence."
"API-809","API_ROUTE","app/api/angelcare-marketplace/conversion/sessions/[sessionKey]/price/route.ts","/api/angelcare-marketplace/conversion/sessions/:sessionKey/price","UNMAPPED","POST","@/angelcare-marketplace/conversion-universe/api-handlers","conversion-universe/api-handlers","NONE","NONE","YES","CAP-B04-001","SOURCE_REVIEWED","SUPPORTING_MUTATION_AUTHORITY","MAPPED_TO_IMPLEMENTED_CAPABILITY","app/api/angelcare-marketplace/conversion/sessions/[sessionKey]/price/route.ts; source imports/handlers reconciled against completed approved-screen and Batch evidence."
"API-810","API_ROUTE","app/api/angelcare-marketplace/conversion/sessions/[sessionKey]/route.ts","/api/angelcare-marketplace/conversion/sessions/:sessionKey","UNMAPPED","GET|PATCH","@/angelcare-marketplace/conversion-universe/api-handlers","conversion-universe/api-handlers","NONE","NONE","YES","CAP-B04-001","SOURCE_REVIEWED","OPERATOR_CAPABILITY_AUTHORITY","MAPPED_TO_IMPLEMENTED_CAPABILITY","app/api/angelcare-marketplace/conversion/sessions/[sessionKey]/route.ts; source imports/handlers reconciled against completed approved-screen and Batch evidence."
"API-811","API_ROUTE","app/api/angelcare-marketplace/conversion/sessions/route.ts","/api/angelcare-marketplace/conversion/sessions","B04","GET|POST","@/angelcare-marketplace/conversion-universe/api-handlers","conversion-universe/api-handlers","NONE","NONE","YES","CAP-B04-001","SOURCE_REVIEWED","OPERATOR_CAPABILITY_AUTHORITY","MAPPED_TO_IMPLEMENTED_CAPABILITY","app/api/angelcare-marketplace/conversion/sessions/route.ts; source imports/handlers reconciled against completed approved-screen and Batch evidence."
"API-812","API_ROUTE","app/api/angelcare-marketplace/crm/accounts/route.ts","/api/angelcare-marketplace/crm/accounts","UNMAPPED","GET","@/angelcare-marketplace/commercial-pipeline/api-handlers","commercial-pipeline/api-handlers","NONE","NONE","YES","CAP-B04-001","SOURCE_REVIEWED","SUPPORTING_READ_AUTHORITY","MAPPED_TO_IMPLEMENTED_CAPABILITY","app/api/angelcare-marketplace/crm/accounts/route.ts; source imports/handlers reconciled against completed approved-screen and Batch evidence."
"API-813","API_ROUTE","app/api/angelcare-marketplace/crm/leads/route.ts","/api/angelcare-marketplace/crm/leads","UNMAPPED","GET|POST","@/angelcare-marketplace/commercial-pipeline/api-handlers","commercial-pipeline/api-handlers","NONE","NONE","YES","CAP-B04-001","SOURCE_REVIEWED","OPERATOR_CAPABILITY_AUTHORITY","MAPPED_TO_IMPLEMENTED_CAPABILITY","app/api/angelcare-marketplace/crm/leads/route.ts; source imports/handlers reconciled against completed approved-screen and Batch evidence."
"API-814","API_ROUTE","app/api/angelcare-marketplace/crm/opportunities/[opportunityId]/transition/route.ts","/api/angelcare-marketplace/crm/opportunities/:opportunityId/transition","UNMAPPED","POST","@/angelcare-marketplace/commercial-pipeline/api-handlers","commercial-pipeline/api-handlers","NONE","NONE","YES","CAP-B04-001","SOURCE_REVIEWED","SUPPORTING_MUTATION_AUTHORITY","MAPPED_TO_IMPLEMENTED_CAPABILITY","app/api/angelcare-marketplace/crm/opportunities/[opportunityId]/transition/route.ts; source imports/handlers reconciled against completed approved-screen and Batch evidence."
"API-815","API_ROUTE","app/api/angelcare-marketplace/crm/opportunities/route.ts","/api/angelcare-marketplace/crm/opportunities","UNMAPPED","GET|POST","@/angelcare-marketplace/commercial-pipeline/api-handlers","commercial-pipeline/api-handlers","NONE","NONE","YES","CAP-B04-001","SOURCE_REVIEWED","OPERATOR_CAPABILITY_AUTHORITY","MAPPED_TO_IMPLEMENTED_CAPABILITY","app/api/angelcare-marketplace/crm/opportunities/route.ts; source imports/handlers reconciled against completed approved-screen and Batch evidence."
"API-816","API_ROUTE","app/api/angelcare-marketplace/crm/quotes/[quoteId]/approval/route.ts","/api/angelcare-marketplace/crm/quotes/:quoteId/approval","UNMAPPED","POST","@/angelcare-marketplace/commercial-pipeline/api-handlers","commercial-pipeline/api-handlers","NONE","NONE","YES","CAP-B04-001","SOURCE_REVIEWED","SUPPORTING_MUTATION_AUTHORITY","MAPPED_TO_IMPLEMENTED_CAPABILITY","app/api/angelcare-marketplace/crm/quotes/[quoteId]/approval/route.ts; source imports/handlers reconciled against completed approved-screen and Batch evidence."
"API-817","API_ROUTE","app/api/angelcare-marketplace/crm/quotes/[quoteId]/transition/route.ts","/api/angelcare-marketplace/crm/quotes/:quoteId/transition","UNMAPPED","POST","@/angelcare-marketplace/commercial-pipeline/api-handlers","commercial-pipeline/api-handlers","NONE","NONE","YES","CAP-B04-001","SOURCE_REVIEWED","SUPPORTING_MUTATION_AUTHORITY","MAPPED_TO_IMPLEMENTED_CAPABILITY","app/api/angelcare-marketplace/crm/quotes/[quoteId]/transition/route.ts; source imports/handlers reconciled against completed approved-screen and Batch evidence."
"API-818","API_ROUTE","app/api/angelcare-marketplace/crm/quotes/route.ts","/api/angelcare-marketplace/crm/quotes","B04","GET|POST","@/angelcare-marketplace/commercial-pipeline/api-handlers","commercial-pipeline/api-handlers","NONE","NONE","YES","CAP-B04-001","SOURCE_REVIEWED","OPERATOR_CAPABILITY_AUTHORITY","MAPPED_TO_IMPLEMENTED_CAPABILITY","app/api/angelcare-marketplace/crm/quotes/route.ts; source imports/handlers reconciled against completed approved-screen and Batch evidence."
"API-819","API_ROUTE","app/api/angelcare-marketplace/crm/summary/route.ts","/api/angelcare-marketplace/crm/summary","UNMAPPED","GET","@/angelcare-marketplace/commercial-pipeline/api-handlers","commercial-pipeline/api-handlers","NONE","NONE","YES","CAP-B04-001","SOURCE_REVIEWED","SUPPORTING_READ_AUTHORITY","MAPPED_TO_IMPLEMENTED_CAPABILITY","app/api/angelcare-marketplace/crm/summary/route.ts; source imports/handlers reconciled against completed approved-screen and Batch evidence."
"API-820","API_ROUTE","app/api/angelcare-marketplace/customer/auth/login/route.ts","/api/angelcare-marketplace/customer/auth/login","UNMAPPED","POST","@/angelcare-marketplace/customer-commerce/api-handlers","customer-commerce/api-handlers","NONE","NONE","YES","CAP-GLOBAL-001","SOURCE_REVIEWED","SUPPORTING_MUTATION_AUTHORITY","MAPPED_TO_IMPLEMENTED_CAPABILITY","app/api/angelcare-marketplace/customer/auth/login/route.ts; source imports/handlers reconciled against completed approved-screen and Batch evidence."
"API-821","API_ROUTE","app/api/angelcare-marketplace/customer/auth/logout/route.ts","/api/angelcare-marketplace/customer/auth/logout","UNMAPPED","POST","@/angelcare-marketplace/customer-commerce/api-handlers","customer-commerce/api-handlers","NONE","NONE","YES","CAP-GLOBAL-001","SOURCE_REVIEWED","SUPPORTING_MUTATION_AUTHORITY","MAPPED_TO_IMPLEMENTED_CAPABILITY","app/api/angelcare-marketplace/customer/auth/logout/route.ts; source imports/handlers reconciled against completed approved-screen and Batch evidence."
"API-822","API_ROUTE","app/api/angelcare-marketplace/customer/auth/magic-link/route.ts","/api/angelcare-marketplace/customer/auth/magic-link","UNMAPPED","POST","@/angelcare-marketplace/customer-commerce/api-handlers","customer-commerce/api-handlers","NONE","NONE","YES","CAP-GLOBAL-001","SOURCE_REVIEWED","SUPPORTING_MUTATION_AUTHORITY","MAPPED_TO_IMPLEMENTED_CAPABILITY","app/api/angelcare-marketplace/customer/auth/magic-link/route.ts; source imports/handlers reconciled against completed approved-screen and Batch evidence."
"API-823","API_ROUTE","app/api/angelcare-marketplace/customer/auth/password/route.ts","/api/angelcare-marketplace/customer/auth/password","UNMAPPED","PATCH","@/angelcare-marketplace/customer-commerce/api-handlers","customer-commerce/api-handlers","NONE","NONE","YES","CAP-GLOBAL-001","SOURCE_REVIEWED","SUPPORTING_MUTATION_AUTHORITY","MAPPED_TO_IMPLEMENTED_CAPABILITY","app/api/angelcare-marketplace/customer/auth/password/route.ts; source imports/handlers reconciled against completed approved-screen and Batch evidence."
"API-824","API_ROUTE","app/api/angelcare-marketplace/customer/auth/phone-otp/route.ts","/api/angelcare-marketplace/customer/auth/phone-otp","UNMAPPED","POST","@/angelcare-marketplace/customer-commerce/api-handlers","customer-commerce/api-handlers","NONE","NONE","YES","CAP-GLOBAL-001","SOURCE_REVIEWED","SUPPORTING_MUTATION_AUTHORITY","MAPPED_TO_IMPLEMENTED_CAPABILITY","app/api/angelcare-marketplace/customer/auth/phone-otp/route.ts; source imports/handlers reconciled against completed approved-screen and Batch evidence."
"API-825","API_ROUTE","app/api/angelcare-marketplace/customer/auth/recover/route.ts","/api/angelcare-marketplace/customer/auth/recover","UNMAPPED","POST","@/angelcare-marketplace/customer-commerce/api-handlers","customer-commerce/api-handlers","NONE","NONE","YES","CAP-GLOBAL-001","SOURCE_REVIEWED","SUPPORTING_MUTATION_AUTHORITY","MAPPED_TO_IMPLEMENTED_CAPABILITY","app/api/angelcare-marketplace/customer/auth/recover/route.ts; source imports/handlers reconciled against completed approved-screen and Batch evidence."
"API-826","API_ROUTE","app/api/angelcare-marketplace/customer/auth/register/route.ts","/api/angelcare-marketplace/customer/auth/register","UNMAPPED","POST","@/angelcare-marketplace/customer-commerce/api-handlers","customer-commerce/api-handlers","NONE","NONE","YES","CAP-GLOBAL-001","SOURCE_REVIEWED","SUPPORTING_MUTATION_AUTHORITY","MAPPED_TO_IMPLEMENTED_CAPABILITY","app/api/angelcare-marketplace/customer/auth/register/route.ts; source imports/handlers reconciled against completed approved-screen and Batch evidence."
"API-827","API_ROUTE","app/api/angelcare-marketplace/customer/me/route.ts","/api/angelcare-marketplace/customer/me","UNMAPPED","GET","@/angelcare-marketplace/customer-commerce/api-handlers","customer-commerce/api-handlers","NONE","NONE","YES","CAP-GLOBAL-001","SOURCE_REVIEWED","SUPPORTING_READ_AUTHORITY","MAPPED_TO_IMPLEMENTED_CAPABILITY","app/api/angelcare-marketplace/customer/me/route.ts; source imports/handlers reconciled against completed approved-screen and Batch evidence."
"API-828","API_ROUTE","app/api/angelcare-marketplace/customer/portfolio/route.ts","/api/angelcare-marketplace/customer/portfolio","UNMAPPED","GET","@/angelcare-marketplace/customer-commerce/api-handlers","customer-commerce/api-handlers","NONE","NONE","YES","CAP-GLOBAL-001","SOURCE_REVIEWED","SUPPORTING_READ_AUTHORITY","MAPPED_TO_IMPLEMENTED_CAPABILITY","app/api/angelcare-marketplace/customer/portfolio/route.ts; source imports/handlers reconciled against completed approved-screen and Batch evidence."
"API-829","API_ROUTE","app/api/angelcare-marketplace/customer/sessions/route.ts","/api/angelcare-marketplace/customer/sessions","UNMAPPED","GET|DELETE","@/angelcare-marketplace/customer-commerce/api-handlers","customer-commerce/api-handlers","NONE","NONE","YES","CAP-GLOBAL-001","SOURCE_REVIEWED","OPERATOR_CAPABILITY_AUTHORITY","MAPPED_TO_IMPLEMENTED_CAPABILITY","app/api/angelcare-marketplace/customer/sessions/route.ts; source imports/handlers reconciled against completed approved-screen and Batch evidence."
"API-830","API_ROUTE","app/api/angelcare-marketplace/development/activities/[activityId]/transition/route.ts","/api/angelcare-marketplace/development/activities/:activityId/transition","UNMAPPED","POST","@/angelcare-marketplace/development-engine/api-handlers","development-engine/api-handlers","NONE","NONE","YES","CAP-B08-001","SOURCE_REVIEWED","SUPPORTING_MUTATION_AUTHORITY","MAPPED_TO_IMPLEMENTED_CAPABILITY","app/api/angelcare-marketplace/development/activities/[activityId]/transition/route.ts; source imports/handlers reconciled against completed approved-screen and Batch evidence."
"API-831","API_ROUTE","app/api/angelcare-marketplace/development/activities/route.ts","/api/angelcare-marketplace/development/activities","UNMAPPED","GET|POST","@/angelcare-marketplace/development-engine/api-handlers","development-engine/api-handlers","NONE","NONE","YES","CAP-B08-001","SOURCE_REVIEWED","OPERATOR_CAPABILITY_AUTHORITY","MAPPED_TO_IMPLEMENTED_CAPABILITY","app/api/angelcare-marketplace/development/activities/route.ts; source imports/handlers reconciled against completed approved-screen and Batch evidence."
"API-832","API_ROUTE","app/api/angelcare-marketplace/development/categories/route.ts","/api/angelcare-marketplace/development/categories","UNMAPPED","GET","@/angelcare-marketplace/development-engine/api-handlers","development-engine/api-handlers","NONE","NONE","YES","CAP-B08-001","SOURCE_REVIEWED","SUPPORTING_READ_AUTHORITY","MAPPED_TO_IMPLEMENTED_CAPABILITY","app/api/angelcare-marketplace/development/categories/route.ts; source imports/handlers reconciled against completed approved-screen and Batch evidence."
"API-833","API_ROUTE","app/api/angelcare-marketplace/development/kits/route.ts","/api/angelcare-marketplace/development/kits","UNMAPPED","GET","@/angelcare-marketplace/development-engine/api-handlers","development-engine/api-handlers","NONE","NONE","YES","CAP-B08-001","SOURCE_REVIEWED","SUPPORTING_READ_AUTHORITY","MAPPED_TO_IMPLEMENTED_CAPABILITY","app/api/angelcare-marketplace/development/kits/route.ts; source imports/handlers reconciled against completed approved-screen and Batch evidence."
"API-834","API_ROUTE","app/api/angelcare-marketplace/development/summary/route.ts","/api/angelcare-marketplace/development/summary","UNMAPPED","GET","@/angelcare-marketplace/development-engine/api-handlers","development-engine/api-handlers","NONE","NONE","YES","CAP-B08-001","SOURCE_REVIEWED","SUPPORTING_READ_AUTHORITY","MAPPED_TO_IMPLEMENTED_CAPABILITY","app/api/angelcare-marketplace/development/summary/route.ts; source imports/handlers reconciled against completed approved-screen and Batch evidence."
"API-835","API_ROUTE","app/api/angelcare-marketplace/development/supplier-specs/route.ts","/api/angelcare-marketplace/development/supplier-specs","UNMAPPED","GET","@/angelcare-marketplace/development-engine/api-handlers","development-engine/api-handlers","NONE","NONE","YES","CAP-B08-001","SOURCE_REVIEWED","SUPPORTING_READ_AUTHORITY","MAPPED_TO_IMPLEMENTED_CAPABILITY","app/api/angelcare-marketplace/development/supplier-specs/route.ts; source imports/handlers reconciled against completed approved-screen and Batch evidence."
"API-836","API_ROUTE","app/api/angelcare-marketplace/discovery/search/route.ts","/api/angelcare-marketplace/discovery/search","B06","GET","next/server|@/angelcare-marketplace/catalog-discovery/repository|@/angelcare-marketplace/catalog-discovery/types","catalog-discovery/repository|catalog-discovery/types","repository","NONE","NO_INTERNAL_ONLY","NOT_APPLICABLE","SOURCE_REVIEWED","INTERNAL_SYSTEM_AUTHORITY","INTERNAL_ONLY_NOT_OPERATOR_FACING","app/api/angelcare-marketplace/discovery/search/route.ts; source imports/handlers reconciled against completed approved-screen and Batch evidence."
"API-837","API_ROUTE","app/api/angelcare-marketplace/family/account/route.ts","/api/angelcare-marketplace/family/account","UNMAPPED","NONE","@/angelcare-marketplace/family-experience/api-handlers","family-experience/api-handlers","NONE","NONE","NO_INTERNAL_ONLY","NOT_APPLICABLE","SOURCE_REVIEWED","INTERNAL_SYSTEM_AUTHORITY","INTERNAL_ONLY_NOT_OPERATOR_FACING","app/api/angelcare-marketplace/family/account/route.ts; source imports/handlers reconciled against completed approved-screen and Batch evidence."
"API-838","API_ROUTE","app/api/angelcare-marketplace/family/children/[childId]/route.ts","/api/angelcare-marketplace/family/children/:childId","UNMAPPED","GET","@/angelcare-marketplace/family-experience/api-handlers","family-experience/api-handlers","NONE","NONE","NO_INTERNAL_ONLY","NOT_APPLICABLE","SOURCE_REVIEWED","INTERNAL_SYSTEM_AUTHORITY","INTERNAL_ONLY_NOT_OPERATOR_FACING","app/api/angelcare-marketplace/family/children/[childId]/route.ts; source imports/handlers reconciled against completed approved-screen and Batch evidence."
"API-839","API_ROUTE","app/api/angelcare-marketplace/family/children/route.ts","/api/angelcare-marketplace/family/children","UNMAPPED","NONE","@/angelcare-marketplace/family-experience/api-handlers","family-experience/api-handlers","NONE","NONE","NO_INTERNAL_ONLY","NOT_APPLICABLE","SOURCE_REVIEWED","INTERNAL_SYSTEM_AUTHORITY","INTERNAL_ONLY_NOT_OPERATOR_FACING","app/api/angelcare-marketplace/family/children/route.ts; source imports/handlers reconciled against completed approved-screen and Batch evidence."
"API-840","API_ROUTE","app/api/angelcare-marketplace/family/dashboard/route.ts","/api/angelcare-marketplace/family/dashboard","UNMAPPED","NONE","@/angelcare-marketplace/family-experience/api-handlers","family-experience/api-handlers","NONE","NONE","NO_INTERNAL_ONLY","NOT_APPLICABLE","SOURCE_REVIEWED","INTERNAL_SYSTEM_AUTHORITY","INTERNAL_ONLY_NOT_OPERATOR_FACING","app/api/angelcare-marketplace/family/dashboard/route.ts; source imports/handlers reconciled against completed approved-screen and Batch evidence."
"API-841","API_ROUTE","app/api/angelcare-marketplace/family/diagnostics/route.ts","/api/angelcare-marketplace/family/diagnostics","UNMAPPED","NONE","@/angelcare-marketplace/family-experience/api-handlers","family-experience/api-handlers","NONE","NONE","NO_INTERNAL_ONLY","NOT_APPLICABLE","SOURCE_REVIEWED","INTERNAL_SYSTEM_AUTHORITY","INTERNAL_ONLY_NOT_OPERATOR_FACING","app/api/angelcare-marketplace/family/diagnostics/route.ts; source imports/handlers reconciled against completed approved-screen and Batch evidence."
"API-842","API_ROUTE","app/api/angelcare-marketplace/family/missions/[missionId]/route.ts","/api/angelcare-marketplace/family/missions/:missionId","UNMAPPED","GET","@/angelcare-marketplace/family-experience/api-handlers","family-experience/api-handlers","NONE","NONE","NO_INTERNAL_ONLY","NOT_APPLICABLE","SOURCE_REVIEWED","INTERNAL_SYSTEM_AUTHORITY","INTERNAL_ONLY_NOT_OPERATOR_FACING","app/api/angelcare-marketplace/family/missions/[missionId]/route.ts; source imports/handlers reconciled against completed approved-screen and Batch evidence."
"API-843","API_ROUTE","app/api/angelcare-marketplace/family/missions/route.ts","/api/angelcare-marketplace/family/missions","UNMAPPED","NONE","@/angelcare-marketplace/family-experience/api-handlers","family-experience/api-handlers","NONE","NONE","NO_INTERNAL_ONLY","NOT_APPLICABLE","SOURCE_REVIEWED","INTERNAL_SYSTEM_AUTHORITY","INTERNAL_ONLY_NOT_OPERATOR_FACING","app/api/angelcare-marketplace/family/missions/route.ts; source imports/handlers reconciled against completed approved-screen and Batch evidence."
"API-844","API_ROUTE","app/api/angelcare-marketplace/family/requests/[requestId]/route.ts","/api/angelcare-marketplace/family/requests/:requestId","UNMAPPED","GET","@/angelcare-marketplace/family-experience/api-handlers","family-experience/api-handlers","NONE","NONE","NO_INTERNAL_ONLY","NOT_APPLICABLE","SOURCE_REVIEWED","INTERNAL_SYSTEM_AUTHORITY","INTERNAL_ONLY_NOT_OPERATOR_FACING","app/api/angelcare-marketplace/family/requests/[requestId]/route.ts; source imports/handlers reconciled against completed approved-screen and Batch evidence."
"API-845","API_ROUTE","app/api/angelcare-marketplace/family/requests/route.ts","/api/angelcare-marketplace/family/requests","UNMAPPED","NONE","@/angelcare-marketplace/family-experience/api-handlers","family-experience/api-handlers","NONE","NONE","NO_INTERNAL_ONLY","NOT_APPLICABLE","SOURCE_REVIEWED","INTERNAL_SYSTEM_AUTHORITY","INTERNAL_ONLY_NOT_OPERATOR_FACING","app/api/angelcare-marketplace/family/requests/route.ts; source imports/handlers reconciled against completed approved-screen and Batch evidence."
"API-846","API_ROUTE","app/api/angelcare-marketplace/family/support/[ticketId]/messages/route.ts","/api/angelcare-marketplace/family/support/:ticketId/messages","UNMAPPED","POST","@/angelcare-marketplace/family-experience/api-handlers","family-experience/api-handlers","NONE","NONE","NO_INTERNAL_ONLY","NOT_APPLICABLE","SOURCE_REVIEWED","INTERNAL_SYSTEM_AUTHORITY","INTERNAL_ONLY_NOT_OPERATOR_FACING","app/api/angelcare-marketplace/family/support/[ticketId]/messages/route.ts; source imports/handlers reconciled against completed approved-screen and Batch evidence."
"API-847","API_ROUTE","app/api/angelcare-marketplace/family/support/[ticketId]/route.ts","/api/angelcare-marketplace/family/support/:ticketId","UNMAPPED","GET","@/angelcare-marketplace/family-experience/api-handlers","family-experience/api-handlers","NONE","NONE","NO_INTERNAL_ONLY","NOT_APPLICABLE","SOURCE_REVIEWED","INTERNAL_SYSTEM_AUTHORITY","INTERNAL_ONLY_NOT_OPERATOR_FACING","app/api/angelcare-marketplace/family/support/[ticketId]/route.ts; source imports/handlers reconciled against completed approved-screen and Batch evidence."
"API-848","API_ROUTE","app/api/angelcare-marketplace/family/support/route.ts","/api/angelcare-marketplace/family/support","UNMAPPED","NONE","@/angelcare-marketplace/family-experience/api-handlers","family-experience/api-handlers","NONE","NONE","NO_INTERNAL_ONLY","NOT_APPLICABLE","SOURCE_REVIEWED","INTERNAL_SYSTEM_AUTHORITY","INTERNAL_ONLY_NOT_OPERATOR_FACING","app/api/angelcare-marketplace/family/support/route.ts; source imports/handlers reconciled against completed approved-screen and Batch evidence."
"API-849","API_ROUTE","app/api/angelcare-marketplace/finance/invoice-readiness/evaluate/route.ts","/api/angelcare-marketplace/finance/invoice-readiness/evaluate","B10","POST","@/angelcare-marketplace/finance-authority/api-handlers","finance-authority/api-handlers","authority","NONE","YES","CAP-B10-001","SOURCE_REVIEWED","SUPPORTING_MUTATION_AUTHORITY","MAPPED_TO_IMPLEMENTED_CAPABILITY","app/api/angelcare-marketplace/finance/invoice-readiness/evaluate/route.ts; source imports/handlers reconciled against completed approved-screen and Batch evidence."
"API-850","API_ROUTE","app/api/angelcare-marketplace/finance/invoice-readiness/route.ts","/api/angelcare-marketplace/finance/invoice-readiness","B10","GET","@/angelcare-marketplace/finance-authority/api-handlers","finance-authority/api-handlers","authority","NONE","YES","CAP-B10-001","SOURCE_REVIEWED","SUPPORTING_READ_AUTHORITY","MAPPED_TO_IMPLEMENTED_CAPABILITY","app/api/angelcare-marketplace/finance/invoice-readiness/route.ts; source imports/handlers reconciled against completed approved-screen and Batch evidence."
"API-851","API_ROUTE","app/api/angelcare-marketplace/finance/margin-exceptions/[exceptionId]/decision/route.ts","/api/angelcare-marketplace/finance/margin-exceptions/:exceptionId/decision","UNMAPPED","POST","@/angelcare-marketplace/finance-authority/api-handlers","finance-authority/api-handlers","authority","NONE","YES","CAP-B10-001","SOURCE_REVIEWED","SUPPORTING_MUTATION_AUTHORITY","MAPPED_TO_IMPLEMENTED_CAPABILITY","app/api/angelcare-marketplace/finance/margin-exceptions/[exceptionId]/decision/route.ts; source imports/handlers reconciled against completed approved-screen and Batch evidence."
"API-852","API_ROUTE","app/api/angelcare-marketplace/finance/margin-exceptions/route.ts","/api/angelcare-marketplace/finance/margin-exceptions","B10","GET","@/angelcare-marketplace/finance-authority/api-handlers","finance-authority/api-handlers","authority","NONE","YES","CAP-B10-001","SOURCE_REVIEWED","SUPPORTING_READ_AUTHORITY","MAPPED_TO_IMPLEMENTED_CAPABILITY","app/api/angelcare-marketplace/finance/margin-exceptions/route.ts; source imports/handlers reconciled against completed approved-screen and Batch evidence."
"API-853","API_ROUTE","app/api/angelcare-marketplace/finance/price-books/[priceBookId]/transition/route.ts","/api/angelcare-marketplace/finance/price-books/:priceBookId/transition","UNMAPPED","POST","@/angelcare-marketplace/finance-authority/api-handlers","finance-authority/api-handlers","authority","NONE","YES","CAP-B10-001","SOURCE_REVIEWED","SUPPORTING_MUTATION_AUTHORITY","MAPPED_TO_IMPLEMENTED_CAPABILITY","app/api/angelcare-marketplace/finance/price-books/[priceBookId]/transition/route.ts; source imports/handlers reconciled against completed approved-screen and Batch evidence."
"API-854","API_ROUTE","app/api/angelcare-marketplace/finance/price-books/route.ts","/api/angelcare-marketplace/finance/price-books","B10","GET|POST","@/angelcare-marketplace/finance-authority/api-handlers","finance-authority/api-handlers","authority","NONE","YES","CAP-B10-001","SOURCE_REVIEWED","OPERATOR_CAPABILITY_AUTHORITY","MAPPED_TO_IMPLEMENTED_CAPABILITY","app/api/angelcare-marketplace/finance/price-books/route.ts; source imports/handlers reconciled against completed approved-screen and Batch evidence."
"API-855","API_ROUTE","app/api/angelcare-marketplace/finance/price-rules/[priceRuleId]/evaluate/route.ts","/api/angelcare-marketplace/finance/price-rules/:priceRuleId/evaluate","UNMAPPED","POST","@/angelcare-marketplace/finance-authority/api-handlers","finance-authority/api-handlers","authority","NONE","YES","CAP-B10-001","SOURCE_REVIEWED","SUPPORTING_MUTATION_AUTHORITY","MAPPED_TO_IMPLEMENTED_CAPABILITY","app/api/angelcare-marketplace/finance/price-rules/[priceRuleId]/evaluate/route.ts; source imports/handlers reconciled against completed approved-screen and Batch evidence."
"API-856","API_ROUTE","app/api/angelcare-marketplace/finance/price-rules/route.ts","/api/angelcare-marketplace/finance/price-rules","B10","GET","@/angelcare-marketplace/finance-authority/api-handlers","finance-authority/api-handlers","authority","NONE","YES","CAP-B10-001","SOURCE_REVIEWED","SUPPORTING_READ_AUTHORITY","MAPPED_TO_IMPLEMENTED_CAPABILITY","app/api/angelcare-marketplace/finance/price-rules/route.ts; source imports/handlers reconciled against completed approved-screen and Batch evidence."
"API-857","API_ROUTE","app/api/angelcare-marketplace/finance/reconciliation/[eventId]/resolve/route.ts","/api/angelcare-marketplace/finance/reconciliation/:eventId/resolve","UNMAPPED","POST","@/angelcare-marketplace/finance-authority/api-handlers","finance-authority/api-handlers","authority","NONE","YES","CAP-B10-001","SOURCE_REVIEWED","SUPPORTING_MUTATION_AUTHORITY","MAPPED_TO_IMPLEMENTED_CAPABILITY","app/api/angelcare-marketplace/finance/reconciliation/[eventId]/resolve/route.ts; source imports/handlers reconciled against completed approved-screen and Batch evidence."
"API-858","API_ROUTE","app/api/angelcare-marketplace/finance/reconciliation/route.ts","/api/angelcare-marketplace/finance/reconciliation","B10","GET","@/angelcare-marketplace/finance-authority/api-handlers","finance-authority/api-handlers","authority","NONE","YES","CAP-B10-001","SOURCE_REVIEWED","SUPPORTING_READ_AUTHORITY","MAPPED_TO_IMPLEMENTED_CAPABILITY","app/api/angelcare-marketplace/finance/reconciliation/route.ts; source imports/handlers reconciled against completed approved-screen and Batch evidence."
"API-859","API_ROUTE","app/api/angelcare-marketplace/finance/revenue-streams/route.ts","/api/angelcare-marketplace/finance/revenue-streams","B10","GET","@/angelcare-marketplace/finance-authority/api-handlers","finance-authority/api-handlers","authority","NONE","YES","CAP-B10-001","SOURCE_REVIEWED","SUPPORTING_READ_AUTHORITY","MAPPED_TO_IMPLEMENTED_CAPABILITY","app/api/angelcare-marketplace/finance/revenue-streams/route.ts; source imports/handlers reconciled against completed approved-screen and Batch evidence."
"API-860","API_ROUTE","app/api/angelcare-marketplace/finance/summary/route.ts","/api/angelcare-marketplace/finance/summary","B10","GET","@/angelcare-marketplace/finance-authority/api-handlers","finance-authority/api-handlers","authority","NONE","YES","CAP-B10-001","SOURCE_REVIEWED","SUPPORTING_READ_AUTHORITY","MAPPED_TO_IMPLEMENTED_CAPABILITY","app/api/angelcare-marketplace/finance/summary/route.ts; source imports/handlers reconciled against completed approved-screen and Batch evidence."
"API-861","API_ROUTE","app/api/angelcare-marketplace/foundation/audit/export/route.ts","/api/angelcare-marketplace/foundation/audit/export","B11","NONE","@/angelcare-marketplace/api/handlers","api/handlers","NONE","NONE","YES","CAP-B11-001","SOURCE_REVIEWED","SUPPORTING_READ_AUTHORITY","MAPPED_TO_IMPLEMENTED_CAPABILITY","app/api/angelcare-marketplace/foundation/audit/export/route.ts; source imports/handlers reconciled against completed approved-screen and Batch evidence."
"API-862","API_ROUTE","app/api/angelcare-marketplace/foundation/audit/route.ts","/api/angelcare-marketplace/foundation/audit","B11","NONE","@/angelcare-marketplace/api/handlers","api/handlers","NONE","NONE","YES","CAP-B11-001","SOURCE_REVIEWED","SUPPORTING_READ_AUTHORITY","MAPPED_TO_IMPLEMENTED_CAPABILITY","app/api/angelcare-marketplace/foundation/audit/route.ts; source imports/handlers reconciled against completed approved-screen and Batch evidence."
"API-863","API_ROUTE","app/api/angelcare-marketplace/foundation/configuration/[key]/route.ts","/api/angelcare-marketplace/foundation/configuration/:key","UNMAPPED","PATCH","@/angelcare-marketplace/api/handlers","api/handlers","NONE","NONE","YES","CAP-GLOBAL-001","SOURCE_REVIEWED","SUPPORTING_MUTATION_AUTHORITY","MAPPED_TO_IMPLEMENTED_CAPABILITY","app/api/angelcare-marketplace/foundation/configuration/[key]/route.ts; source imports/handlers reconciled against completed approved-screen and Batch evidence."
"API-864","API_ROUTE","app/api/angelcare-marketplace/foundation/configuration/route.ts","/api/angelcare-marketplace/foundation/configuration","B11","NONE","@/angelcare-marketplace/api/handlers","api/handlers","NONE","NONE","YES","CAP-B11-001","SOURCE_REVIEWED","SUPPORTING_READ_AUTHORITY","MAPPED_TO_IMPLEMENTED_CAPABILITY","app/api/angelcare-marketplace/foundation/configuration/route.ts; source imports/handlers reconciled against completed approved-screen and Batch evidence."
"API-865","API_ROUTE","app/api/angelcare-marketplace/foundation/context/route.ts","/api/angelcare-marketplace/foundation/context","UNMAPPED","NONE","@/angelcare-marketplace/api/handlers","api/handlers","NONE","NONE","YES","CAP-GLOBAL-001","SOURCE_REVIEWED","SUPPORTING_READ_AUTHORITY","MAPPED_TO_IMPLEMENTED_CAPABILITY","app/api/angelcare-marketplace/foundation/context/route.ts; source imports/handlers reconciled against completed approved-screen and Batch evidence."
"API-866","API_ROUTE","app/api/angelcare-marketplace/foundation/feature-flags/[flagKey]/route.ts","/api/angelcare-marketplace/foundation/feature-flags/:flagKey","UNMAPPED","PATCH","@/angelcare-marketplace/api/handlers","api/handlers","NONE","NONE","YES","CAP-GLOBAL-001","SOURCE_REVIEWED","SUPPORTING_MUTATION_AUTHORITY","MAPPED_TO_IMPLEMENTED_CAPABILITY","app/api/angelcare-marketplace/foundation/feature-flags/[flagKey]/route.ts; source imports/handlers reconciled against completed approved-screen and Batch evidence."
"API-867","API_ROUTE","app/api/angelcare-marketplace/foundation/feature-flags/route.ts","/api/angelcare-marketplace/foundation/feature-flags","UNMAPPED","NONE","@/angelcare-marketplace/api/handlers","api/handlers","NONE","NONE","YES","CAP-GLOBAL-001","SOURCE_REVIEWED","SUPPORTING_READ_AUTHORITY","MAPPED_TO_IMPLEMENTED_CAPABILITY","app/api/angelcare-marketplace/foundation/feature-flags/route.ts; source imports/handlers reconciled against completed approved-screen and Batch evidence."
"API-868","API_ROUTE","app/api/angelcare-marketplace/foundation/health/route.ts","/api/angelcare-marketplace/foundation/health","UNMAPPED","NONE","@/angelcare-marketplace/api/handlers","api/handlers","NONE","NONE","YES","CAP-GLOBAL-001","SOURCE_REVIEWED","SUPPORTING_READ_AUTHORITY","MAPPED_TO_IMPLEMENTED_CAPABILITY","app/api/angelcare-marketplace/foundation/health/route.ts; source imports/handlers reconciled against completed approved-screen and Batch evidence."
"API-869","API_ROUTE","app/api/angelcare-marketplace/foundation/modules/[moduleKey]/route.ts","/api/angelcare-marketplace/foundation/modules/:moduleKey","UNMAPPED","GET|PATCH","@/angelcare-marketplace/api/handlers","api/handlers","NONE","NONE","YES","CAP-GLOBAL-001","SOURCE_REVIEWED","OPERATOR_CAPABILITY_AUTHORITY","MAPPED_TO_IMPLEMENTED_CAPABILITY","app/api/angelcare-marketplace/foundation/modules/[moduleKey]/route.ts; source imports/handlers reconciled against completed approved-screen and Batch evidence."
"API-870","API_ROUTE","app/api/angelcare-marketplace/foundation/modules/[moduleKey]/transition/route.ts","/api/angelcare-marketplace/foundation/modules/:moduleKey/transition","UNMAPPED","POST","@/angelcare-marketplace/api/handlers","api/handlers","NONE","NONE","YES","CAP-GLOBAL-001","SOURCE_REVIEWED","SUPPORTING_MUTATION_AUTHORITY","MAPPED_TO_IMPLEMENTED_CAPABILITY","app/api/angelcare-marketplace/foundation/modules/[moduleKey]/transition/route.ts; source imports/handlers reconciled against completed approved-screen and Batch evidence."
"API-871","API_ROUTE","app/api/angelcare-marketplace/foundation/modules/route.ts","/api/angelcare-marketplace/foundation/modules","B11","NONE","@/angelcare-marketplace/api/handlers","api/handlers","NONE","NONE","YES","CAP-B11-001","SOURCE_REVIEWED","SUPPORTING_READ_AUTHORITY","MAPPED_TO_IMPLEMENTED_CAPABILITY","app/api/angelcare-marketplace/foundation/modules/route.ts; source imports/handlers reconciled against completed approved-screen and Batch evidence."
"API-872","API_ROUTE","app/api/angelcare-marketplace/foundation/readiness/[checkKey]/route.ts","/api/angelcare-marketplace/foundation/readiness/:checkKey","UNMAPPED","PATCH","@/angelcare-marketplace/api/handlers","api/handlers","NONE","NONE","YES","CAP-GLOBAL-001","SOURCE_REVIEWED","SUPPORTING_MUTATION_AUTHORITY","MAPPED_TO_IMPLEMENTED_CAPABILITY","app/api/angelcare-marketplace/foundation/readiness/[checkKey]/route.ts; source imports/handlers reconciled against completed approved-screen and Batch evidence."
"API-873","API_ROUTE","app/api/angelcare-marketplace/foundation/readiness/route.ts","/api/angelcare-marketplace/foundation/readiness","B11","NONE","@/angelcare-marketplace/api/handlers","api/handlers","NONE","NONE","YES","CAP-B11-001","SOURCE_REVIEWED","SUPPORTING_READ_AUTHORITY","MAPPED_TO_IMPLEMENTED_CAPABILITY","app/api/angelcare-marketplace/foundation/readiness/route.ts; source imports/handlers reconciled against completed approved-screen and Batch evidence."
"API-874","API_ROUTE","app/api/angelcare-marketplace/foundation/readiness/sign-off/route.ts","/api/angelcare-marketplace/foundation/readiness/sign-off","B11","NONE","@/angelcare-marketplace/api/handlers","api/handlers","NONE","NONE","YES","CAP-B11-001","SOURCE_REVIEWED","SUPPORTING_READ_AUTHORITY","MAPPED_TO_IMPLEMENTED_CAPABILITY","app/api/angelcare-marketplace/foundation/readiness/sign-off/route.ts; source imports/handlers reconciled against completed approved-screen and Batch evidence."
"API-875","API_ROUTE","app/api/angelcare-marketplace/growth/experiments/[experimentId]/transition/route.ts","/api/angelcare-marketplace/growth/experiments/:experimentId/transition","UNMAPPED","POST","@/angelcare-marketplace/final-authority/api-handlers","final-authority/api-handlers","authority","NONE","YES","CAP-B11-001","SOURCE_REVIEWED","SUPPORTING_MUTATION_AUTHORITY","MAPPED_TO_IMPLEMENTED_CAPABILITY","app/api/angelcare-marketplace/growth/experiments/[experimentId]/transition/route.ts; source imports/handlers reconciled against completed approved-screen and Batch evidence."
"API-876","API_ROUTE","app/api/angelcare-marketplace/growth/experiments/route.ts","/api/angelcare-marketplace/growth/experiments","B06","NONE","@/angelcare-marketplace/final-authority/api-handlers","final-authority/api-handlers","authority","NONE","YES","CAP-B06-001","SOURCE_REVIEWED","SUPPORTING_READ_AUTHORITY","MAPPED_TO_IMPLEMENTED_CAPABILITY","app/api/angelcare-marketplace/growth/experiments/route.ts; source imports/handlers reconciled against completed approved-screen and Batch evidence."
"API-877","API_ROUTE","app/api/angelcare-marketplace/growth/opportunities/route.ts","/api/angelcare-marketplace/growth/opportunities","B06","NONE","@/angelcare-marketplace/final-authority/api-handlers","final-authority/api-handlers","authority","NONE","YES","CAP-B06-001","SOURCE_REVIEWED","SUPPORTING_READ_AUTHORITY","MAPPED_TO_IMPLEMENTED_CAPABILITY","app/api/angelcare-marketplace/growth/opportunities/route.ts; source imports/handlers reconciled against completed approved-screen and Batch evidence."
"API-878","API_ROUTE","app/api/angelcare-marketplace/homepage/[kind]/route.ts","/api/angelcare-marketplace/homepage/:kind","UNMAPPED","GET|POST|PATCH|DELETE","@/angelcare-marketplace/homepage-flagship/api-handlers","homepage-flagship/api-handlers","NONE","NONE","YES","CAP-B05-001","SOURCE_REVIEWED","OPERATOR_CAPABILITY_AUTHORITY","MAPPED_TO_IMPLEMENTED_CAPABILITY","app/api/angelcare-marketplace/homepage/[kind]/route.ts; source imports/handlers reconciled against completed approved-screen and Batch evidence."
"API-879","API_ROUTE","app/api/angelcare-marketplace/homepage/engagement/route.ts","/api/angelcare-marketplace/homepage/engagement","UNMAPPED","GET|POST","@/angelcare-marketplace/homepage-flagship/api-handlers","homepage-flagship/api-handlers","NONE","NONE","YES","CAP-B05-001","SOURCE_REVIEWED","OPERATOR_CAPABILITY_AUTHORITY","MAPPED_TO_IMPLEMENTED_CAPABILITY","app/api/angelcare-marketplace/homepage/engagement/route.ts; source imports/handlers reconciled against completed approved-screen and Batch evidence."
"API-880","API_ROUTE","app/api/angelcare-marketplace/intelligence/executive/route.ts","/api/angelcare-marketplace/intelligence/executive","B11","NONE","@/angelcare-marketplace/final-authority/api-handlers","final-authority/api-handlers","authority","NONE","YES","CAP-B11-001","SOURCE_REVIEWED","SUPPORTING_READ_AUTHORITY","MAPPED_TO_IMPLEMENTED_CAPABILITY","app/api/angelcare-marketplace/intelligence/executive/route.ts; source imports/handlers reconciled against completed approved-screen and Batch evidence."
"API-881","API_ROUTE","app/api/angelcare-marketplace/intelligence/metrics/route.ts","/api/angelcare-marketplace/intelligence/metrics","B11","NONE","@/angelcare-marketplace/final-authority/api-handlers","final-authority/api-handlers","authority","NONE","YES","CAP-B11-001","SOURCE_REVIEWED","SUPPORTING_READ_AUTHORITY","MAPPED_TO_IMPLEMENTED_CAPABILITY","app/api/angelcare-marketplace/intelligence/metrics/route.ts; source imports/handlers reconciled against completed approved-screen and Batch evidence."
"API-882","API_ROUTE","app/api/angelcare-marketplace/intelligence/observations/route.ts","/api/angelcare-marketplace/intelligence/observations","B11","NONE","@/angelcare-marketplace/final-authority/api-handlers","final-authority/api-handlers","authority","NONE","YES","CAP-B11-001","SOURCE_REVIEWED","SUPPORTING_READ_AUTHORITY","MAPPED_TO_IMPLEMENTED_CAPABILITY","app/api/angelcare-marketplace/intelligence/observations/route.ts; source imports/handlers reconciled against completed approved-screen and Batch evidence."
"API-883","API_ROUTE","app/api/angelcare-marketplace/journeys/[journeyId]/actions/[actionId]/complete/route.ts","/api/angelcare-marketplace/journeys/:journeyId/actions/:actionId/complete","UNMAPPED","POST","@/angelcare-marketplace/journey-control/api-handlers","journey-control/api-handlers","NONE","NONE","YES","CAP-B07-001","SOURCE_REVIEWED","SUPPORTING_MUTATION_AUTHORITY","MAPPED_TO_IMPLEMENTED_CAPABILITY","app/api/angelcare-marketplace/journeys/[journeyId]/actions/[actionId]/complete/route.ts; source imports/handlers reconciled against completed approved-screen and Batch evidence."
"API-884","API_ROUTE","app/api/angelcare-marketplace/journeys/[journeyId]/change-requests/route.ts","/api/angelcare-marketplace/journeys/:journeyId/change-requests","UNMAPPED","POST","@/angelcare-marketplace/journey-control/api-handlers","journey-control/api-handlers","NONE","NONE","YES","CAP-B07-001","SOURCE_REVIEWED","SUPPORTING_MUTATION_AUTHORITY","MAPPED_TO_IMPLEMENTED_CAPABILITY","app/api/angelcare-marketplace/journeys/[journeyId]/change-requests/route.ts; source imports/handlers reconciled against completed approved-screen and Batch evidence."
"API-885","API_ROUTE","app/api/angelcare-marketplace/journeys/[journeyId]/recovery/route.ts","/api/angelcare-marketplace/journeys/:journeyId/recovery","UNMAPPED","POST","@/angelcare-marketplace/journey-control/api-handlers","journey-control/api-handlers","NONE","NONE","YES","CAP-B07-001","SOURCE_REVIEWED","SUPPORTING_MUTATION_AUTHORITY","MAPPED_TO_IMPLEMENTED_CAPABILITY","app/api/angelcare-marketplace/journeys/[journeyId]/recovery/route.ts; source imports/handlers reconciled against completed approved-screen and Batch evidence."
"API-886","API_ROUTE","app/api/angelcare-marketplace/journeys/[journeyId]/route.ts","/api/angelcare-marketplace/journeys/:journeyId","UNMAPPED","GET","@/angelcare-marketplace/journey-control/api-handlers","journey-control/api-handlers","NONE","NONE","YES","CAP-B07-001","SOURCE_REVIEWED","SUPPORTING_READ_AUTHORITY","MAPPED_TO_IMPLEMENTED_CAPABILITY","app/api/angelcare-marketplace/journeys/[journeyId]/route.ts; source imports/handlers reconciled against completed approved-screen and Batch evidence."
"API-887","API_ROUTE","app/api/angelcare-marketplace/journeys/account/route.ts","/api/angelcare-marketplace/journeys/account","B07","GET","@/angelcare-marketplace/journey-control/api-handlers","journey-control/api-handlers","NONE","NONE","YES","CAP-B07-001","SOURCE_REVIEWED","SUPPORTING_READ_AUTHORITY","MAPPED_TO_IMPLEMENTED_CAPABILITY","app/api/angelcare-marketplace/journeys/account/route.ts; source imports/handlers reconciled against completed approved-screen and Batch evidence."
"API-888","API_ROUTE","app/api/angelcare-marketplace/journeys/admin/[journeyId]/route.ts","/api/angelcare-marketplace/journeys/admin/:journeyId","UNMAPPED","GET|PATCH","@/angelcare-marketplace/journey-control/api-handlers","journey-control/api-handlers","NONE","NONE","YES","CAP-B07-001","SOURCE_REVIEWED","OPERATOR_CAPABILITY_AUTHORITY","MAPPED_TO_IMPLEMENTED_CAPABILITY","app/api/angelcare-marketplace/journeys/admin/[journeyId]/route.ts; source imports/handlers reconciled against completed approved-screen and Batch evidence."
"API-889","API_ROUTE","app/api/angelcare-marketplace/journeys/admin/route.ts","/api/angelcare-marketplace/journeys/admin","B07","GET","@/angelcare-marketplace/journey-control/api-handlers","journey-control/api-handlers","NONE","NONE","YES","CAP-B07-001","SOURCE_REVIEWED","SUPPORTING_READ_AUTHORITY","MAPPED_TO_IMPLEMENTED_CAPABILITY","app/api/angelcare-marketplace/journeys/admin/route.ts; source imports/handlers reconciled against completed approved-screen and Batch evidence."
"API-890","API_ROUTE","app/api/angelcare-marketplace/journeys/admin/summary/route.ts","/api/angelcare-marketplace/journeys/admin/summary","B07","GET","@/angelcare-marketplace/journey-control/api-handlers","journey-control/api-handlers","NONE","NONE","YES","CAP-B07-001","SOURCE_REVIEWED","SUPPORTING_READ_AUTHORITY","MAPPED_TO_IMPLEMENTED_CAPABILITY","app/api/angelcare-marketplace/journeys/admin/summary/route.ts; source imports/handlers reconciled against completed approved-screen and Batch evidence."
"API-891","API_ROUTE","app/api/angelcare-marketplace/journeys/category-native/[journeyId]/route.ts","/api/angelcare-marketplace/journeys/category-native/:journeyId","UNMAPPED","GET","@/angelcare-marketplace/category-native-experience/api-handlers","category-native-experience/api-handlers","NONE","NONE","YES","CAP-B02-001","SOURCE_REVIEWED","SUPPORTING_READ_AUTHORITY","MAPPED_TO_IMPLEMENTED_CAPABILITY","app/api/angelcare-marketplace/journeys/category-native/[journeyId]/route.ts; source imports/handlers reconciled against completed approved-screen and Batch evidence."
"API-892","API_ROUTE","app/api/angelcare-marketplace/journeys/notifications/[notificationId]/acknowledge/route.ts","/api/angelcare-marketplace/journeys/notifications/:notificationId/acknowledge","UNMAPPED","POST","@/angelcare-marketplace/journey-control/api-handlers","journey-control/api-handlers","NONE","NONE","YES","CAP-B07-001","SOURCE_REVIEWED","SUPPORTING_MUTATION_AUTHORITY","MAPPED_TO_IMPLEMENTED_CAPABILITY","app/api/angelcare-marketplace/journeys/notifications/[notificationId]/acknowledge/route.ts; source imports/handlers reconciled against completed approved-screen and Batch evidence."
"API-893","API_ROUTE","app/api/angelcare-marketplace/journeys/route.ts","/api/angelcare-marketplace/journeys","B07","GET","@/angelcare-marketplace/journey-control/api-handlers","journey-control/api-handlers","NONE","NONE","YES","CAP-B07-001","SOURCE_REVIEWED","SUPPORTING_READ_AUTHORITY","MAPPED_TO_IMPLEMENTED_CAPABILITY","app/api/angelcare-marketplace/journeys/route.ts; source imports/handlers reconciled against completed approved-screen and Batch evidence."
"API-894","API_ROUTE","app/api/angelcare-marketplace/launch/approvals/route.ts","/api/angelcare-marketplace/launch/approvals","B11","GET","@/angelcare-marketplace/launch-assurance/api-handlers","launch-assurance/api-handlers","NONE","NONE","YES","CAP-B11-001","SOURCE_REVIEWED","SUPPORTING_READ_AUTHORITY","MAPPED_TO_IMPLEMENTED_CAPABILITY","app/api/angelcare-marketplace/launch/approvals/route.ts; source imports/handlers reconciled against completed approved-screen and Batch evidence."
"API-895","API_ROUTE","app/api/angelcare-marketplace/launch/evidence/route.ts","/api/angelcare-marketplace/launch/evidence","B11","GET","@/angelcare-marketplace/launch-assurance/api-handlers","launch-assurance/api-handlers","NONE","NONE","YES","CAP-B11-001","SOURCE_REVIEWED","SUPPORTING_READ_AUTHORITY","MAPPED_TO_IMPLEMENTED_CAPABILITY","app/api/angelcare-marketplace/launch/evidence/route.ts; source imports/handlers reconciled against completed approved-screen and Batch evidence."
"API-896","API_ROUTE","app/api/angelcare-marketplace/launch/gates/[gateId]/update/route.ts","/api/angelcare-marketplace/launch/gates/:gateId/update","UNMAPPED","POST","@/angelcare-marketplace/launch-assurance/api-handlers","launch-assurance/api-handlers","NONE","NONE","YES","CAP-B11-001","SOURCE_REVIEWED","SUPPORTING_MUTATION_AUTHORITY","MAPPED_TO_IMPLEMENTED_CAPABILITY","app/api/angelcare-marketplace/launch/gates/[gateId]/update/route.ts; source imports/handlers reconciled against completed approved-screen and Batch evidence."
"API-897","API_ROUTE","app/api/angelcare-marketplace/launch/gates/route.ts","/api/angelcare-marketplace/launch/gates","B11","NONE","@/angelcare-marketplace/final-authority/api-handlers","final-authority/api-handlers","authority","NONE","YES","CAP-B11-001","SOURCE_REVIEWED","SUPPORTING_READ_AUTHORITY","MAPPED_TO_IMPLEMENTED_CAPABILITY","app/api/angelcare-marketplace/launch/gates/route.ts; source imports/handlers reconciled against completed approved-screen and Batch evidence."
"API-898","API_ROUTE","app/api/angelcare-marketplace/launch/monitoring/route.ts","/api/angelcare-marketplace/launch/monitoring","B11","NONE","@/angelcare-marketplace/final-authority/api-handlers","final-authority/api-handlers","authority","NONE","YES","CAP-B11-001","SOURCE_REVIEWED","SUPPORTING_READ_AUTHORITY","MAPPED_TO_IMPLEMENTED_CAPABILITY","app/api/angelcare-marketplace/launch/monitoring/route.ts; source imports/handlers reconciled against completed approved-screen and Batch evidence."
"API-899","API_ROUTE","app/api/angelcare-marketplace/launch/post-launch/route.ts","/api/angelcare-marketplace/launch/post-launch","B11","GET","@/angelcare-marketplace/launch-assurance/api-handlers","launch-assurance/api-handlers","NONE","NONE","YES","CAP-B11-001","SOURCE_REVIEWED","SUPPORTING_READ_AUTHORITY","MAPPED_TO_IMPLEMENTED_CAPABILITY","app/api/angelcare-marketplace/launch/post-launch/route.ts; source imports/handlers reconciled against completed approved-screen and Batch evidence."
"API-900","API_ROUTE","app/api/angelcare-marketplace/launch/runbooks/route.ts","/api/angelcare-marketplace/launch/runbooks","B11","GET","@/angelcare-marketplace/launch-assurance/api-handlers","launch-assurance/api-handlers","NONE","NONE","YES","CAP-B11-001","SOURCE_REVIEWED","SUPPORTING_READ_AUTHORITY","MAPPED_TO_IMPLEMENTED_CAPABILITY","app/api/angelcare-marketplace/launch/runbooks/route.ts; source imports/handlers reconciled against completed approved-screen and Batch evidence."
"API-901","API_ROUTE","app/api/angelcare-marketplace/launch/summary/route.ts","/api/angelcare-marketplace/launch/summary","B11","GET","@/angelcare-marketplace/launch-assurance/api-handlers","launch-assurance/api-handlers","NONE","NONE","YES","CAP-B11-001","SOURCE_REVIEWED","SUPPORTING_READ_AUTHORITY","MAPPED_TO_IMPLEMENTED_CAPABILITY","app/api/angelcare-marketplace/launch/summary/route.ts; source imports/handlers reconciled against completed approved-screen and Batch evidence."
"API-902","API_ROUTE","app/api/angelcare-marketplace/live-experience/conversions/route.ts","/api/angelcare-marketplace/live-experience/conversions","UNMAPPED","POST","@/angelcare-marketplace/live-experience-command/api-handlers","live-experience-command/api-handlers","NONE","NONE","YES","CAP-B06-001","SOURCE_REVIEWED","SUPPORTING_MUTATION_AUTHORITY","MAPPED_TO_IMPLEMENTED_CAPABILITY","app/api/angelcare-marketplace/live-experience/conversions/route.ts; source imports/handlers reconciled against completed approved-screen and Batch evidence."
"API-903","API_ROUTE","app/api/angelcare-marketplace/live-experience/interactions/route.ts","/api/angelcare-marketplace/live-experience/interactions","UNMAPPED","POST","@/angelcare-marketplace/live-experience-command/api-handlers","live-experience-command/api-handlers","NONE","NONE","YES","CAP-B06-001","SOURCE_REVIEWED","SUPPORTING_MUTATION_AUTHORITY","MAPPED_TO_IMPLEMENTED_CAPABILITY","app/api/angelcare-marketplace/live-experience/interactions/route.ts; source imports/handlers reconciled against completed approved-screen and Batch evidence."
"API-904","API_ROUTE","app/api/angelcare-marketplace/live-experience/resolve/route.ts","/api/angelcare-marketplace/live-experience/resolve","UNMAPPED","POST","@/angelcare-marketplace/live-experience-command/api-handlers","live-experience-command/api-handlers","NONE","NONE","YES","CAP-B06-001","SOURCE_REVIEWED","SUPPORTING_MUTATION_AUTHORITY","MAPPED_TO_IMPLEMENTED_CAPABILITY","app/api/angelcare-marketplace/live-experience/resolve/route.ts; source imports/handlers reconciled against completed approved-screen and Batch evidence."
"API-905","API_ROUTE","app/api/angelcare-marketplace/localization/exports/route.ts","/api/angelcare-marketplace/localization/exports","B05","dynamic|GET","@/angelcare-marketplace/server/request","server/request","NONE","NONE","NO_INTERNAL_ONLY","NOT_APPLICABLE","SOURCE_REVIEWED","DOCUMENTED_UNUSED_OR_DEPRECATED_AUTHORITY","DEPRECATED_WITH_EXPLICIT_DISPOSITION","app/api/angelcare-marketplace/localization/exports/route.ts; source imports/handlers reconciled against completed approved-screen and Batch evidence."
"API-906","API_ROUTE","app/api/angelcare-marketplace/localization/final/route.ts","/api/angelcare-marketplace/localization/final","B05","GET|POST","@/angelcare-marketplace/localization-intelligence/final-api-handlers","localization-intelligence/final-api-handlers","NONE","NONE","YES","CAP-B05-001","SOURCE_REVIEWED","OPERATOR_CAPABILITY_AUTHORITY","MAPPED_TO_IMPLEMENTED_CAPABILITY","app/api/angelcare-marketplace/localization/final/route.ts; source imports/handlers reconciled against completed approved-screen and Batch evidence."
"API-907","API_ROUTE","app/api/angelcare-marketplace/localization/glossary/route.ts","/api/angelcare-marketplace/localization/glossary","B05","dynamic|GET|POST","@/angelcare-marketplace/localization-intelligence/final-api-handlers","localization-intelligence/final-api-handlers","NONE","NONE","YES","CAP-B05-001","SOURCE_REVIEWED","OPERATOR_CAPABILITY_AUTHORITY","MAPPED_TO_IMPLEMENTED_CAPABILITY","app/api/angelcare-marketplace/localization/glossary/route.ts; source imports/handlers reconciled against completed approved-screen and Batch evidence."
"API-908","API_ROUTE","app/api/angelcare-marketplace/localization/imports/route.ts","/api/angelcare-marketplace/localization/imports","B05","dynamic|GET","@/angelcare-marketplace/server/request","server/request","NONE","NONE","NO_INTERNAL_ONLY","NOT_APPLICABLE","SOURCE_REVIEWED","DOCUMENTED_UNUSED_OR_DEPRECATED_AUTHORITY","DEPRECATED_WITH_EXPLICIT_DISPOSITION","app/api/angelcare-marketplace/localization/imports/route.ts; source imports/handlers reconciled against completed approved-screen and Batch evidence."
"API-909","API_ROUTE","app/api/angelcare-marketplace/localization/inventory/route.ts","/api/angelcare-marketplace/localization/inventory","B05","dynamic|GET","@/angelcare-marketplace/localization-intelligence/api-handlers","localization-intelligence/api-handlers","NONE","NONE","YES","CAP-B05-001","SOURCE_REVIEWED","SUPPORTING_READ_AUTHORITY","MAPPED_TO_IMPLEMENTED_CAPABILITY","app/api/angelcare-marketplace/localization/inventory/route.ts; source imports/handlers reconciled against completed approved-screen and Batch evidence."
"API-910","API_ROUTE","app/api/angelcare-marketplace/localization/memory/route.ts","/api/angelcare-marketplace/localization/memory","B05","dynamic|GET|POST","@/angelcare-marketplace/localization-intelligence/final-api-handlers","localization-intelligence/final-api-handlers","NONE","NONE","YES","CAP-B05-001","SOURCE_REVIEWED","OPERATOR_CAPABILITY_AUTHORITY","MAPPED_TO_IMPLEMENTED_CAPABILITY","app/api/angelcare-marketplace/localization/memory/route.ts; source imports/handlers reconciled against completed approved-screen and Batch evidence."
"API-911","API_ROUTE","app/api/angelcare-marketplace/localization/query/route.ts","/api/angelcare-marketplace/localization/query","B05","dynamic|GET","@/angelcare-marketplace/localization-intelligence/api-handlers","localization-intelligence/api-handlers","NONE","NONE","YES","CAP-B05-001","SOURCE_REVIEWED","SUPPORTING_READ_AUTHORITY","MAPPED_TO_IMPLEMENTED_CAPABILITY","app/api/angelcare-marketplace/localization/query/route.ts; source imports/handlers reconciled against completed approved-screen and Batch evidence."
"API-912","API_ROUTE","app/api/angelcare-marketplace/localization/readiness/route.ts","/api/angelcare-marketplace/localization/readiness","B05","dynamic|GET|POST","@/angelcare-marketplace/localization-intelligence/final-api-handlers","localization-intelligence/final-api-handlers","NONE","NONE","YES","CAP-B05-001","SOURCE_REVIEWED","OPERATOR_CAPABILITY_AUTHORITY","MAPPED_TO_IMPLEMENTED_CAPABILITY","app/api/angelcare-marketplace/localization/readiness/route.ts; source imports/handlers reconciled against completed approved-screen and Batch evidence."
"API-913","API_ROUTE","app/api/angelcare-marketplace/localization/rtl-preview/route.ts","/api/angelcare-marketplace/localization/rtl-preview","B05","dynamic|GET","@/angelcare-marketplace/server/request","server/request","NONE","NONE","NO_INTERNAL_ONLY","NOT_APPLICABLE","SOURCE_REVIEWED","DOCUMENTED_UNUSED_OR_DEPRECATED_AUTHORITY","DEPRECATED_WITH_EXPLICIT_DISPOSITION","app/api/angelcare-marketplace/localization/rtl-preview/route.ts; source imports/handlers reconciled against completed approved-screen and Batch evidence."
"API-914","API_ROUTE","app/api/angelcare-marketplace/localization/scans/route.ts","/api/angelcare-marketplace/localization/scans","B05","dynamic|POST","@/angelcare-marketplace/localization-intelligence/api-handlers","localization-intelligence/api-handlers","NONE","NONE","YES","CAP-B05-001","SOURCE_REVIEWED","SUPPORTING_MUTATION_AUTHORITY","MAPPED_TO_IMPLEMENTED_CAPABILITY","app/api/angelcare-marketplace/localization/scans/route.ts; source imports/handlers reconciled against completed approved-screen and Batch evidence."
"API-915","API_ROUTE","app/api/angelcare-marketplace/localization/seo/route.ts","/api/angelcare-marketplace/localization/seo","B05","dynamic|GET|POST","@/angelcare-marketplace/localization-intelligence/final-api-handlers","localization-intelligence/final-api-handlers","NONE","NONE","YES","CAP-B05-001","SOURCE_REVIEWED","OPERATOR_CAPABILITY_AUTHORITY","MAPPED_TO_IMPLEMENTED_CAPABILITY","app/api/angelcare-marketplace/localization/seo/route.ts; source imports/handlers reconciled against completed approved-screen and Batch evidence."
"API-916","API_ROUTE","app/api/angelcare-marketplace/localization/summary/route.ts","/api/angelcare-marketplace/localization/summary","B05","dynamic|GET","@/angelcare-marketplace/localization-intelligence/api-handlers","localization-intelligence/api-handlers","NONE","NONE","YES","CAP-B05-001","SOURCE_REVIEWED","SUPPORTING_READ_AUTHORITY","MAPPED_TO_IMPLEMENTED_CAPABILITY","app/api/angelcare-marketplace/localization/summary/route.ts; source imports/handlers reconciled against completed approved-screen and Batch evidence."
"API-917","API_ROUTE","app/api/angelcare-marketplace/localization/translations/route.ts","/api/angelcare-marketplace/localization/translations","B05","dynamic|GET|POST","@/angelcare-marketplace/localization-intelligence/final-api-handlers","localization-intelligence/final-api-handlers","NONE","NONE","YES","CAP-B05-001","SOURCE_REVIEWED","OPERATOR_CAPABILITY_AUTHORITY","MAPPED_TO_IMPLEMENTED_CAPABILITY","app/api/angelcare-marketplace/localization/translations/route.ts; source imports/handlers reconciled against completed approved-screen and Batch evidence."
"API-918","API_ROUTE","app/api/angelcare-marketplace/operations/check-events/route.ts","/api/angelcare-marketplace/operations/check-events","B07","POST","@/angelcare-marketplace/operations-execution/api-handlers","operations-execution/api-handlers","NONE","NONE","YES","CAP-B07-001","SOURCE_REVIEWED","SUPPORTING_MUTATION_AUTHORITY","MAPPED_TO_IMPLEMENTED_CAPABILITY","app/api/angelcare-marketplace/operations/check-events/route.ts; source imports/handlers reconciled against completed approved-screen and Batch evidence."
"API-919","API_ROUTE","app/api/angelcare-marketplace/operations/checklists/route.ts","/api/angelcare-marketplace/operations/checklists","B07","GET","@/angelcare-marketplace/operations-execution/api-handlers","operations-execution/api-handlers","NONE","NONE","YES","CAP-B07-001","SOURCE_REVIEWED","SUPPORTING_READ_AUTHORITY","MAPPED_TO_IMPLEMENTED_CAPABILITY","app/api/angelcare-marketplace/operations/checklists/route.ts; source imports/handlers reconciled against completed approved-screen and Batch evidence."
"API-920","API_ROUTE","app/api/angelcare-marketplace/operations/commerce/summary/route.ts","/api/angelcare-marketplace/operations/commerce/summary","B07","GET","@/angelcare-marketplace/operations-reconciliation/api-handlers","operations-reconciliation/api-handlers","NONE","NONE","YES","CAP-B07-001","SOURCE_REVIEWED","SUPPORTING_READ_AUTHORITY","MAPPED_TO_IMPLEMENTED_CAPABILITY","app/api/angelcare-marketplace/operations/commerce/summary/route.ts; source imports/handlers reconciled against completed approved-screen and Batch evidence."
"API-921","API_ROUTE","app/api/angelcare-marketplace/operations/daily-closures/route.ts","/api/angelcare-marketplace/operations/daily-closures","B07","POST","@/angelcare-marketplace/operations-execution/api-handlers","operations-execution/api-handlers","NONE","NONE","YES","CAP-B07-001","SOURCE_REVIEWED","SUPPORTING_MUTATION_AUTHORITY","MAPPED_TO_IMPLEMENTED_CAPABILITY","app/api/angelcare-marketplace/operations/daily-closures/route.ts; source imports/handlers reconciled against completed approved-screen and Batch evidence."
"API-922","API_ROUTE","app/api/angelcare-marketplace/operations/disputes/[disputeId]/transition/route.ts","/api/angelcare-marketplace/operations/disputes/:disputeId/transition","UNMAPPED","POST","@/angelcare-marketplace/operations-reconciliation/api-handlers","operations-reconciliation/api-handlers","NONE","NONE","YES","CAP-B07-001|CAP-B08-001","SOURCE_REVIEWED","SUPPORTING_MUTATION_AUTHORITY","MAPPED_TO_IMPLEMENTED_CAPABILITY","app/api/angelcare-marketplace/operations/disputes/[disputeId]/transition/route.ts; source imports/handlers reconciled against completed approved-screen and Batch evidence."
"API-923","API_ROUTE","app/api/angelcare-marketplace/operations/disputes/route.ts","/api/angelcare-marketplace/operations/disputes","B07","GET|POST","@/angelcare-marketplace/operations-reconciliation/api-handlers","operations-reconciliation/api-handlers","NONE","NONE","YES","CAP-B07-001","SOURCE_REVIEWED","OPERATOR_CAPABILITY_AUTHORITY","MAPPED_TO_IMPLEMENTED_CAPABILITY","app/api/angelcare-marketplace/operations/disputes/route.ts; source imports/handlers reconciled against completed approved-screen and Batch evidence."
"API-924","API_ROUTE","app/api/angelcare-marketplace/operations/escalations/route.ts","/api/angelcare-marketplace/operations/escalations","B07","GET","@/angelcare-marketplace/operations-execution/api-handlers","operations-execution/api-handlers","NONE","NONE","YES","CAP-B07-001","SOURCE_REVIEWED","SUPPORTING_READ_AUTHORITY","MAPPED_TO_IMPLEMENTED_CAPABILITY","app/api/angelcare-marketplace/operations/escalations/route.ts; source imports/handlers reconciled against completed approved-screen and Batch evidence."
"API-925","API_ROUTE","app/api/angelcare-marketplace/operations/evidence/[evidenceId]/review/route.ts","/api/angelcare-marketplace/operations/evidence/:evidenceId/review","UNMAPPED","POST","@/angelcare-marketplace/operations-reconciliation/api-handlers","operations-reconciliation/api-handlers","NONE","NONE","YES","CAP-B07-001|CAP-B08-001","SOURCE_REVIEWED","SUPPORTING_MUTATION_AUTHORITY","MAPPED_TO_IMPLEMENTED_CAPABILITY","app/api/angelcare-marketplace/operations/evidence/[evidenceId]/review/route.ts; source imports/handlers reconciled against completed approved-screen and Batch evidence."
"API-926","API_ROUTE","app/api/angelcare-marketplace/operations/fulfillment/[caseId]/evidence/route.ts","/api/angelcare-marketplace/operations/fulfillment/:caseId/evidence","UNMAPPED","POST","@/angelcare-marketplace/operations-reconciliation/api-handlers","operations-reconciliation/api-handlers","NONE","NONE","YES","CAP-B07-001|CAP-B08-001","SOURCE_REVIEWED","SUPPORTING_MUTATION_AUTHORITY","MAPPED_TO_IMPLEMENTED_CAPABILITY","app/api/angelcare-marketplace/operations/fulfillment/[caseId]/evidence/route.ts; source imports/handlers reconciled against completed approved-screen and Batch evidence."
"API-927","API_ROUTE","app/api/angelcare-marketplace/operations/fulfillment/[caseId]/route.ts","/api/angelcare-marketplace/operations/fulfillment/:caseId","UNMAPPED","GET","@/angelcare-marketplace/operations-reconciliation/api-handlers","operations-reconciliation/api-handlers","NONE","NONE","YES","CAP-B07-001|CAP-B08-001","SOURCE_REVIEWED","SUPPORTING_READ_AUTHORITY","MAPPED_TO_IMPLEMENTED_CAPABILITY","app/api/angelcare-marketplace/operations/fulfillment/[caseId]/route.ts; source imports/handlers reconciled against completed approved-screen and Batch evidence."
"API-928","API_ROUTE","app/api/angelcare-marketplace/operations/fulfillment/[caseId]/transition/route.ts","/api/angelcare-marketplace/operations/fulfillment/:caseId/transition","UNMAPPED","POST","@/angelcare-marketplace/operations-reconciliation/api-handlers","operations-reconciliation/api-handlers","NONE","NONE","YES","CAP-B07-001|CAP-B08-001","SOURCE_REVIEWED","SUPPORTING_MUTATION_AUTHORITY","MAPPED_TO_IMPLEMENTED_CAPABILITY","app/api/angelcare-marketplace/operations/fulfillment/[caseId]/transition/route.ts; source imports/handlers reconciled against completed approved-screen and Batch evidence."
"API-929","API_ROUTE","app/api/angelcare-marketplace/operations/fulfillment/route.ts","/api/angelcare-marketplace/operations/fulfillment","B07","GET","@/angelcare-marketplace/operations-reconciliation/api-handlers","operations-reconciliation/api-handlers","NONE","NONE","YES","CAP-B07-001","SOURCE_REVIEWED","SUPPORTING_READ_AUTHORITY","MAPPED_TO_IMPLEMENTED_CAPABILITY","app/api/angelcare-marketplace/operations/fulfillment/route.ts; source imports/handlers reconciled against completed approved-screen and Batch evidence."
"API-930","API_ROUTE","app/api/angelcare-marketplace/operations/incidents/[incidentId]/transition/route.ts","/api/angelcare-marketplace/operations/incidents/:incidentId/transition","UNMAPPED","POST","@/angelcare-marketplace/operations-execution/api-handlers","operations-execution/api-handlers","NONE","NONE","YES","CAP-B07-001","SOURCE_REVIEWED","SUPPORTING_MUTATION_AUTHORITY","MAPPED_TO_IMPLEMENTED_CAPABILITY","app/api/angelcare-marketplace/operations/incidents/[incidentId]/transition/route.ts; source imports/handlers reconciled against completed approved-screen and Batch evidence."
"API-931","API_ROUTE","app/api/angelcare-marketplace/operations/incidents/route.ts","/api/angelcare-marketplace/operations/incidents","B07","GET|POST","@/angelcare-marketplace/operations-execution/api-handlers","operations-execution/api-handlers","NONE","NONE","YES","CAP-B07-001","SOURCE_REVIEWED","OPERATOR_CAPABILITY_AUTHORITY","MAPPED_TO_IMPLEMENTED_CAPABILITY","app/api/angelcare-marketplace/operations/incidents/route.ts; source imports/handlers reconciled against completed approved-screen and Batch evidence."
"API-932","API_ROUTE","app/api/angelcare-marketplace/operations/missions/[missionId]/dispatch/route.ts","/api/angelcare-marketplace/operations/missions/:missionId/dispatch","UNMAPPED","POST","@/angelcare-marketplace/operations-execution/api-handlers","operations-execution/api-handlers","NONE","NONE","YES","CAP-B07-001","SOURCE_REVIEWED","SUPPORTING_MUTATION_AUTHORITY","MAPPED_TO_IMPLEMENTED_CAPABILITY","app/api/angelcare-marketplace/operations/missions/[missionId]/dispatch/route.ts; source imports/handlers reconciled against completed approved-screen and Batch evidence."
"API-933","API_ROUTE","app/api/angelcare-marketplace/operations/missions/[missionId]/route.ts","/api/angelcare-marketplace/operations/missions/:missionId","UNMAPPED","GET","@/angelcare-marketplace/operations-execution/api-handlers","operations-execution/api-handlers","NONE","NONE","YES","CAP-B07-001","SOURCE_REVIEWED","SUPPORTING_READ_AUTHORITY","MAPPED_TO_IMPLEMENTED_CAPABILITY","app/api/angelcare-marketplace/operations/missions/[missionId]/route.ts; source imports/handlers reconciled against completed approved-screen and Batch evidence."
"API-934","API_ROUTE","app/api/angelcare-marketplace/operations/missions/[missionId]/transition/route.ts","/api/angelcare-marketplace/operations/missions/:missionId/transition","UNMAPPED","POST","@/angelcare-marketplace/operations-execution/api-handlers","operations-execution/api-handlers","NONE","NONE","YES","CAP-B07-001","SOURCE_REVIEWED","SUPPORTING_MUTATION_AUTHORITY","MAPPED_TO_IMPLEMENTED_CAPABILITY","app/api/angelcare-marketplace/operations/missions/[missionId]/transition/route.ts; source imports/handlers reconciled against completed approved-screen and Batch evidence."
"API-935","API_ROUTE","app/api/angelcare-marketplace/operations/missions/route.ts","/api/angelcare-marketplace/operations/missions","B07","GET|POST","@/angelcare-marketplace/operations-execution/api-handlers","operations-execution/api-handlers","NONE","NONE","YES","CAP-B07-001","SOURCE_REVIEWED","OPERATOR_CAPABILITY_AUTHORITY","MAPPED_TO_IMPLEMENTED_CAPABILITY","app/api/angelcare-marketplace/operations/missions/route.ts; source imports/handlers reconciled against completed approved-screen and Batch evidence."
"API-936","API_ROUTE","app/api/angelcare-marketplace/operations/proof/route.ts","/api/angelcare-marketplace/operations/proof","B07","GET","@/angelcare-marketplace/operations-execution/api-handlers","operations-execution/api-handlers","NONE","NONE","YES","CAP-B07-001","SOURCE_REVIEWED","SUPPORTING_READ_AUTHORITY","MAPPED_TO_IMPLEMENTED_CAPABILITY","app/api/angelcare-marketplace/operations/proof/route.ts; source imports/handlers reconciled against completed approved-screen and Batch evidence."
"API-937","API_ROUTE","app/api/angelcare-marketplace/operations/proposals/[proposalId]/decision/route.ts","/api/angelcare-marketplace/operations/proposals/:proposalId/decision","UNMAPPED","POST","@/angelcare-marketplace/operations-execution/api-handlers","operations-execution/api-handlers","NONE","NONE","YES","CAP-B07-001","SOURCE_REVIEWED","SUPPORTING_MUTATION_AUTHORITY","MAPPED_TO_IMPLEMENTED_CAPABILITY","app/api/angelcare-marketplace/operations/proposals/[proposalId]/decision/route.ts; source imports/handlers reconciled against completed approved-screen and Batch evidence."
"API-938","API_ROUTE","app/api/angelcare-marketplace/operations/providers/route.ts","/api/angelcare-marketplace/operations/providers","B07|B08","GET","@/angelcare-marketplace/operations-reconciliation/api-handlers","operations-reconciliation/api-handlers","NONE","NONE","YES","CAP-B07-001|CAP-B08-001","SOURCE_REVIEWED","SUPPORTING_READ_AUTHORITY","MAPPED_TO_IMPLEMENTED_CAPABILITY","app/api/angelcare-marketplace/operations/providers/route.ts; source imports/handlers reconciled against completed approved-screen and Batch evidence."
"API-939","API_ROUTE","app/api/angelcare-marketplace/operations/reconciliation/[caseId]/handover/route.ts","/api/angelcare-marketplace/operations/reconciliation/:caseId/handover","UNMAPPED","POST","@/angelcare-marketplace/operations-reconciliation/api-handlers","operations-reconciliation/api-handlers","NONE","NONE","YES","CAP-B07-001|CAP-B08-001","SOURCE_REVIEWED","SUPPORTING_MUTATION_AUTHORITY","MAPPED_TO_IMPLEMENTED_CAPABILITY","app/api/angelcare-marketplace/operations/reconciliation/[caseId]/handover/route.ts; source imports/handlers reconciled against completed approved-screen and Batch evidence."
"API-940","API_ROUTE","app/api/angelcare-marketplace/operations/reconciliation/[caseId]/transition/route.ts","/api/angelcare-marketplace/operations/reconciliation/:caseId/transition","UNMAPPED","POST","@/angelcare-marketplace/operations-reconciliation/api-handlers","operations-reconciliation/api-handlers","NONE","NONE","YES","CAP-B07-001|CAP-B08-001","SOURCE_REVIEWED","SUPPORTING_MUTATION_AUTHORITY","MAPPED_TO_IMPLEMENTED_CAPABILITY","app/api/angelcare-marketplace/operations/reconciliation/[caseId]/transition/route.ts; source imports/handlers reconciled against completed approved-screen and Batch evidence."
"API-941","API_ROUTE","app/api/angelcare-marketplace/operations/reconciliation/lines/[lineId]/decision/route.ts","/api/angelcare-marketplace/operations/reconciliation/lines/:lineId/decision","UNMAPPED","POST","@/angelcare-marketplace/operations-reconciliation/api-handlers","operations-reconciliation/api-handlers","NONE","NONE","YES","CAP-B07-001|CAP-B08-001","SOURCE_REVIEWED","SUPPORTING_MUTATION_AUTHORITY","MAPPED_TO_IMPLEMENTED_CAPABILITY","app/api/angelcare-marketplace/operations/reconciliation/lines/[lineId]/decision/route.ts; source imports/handlers reconciled against completed approved-screen and Batch evidence."
"API-942","API_ROUTE","app/api/angelcare-marketplace/operations/reconciliation/route.ts","/api/angelcare-marketplace/operations/reconciliation","B07","GET","@/angelcare-marketplace/operations-reconciliation/api-handlers","operations-reconciliation/api-handlers","NONE","NONE","YES","CAP-B07-001","SOURCE_REVIEWED","SUPPORTING_READ_AUTHORITY","MAPPED_TO_IMPLEMENTED_CAPABILITY","app/api/angelcare-marketplace/operations/reconciliation/route.ts; source imports/handlers reconciled against completed approved-screen and Batch evidence."
"API-943","API_ROUTE","app/api/angelcare-marketplace/operations/recovery/[planId]/transition/route.ts","/api/angelcare-marketplace/operations/recovery/:planId/transition","UNMAPPED","POST","@/angelcare-marketplace/operations-reconciliation/api-handlers","operations-reconciliation/api-handlers","NONE","NONE","YES","CAP-B07-001|CAP-B08-001","SOURCE_REVIEWED","SUPPORTING_MUTATION_AUTHORITY","MAPPED_TO_IMPLEMENTED_CAPABILITY","app/api/angelcare-marketplace/operations/recovery/[planId]/transition/route.ts; source imports/handlers reconciled against completed approved-screen and Batch evidence."
"API-944","API_ROUTE","app/api/angelcare-marketplace/operations/recovery/route.ts","/api/angelcare-marketplace/operations/recovery","B07","POST","@/angelcare-marketplace/operations-reconciliation/api-handlers","operations-reconciliation/api-handlers","NONE","NONE","YES","CAP-B07-001","SOURCE_REVIEWED","SUPPORTING_MUTATION_AUTHORITY","MAPPED_TO_IMPLEMENTED_CAPABILITY","app/api/angelcare-marketplace/operations/recovery/route.ts; source imports/handlers reconciled against completed approved-screen and Batch evidence."
"API-945","API_ROUTE","app/api/angelcare-marketplace/operations/replacements/[caseId]/transition/route.ts","/api/angelcare-marketplace/operations/replacements/:caseId/transition","UNMAPPED","POST","@/angelcare-marketplace/operations-reconciliation/api-handlers","operations-reconciliation/api-handlers","NONE","NONE","YES","CAP-B07-001|CAP-B08-001","SOURCE_REVIEWED","SUPPORTING_MUTATION_AUTHORITY","MAPPED_TO_IMPLEMENTED_CAPABILITY","app/api/angelcare-marketplace/operations/replacements/[caseId]/transition/route.ts; source imports/handlers reconciled against completed approved-screen and Batch evidence."
"API-946","API_ROUTE","app/api/angelcare-marketplace/operations/reports/route.ts","/api/angelcare-marketplace/operations/reports","B07","GET","@/angelcare-marketplace/operations-execution/api-handlers","operations-execution/api-handlers","NONE","NONE","YES","CAP-B07-001","SOURCE_REVIEWED","SUPPORTING_READ_AUTHORITY","MAPPED_TO_IMPLEMENTED_CAPABILITY","app/api/angelcare-marketplace/operations/reports/route.ts; source imports/handlers reconciled against completed approved-screen and Batch evidence."
"API-947","API_ROUTE","app/api/angelcare-marketplace/operations/returns/[caseId]/transition/route.ts","/api/angelcare-marketplace/operations/returns/:caseId/transition","UNMAPPED","POST","@/angelcare-marketplace/operations-reconciliation/api-handlers","operations-reconciliation/api-handlers","NONE","NONE","YES","CAP-B07-001|CAP-B08-001","SOURCE_REVIEWED","SUPPORTING_MUTATION_AUTHORITY","MAPPED_TO_IMPLEMENTED_CAPABILITY","app/api/angelcare-marketplace/operations/returns/[caseId]/transition/route.ts; source imports/handlers reconciled against completed approved-screen and Batch evidence."
"API-948","API_ROUTE","app/api/angelcare-marketplace/operations/returns/route.ts","/api/angelcare-marketplace/operations/returns","B07","GET","@/angelcare-marketplace/operations-reconciliation/api-handlers","operations-reconciliation/api-handlers","NONE","NONE","YES","CAP-B07-001","SOURCE_REVIEWED","SUPPORTING_READ_AUTHORITY","MAPPED_TO_IMPLEMENTED_CAPABILITY","app/api/angelcare-marketplace/operations/returns/route.ts; source imports/handlers reconciled against completed approved-screen and Batch evidence."
"API-949","API_ROUTE","app/api/angelcare-marketplace/operations/settlements/[settlementId]/readiness/route.ts","/api/angelcare-marketplace/operations/settlements/:settlementId/readiness","UNMAPPED","POST","@/angelcare-marketplace/operations-reconciliation/api-handlers","operations-reconciliation/api-handlers","NONE","NONE","YES","CAP-B07-001|CAP-B08-001","SOURCE_REVIEWED","SUPPORTING_MUTATION_AUTHORITY","MAPPED_TO_IMPLEMENTED_CAPABILITY","app/api/angelcare-marketplace/operations/settlements/[settlementId]/readiness/route.ts; source imports/handlers reconciled against completed approved-screen and Batch evidence."
"API-950","API_ROUTE","app/api/angelcare-marketplace/operations/settlements/route.ts","/api/angelcare-marketplace/operations/settlements","B07","GET","@/angelcare-marketplace/operations-reconciliation/api-handlers","operations-reconciliation/api-handlers","NONE","NONE","YES","CAP-B07-001","SOURCE_REVIEWED","SUPPORTING_READ_AUTHORITY","MAPPED_TO_IMPLEMENTED_CAPABILITY","app/api/angelcare-marketplace/operations/settlements/route.ts; source imports/handlers reconciled against completed approved-screen and Batch evidence."
"API-951","API_ROUTE","app/api/angelcare-marketplace/operations/summary/route.ts","/api/angelcare-marketplace/operations/summary","B07","GET","@/angelcare-marketplace/operations-execution/api-handlers","operations-execution/api-handlers","NONE","NONE","YES","CAP-B07-001","SOURCE_REVIEWED","SUPPORTING_READ_AUTHORITY","MAPPED_TO_IMPLEMENTED_CAPABILITY","app/api/angelcare-marketplace/operations/summary/route.ts; source imports/handlers reconciled against completed approved-screen and Batch evidence."
"API-952","API_ROUTE","app/api/angelcare-marketplace/operations/vendors/route.ts","/api/angelcare-marketplace/operations/vendors","B07|B08","GET","@/angelcare-marketplace/operations-reconciliation/api-handlers","operations-reconciliation/api-handlers","NONE","NONE","YES","CAP-B07-001|CAP-B08-001","SOURCE_REVIEWED","SUPPORTING_READ_AUTHORITY","MAPPED_TO_IMPLEMENTED_CAPABILITY","app/api/angelcare-marketplace/operations/vendors/route.ts; source imports/handlers reconciled against completed approved-screen and Batch evidence."
"API-953","API_ROUTE","app/api/angelcare-marketplace/partner-os/plans/route.ts","/api/angelcare-marketplace/partner-os/plans","B09","GET","@/angelcare-marketplace/partner-os/api-handlers","partner-os/api-handlers","NONE","NONE","YES","CAP-B09-001","SOURCE_REVIEWED","SUPPORTING_READ_AUTHORITY","MAPPED_TO_IMPLEMENTED_CAPABILITY","app/api/angelcare-marketplace/partner-os/plans/route.ts; source imports/handlers reconciled against completed approved-screen and Batch evidence."
"API-954","API_ROUTE","app/api/angelcare-marketplace/partner-os/subscriptions/route.ts","/api/angelcare-marketplace/partner-os/subscriptions","B09","GET","@/angelcare-marketplace/partner-os/api-handlers","partner-os/api-handlers","NONE","NONE","YES","CAP-B09-001","SOURCE_REVIEWED","SUPPORTING_READ_AUTHORITY","MAPPED_TO_IMPLEMENTED_CAPABILITY","app/api/angelcare-marketplace/partner-os/subscriptions/route.ts; source imports/handlers reconciled against completed approved-screen and Batch evidence."
"API-955","API_ROUTE","app/api/angelcare-marketplace/partner-os/summary/route.ts","/api/angelcare-marketplace/partner-os/summary","B09","GET","@/angelcare-marketplace/partner-os/api-handlers","partner-os/api-handlers","NONE","NONE","YES","CAP-B09-001","SOURCE_REVIEWED","SUPPORTING_READ_AUTHORITY","MAPPED_TO_IMPLEMENTED_CAPABILITY","app/api/angelcare-marketplace/partner-os/summary/route.ts; source imports/handlers reconciled against completed approved-screen and Batch evidence."
"API-956","API_ROUTE","app/api/angelcare-marketplace/partner-os/tenants/[tenantId]/modules/route.ts","/api/angelcare-marketplace/partner-os/tenants/:tenantId/modules","UNMAPPED","POST","@/angelcare-marketplace/partner-os/api-handlers","partner-os/api-handlers","NONE","NONE","YES","CAP-B09-001","SOURCE_REVIEWED","SUPPORTING_MUTATION_AUTHORITY","MAPPED_TO_IMPLEMENTED_CAPABILITY","app/api/angelcare-marketplace/partner-os/tenants/[tenantId]/modules/route.ts; source imports/handlers reconciled against completed approved-screen and Batch evidence."
"API-957","API_ROUTE","app/api/angelcare-marketplace/partner-os/tenants/[tenantId]/onboarding/[checkId]/route.ts","/api/angelcare-marketplace/partner-os/tenants/:tenantId/onboarding/:checkId","UNMAPPED","POST","@/angelcare-marketplace/partner-os/api-handlers","partner-os/api-handlers","NONE","NONE","YES","CAP-B09-001","SOURCE_REVIEWED","SUPPORTING_MUTATION_AUTHORITY","MAPPED_TO_IMPLEMENTED_CAPABILITY","app/api/angelcare-marketplace/partner-os/tenants/[tenantId]/onboarding/[checkId]/route.ts; source imports/handlers reconciled against completed approved-screen and Batch evidence."
"API-958","API_ROUTE","app/api/angelcare-marketplace/partner-os/tenants/[tenantId]/subscription/route.ts","/api/angelcare-marketplace/partner-os/tenants/:tenantId/subscription","UNMAPPED","POST","@/angelcare-marketplace/partner-os/api-handlers","partner-os/api-handlers","NONE","NONE","YES","CAP-B09-001","SOURCE_REVIEWED","SUPPORTING_MUTATION_AUTHORITY","MAPPED_TO_IMPLEMENTED_CAPABILITY","app/api/angelcare-marketplace/partner-os/tenants/[tenantId]/subscription/route.ts; source imports/handlers reconciled against completed approved-screen and Batch evidence."
"API-959","API_ROUTE","app/api/angelcare-marketplace/partner-os/tenants/[tenantId]/transition/route.ts","/api/angelcare-marketplace/partner-os/tenants/:tenantId/transition","UNMAPPED","POST","@/angelcare-marketplace/partner-os/api-handlers","partner-os/api-handlers","NONE","NONE","YES","CAP-B09-001","SOURCE_REVIEWED","SUPPORTING_MUTATION_AUTHORITY","MAPPED_TO_IMPLEMENTED_CAPABILITY","app/api/angelcare-marketplace/partner-os/tenants/[tenantId]/transition/route.ts; source imports/handlers reconciled against completed approved-screen and Batch evidence."
"API-960","API_ROUTE","app/api/angelcare-marketplace/partner-os/tenants/[tenantId]/workspace/route.ts","/api/angelcare-marketplace/partner-os/tenants/:tenantId/workspace","UNMAPPED","GET","@/angelcare-marketplace/partner-os/api-handlers","partner-os/api-handlers","NONE","NONE","YES","CAP-B09-001","SOURCE_REVIEWED","SUPPORTING_READ_AUTHORITY","MAPPED_TO_IMPLEMENTED_CAPABILITY","app/api/angelcare-marketplace/partner-os/tenants/[tenantId]/workspace/route.ts; source imports/handlers reconciled against completed approved-screen and Batch evidence."
"API-961","API_ROUTE","app/api/angelcare-marketplace/partner-os/tenants/route.ts","/api/angelcare-marketplace/partner-os/tenants","B09","GET|POST","@/angelcare-marketplace/partner-os/api-handlers","partner-os/api-handlers","NONE","NONE","YES","CAP-B09-001","SOURCE_REVIEWED","OPERATOR_CAPABILITY_AUTHORITY","MAPPED_TO_IMPLEMENTED_CAPABILITY","app/api/angelcare-marketplace/partner-os/tenants/route.ts; source imports/handlers reconciled against completed approved-screen and Batch evidence."
"API-962","API_ROUTE","app/api/angelcare-marketplace/payments/intents/route.ts","/api/angelcare-marketplace/payments/intents","UNMAPPED","POST","@/angelcare-marketplace/customer-commerce/api-handlers","customer-commerce/api-handlers","NONE","NONE","YES","CAP-GLOBAL-001","SOURCE_REVIEWED","SUPPORTING_MUTATION_AUTHORITY","MAPPED_TO_IMPLEMENTED_CAPABILITY","app/api/angelcare-marketplace/payments/intents/route.ts; source imports/handlers reconciled against completed approved-screen and Batch evidence."
"API-963","API_ROUTE","app/api/angelcare-marketplace/payments/paypal/cancel/route.ts","/api/angelcare-marketplace/payments/paypal/cancel","UNMAPPED","GET","@/angelcare-marketplace/customer-commerce/api-handlers","customer-commerce/api-handlers","NONE","NONE","YES","CAP-GLOBAL-001","SOURCE_REVIEWED","SUPPORTING_READ_AUTHORITY","MAPPED_TO_IMPLEMENTED_CAPABILITY","app/api/angelcare-marketplace/payments/paypal/cancel/route.ts; source imports/handlers reconciled against completed approved-screen and Batch evidence."
"API-964","API_ROUTE","app/api/angelcare-marketplace/payments/paypal/return/route.ts","/api/angelcare-marketplace/payments/paypal/return","UNMAPPED","GET","@/angelcare-marketplace/customer-commerce/api-handlers","customer-commerce/api-handlers","NONE","NONE","YES","CAP-GLOBAL-001","SOURCE_REVIEWED","SUPPORTING_READ_AUTHORITY","MAPPED_TO_IMPLEMENTED_CAPABILITY","app/api/angelcare-marketplace/payments/paypal/return/route.ts; source imports/handlers reconciled against completed approved-screen and Batch evidence."
"API-965","API_ROUTE","app/api/angelcare-marketplace/payments/webhooks/[provider]/route.ts","/api/angelcare-marketplace/payments/webhooks/:provider","UNMAPPED","POST","@/angelcare-marketplace/customer-commerce/api-handlers","customer-commerce/api-handlers","NONE","NONE","YES","CAP-GLOBAL-001","SOURCE_REVIEWED","SUPPORTING_MUTATION_AUTHORITY","MAPPED_TO_IMPLEMENTED_CAPABILITY","app/api/angelcare-marketplace/payments/webhooks/[provider]/route.ts; source imports/handlers reconciled against completed approved-screen and Batch evidence."
"API-966","API_ROUTE","app/api/angelcare-marketplace/performance/observations/route.ts","/api/angelcare-marketplace/performance/observations","UNMAPPED","NONE","@/angelcare-marketplace/final-authority/api-handlers","final-authority/api-handlers","authority","NONE","YES","CAP-B11-001","SOURCE_REVIEWED","SUPPORTING_READ_AUTHORITY","MAPPED_TO_IMPLEMENTED_CAPABILITY","app/api/angelcare-marketplace/performance/observations/route.ts; source imports/handlers reconciled against completed approved-screen and Batch evidence."
"API-967","API_ROUTE","app/api/angelcare-marketplace/providers/[providerId]/availability/[ruleId]/route.ts","/api/angelcare-marketplace/providers/:providerId/availability/:ruleId","UNMAPPED","PATCH|DELETE","@/angelcare-marketplace/provider-workforce/api-handlers","provider-workforce/api-handlers","NONE","NONE","YES","CAP-B08-001","SOURCE_REVIEWED","SUPPORTING_MUTATION_AUTHORITY","MAPPED_TO_IMPLEMENTED_CAPABILITY","app/api/angelcare-marketplace/providers/[providerId]/availability/[ruleId]/route.ts; source imports/handlers reconciled against completed approved-screen and Batch evidence."
"API-968","API_ROUTE","app/api/angelcare-marketplace/providers/[providerId]/availability/exceptions/route.ts","/api/angelcare-marketplace/providers/:providerId/availability/exceptions","UNMAPPED","POST","@/angelcare-marketplace/provider-workforce/api-handlers","provider-workforce/api-handlers","NONE","NONE","YES","CAP-B08-001","SOURCE_REVIEWED","SUPPORTING_MUTATION_AUTHORITY","MAPPED_TO_IMPLEMENTED_CAPABILITY","app/api/angelcare-marketplace/providers/[providerId]/availability/exceptions/route.ts; source imports/handlers reconciled against completed approved-screen and Batch evidence."
"API-969","API_ROUTE","app/api/angelcare-marketplace/providers/[providerId]/availability/route.ts","/api/angelcare-marketplace/providers/:providerId/availability","UNMAPPED","POST","@/angelcare-marketplace/provider-workforce/api-handlers","provider-workforce/api-handlers","NONE","NONE","YES","CAP-B08-001","SOURCE_REVIEWED","SUPPORTING_MUTATION_AUTHORITY","MAPPED_TO_IMPLEMENTED_CAPABILITY","app/api/angelcare-marketplace/providers/[providerId]/availability/route.ts; source imports/handlers reconciled against completed approved-screen and Batch evidence."
"API-970","API_ROUTE","app/api/angelcare-marketplace/providers/[providerId]/certifications/[certificationId]/review/route.ts","/api/angelcare-marketplace/providers/:providerId/certifications/:certificationId/review","UNMAPPED","POST","@/angelcare-marketplace/provider-workforce/api-handlers","provider-workforce/api-handlers","NONE","NONE","YES","CAP-B08-001","SOURCE_REVIEWED","SUPPORTING_MUTATION_AUTHORITY","MAPPED_TO_IMPLEMENTED_CAPABILITY","app/api/angelcare-marketplace/providers/[providerId]/certifications/[certificationId]/review/route.ts; source imports/handlers reconciled against completed approved-screen and Batch evidence."
"API-971","API_ROUTE","app/api/angelcare-marketplace/providers/[providerId]/documents/[documentId]/review/route.ts","/api/angelcare-marketplace/providers/:providerId/documents/:documentId/review","UNMAPPED","POST","@/angelcare-marketplace/provider-workforce/api-handlers","provider-workforce/api-handlers","NONE","NONE","YES","CAP-B08-001","SOURCE_REVIEWED","SUPPORTING_MUTATION_AUTHORITY","MAPPED_TO_IMPLEMENTED_CAPABILITY","app/api/angelcare-marketplace/providers/[providerId]/documents/[documentId]/review/route.ts; source imports/handlers reconciled against completed approved-screen and Batch evidence."
"API-972","API_ROUTE","app/api/angelcare-marketplace/providers/[providerId]/documents/request/route.ts","/api/angelcare-marketplace/providers/:providerId/documents/request","UNMAPPED","POST","@/angelcare-marketplace/provider-workforce/api-handlers","provider-workforce/api-handlers","NONE","NONE","YES","CAP-B08-001","SOURCE_REVIEWED","SUPPORTING_MUTATION_AUTHORITY","MAPPED_TO_IMPLEMENTED_CAPABILITY","app/api/angelcare-marketplace/providers/[providerId]/documents/request/route.ts; source imports/handlers reconciled against completed approved-screen and Batch evidence."
"API-973","API_ROUTE","app/api/angelcare-marketplace/providers/[providerId]/eligibility/recalculate/route.ts","/api/angelcare-marketplace/providers/:providerId/eligibility/recalculate","UNMAPPED","POST","@/angelcare-marketplace/provider-workforce/api-handlers","provider-workforce/api-handlers","NONE","NONE","YES","CAP-B08-001","SOURCE_REVIEWED","SUPPORTING_MUTATION_AUTHORITY","MAPPED_TO_IMPLEMENTED_CAPABILITY","app/api/angelcare-marketplace/providers/[providerId]/eligibility/recalculate/route.ts; source imports/handlers reconciled against completed approved-screen and Batch evidence."
"API-974","API_ROUTE","app/api/angelcare-marketplace/providers/[providerId]/lifecycle/route.ts","/api/angelcare-marketplace/providers/:providerId/lifecycle","UNMAPPED","POST","@/angelcare-marketplace/provider-workforce/api-handlers","provider-workforce/api-handlers","NONE","NONE","YES","CAP-B08-001","SOURCE_REVIEWED","SUPPORTING_MUTATION_AUTHORITY","MAPPED_TO_IMPLEMENTED_CAPABILITY","app/api/angelcare-marketplace/providers/[providerId]/lifecycle/route.ts; source imports/handlers reconciled against completed approved-screen and Batch evidence."
"API-975","API_ROUTE","app/api/angelcare-marketplace/providers/[providerId]/performance/route.ts","/api/angelcare-marketplace/providers/:providerId/performance","UNMAPPED","POST","@/angelcare-marketplace/provider-workforce/api-handlers","provider-workforce/api-handlers","NONE","NONE","YES","CAP-B08-001","SOURCE_REVIEWED","SUPPORTING_MUTATION_AUTHORITY","MAPPED_TO_IMPLEMENTED_CAPABILITY","app/api/angelcare-marketplace/providers/[providerId]/performance/route.ts; source imports/handlers reconciled against completed approved-screen and Batch evidence."
"API-976","API_ROUTE","app/api/angelcare-marketplace/providers/[providerId]/qualifications/[qualificationId]/route.ts","/api/angelcare-marketplace/providers/:providerId/qualifications/:qualificationId","UNMAPPED","PATCH|DELETE","@/angelcare-marketplace/provider-workforce/api-handlers","provider-workforce/api-handlers","NONE","NONE","YES","CAP-B08-001","SOURCE_REVIEWED","SUPPORTING_MUTATION_AUTHORITY","MAPPED_TO_IMPLEMENTED_CAPABILITY","app/api/angelcare-marketplace/providers/[providerId]/qualifications/[qualificationId]/route.ts; source imports/handlers reconciled against completed approved-screen and Batch evidence."
"API-977","API_ROUTE","app/api/angelcare-marketplace/providers/[providerId]/qualifications/route.ts","/api/angelcare-marketplace/providers/:providerId/qualifications","UNMAPPED","POST","@/angelcare-marketplace/provider-workforce/api-handlers","provider-workforce/api-handlers","NONE","NONE","YES","CAP-B08-001","SOURCE_REVIEWED","SUPPORTING_MUTATION_AUTHORITY","MAPPED_TO_IMPLEMENTED_CAPABILITY","app/api/angelcare-marketplace/providers/[providerId]/qualifications/route.ts; source imports/handlers reconciled against completed approved-screen and Batch evidence."
"API-978","API_ROUTE","app/api/angelcare-marketplace/providers/[providerId]/route.ts","/api/angelcare-marketplace/providers/:providerId","UNMAPPED","GET|PATCH","@/angelcare-marketplace/provider-workforce/api-handlers","provider-workforce/api-handlers","NONE","NONE","YES","CAP-B08-001","SOURCE_REVIEWED","OPERATOR_CAPABILITY_AUTHORITY","MAPPED_TO_IMPLEMENTED_CAPABILITY","app/api/angelcare-marketplace/providers/[providerId]/route.ts; source imports/handlers reconciled against completed approved-screen and Batch evidence."
"API-979","API_ROUTE","app/api/angelcare-marketplace/providers/assignments/route.ts","/api/angelcare-marketplace/providers/assignments","B08","GET","@/angelcare-marketplace/provider-workforce/api-handlers","provider-workforce/api-handlers","NONE","NONE","YES","CAP-B08-001","SOURCE_REVIEWED","SUPPORTING_READ_AUTHORITY","MAPPED_TO_IMPLEMENTED_CAPABILITY","app/api/angelcare-marketplace/providers/assignments/route.ts; source imports/handlers reconciled against completed approved-screen and Batch evidence."
"API-980","API_ROUTE","app/api/angelcare-marketplace/providers/availability/route.ts","/api/angelcare-marketplace/providers/availability","B08","GET","@/angelcare-marketplace/provider-workforce/api-handlers","provider-workforce/api-handlers","NONE","NONE","YES","CAP-B08-001","SOURCE_REVIEWED","SUPPORTING_READ_AUTHORITY","MAPPED_TO_IMPLEMENTED_CAPABILITY","app/api/angelcare-marketplace/providers/availability/route.ts; source imports/handlers reconciled against completed approved-screen and Batch evidence."
"API-981","API_ROUTE","app/api/angelcare-marketplace/providers/certifications/route.ts","/api/angelcare-marketplace/providers/certifications","B08","GET","@/angelcare-marketplace/provider-workforce/api-handlers","provider-workforce/api-handlers","NONE","NONE","YES","CAP-B08-001","SOURCE_REVIEWED","SUPPORTING_READ_AUTHORITY","MAPPED_TO_IMPLEMENTED_CAPABILITY","app/api/angelcare-marketplace/providers/certifications/route.ts; source imports/handlers reconciled against completed approved-screen and Batch evidence."
"API-982","API_ROUTE","app/api/angelcare-marketplace/providers/documents/route.ts","/api/angelcare-marketplace/providers/documents","B08","GET","@/angelcare-marketplace/provider-workforce/api-handlers","provider-workforce/api-handlers","NONE","NONE","YES","CAP-B08-001","SOURCE_REVIEWED","SUPPORTING_READ_AUTHORITY","MAPPED_TO_IMPLEMENTED_CAPABILITY","app/api/angelcare-marketplace/providers/documents/route.ts; source imports/handlers reconciled against completed approved-screen and Batch evidence."
"API-983","API_ROUTE","app/api/angelcare-marketplace/providers/payable/[payableId]/decision/route.ts","/api/angelcare-marketplace/providers/payable/:payableId/decision","UNMAPPED","POST","@/angelcare-marketplace/provider-workforce/api-handlers","provider-workforce/api-handlers","NONE","NONE","YES","CAP-B08-001","SOURCE_REVIEWED","SUPPORTING_MUTATION_AUTHORITY","MAPPED_TO_IMPLEMENTED_CAPABILITY","app/api/angelcare-marketplace/providers/payable/[payableId]/decision/route.ts; source imports/handlers reconciled against completed approved-screen and Batch evidence."
"API-984","API_ROUTE","app/api/angelcare-marketplace/providers/payable/route.ts","/api/angelcare-marketplace/providers/payable","B08","GET","@/angelcare-marketplace/provider-workforce/api-handlers","provider-workforce/api-handlers","NONE","NONE","YES","CAP-B08-001","SOURCE_REVIEWED","SUPPORTING_READ_AUTHORITY","MAPPED_TO_IMPLEMENTED_CAPABILITY","app/api/angelcare-marketplace/providers/payable/route.ts; source imports/handlers reconciled against completed approved-screen and Batch evidence."
"API-985","API_ROUTE","app/api/angelcare-marketplace/providers/performance/route.ts","/api/angelcare-marketplace/providers/performance","B08","GET","@/angelcare-marketplace/provider-workforce/api-handlers","provider-workforce/api-handlers","NONE","NONE","YES","CAP-B08-001","SOURCE_REVIEWED","SUPPORTING_READ_AUTHORITY","MAPPED_TO_IMPLEMENTED_CAPABILITY","app/api/angelcare-marketplace/providers/performance/route.ts; source imports/handlers reconciled against completed approved-screen and Batch evidence."
"API-986","API_ROUTE","app/api/angelcare-marketplace/providers/route.ts","/api/angelcare-marketplace/providers","B08","GET|POST","@/angelcare-marketplace/provider-workforce/api-handlers","provider-workforce/api-handlers","NONE","NONE","YES","CAP-B08-001","SOURCE_REVIEWED","OPERATOR_CAPABILITY_AUTHORITY","MAPPED_TO_IMPLEMENTED_CAPABILITY","app/api/angelcare-marketplace/providers/route.ts; source imports/handlers reconciled against completed approved-screen and Batch evidence."
"API-987","API_ROUTE","app/api/angelcare-marketplace/providers/summary/route.ts","/api/angelcare-marketplace/providers/summary","B08","GET","@/angelcare-marketplace/provider-workforce/api-handlers","provider-workforce/api-handlers","NONE","NONE","YES","CAP-B08-001","SOURCE_REVIEWED","SUPPORTING_READ_AUTHORITY","MAPPED_TO_IMPLEMENTED_CAPABILITY","app/api/angelcare-marketplace/providers/summary/route.ts; source imports/handlers reconciled against completed approved-screen and Batch evidence."
"API-988","API_ROUTE","app/api/angelcare-marketplace/public/catalog/[slug]/route.ts","/api/angelcare-marketplace/public/catalog/:slug","UNMAPPED","GET","@/angelcare-marketplace/marketplace-core/api-handlers","marketplace-core/api-handlers","NONE","NONE","YES","CAP-B01-001|CAP-B04-001|CAP-B08-001","SOURCE_REVIEWED","SUPPORTING_READ_AUTHORITY","MAPPED_TO_IMPLEMENTED_CAPABILITY","app/api/angelcare-marketplace/public/catalog/[slug]/route.ts; source imports/handlers reconciled against completed approved-screen and Batch evidence."
"API-989","API_ROUTE","app/api/angelcare-marketplace/public/discovery/category-native-compare/route.ts","/api/angelcare-marketplace/public/discovery/category-native-compare","UNMAPPED","GET","@/angelcare-marketplace/category-native-experience/api-handlers","category-native-experience/api-handlers","NONE","NONE","YES","CAP-B02-001","SOURCE_REVIEWED","SUPPORTING_READ_AUTHORITY","MAPPED_TO_IMPLEMENTED_CAPABILITY","app/api/angelcare-marketplace/public/discovery/category-native-compare/route.ts; source imports/handlers reconciled against completed approved-screen and Batch evidence."
"API-990","API_ROUTE","app/api/angelcare-marketplace/public/discovery/category-native-filters/route.ts","/api/angelcare-marketplace/public/discovery/category-native-filters","UNMAPPED","GET","@/angelcare-marketplace/category-native-experience/api-handlers","category-native-experience/api-handlers","NONE","NONE","YES","CAP-B02-001","SOURCE_REVIEWED","SUPPORTING_READ_AUTHORITY","MAPPED_TO_IMPLEMENTED_CAPABILITY","app/api/angelcare-marketplace/public/discovery/category-native-filters/route.ts; source imports/handlers reconciled against completed approved-screen and Batch evidence."
"API-991","API_ROUTE","app/api/angelcare-marketplace/public/events/route.ts","/api/angelcare-marketplace/public/events","UNMAPPED","NONE","@/angelcare-marketplace/public-universe/api-handlers","public-universe/api-handlers","NONE","NONE","NO_INTERNAL_ONLY","NOT_APPLICABLE","SOURCE_REVIEWED","PUBLIC_MARKETPLACE_AUTHORITY","INTERNAL_ONLY_NOT_OPERATOR_FACING","app/api/angelcare-marketplace/public/events/route.ts; source imports/handlers reconciled against completed approved-screen and Batch evidence."
"API-992","API_ROUTE","app/api/angelcare-marketplace/public/experience/[itemKey]/availability/route.ts","/api/angelcare-marketplace/public/experience/:itemKey/availability","UNMAPPED","GET","@/angelcare-marketplace/category-native-experience/api-handlers","category-native-experience/api-handlers","NONE","NONE","YES","CAP-B02-001","SOURCE_REVIEWED","SUPPORTING_READ_AUTHORITY","MAPPED_TO_IMPLEMENTED_CAPABILITY","app/api/angelcare-marketplace/public/experience/[itemKey]/availability/route.ts; source imports/handlers reconciled against completed approved-screen and Batch evidence."
"API-993","API_ROUTE","app/api/angelcare-marketplace/public/experience/[itemKey]/configuration/route.ts","/api/angelcare-marketplace/public/experience/:itemKey/configuration","UNMAPPED","GET","@/angelcare-marketplace/category-native-experience/api-handlers","category-native-experience/api-handlers","NONE","NONE","YES","CAP-B02-001","SOURCE_REVIEWED","SUPPORTING_READ_AUTHORITY","MAPPED_TO_IMPLEMENTED_CAPABILITY","app/api/angelcare-marketplace/public/experience/[itemKey]/configuration/route.ts; source imports/handlers reconciled against completed approved-screen and Batch evidence."
"API-994","API_ROUTE","app/api/angelcare-marketplace/public/experience/[itemKey]/pricing/route.ts","/api/angelcare-marketplace/public/experience/:itemKey/pricing","UNMAPPED","GET","@/angelcare-marketplace/category-native-experience/api-handlers","category-native-experience/api-handlers","NONE","NONE","YES","CAP-B02-001","SOURCE_REVIEWED","SUPPORTING_READ_AUTHORITY","MAPPED_TO_IMPLEMENTED_CAPABILITY","app/api/angelcare-marketplace/public/experience/[itemKey]/pricing/route.ts; source imports/handlers reconciled against completed approved-screen and Batch evidence."
"API-995","API_ROUTE","app/api/angelcare-marketplace/public/experience/[itemKey]/recommendations/route.ts","/api/angelcare-marketplace/public/experience/:itemKey/recommendations","UNMAPPED","GET","@/angelcare-marketplace/category-native-experience/api-handlers","category-native-experience/api-handlers","NONE","NONE","YES","CAP-B02-001","SOURCE_REVIEWED","SUPPORTING_READ_AUTHORITY","MAPPED_TO_IMPLEMENTED_CAPABILITY","app/api/angelcare-marketplace/public/experience/[itemKey]/recommendations/route.ts; source imports/handlers reconciled against completed approved-screen and Batch evidence."
"API-996","API_ROUTE","app/api/angelcare-marketplace/public/experience/[itemKey]/route.ts","/api/angelcare-marketplace/public/experience/:itemKey","UNMAPPED","GET","@/angelcare-marketplace/category-native-experience/api-handlers","category-native-experience/api-handlers","NONE","NONE","YES","CAP-B02-001","SOURCE_REVIEWED","SUPPORTING_READ_AUTHORITY","MAPPED_TO_IMPLEMENTED_CAPABILITY","app/api/angelcare-marketplace/public/experience/[itemKey]/route.ts; source imports/handlers reconciled against completed approved-screen and Batch evidence."
"API-997","API_ROUTE","app/api/angelcare-marketplace/public/footer/events/route.ts","/api/angelcare-marketplace/public/footer/events","UNMAPPED","POST","@/angelcare-marketplace/footer-studio/api-handlers","footer-studio/api-handlers","NONE","NONE","YES","CAP-B05-001","SOURCE_REVIEWED","SUPPORTING_MUTATION_AUTHORITY","MAPPED_TO_IMPLEMENTED_CAPABILITY","app/api/angelcare-marketplace/public/footer/events/route.ts; source imports/handlers reconciled against completed approved-screen and Batch evidence."
"API-998","API_ROUTE","app/api/angelcare-marketplace/public/inquiries/route.ts","/api/angelcare-marketplace/public/inquiries","UNMAPPED","NONE","@/angelcare-marketplace/public-universe/api-handlers","public-universe/api-handlers","NONE","NONE","NO_INTERNAL_ONLY","NOT_APPLICABLE","SOURCE_REVIEWED","PUBLIC_MARKETPLACE_AUTHORITY","INTERNAL_ONLY_NOT_OPERATOR_FACING","app/api/angelcare-marketplace/public/inquiries/route.ts; source imports/handlers reconciled against completed approved-screen and Batch evidence."
"API-999","API_ROUTE","app/api/angelcare-marketplace/qa/checks/route.ts","/api/angelcare-marketplace/qa/checks","B11","NONE","@/angelcare-marketplace/final-authority/api-handlers","final-authority/api-handlers","authority","NONE","YES","CAP-B11-001","SOURCE_REVIEWED","SUPPORTING_READ_AUTHORITY","MAPPED_TO_IMPLEMENTED_CAPABILITY","app/api/angelcare-marketplace/qa/checks/route.ts; source imports/handlers reconciled against completed approved-screen and Batch evidence."
"API-1000","API_ROUTE","app/api/angelcare-marketplace/qa/defects/[defectId]/transition/route.ts","/api/angelcare-marketplace/qa/defects/:defectId/transition","UNMAPPED","POST","@/angelcare-marketplace/final-authority/api-handlers","final-authority/api-handlers","authority","NONE","YES","CAP-B11-001","SOURCE_REVIEWED","SUPPORTING_MUTATION_AUTHORITY","MAPPED_TO_IMPLEMENTED_CAPABILITY","app/api/angelcare-marketplace/qa/defects/[defectId]/transition/route.ts; source imports/handlers reconciled against completed approved-screen and Batch evidence."
"API-1001","API_ROUTE","app/api/angelcare-marketplace/qa/defects/route.ts","/api/angelcare-marketplace/qa/defects","B11","NONE","@/angelcare-marketplace/final-authority/api-handlers","final-authority/api-handlers","authority","NONE","YES","CAP-B11-001","SOURCE_REVIEWED","SUPPORTING_READ_AUTHORITY","MAPPED_TO_IMPLEMENTED_CAPABILITY","app/api/angelcare-marketplace/qa/defects/route.ts; source imports/handlers reconciled against completed approved-screen and Batch evidence."
"API-1002","API_ROUTE","app/api/angelcare-marketplace/qa/results/route.ts","/api/angelcare-marketplace/qa/results","B11","GET","@/angelcare-marketplace/launch-assurance/api-handlers","launch-assurance/api-handlers","NONE","NONE","YES","CAP-B11-001","SOURCE_REVIEWED","SUPPORTING_READ_AUTHORITY","MAPPED_TO_IMPLEMENTED_CAPABILITY","app/api/angelcare-marketplace/qa/results/route.ts; source imports/handlers reconciled against completed approved-screen and Batch evidence."
"API-1003","API_ROUTE","app/api/angelcare-marketplace/qa/runs/route.ts","/api/angelcare-marketplace/qa/runs","B11","NONE","@/angelcare-marketplace/final-authority/api-handlers","final-authority/api-handlers","authority","NONE","YES","CAP-B11-001","SOURCE_REVIEWED","SUPPORTING_READ_AUTHORITY","MAPPED_TO_IMPLEMENTED_CAPABILITY","app/api/angelcare-marketplace/qa/runs/route.ts; source imports/handlers reconciled against completed approved-screen and Batch evidence."
"API-1004","API_ROUTE","app/api/angelcare-marketplace/qa/suites/route.ts","/api/angelcare-marketplace/qa/suites","B11","GET","@/angelcare-marketplace/launch-assurance/api-handlers","launch-assurance/api-handlers","NONE","NONE","YES","CAP-B11-001","SOURCE_REVIEWED","SUPPORTING_READ_AUTHORITY","MAPPED_TO_IMPLEMENTED_CAPABILITY","app/api/angelcare-marketplace/qa/suites/route.ts; source imports/handlers reconciled against completed approved-screen and Batch evidence."
"API-1005","API_ROUTE","app/api/angelcare-marketplace/qa/summary/route.ts","/api/angelcare-marketplace/qa/summary","B11","GET","@/angelcare-marketplace/launch-assurance/api-handlers","launch-assurance/api-handlers","NONE","NONE","YES","CAP-B11-001","SOURCE_REVIEWED","SUPPORTING_READ_AUTHORITY","MAPPED_TO_IMPLEMENTED_CAPABILITY","app/api/angelcare-marketplace/qa/summary/route.ts; source imports/handlers reconciled against completed approved-screen and Batch evidence."
"API-1006","API_ROUTE","app/api/angelcare-marketplace/quote-baskets/[basketId]/items/route.ts","/api/angelcare-marketplace/quote-baskets/:basketId/items","UNMAPPED","POST","@/angelcare-marketplace/marketplace-core/api-handlers","marketplace-core/api-handlers","NONE","NONE","YES","CAP-B01-001|CAP-B04-001|CAP-B08-001","SOURCE_REVIEWED","SUPPORTING_MUTATION_AUTHORITY","MAPPED_TO_IMPLEMENTED_CAPABILITY","app/api/angelcare-marketplace/quote-baskets/[basketId]/items/route.ts; source imports/handlers reconciled against completed approved-screen and Batch evidence."
"API-1007","API_ROUTE","app/api/angelcare-marketplace/quote-baskets/route.ts","/api/angelcare-marketplace/quote-baskets","UNMAPPED","GET|POST","@/angelcare-marketplace/marketplace-core/api-handlers","marketplace-core/api-handlers","NONE","NONE","YES","CAP-B01-001|CAP-B04-001|CAP-B08-001","SOURCE_REVIEWED","OPERATOR_CAPABILITY_AUTHORITY","MAPPED_TO_IMPLEMENTED_CAPABILITY","app/api/angelcare-marketplace/quote-baskets/route.ts; source imports/handlers reconciled against completed approved-screen and Batch evidence."
"API-1008","API_ROUTE","app/api/angelcare-marketplace/security/access-reviews/route.ts","/api/angelcare-marketplace/security/access-reviews","B11","GET","@/angelcare-marketplace/analytics-security/api-handlers","analytics-security/api-handlers","NONE","NONE","YES","CAP-B11-001","SOURCE_REVIEWED","SUPPORTING_READ_AUTHORITY","MAPPED_TO_IMPLEMENTED_CAPABILITY","app/api/angelcare-marketplace/security/access-reviews/route.ts; source imports/handlers reconciled against completed approved-screen and Batch evidence."
"API-1009","API_ROUTE","app/api/angelcare-marketplace/security/assessments/route.ts","/api/angelcare-marketplace/security/assessments","B11","NONE","@/angelcare-marketplace/final-authority/api-handlers","final-authority/api-handlers","authority","NONE","YES","CAP-B11-001","SOURCE_REVIEWED","SUPPORTING_READ_AUTHORITY","MAPPED_TO_IMPLEMENTED_CAPABILITY","app/api/angelcare-marketplace/security/assessments/route.ts; source imports/handlers reconciled against completed approved-screen and Batch evidence."
"API-1010","API_ROUTE","app/api/angelcare-marketplace/security/controls/route.ts","/api/angelcare-marketplace/security/controls","B11","NONE","@/angelcare-marketplace/final-authority/api-handlers","final-authority/api-handlers","authority","NONE","YES","CAP-B11-001","SOURCE_REVIEWED","SUPPORTING_READ_AUTHORITY","MAPPED_TO_IMPLEMENTED_CAPABILITY","app/api/angelcare-marketplace/security/controls/route.ts; source imports/handlers reconciled against completed approved-screen and Batch evidence."
"API-1011","API_ROUTE","app/api/angelcare-marketplace/security/events/route.ts","/api/angelcare-marketplace/security/events","B11","GET","@/angelcare-marketplace/analytics-security/api-handlers","analytics-security/api-handlers","NONE","NONE","YES","CAP-B11-001","SOURCE_REVIEWED","SUPPORTING_READ_AUTHORITY","MAPPED_TO_IMPLEMENTED_CAPABILITY","app/api/angelcare-marketplace/security/events/route.ts; source imports/handlers reconciled against completed approved-screen and Batch evidence."
"API-1012","API_ROUTE","app/api/angelcare-marketplace/security/isolation-tests/[testId]/execute/route.ts","/api/angelcare-marketplace/security/isolation-tests/:testId/execute","UNMAPPED","POST","@/angelcare-marketplace/analytics-security/api-handlers","analytics-security/api-handlers","NONE","NONE","YES","CAP-B11-001","SOURCE_REVIEWED","SUPPORTING_MUTATION_AUTHORITY","MAPPED_TO_IMPLEMENTED_CAPABILITY","app/api/angelcare-marketplace/security/isolation-tests/[testId]/execute/route.ts; source imports/handlers reconciled against completed approved-screen and Batch evidence."
"API-1013","API_ROUTE","app/api/angelcare-marketplace/security/isolation-tests/route.ts","/api/angelcare-marketplace/security/isolation-tests","B11","GET","@/angelcare-marketplace/analytics-security/api-handlers","analytics-security/api-handlers","NONE","NONE","YES","CAP-B11-001","SOURCE_REVIEWED","SUPPORTING_READ_AUTHORITY","MAPPED_TO_IMPLEMENTED_CAPABILITY","app/api/angelcare-marketplace/security/isolation-tests/route.ts; source imports/handlers reconciled against completed approved-screen and Batch evidence."
"API-1014","API_ROUTE","app/api/angelcare-marketplace/security/recovery-tests/[testId]/transition/route.ts","/api/angelcare-marketplace/security/recovery-tests/:testId/transition","UNMAPPED","POST","@/angelcare-marketplace/analytics-security/api-handlers","analytics-security/api-handlers","NONE","NONE","YES","CAP-B11-001","SOURCE_REVIEWED","SUPPORTING_MUTATION_AUTHORITY","MAPPED_TO_IMPLEMENTED_CAPABILITY","app/api/angelcare-marketplace/security/recovery-tests/[testId]/transition/route.ts; source imports/handlers reconciled against completed approved-screen and Batch evidence."
"API-1015","API_ROUTE","app/api/angelcare-marketplace/security/recovery-tests/route.ts","/api/angelcare-marketplace/security/recovery-tests","B11","GET","@/angelcare-marketplace/analytics-security/api-handlers","analytics-security/api-handlers","NONE","NONE","YES","CAP-B11-001","SOURCE_REVIEWED","SUPPORTING_READ_AUTHORITY","MAPPED_TO_IMPLEMENTED_CAPABILITY","app/api/angelcare-marketplace/security/recovery-tests/route.ts; source imports/handlers reconciled against completed approved-screen and Batch evidence."
"API-1016","API_ROUTE","app/api/angelcare-marketplace/security/retention/route.ts","/api/angelcare-marketplace/security/retention","B11","GET","@/angelcare-marketplace/analytics-security/api-handlers","analytics-security/api-handlers","NONE","NONE","YES","CAP-B11-001","SOURCE_REVIEWED","SUPPORTING_READ_AUTHORITY","MAPPED_TO_IMPLEMENTED_CAPABILITY","app/api/angelcare-marketplace/security/retention/route.ts; source imports/handlers reconciled against completed approved-screen and Batch evidence."
"API-1017","API_ROUTE","app/api/angelcare-marketplace/security/summary/route.ts","/api/angelcare-marketplace/security/summary","B11","GET","@/angelcare-marketplace/analytics-security/api-handlers","analytics-security/api-handlers","NONE","NONE","YES","CAP-B11-001","SOURCE_REVIEWED","SUPPORTING_READ_AUTHORITY","MAPPED_TO_IMPLEMENTED_CAPABILITY","app/api/angelcare-marketplace/security/summary/route.ts; source imports/handlers reconciled against completed approved-screen and Batch evidence."
"API-1018","API_ROUTE","app/api/angelcare-marketplace/suppliers/route.ts","/api/angelcare-marketplace/suppliers","UNMAPPED","GET","@/angelcare-marketplace/marketplace-core/api-handlers","marketplace-core/api-handlers","NONE","NONE","YES","CAP-B01-001|CAP-B04-001|CAP-B08-001","SOURCE_REVIEWED","SUPPORTING_READ_AUTHORITY","MAPPED_TO_IMPLEMENTED_CAPABILITY","app/api/angelcare-marketplace/suppliers/route.ts; source imports/handlers reconciled against completed approved-screen and Batch evidence."
"API-1019","API_ROUTE","app/api/angelcare-marketplace/territories/[territoryCode]/health/route.ts","/api/angelcare-marketplace/territories/:territoryCode/health","UNMAPPED","GET|POST","@/angelcare-marketplace/territory-os/api-handlers","territory-os/api-handlers","NONE","NONE","YES","CAP-B07-001","SOURCE_REVIEWED","OPERATOR_CAPABILITY_AUTHORITY","MAPPED_TO_IMPLEMENTED_CAPABILITY","app/api/angelcare-marketplace/territories/[territoryCode]/health/route.ts; source imports/handlers reconciled against completed approved-screen and Batch evidence."
"API-1020","API_ROUTE","app/api/angelcare-marketplace/territories/[territoryCode]/overrides/route.ts","/api/angelcare-marketplace/territories/:territoryCode/overrides","UNMAPPED","GET|POST","@/angelcare-marketplace/territory-os/api-handlers","territory-os/api-handlers","NONE","NONE","YES","CAP-B07-001","SOURCE_REVIEWED","OPERATOR_CAPABILITY_AUTHORITY","MAPPED_TO_IMPLEMENTED_CAPABILITY","app/api/angelcare-marketplace/territories/[territoryCode]/overrides/route.ts; source imports/handlers reconciled against completed approved-screen and Batch evidence."
"API-1021","API_ROUTE","app/api/angelcare-marketplace/territories/[territoryCode]/preview/route.ts","/api/angelcare-marketplace/territories/:territoryCode/preview","UNMAPPED","GET","@/angelcare-marketplace/territory-os/api-handlers","territory-os/api-handlers","NONE","NONE","YES","CAP-B07-001","SOURCE_REVIEWED","SUPPORTING_READ_AUTHORITY","MAPPED_TO_IMPLEMENTED_CAPABILITY","app/api/angelcare-marketplace/territories/[territoryCode]/preview/route.ts; source imports/handlers reconciled against completed approved-screen and Batch evidence."
"API-1022","API_ROUTE","app/api/angelcare-marketplace/territories/[territoryCode]/readiness/[gateKey]/route.ts","/api/angelcare-marketplace/territories/:territoryCode/readiness/:gateKey","UNMAPPED","PATCH","@/angelcare-marketplace/territory-os/api-handlers","territory-os/api-handlers","NONE","NONE","YES","CAP-B07-001","SOURCE_REVIEWED","SUPPORTING_MUTATION_AUTHORITY","MAPPED_TO_IMPLEMENTED_CAPABILITY","app/api/angelcare-marketplace/territories/[territoryCode]/readiness/[gateKey]/route.ts; source imports/handlers reconciled against completed approved-screen and Batch evidence."
"API-1023","API_ROUTE","app/api/angelcare-marketplace/territories/[territoryCode]/readiness/route.ts","/api/angelcare-marketplace/territories/:territoryCode/readiness","UNMAPPED","GET","@/angelcare-marketplace/territory-os/api-handlers","territory-os/api-handlers","NONE","NONE","YES","CAP-B07-001","SOURCE_REVIEWED","SUPPORTING_READ_AUTHORITY","MAPPED_TO_IMPLEMENTED_CAPABILITY","app/api/angelcare-marketplace/territories/[territoryCode]/readiness/route.ts; source imports/handlers reconciled against completed approved-screen and Batch evidence."
"API-1024","API_ROUTE","app/api/angelcare-marketplace/territories/[territoryCode]/readiness/sign-off/route.ts","/api/angelcare-marketplace/territories/:territoryCode/readiness/sign-off","UNMAPPED","POST","@/angelcare-marketplace/territory-os/api-handlers","territory-os/api-handlers","NONE","NONE","YES","CAP-B07-001","SOURCE_REVIEWED","SUPPORTING_MUTATION_AUTHORITY","MAPPED_TO_IMPLEMENTED_CAPABILITY","app/api/angelcare-marketplace/territories/[territoryCode]/readiness/sign-off/route.ts; source imports/handlers reconciled against completed approved-screen and Batch evidence."
"API-1025","API_ROUTE","app/api/angelcare-marketplace/territories/[territoryCode]/readiness/validate/route.ts","/api/angelcare-marketplace/territories/:territoryCode/readiness/validate","UNMAPPED","POST","@/angelcare-marketplace/territory-os/api-handlers","territory-os/api-handlers","NONE","NONE","YES","CAP-B07-001","SOURCE_REVIEWED","SUPPORTING_MUTATION_AUTHORITY","MAPPED_TO_IMPLEMENTED_CAPABILITY","app/api/angelcare-marketplace/territories/[territoryCode]/readiness/validate/route.ts; source imports/handlers reconciled against completed approved-screen and Batch evidence."
"API-1026","API_ROUTE","app/api/angelcare-marketplace/territories/[territoryCode]/route.ts","/api/angelcare-marketplace/territories/:territoryCode","UNMAPPED","GET|PATCH","@/angelcare-marketplace/territory-os/api-handlers","territory-os/api-handlers","NONE","NONE","YES","CAP-B07-001","SOURCE_REVIEWED","OPERATOR_CAPABILITY_AUTHORITY","MAPPED_TO_IMPLEMENTED_CAPABILITY","app/api/angelcare-marketplace/territories/[territoryCode]/route.ts; source imports/handlers reconciled against completed approved-screen and Batch evidence."
"API-1027","API_ROUTE","app/api/angelcare-marketplace/territories/[territoryCode]/settings/[settingKey]/route.ts","/api/angelcare-marketplace/territories/:territoryCode/settings/:settingKey","UNMAPPED","PATCH","@/angelcare-marketplace/territory-os/api-handlers","territory-os/api-handlers","NONE","NONE","YES","CAP-B07-001","SOURCE_REVIEWED","SUPPORTING_MUTATION_AUTHORITY","MAPPED_TO_IMPLEMENTED_CAPABILITY","app/api/angelcare-marketplace/territories/[territoryCode]/settings/[settingKey]/route.ts; source imports/handlers reconciled against completed approved-screen and Batch evidence."
"API-1028","API_ROUTE","app/api/angelcare-marketplace/territories/[territoryCode]/settings/route.ts","/api/angelcare-marketplace/territories/:territoryCode/settings","UNMAPPED","GET","@/angelcare-marketplace/territory-os/api-handlers","territory-os/api-handlers","NONE","NONE","YES","CAP-B07-001","SOURCE_REVIEWED","SUPPORTING_READ_AUTHORITY","MAPPED_TO_IMPLEMENTED_CAPABILITY","app/api/angelcare-marketplace/territories/[territoryCode]/settings/route.ts; source imports/handlers reconciled against completed approved-screen and Batch evidence."
"API-1029","API_ROUTE","app/api/angelcare-marketplace/territories/[territoryCode]/transition/route.ts","/api/angelcare-marketplace/territories/:territoryCode/transition","UNMAPPED","POST","@/angelcare-marketplace/territory-os/api-handlers","territory-os/api-handlers","NONE","NONE","YES","CAP-B07-001","SOURCE_REVIEWED","SUPPORTING_MUTATION_AUTHORITY","MAPPED_TO_IMPLEMENTED_CAPABILITY","app/api/angelcare-marketplace/territories/[territoryCode]/transition/route.ts; source imports/handlers reconciled against completed approved-screen and Batch evidence."
"API-1030","API_ROUTE","app/api/angelcare-marketplace/territories/clone/route.ts","/api/angelcare-marketplace/territories/clone","B07","NONE","@/angelcare-marketplace/territory-os/api-handlers","territory-os/api-handlers","NONE","NONE","YES","CAP-B07-001","SOURCE_REVIEWED","SUPPORTING_READ_AUTHORITY","MAPPED_TO_IMPLEMENTED_CAPABILITY","app/api/angelcare-marketplace/territories/clone/route.ts; source imports/handlers reconciled against completed approved-screen and Batch evidence."
"API-1031","API_ROUTE","app/api/angelcare-marketplace/territories/export/route.ts","/api/angelcare-marketplace/territories/export","B07","NONE","@/angelcare-marketplace/territory-os/api-handlers","territory-os/api-handlers","NONE","NONE","YES","CAP-B07-001","SOURCE_REVIEWED","SUPPORTING_READ_AUTHORITY","MAPPED_TO_IMPLEMENTED_CAPABILITY","app/api/angelcare-marketplace/territories/export/route.ts; source imports/handlers reconciled against completed approved-screen and Batch evidence."
"API-1032","API_ROUTE","app/api/angelcare-marketplace/territories/route.ts","/api/angelcare-marketplace/territories","B07","NONE","@/angelcare-marketplace/territory-os/api-handlers","territory-os/api-handlers","NONE","NONE","YES","CAP-B07-001","SOURCE_REVIEWED","SUPPORTING_READ_AUTHORITY","MAPPED_TO_IMPLEMENTED_CAPABILITY","app/api/angelcare-marketplace/territories/route.ts; source imports/handlers reconciled against completed approved-screen and Batch evidence."
"API-1033","API_ROUTE","app/api/angelcare-marketplace/territories/templates/route.ts","/api/angelcare-marketplace/territories/templates","B07","NONE","@/angelcare-marketplace/territory-os/api-handlers","territory-os/api-handlers","NONE","NONE","YES","CAP-B07-001","SOURCE_REVIEWED","SUPPORTING_READ_AUTHORITY","MAPPED_TO_IMPLEMENTED_CAPABILITY","app/api/angelcare-marketplace/territories/templates/route.ts; source imports/handlers reconciled against completed approved-screen and Batch evidence."
"API-1034","API_ROUTE","app/api/angelcare-marketplace/territory-overrides/[overrideId]/review/route.ts","/api/angelcare-marketplace/territory-overrides/:overrideId/review","UNMAPPED","POST","@/angelcare-marketplace/territory-os/api-handlers","territory-os/api-handlers","NONE","NONE","YES","CAP-B07-001","SOURCE_REVIEWED","SUPPORTING_MUTATION_AUTHORITY","MAPPED_TO_IMPLEMENTED_CAPABILITY","app/api/angelcare-marketplace/territory-overrides/[overrideId]/review/route.ts; source imports/handlers reconciled against completed approved-screen and Batch evidence."
"API-1035","API_ROUTE","app/api/angelcare-marketplace/territory-overrides/[overrideId]/rollback/route.ts","/api/angelcare-marketplace/territory-overrides/:overrideId/rollback","UNMAPPED","POST","@/angelcare-marketplace/territory-os/api-handlers","territory-os/api-handlers","NONE","NONE","YES","CAP-B07-001","SOURCE_REVIEWED","SUPPORTING_MUTATION_AUTHORITY","MAPPED_TO_IMPLEMENTED_CAPABILITY","app/api/angelcare-marketplace/territory-overrides/[overrideId]/rollback/route.ts; source imports/handlers reconciled against completed approved-screen and Batch evidence."
"API-1036","API_ROUTE","app/api/angelcare-marketplace/territory-overrides/[overrideId]/route.ts","/api/angelcare-marketplace/territory-overrides/:overrideId","UNMAPPED","GET","@/angelcare-marketplace/territory-os/api-handlers","territory-os/api-handlers","NONE","NONE","YES","CAP-B07-001","SOURCE_REVIEWED","SUPPORTING_READ_AUTHORITY","MAPPED_TO_IMPLEMENTED_CAPABILITY","app/api/angelcare-marketplace/territory-overrides/[overrideId]/route.ts; source imports/handlers reconciled against completed approved-screen and Batch evidence."
"API-1037","API_ROUTE","app/api/angelcare-marketplace/trust/assessments/[assessmentId]/recalculate/route.ts","/api/angelcare-marketplace/trust/assessments/:assessmentId/recalculate","UNMAPPED","POST","@/angelcare-marketplace/trust-quality/api-handlers","trust-quality/api-handlers","NONE","NONE","YES","CAP-B11-001","SOURCE_REVIEWED","SUPPORTING_MUTATION_AUTHORITY","MAPPED_TO_IMPLEMENTED_CAPABILITY","app/api/angelcare-marketplace/trust/assessments/[assessmentId]/recalculate/route.ts; source imports/handlers reconciled against completed approved-screen and Batch evidence."
"API-1038","API_ROUTE","app/api/angelcare-marketplace/trust/assessments/[assessmentId]/transition/route.ts","/api/angelcare-marketplace/trust/assessments/:assessmentId/transition","UNMAPPED","POST","@/angelcare-marketplace/trust-quality/api-handlers","trust-quality/api-handlers","NONE","NONE","YES","CAP-B11-001","SOURCE_REVIEWED","SUPPORTING_MUTATION_AUTHORITY","MAPPED_TO_IMPLEMENTED_CAPABILITY","app/api/angelcare-marketplace/trust/assessments/[assessmentId]/transition/route.ts; source imports/handlers reconciled against completed approved-screen and Batch evidence."
"API-1039","API_ROUTE","app/api/angelcare-marketplace/trust/assessments/route.ts","/api/angelcare-marketplace/trust/assessments","B11","GET","@/angelcare-marketplace/trust-quality/api-handlers","trust-quality/api-handlers","NONE","NONE","YES","CAP-B11-001","SOURCE_REVIEWED","SUPPORTING_READ_AUTHORITY","MAPPED_TO_IMPLEMENTED_CAPABILITY","app/api/angelcare-marketplace/trust/assessments/route.ts; source imports/handlers reconciled against completed approved-screen and Batch evidence."
"API-1040","API_ROUTE","app/api/angelcare-marketplace/trust/capa/[actionId]/transition/route.ts","/api/angelcare-marketplace/trust/capa/:actionId/transition","UNMAPPED","POST","@/angelcare-marketplace/trust-quality/api-handlers","trust-quality/api-handlers","NONE","NONE","YES","CAP-B11-001","SOURCE_REVIEWED","SUPPORTING_MUTATION_AUTHORITY","MAPPED_TO_IMPLEMENTED_CAPABILITY","app/api/angelcare-marketplace/trust/capa/[actionId]/transition/route.ts; source imports/handlers reconciled against completed approved-screen and Batch evidence."
"API-1041","API_ROUTE","app/api/angelcare-marketplace/trust/capa/route.ts","/api/angelcare-marketplace/trust/capa","B11","GET","@/angelcare-marketplace/trust-quality/api-handlers","trust-quality/api-handlers","NONE","NONE","YES","CAP-B11-001","SOURCE_REVIEWED","SUPPORTING_READ_AUTHORITY","MAPPED_TO_IMPLEMENTED_CAPABILITY","app/api/angelcare-marketplace/trust/capa/route.ts; source imports/handlers reconciled against completed approved-screen and Batch evidence."
"API-1042","API_ROUTE","app/api/angelcare-marketplace/trust/complaints/[complaintId]/transition/route.ts","/api/angelcare-marketplace/trust/complaints/:complaintId/transition","UNMAPPED","POST","@/angelcare-marketplace/trust-quality/api-handlers","trust-quality/api-handlers","NONE","NONE","YES","CAP-B11-001","SOURCE_REVIEWED","SUPPORTING_MUTATION_AUTHORITY","MAPPED_TO_IMPLEMENTED_CAPABILITY","app/api/angelcare-marketplace/trust/complaints/[complaintId]/transition/route.ts; source imports/handlers reconciled against completed approved-screen and Batch evidence."
"API-1043","API_ROUTE","app/api/angelcare-marketplace/trust/complaints/route.ts","/api/angelcare-marketplace/trust/complaints","B11","GET","@/angelcare-marketplace/trust-quality/api-handlers","trust-quality/api-handlers","NONE","NONE","YES","CAP-B11-001","SOURCE_REVIEWED","SUPPORTING_READ_AUTHORITY","MAPPED_TO_IMPLEMENTED_CAPABILITY","app/api/angelcare-marketplace/trust/complaints/route.ts; source imports/handlers reconciled against completed approved-screen and Batch evidence."
"API-1044","API_ROUTE","app/api/angelcare-marketplace/trust/evidence/route.ts","/api/angelcare-marketplace/trust/evidence","B11","GET","@/angelcare-marketplace/trust-quality/api-handlers","trust-quality/api-handlers","NONE","NONE","YES","CAP-B11-001","SOURCE_REVIEWED","SUPPORTING_READ_AUTHORITY","MAPPED_TO_IMPLEMENTED_CAPABILITY","app/api/angelcare-marketplace/trust/evidence/route.ts; source imports/handlers reconciled against completed approved-screen and Batch evidence."
"API-1045","API_ROUTE","app/api/angelcare-marketplace/trust/sensitive-reviews/[reviewId]/approve/route.ts","/api/angelcare-marketplace/trust/sensitive-reviews/:reviewId/approve","UNMAPPED","POST","@/angelcare-marketplace/trust-quality/api-handlers","trust-quality/api-handlers","NONE","NONE","YES","CAP-B11-001","SOURCE_REVIEWED","SUPPORTING_MUTATION_AUTHORITY","MAPPED_TO_IMPLEMENTED_CAPABILITY","app/api/angelcare-marketplace/trust/sensitive-reviews/[reviewId]/approve/route.ts; source imports/handlers reconciled against completed approved-screen and Batch evidence."
"API-1046","API_ROUTE","app/api/angelcare-marketplace/trust/sensitive-reviews/route.ts","/api/angelcare-marketplace/trust/sensitive-reviews","B11","GET","@/angelcare-marketplace/trust-quality/api-handlers","trust-quality/api-handlers","NONE","NONE","YES","CAP-B11-001","SOURCE_REVIEWED","SUPPORTING_READ_AUTHORITY","MAPPED_TO_IMPLEMENTED_CAPABILITY","app/api/angelcare-marketplace/trust/sensitive-reviews/route.ts; source imports/handlers reconciled against completed approved-screen and Batch evidence."
"API-1047","API_ROUTE","app/api/angelcare-marketplace/trust/sops/[sopId]/transition/route.ts","/api/angelcare-marketplace/trust/sops/:sopId/transition","UNMAPPED","POST","@/angelcare-marketplace/trust-quality/api-handlers","trust-quality/api-handlers","NONE","NONE","YES","CAP-B11-001","SOURCE_REVIEWED","SUPPORTING_MUTATION_AUTHORITY","MAPPED_TO_IMPLEMENTED_CAPABILITY","app/api/angelcare-marketplace/trust/sops/[sopId]/transition/route.ts; source imports/handlers reconciled against completed approved-screen and Batch evidence."
"API-1048","API_ROUTE","app/api/angelcare-marketplace/trust/sops/route.ts","/api/angelcare-marketplace/trust/sops","B11","GET|POST","@/angelcare-marketplace/trust-quality/api-handlers","trust-quality/api-handlers","NONE","NONE","YES","CAP-B11-001","SOURCE_REVIEWED","OPERATOR_CAPABILITY_AUTHORITY","MAPPED_TO_IMPLEMENTED_CAPABILITY","app/api/angelcare-marketplace/trust/sops/route.ts; source imports/handlers reconciled against completed approved-screen and Batch evidence."
"API-1049","API_ROUTE","app/api/angelcare-marketplace/trust/summary/route.ts","/api/angelcare-marketplace/trust/summary","B11","GET","@/angelcare-marketplace/trust-quality/api-handlers","trust-quality/api-handlers","NONE","NONE","YES","CAP-B11-001","SOURCE_REVIEWED","SUPPORTING_READ_AUTHORITY","MAPPED_TO_IMPLEMENTED_CAPABILITY","app/api/angelcare-marketplace/trust/summary/route.ts; source imports/handlers reconciled against completed approved-screen and Batch evidence."
"API-1050","API_ROUTE","app/api/angelcare-marketplace/vendors/[vendorId]/contracts/[contractId]/transition/route.ts","/api/angelcare-marketplace/vendors/:vendorId/contracts/:contractId/transition","UNMAPPED","POST","@/angelcare-marketplace/vendor-authority/api-handlers","vendor-authority/api-handlers","authority","NONE","YES","CAP-B08-001","SOURCE_REVIEWED","SUPPORTING_MUTATION_AUTHORITY","MAPPED_TO_IMPLEMENTED_CAPABILITY","app/api/angelcare-marketplace/vendors/[vendorId]/contracts/[contractId]/transition/route.ts; source imports/handlers reconciled against completed approved-screen and Batch evidence."
"API-1051","API_ROUTE","app/api/angelcare-marketplace/vendors/[vendorId]/contracts/route.ts","/api/angelcare-marketplace/vendors/:vendorId/contracts","UNMAPPED","POST","@/angelcare-marketplace/vendor-authority/api-handlers","vendor-authority/api-handlers","authority","NONE","YES","CAP-B08-001","SOURCE_REVIEWED","SUPPORTING_MUTATION_AUTHORITY","MAPPED_TO_IMPLEMENTED_CAPABILITY","app/api/angelcare-marketplace/vendors/[vendorId]/contracts/route.ts; source imports/handlers reconciled against completed approved-screen and Batch evidence."
"API-1052","API_ROUTE","app/api/angelcare-marketplace/vendors/[vendorId]/inventory/route.ts","/api/angelcare-marketplace/vendors/:vendorId/inventory","UNMAPPED","POST","@/angelcare-marketplace/vendor-authority/api-handlers","vendor-authority/api-handlers","authority","NONE","YES","CAP-B08-001","SOURCE_REVIEWED","SUPPORTING_MUTATION_AUTHORITY","MAPPED_TO_IMPLEMENTED_CAPABILITY","app/api/angelcare-marketplace/vendors/[vendorId]/inventory/route.ts; source imports/handlers reconciled against completed approved-screen and Batch evidence."
"API-1053","API_ROUTE","app/api/angelcare-marketplace/vendors/[vendorId]/lifecycle/route.ts","/api/angelcare-marketplace/vendors/:vendorId/lifecycle","UNMAPPED","POST","@/angelcare-marketplace/vendor-authority/api-handlers","vendor-authority/api-handlers","authority","NONE","YES","CAP-B08-001","SOURCE_REVIEWED","SUPPORTING_MUTATION_AUTHORITY","MAPPED_TO_IMPLEMENTED_CAPABILITY","app/api/angelcare-marketplace/vendors/[vendorId]/lifecycle/route.ts; source imports/handlers reconciled against completed approved-screen and Batch evidence."
"API-1054","API_ROUTE","app/api/angelcare-marketplace/vendors/[vendorId]/orders/[orderId]/transition/route.ts","/api/angelcare-marketplace/vendors/:vendorId/orders/:orderId/transition","UNMAPPED","POST","@/angelcare-marketplace/vendor-authority/api-handlers","vendor-authority/api-handlers","authority","NONE","YES","CAP-B08-001","SOURCE_REVIEWED","SUPPORTING_MUTATION_AUTHORITY","MAPPED_TO_IMPLEMENTED_CAPABILITY","app/api/angelcare-marketplace/vendors/[vendorId]/orders/[orderId]/transition/route.ts; source imports/handlers reconciled against completed approved-screen and Batch evidence."
"API-1055","API_ROUTE","app/api/angelcare-marketplace/vendors/[vendorId]/orders/route.ts","/api/angelcare-marketplace/vendors/:vendorId/orders","UNMAPPED","POST","@/angelcare-marketplace/vendor-authority/api-handlers","vendor-authority/api-handlers","authority","NONE","YES","CAP-B08-001","SOURCE_REVIEWED","SUPPORTING_MUTATION_AUTHORITY","MAPPED_TO_IMPLEMENTED_CAPABILITY","app/api/angelcare-marketplace/vendors/[vendorId]/orders/route.ts; source imports/handlers reconciled against completed approved-screen and Batch evidence."
"API-1056","API_ROUTE","app/api/angelcare-marketplace/vendors/[vendorId]/performance/route.ts","/api/angelcare-marketplace/vendors/:vendorId/performance","UNMAPPED","POST","@/angelcare-marketplace/vendor-authority/api-handlers","vendor-authority/api-handlers","authority","NONE","YES","CAP-B08-001","SOURCE_REVIEWED","SUPPORTING_MUTATION_AUTHORITY","MAPPED_TO_IMPLEMENTED_CAPABILITY","app/api/angelcare-marketplace/vendors/[vendorId]/performance/route.ts; source imports/handlers reconciled against completed approved-screen and Batch evidence."
"API-1057","API_ROUTE","app/api/angelcare-marketplace/vendors/[vendorId]/quality/[reviewId]/transition/route.ts","/api/angelcare-marketplace/vendors/:vendorId/quality/:reviewId/transition","UNMAPPED","POST","@/angelcare-marketplace/vendor-authority/api-handlers","vendor-authority/api-handlers","authority","NONE","YES","CAP-B08-001","SOURCE_REVIEWED","SUPPORTING_MUTATION_AUTHORITY","MAPPED_TO_IMPLEMENTED_CAPABILITY","app/api/angelcare-marketplace/vendors/[vendorId]/quality/[reviewId]/transition/route.ts; source imports/handlers reconciled against completed approved-screen and Batch evidence."
"API-1058","API_ROUTE","app/api/angelcare-marketplace/vendors/[vendorId]/quality/route.ts","/api/angelcare-marketplace/vendors/:vendorId/quality","UNMAPPED","POST","@/angelcare-marketplace/vendor-authority/api-handlers","vendor-authority/api-handlers","authority","NONE","YES","CAP-B08-001","SOURCE_REVIEWED","SUPPORTING_MUTATION_AUTHORITY","MAPPED_TO_IMPLEMENTED_CAPABILITY","app/api/angelcare-marketplace/vendors/[vendorId]/quality/route.ts; source imports/handlers reconciled against completed approved-screen and Batch evidence."
"API-1059","API_ROUTE","app/api/angelcare-marketplace/vendors/authority/route.ts","/api/angelcare-marketplace/vendors/authority","B08","GET","@/angelcare-marketplace/vendor-authority/api-handlers","vendor-authority/api-handlers","authority","NONE","YES","CAP-B08-001","SOURCE_REVIEWED","SUPPORTING_READ_AUTHORITY","MAPPED_TO_IMPLEMENTED_CAPABILITY","app/api/angelcare-marketplace/vendors/authority/route.ts; source imports/handlers reconciled against completed approved-screen and Batch evidence."
"API-1060","API_ROUTE","app/api/angelcare-marketplace/vendors/settlements/[settlementId]/decision/route.ts","/api/angelcare-marketplace/vendors/settlements/:settlementId/decision","UNMAPPED","POST","@/angelcare-marketplace/vendor-authority/api-handlers","vendor-authority/api-handlers","authority","NONE","YES","CAP-B08-001","SOURCE_REVIEWED","SUPPORTING_MUTATION_AUTHORITY","MAPPED_TO_IMPLEMENTED_CAPABILITY","app/api/angelcare-marketplace/vendors/settlements/[settlementId]/decision/route.ts; source imports/handlers reconciled against completed approved-screen and Batch evidence."
"API-1061","API_ROUTE","app/api/angelcare-marketplace/wallet/comparison/route.ts","/api/angelcare-marketplace/wallet/comparison","UNMAPPED","GET|POST","@/angelcare-marketplace/customer-commerce/api-handlers","customer-commerce/api-handlers","NONE","NONE","YES","CAP-GLOBAL-001","SOURCE_REVIEWED","OPERATOR_CAPABILITY_AUTHORITY","MAPPED_TO_IMPLEMENTED_CAPABILITY","app/api/angelcare-marketplace/wallet/comparison/route.ts; source imports/handlers reconciled against completed approved-screen and Batch evidence."
"API-1062","API_ROUTE","app/api/angelcare-marketplace/wallet/route.ts","/api/angelcare-marketplace/wallet","UNMAPPED","GET","@/angelcare-marketplace/customer-commerce/api-handlers","customer-commerce/api-handlers","NONE","NONE","YES","CAP-GLOBAL-001","SOURCE_REVIEWED","SUPPORTING_READ_AUTHORITY","MAPPED_TO_IMPLEMENTED_CAPABILITY","app/api/angelcare-marketplace/wallet/route.ts; source imports/handlers reconciled against completed approved-screen and Batch evidence."
"API-1063","API_ROUTE","app/api/angelcare-marketplace/wallet/topups/quote/route.ts","/api/angelcare-marketplace/wallet/topups/quote","UNMAPPED","POST","@/angelcare-marketplace/customer-commerce/api-handlers","customer-commerce/api-handlers","NONE","NONE","YES","CAP-GLOBAL-001","SOURCE_REVIEWED","SUPPORTING_MUTATION_AUTHORITY","MAPPED_TO_IMPLEMENTED_CAPABILITY","app/api/angelcare-marketplace/wallet/topups/quote/route.ts; source imports/handlers reconciled against completed approved-screen and Batch evidence."
"API-1064","API_ROUTE","app/api/angelcare-marketplace/wallet/topups/route.ts","/api/angelcare-marketplace/wallet/topups","UNMAPPED","POST","@/angelcare-marketplace/customer-commerce/api-handlers","customer-commerce/api-handlers","NONE","NONE","YES","CAP-GLOBAL-001","SOURCE_REVIEWED","SUPPORTING_MUTATION_AUTHORITY","MAPPED_TO_IMPLEMENTED_CAPABILITY","app/api/angelcare-marketplace/wallet/topups/route.ts; source imports/handlers reconciled against completed approved-screen and Batch evidence."
"API-1065","API_ROUTE","app/api/angelcare-marketplace/wallet/transactions/route.ts","/api/angelcare-marketplace/wallet/transactions","UNMAPPED","GET","@/angelcare-marketplace/customer-commerce/api-handlers","customer-commerce/api-handlers","NONE","NONE","YES","CAP-GLOBAL-001","SOURCE_REVIEWED","SUPPORTING_READ_AUTHORITY","MAPPED_TO_IMPLEMENTED_CAPABILITY","app/api/angelcare-marketplace/wallet/transactions/route.ts; source imports/handlers reconciled against completed approved-screen and Batch evidence."
