"route","source_component","actual_behavior","redirect_target","batch","canonical_workspace","canonical_destination","disposition","capability_ids","review_status","evidence"
"/angelcare-marketplace/admin/configuration/integrations/payments/paypal","customer-commerce/components/PayPalOperations","Safe PayPal configuration, adapter capability, webhook and transaction evidence plus OAuth-only test","NOT_APPLICABLE","B11","Paramètres & gouvernance","/angelcare-marketplace/admin/configuration/integrations/payments/paypal","ADVANCED_TOOL","CAP-B10-002|CAP-B11-009","SOURCE_REVIEWED","No primary navigation item; linked contextually from Governance."
"/angelcare-marketplace/admin/configuration/storage/media","commerce-studio/components/MediaStorageOperations","Windows Marketplace storage configuration and operational health","NOT_APPLICABLE","B11","Paramètres & gouvernance","/angelcare-marketplace/admin/configuration/storage/media","ADVANCED_TOOL","CAP-B05-006|CAP-B11-009","SOURCE_REVIEWED","No primary navigation item; linked from Governance and Media Library."
"/angelcare-marketplace/admin/live-experience-command/proof-sources","live-experience-command/components/LiveProofSources","Truth-source registry, safe resolver test, source health and proof-widget linkage","NOT_APPLICABLE","B06","Marketing & promotions","/angelcare-marketplace/admin/live-experience-command/proof-sources","MERGED_INTO_STUDIO","CAP-B06-003","SOURCE_REVIEWED","Contextual Live Experience studio route; no new primary workspace."
"/angelcare-marketplace/admin/academy/assessments","academy-engine/final-admin-page","Protected Admin surface rendering academy-engine/final-admin-page","NOT_APPLICABLE","B09","Academy / B2B & partenaires","/angelcare-marketplace/admin/academy","MERGED_INTO_CONTROL_ROOM","CAP-B09-001","SOURCE_REVIEWED","app/angelcare-marketplace/(protected)/admin/academy/assessments/page.tsx; actual component imports and approved canonical screen authority reviewed."
"/angelcare-marketplace/admin/academy/attendance","academy-engine/final-admin-page","Protected Admin surface rendering academy-engine/final-admin-page","NOT_APPLICABLE","B09","Academy / B2B & partenaires","/angelcare-marketplace/admin/academy","MERGED_INTO_CONTROL_ROOM","CAP-B09-001","SOURCE_REVIEWED","app/angelcare-marketplace/(protected)/admin/academy/attendance/page.tsx; actual component imports and approved canonical screen authority reviewed."
"/angelcare-marketplace/admin/academy/b2b-training","academy-engine/final-admin-page","Protected Admin surface rendering academy-engine/final-admin-page","NOT_APPLICABLE","B09","Academy / B2B & partenaires","/angelcare-marketplace/admin/academy","MERGED_INTO_CONTROL_ROOM","CAP-B09-001","SOURCE_REVIEWED","app/angelcare-marketplace/(protected)/admin/academy/b2b-training/page.tsx; actual component imports and approved canonical screen authority reviewed."
"/angelcare-marketplace/admin/academy/catalog","auth/context|academy-engine/repository|academy-engine/components/CatalogRegistry","Protected Admin surface rendering auth/context|academy-engine/repository|academy-engine/components/CatalogRegistry","NOT_APPLICABLE","B09","Academy / B2B & partenaires","/angelcare-marketplace/admin/academy/catalog","CANONICAL","CAP-B09-002","SOURCE_REVIEWED","app/angelcare-marketplace/(protected)/admin/academy/catalog/page.tsx; actual component imports and approved canonical screen authority reviewed."
"/angelcare-marketplace/admin/academy/certificates","auth/context|academy-engine/repository|academy-engine/components/CertificateAuthority","Protected Admin surface rendering auth/context|academy-engine/repository|academy-engine/components/CertificateAuthority","NOT_APPLICABLE","B09","Academy / B2B & partenaires","/angelcare-marketplace/admin/academy/certificates","CANONICAL","CAP-B09-004","SOURCE_REVIEWED","app/angelcare-marketplace/(protected)/admin/academy/certificates/page.tsx; actual component imports and approved canonical screen authority reviewed."
"/angelcare-marketplace/admin/academy/cohorts","auth/context|academy-engine/repository|academy-engine/components/CohortCommand","Protected Admin surface rendering auth/context|academy-engine/repository|academy-engine/components/CohortCommand","NOT_APPLICABLE","B09","Academy / B2B & partenaires","/angelcare-marketplace/admin/academy/cohorts","CANONICAL","CAP-B09-003","SOURCE_REVIEWED","app/angelcare-marketplace/(protected)/admin/academy/cohorts/page.tsx; actual component imports and approved canonical screen authority reviewed."
"/angelcare-marketplace/admin/academy/compliance","auth/context|academy-engine/components/CertificateAuthority|academy-engine/repository","Protected Admin surface rendering auth/context|academy-engine/components/CertificateAuthority|academy-engine/repository","NOT_APPLICABLE","B09","Academy / B2B & partenaires","/angelcare-marketplace/admin/academy","MERGED_INTO_CONTROL_ROOM","CAP-B09-001","SOURCE_REVIEWED","app/angelcare-marketplace/(protected)/admin/academy/compliance/page.tsx; actual component imports and approved canonical screen authority reviewed."
"/angelcare-marketplace/admin/academy/courses","academy-engine/final-admin-page","Protected Admin surface rendering academy-engine/final-admin-page","NOT_APPLICABLE","B09","Academy / B2B & partenaires","/angelcare-marketplace/admin/academy","MERGED_INTO_CONTROL_ROOM","CAP-B09-001","SOURCE_REVIEWED","app/angelcare-marketplace/(protected)/admin/academy/courses/page.tsx; actual component imports and approved canonical screen authority reviewed."
"/angelcare-marketplace/admin/academy/enrollments","academy-engine/final-admin-page","Protected Admin surface rendering academy-engine/final-admin-page","NOT_APPLICABLE","B09","Academy / B2B & partenaires","/angelcare-marketplace/admin/academy","MERGED_INTO_CONTROL_ROOM","CAP-B09-001","SOURCE_REVIEWED","app/angelcare-marketplace/(protected)/admin/academy/enrollments/page.tsx; actual component imports and approved canonical screen authority reviewed."
"/angelcare-marketplace/admin/academy","auth/context|academy-engine/repository|academy-engine/components/AcademyCommand","Protected Admin surface rendering auth/context|academy-engine/repository|academy-engine/components/AcademyCommand","NOT_APPLICABLE","B09","Academy / B2B & partenaires","/angelcare-marketplace/admin/academy","CANONICAL","CAP-B09-001","SOURCE_REVIEWED","app/angelcare-marketplace/(protected)/admin/academy/page.tsx; actual component imports and approved canonical screen authority reviewed."
"/angelcare-marketplace/admin/academy/programs","academy-engine/final-admin-page","Protected Admin surface rendering academy-engine/final-admin-page","NOT_APPLICABLE","B09","Academy / B2B & partenaires","/angelcare-marketplace/admin/academy","MERGED_INTO_CONTROL_ROOM","CAP-B09-001","SOURCE_REVIEWED","app/angelcare-marketplace/(protected)/admin/academy/programs/page.tsx; actual component imports and approved canonical screen authority reviewed."
"/angelcare-marketplace/admin/academy/sessions","academy-engine/final-admin-page","Protected Admin surface rendering academy-engine/final-admin-page","NOT_APPLICABLE","B09","Academy / B2B & partenaires","/angelcare-marketplace/admin/academy","MERGED_INTO_CONTROL_ROOM","CAP-B09-001","SOURCE_REVIEWED","app/angelcare-marketplace/(protected)/admin/academy/sessions/page.tsx; actual component imports and approved canonical screen authority reviewed."
"/angelcare-marketplace/admin/academy/trainers","academy-engine/final-admin-page","Protected Admin surface rendering academy-engine/final-admin-page","NOT_APPLICABLE","B09","Academy / B2B & partenaires","/angelcare-marketplace/admin/academy","MERGED_INTO_CONTROL_ROOM","CAP-B09-001","SOURCE_REVIEWED","app/angelcare-marketplace/(protected)/admin/academy/trainers/page.tsx; actual component imports and approved canonical screen authority reviewed."
"/angelcare-marketplace/admin/action-center","auth/context|design-system/ui|sovereign-control/components/ActionCenter|sovereign-control/repository","Protected Admin surface rendering auth/context|design-system/ui|sovereign-control/components/ActionCenter|sovereign-control/repository","NOT_APPLICABLE","B11","Trust & qualité","/angelcare-marketplace/admin/trust","MERGED_INTO_CONTROL_ROOM","CAP-B11-001","SOURCE_REVIEWED","app/angelcare-marketplace/(protected)/admin/action-center/page.tsx; actual component imports and approved canonical screen authority reviewed."
"/angelcare-marketplace/admin/activation","production-activation/admin-page","Protected Admin surface rendering production-activation/admin-page","NOT_APPLICABLE","B11","Trust & qualité","/angelcare-marketplace/admin/trust","MERGED_INTO_CONTROL_ROOM","CAP-B11-001","SOURCE_REVIEWED","app/angelcare-marketplace/(protected)/admin/activation/page.tsx; actual component imports and approved canonical screen authority reviewed."
"/angelcare-marketplace/admin/analytics/academy","auth/context|analytics-security/repository|analytics-security/components/MetricRegistry","Protected Admin surface rendering auth/context|analytics-security/repository|analytics-security/components/MetricRegistry","NOT_APPLICABLE","B11","Analytics & intelligence","/angelcare-marketplace/admin/analytics","MERGED_INTO_CONTROL_ROOM","CAP-B11-005","SOURCE_REVIEWED","app/angelcare-marketplace/(protected)/admin/analytics/academy/page.tsx; actual component imports and approved canonical screen authority reviewed."
"/angelcare-marketplace/admin/analytics/b2b","auth/context|analytics-security/repository|analytics-security/components/MetricRegistry","Protected Admin surface rendering auth/context|analytics-security/repository|analytics-security/components/MetricRegistry","NOT_APPLICABLE","B11","Analytics & intelligence","/angelcare-marketplace/admin/analytics","MERGED_INTO_CONTROL_ROOM","CAP-B11-005","SOURCE_REVIEWED","app/angelcare-marketplace/(protected)/admin/analytics/b2b/page.tsx; actual component imports and approved canonical screen authority reviewed."
"/angelcare-marketplace/admin/analytics/data-quality","auth/context|analytics-security/repository|analytics-security/components/MetricRegistry","Protected Admin surface rendering auth/context|analytics-security/repository|analytics-security/components/MetricRegistry","NOT_APPLICABLE","B11","Analytics & intelligence","/angelcare-marketplace/admin/analytics","MERGED_INTO_CONTROL_ROOM","CAP-B11-005","SOURCE_REVIEWED","app/angelcare-marketplace/(protected)/admin/analytics/data-quality/page.tsx; actual component imports and approved canonical screen authority reviewed."
"/angelcare-marketplace/admin/analytics/executive","next/navigation","Source redirect/compatibility alias","/angelcare-marketplace/admin/analytics","B11","Analytics & intelligence","/angelcare-marketplace/admin/analytics","COMPATIBILITY_REDIRECT","CAP-B11-005","SOURCE_REVIEWED","app/angelcare-marketplace/(protected)/admin/analytics/executive/page.tsx; actual component imports and approved canonical screen authority reviewed."
"/angelcare-marketplace/admin/analytics/families","auth/context|analytics-security/repository|analytics-security/components/MetricRegistry","Protected Admin surface rendering auth/context|analytics-security/repository|analytics-security/components/MetricRegistry","NOT_APPLICABLE","B11","Analytics & intelligence","/angelcare-marketplace/admin/analytics","MERGED_INTO_CONTROL_ROOM","CAP-B11-005","SOURCE_REVIEWED","app/angelcare-marketplace/(protected)/admin/analytics/families/page.tsx; actual component imports and approved canonical screen authority reviewed."
"/angelcare-marketplace/admin/analytics/finance","auth/context|analytics-security/repository|analytics-security/components/MetricRegistry","Protected Admin surface rendering auth/context|analytics-security/repository|analytics-security/components/MetricRegistry","NOT_APPLICABLE","B11","Analytics & intelligence","/angelcare-marketplace/admin/analytics","MERGED_INTO_CONTROL_ROOM","CAP-B11-005","SOURCE_REVIEWED","app/angelcare-marketplace/(protected)/admin/analytics/finance/page.tsx; actual component imports and approved canonical screen authority reviewed."
"/angelcare-marketplace/admin/analytics/marketplace","auth/context|analytics-security/repository|analytics-security/components/MetricRegistry","Protected Admin surface rendering auth/context|analytics-security/repository|analytics-security/components/MetricRegistry","NOT_APPLICABLE","B11","Analytics & intelligence","/angelcare-marketplace/admin/analytics/marketplace","CANONICAL","CAP-B11-006","SOURCE_REVIEWED","app/angelcare-marketplace/(protected)/admin/analytics/marketplace/page.tsx; actual component imports and approved canonical screen authority reviewed."
"/angelcare-marketplace/admin/analytics/operations","auth/context|analytics-security/repository|analytics-security/components/MetricRegistry","Protected Admin surface rendering auth/context|analytics-security/repository|analytics-security/components/MetricRegistry","NOT_APPLICABLE","B11","Analytics & intelligence","/angelcare-marketplace/admin/analytics","MERGED_INTO_CONTROL_ROOM","CAP-B11-005","SOURCE_REVIEWED","app/angelcare-marketplace/(protected)/admin/analytics/operations/page.tsx; actual component imports and approved canonical screen authority reviewed."
"/angelcare-marketplace/admin/analytics","auth/context|analytics-security/repository|analytics-security/components/AnalyticsCommand","Protected Admin surface rendering auth/context|analytics-security/repository|analytics-security/components/AnalyticsCommand","NOT_APPLICABLE","B08|B11","Analytics & intelligence","/angelcare-marketplace/admin/analytics","CANONICAL","CAP-B11-005","SOURCE_REVIEWED","app/angelcare-marketplace/(protected)/admin/analytics/page.tsx; actual component imports and approved canonical screen authority reviewed."
"/angelcare-marketplace/admin/analytics/providers","auth/context|analytics-security/repository|analytics-security/components/MetricRegistry","Protected Admin surface rendering auth/context|analytics-security/repository|analytics-security/components/MetricRegistry","NOT_APPLICABLE","B08|B11","Analytics & intelligence","/angelcare-marketplace/admin/analytics","MERGED_INTO_CONTROL_ROOM","CAP-B11-005","SOURCE_REVIEWED","app/angelcare-marketplace/(protected)/admin/analytics/providers/page.tsx; actual component imports and approved canonical screen authority reviewed."
"/angelcare-marketplace/admin/analytics/territories","auth/context|analytics-security/repository|analytics-security/components/MetricRegistry","Protected Admin surface rendering auth/context|analytics-security/repository|analytics-security/components/MetricRegistry","NOT_APPLICABLE","B11","Analytics & intelligence","/angelcare-marketplace/admin/analytics","MERGED_INTO_CONTROL_ROOM","CAP-B11-005","SOURCE_REVIEWED","app/angelcare-marketplace/(protected)/admin/analytics/territories/page.tsx; actual component imports and approved canonical screen authority reviewed."
"/angelcare-marketplace/admin/analytics/trust","auth/context|analytics-security/repository|analytics-security/components/MetricRegistry","Protected Admin surface rendering auth/context|analytics-security/repository|analytics-security/components/MetricRegistry","NOT_APPLICABLE","B11","Analytics & intelligence","/angelcare-marketplace/admin/analytics","MERGED_INTO_CONTROL_ROOM","CAP-B11-005","SOURCE_REVIEWED","app/angelcare-marketplace/(protected)/admin/analytics/trust/page.tsx; actual component imports and approved canonical screen authority reviewed."
"/angelcare-marketplace/admin/approvals","auth/context|design-system/ui|sovereign-control/components/ApprovalCenter|sovereign-control/repository","Protected Admin surface rendering auth/context|design-system/ui|sovereign-control/components/ApprovalCenter|sovereign-control/repository","NOT_APPLICABLE","B04","Commandes & réservations","/angelcare-marketplace/admin/orders","MERGED_INTO_CONTROL_ROOM","CAP-B04-001","SOURCE_REVIEWED","app/angelcare-marketplace/(protected)/admin/approvals/page.tsx; actual component imports and approved canonical screen authority reviewed."
"/angelcare-marketplace/admin/bookings","auth/context|enterprise-closure/repository|enterprise-closure/components/BookingCommand","Protected Admin surface rendering auth/context|enterprise-closure/repository|enterprise-closure/components/BookingCommand","NOT_APPLICABLE","B04","Commandes & réservations","/angelcare-marketplace/admin/bookings","CANONICAL","CAP-B04-005","SOURCE_REVIEWED","app/angelcare-marketplace/(protected)/admin/bookings/page.tsx; actual component imports and approved canonical screen authority reviewed."
"/angelcare-marketplace/admin/bulk-operations","auth/context|enterprise-command/components/BulkOperationsCenter","Protected Admin surface rendering auth/context|enterprise-command/components/BulkOperationsCenter","NOT_APPLICABLE","B07","Opérations","/angelcare-marketplace/admin/bulk-operations","CANONICAL","CAP-B07-010","SOURCE_REVIEWED","app/angelcare-marketplace/(protected)/admin/bulk-operations/page.tsx; actual component imports and approved canonical screen authority reviewed."
"/angelcare-marketplace/admin/business-pulse","auth/context|enterprise-command/components/BusinessPulseCommand","Protected Admin surface rendering auth/context|enterprise-command/components/BusinessPulseCommand","NOT_APPLICABLE","B11","Trust & qualité","/angelcare-marketplace/admin/trust","MERGED_INTO_CONTROL_ROOM","CAP-B11-001","SOURCE_REVIEWED","app/angelcare-marketplace/(protected)/admin/business-pulse/page.tsx; actual component imports and approved canonical screen authority reviewed."
"/angelcare-marketplace/admin/catalog/categories/:categoryId","commerce-studio/admin-pages","Protected Admin surface rendering commerce-studio/admin-pages","NOT_APPLICABLE","GLOBAL","Catégories & collections","/angelcare-marketplace/admin/catalog/categories/[categoryId]","CANONICAL","CAP-B02-002","SOURCE_REVIEWED","app/angelcare-marketplace/(protected)/admin/catalog/categories/[categoryId]/page.tsx; actual component imports and approved canonical screen authority reviewed."
"/angelcare-marketplace/admin/catalog/categories/:categoryId/products","commerce-studio/admin-pages","Protected Admin surface rendering commerce-studio/admin-pages","NOT_APPLICABLE","GLOBAL","Catégories & collections","/angelcare-marketplace/admin/catalog/categories/[categoryId]/products","CANONICAL","CAP-B02-005","SOURCE_REVIEWED","app/angelcare-marketplace/(protected)/admin/catalog/categories/[categoryId]/products/page.tsx; actual component imports and approved canonical screen authority reviewed."
"/angelcare-marketplace/admin/catalog/categories/:categoryId/seo","commerce-studio/admin-pages","Protected Admin surface rendering commerce-studio/admin-pages","NOT_APPLICABLE","GLOBAL","Catégories & collections","/angelcare-marketplace/admin/catalog/categories/[categoryId]/seo","CANONICAL","CAP-B02-004","SOURCE_REVIEWED","app/angelcare-marketplace/(protected)/admin/catalog/categories/[categoryId]/seo/page.tsx; actual component imports and approved canonical screen authority reviewed."
"/angelcare-marketplace/admin/catalog/categories/:categoryId/storefront","commerce-studio/admin-pages","Protected Admin surface rendering commerce-studio/admin-pages","NOT_APPLICABLE","GLOBAL","Catégories & collections","/angelcare-marketplace/admin/catalog/categories/[categoryId]/storefront","CANONICAL","CAP-B02-003","SOURCE_REVIEWED","app/angelcare-marketplace/(protected)/admin/catalog/categories/[categoryId]/storefront/page.tsx; actual component imports and approved canonical screen authority reviewed."
"/angelcare-marketplace/admin/catalog/categories/new","commerce-studio/admin-pages","Protected Admin surface rendering commerce-studio/admin-pages","NOT_APPLICABLE","B02","Catégories & collections","/angelcare-marketplace/admin/catalog/categories","ADVANCED_TOOL","CAP-B02-001","SOURCE_REVIEWED","app/angelcare-marketplace/(protected)/admin/catalog/categories/new/page.tsx; actual component imports and approved canonical screen authority reviewed."
"/angelcare-marketplace/admin/catalog/categories","commerce-studio/admin-pages","Protected Admin surface rendering commerce-studio/admin-pages","NOT_APPLICABLE","B02","Catégories & collections","/angelcare-marketplace/admin/catalog/categories","CANONICAL","CAP-B02-001","SOURCE_REVIEWED","app/angelcare-marketplace/(protected)/admin/catalog/categories/page.tsx; actual component imports and approved canonical screen authority reviewed."
"/angelcare-marketplace/admin/catalog/collections","next/navigation","Source redirect/compatibility alias","/angelcare-marketplace/admin/merchandising/collections","B02","Catégories & collections","/angelcare-marketplace/admin/merchandising/collections","COMPATIBILITY_REDIRECT","CAP-B02-001","SOURCE_REVIEWED","app/angelcare-marketplace/(protected)/admin/catalog/collections/page.tsx; actual component imports and approved canonical screen authority reviewed."
"/angelcare-marketplace/admin/catalog/import","auth/context|enterprise-command/components/ProductImportStudio","Protected Admin surface rendering auth/context|enterprise-command/components/ProductImportStudio","NOT_APPLICABLE","B07","Opérations","/angelcare-marketplace/admin/operations/today","MERGED_INTO_CONTROL_ROOM","CAP-B07-001","SOURCE_REVIEWED","app/angelcare-marketplace/(protected)/admin/catalog/import/page.tsx; actual component imports and approved canonical screen authority reviewed."
"/angelcare-marketplace/admin/catalog/items/:itemId/availability","commerce-studio/admin-pages","Protected Admin surface rendering commerce-studio/admin-pages","NOT_APPLICABLE","GLOBAL","Accueil / Produits & services","/angelcare-marketplace/admin/catalog/items/[itemId]/availability","CANONICAL","CAP-B01-007","SOURCE_REVIEWED","app/angelcare-marketplace/(protected)/admin/catalog/items/[itemId]/availability/page.tsx; actual component imports and approved canonical screen authority reviewed."
"/angelcare-marketplace/admin/catalog/items/:itemId/categories","commerce-studio/admin-pages","Protected Admin surface rendering commerce-studio/admin-pages","NOT_APPLICABLE","GLOBAL","Accueil / cross-domain shell","/angelcare-marketplace/admin","ADVANCED_TOOL","CAP-GLOBAL-001","SOURCE_REVIEWED","app/angelcare-marketplace/(protected)/admin/catalog/items/[itemId]/categories/page.tsx; actual component imports and approved canonical screen authority reviewed."
"/angelcare-marketplace/admin/catalog/items/:itemId/commercial","commerce-studio/admin-pages","Protected Admin surface rendering commerce-studio/admin-pages","NOT_APPLICABLE","GLOBAL","Accueil / Produits & services","/angelcare-marketplace/admin/catalog/items/[itemId]/commercial","CANONICAL","CAP-B01-006","SOURCE_REVIEWED","app/angelcare-marketplace/(protected)/admin/catalog/items/[itemId]/commercial/page.tsx; actual component imports and approved canonical screen authority reviewed."
"/angelcare-marketplace/admin/catalog/items/:itemId/content","commerce-studio/admin-pages","Protected Admin surface rendering commerce-studio/admin-pages","NOT_APPLICABLE","GLOBAL","Accueil / Produits & services","/angelcare-marketplace/admin/catalog/items/[itemId]/content","CANONICAL","CAP-B01-005","SOURCE_REVIEWED","app/angelcare-marketplace/(protected)/admin/catalog/items/[itemId]/content/page.tsx; actual component imports and approved canonical screen authority reviewed."
"/angelcare-marketplace/admin/catalog/items/:itemId/fulfillment","commerce-studio/admin-pages","Protected Admin surface rendering commerce-studio/admin-pages","NOT_APPLICABLE","GLOBAL","Accueil / Produits & services","/angelcare-marketplace/admin/catalog/items/[itemId]/fulfillment","CANONICAL","CAP-B01-008","SOURCE_REVIEWED","app/angelcare-marketplace/(protected)/admin/catalog/items/[itemId]/fulfillment/page.tsx; actual component imports and approved canonical screen authority reviewed."
"/angelcare-marketplace/admin/catalog/items/:itemId/history","commerce-studio/admin-pages","Protected Admin surface rendering commerce-studio/admin-pages","NOT_APPLICABLE","GLOBAL","Accueil / cross-domain shell","/angelcare-marketplace/admin","ADVANCED_TOOL","CAP-GLOBAL-001","SOURCE_REVIEWED","app/angelcare-marketplace/(protected)/admin/catalog/items/[itemId]/history/page.tsx; actual component imports and approved canonical screen authority reviewed."
"/angelcare-marketplace/admin/catalog/items/:itemId/media","commerce-studio/admin-pages","Protected Admin surface rendering commerce-studio/admin-pages","NOT_APPLICABLE","GLOBAL","Accueil / cross-domain shell","/angelcare-marketplace/admin","ADVANCED_TOOL","CAP-GLOBAL-001","SOURCE_REVIEWED","app/angelcare-marketplace/(protected)/admin/catalog/items/[itemId]/media/page.tsx; actual component imports and approved canonical screen authority reviewed."
"/angelcare-marketplace/admin/catalog/items/:itemId/merchandising","commerce-studio/admin-pages","Protected Admin surface rendering commerce-studio/admin-pages","NOT_APPLICABLE","GLOBAL","Accueil / cross-domain shell","/angelcare-marketplace/admin","ADVANCED_TOOL","CAP-GLOBAL-001","SOURCE_REVIEWED","app/angelcare-marketplace/(protected)/admin/catalog/items/[itemId]/merchandising/page.tsx; actual component imports and approved canonical screen authority reviewed."
"/angelcare-marketplace/admin/catalog/items/:itemId/overview","commerce-studio/admin-pages","Protected Admin surface rendering commerce-studio/admin-pages","NOT_APPLICABLE","GLOBAL","Accueil / Produits & services","/angelcare-marketplace/admin/catalog/items/[itemId]/overview","CANONICAL","CAP-B01-004","SOURCE_REVIEWED","app/angelcare-marketplace/(protected)/admin/catalog/items/[itemId]/overview/page.tsx; actual component imports and approved canonical screen authority reviewed."
"/angelcare-marketplace/admin/catalog/items/:itemId","commerce-studio/admin-pages","Protected Admin surface rendering commerce-studio/admin-pages","NOT_APPLICABLE","GLOBAL","Accueil / cross-domain shell","/angelcare-marketplace/admin","ADVANCED_TOOL","CAP-GLOBAL-001","SOURCE_REVIEWED","app/angelcare-marketplace/(protected)/admin/catalog/items/[itemId]/page.tsx; actual component imports and approved canonical screen authority reviewed."
"/angelcare-marketplace/admin/catalog/items/:itemId/presentation","commerce-studio/admin-pages","Protected Admin surface rendering commerce-studio/admin-pages","NOT_APPLICABLE","GLOBAL","Accueil / cross-domain shell","/angelcare-marketplace/admin","ADVANCED_TOOL","CAP-GLOBAL-001","SOURCE_REVIEWED","app/angelcare-marketplace/(protected)/admin/catalog/items/[itemId]/presentation/page.tsx; actual component imports and approved canonical screen authority reviewed."
"/angelcare-marketplace/admin/catalog/items/:itemId/preview","commerce-studio/admin-pages","Protected Admin surface rendering commerce-studio/admin-pages","NOT_APPLICABLE","GLOBAL","Accueil / Produits & services","/angelcare-marketplace/admin/catalog/items/[itemId]/preview","CANONICAL","CAP-B01-010","SOURCE_REVIEWED","app/angelcare-marketplace/(protected)/admin/catalog/items/[itemId]/preview/page.tsx; actual component imports and approved canonical screen authority reviewed."
"/angelcare-marketplace/admin/catalog/items/:itemId/pricing","commerce-studio/admin-pages","Protected Admin surface rendering commerce-studio/admin-pages","NOT_APPLICABLE","GLOBAL","Accueil / cross-domain shell","/angelcare-marketplace/admin","ADVANCED_TOOL","CAP-GLOBAL-001","SOURCE_REVIEWED","app/angelcare-marketplace/(protected)/admin/catalog/items/[itemId]/pricing/page.tsx; actual component imports and approved canonical screen authority reviewed."
"/angelcare-marketplace/admin/catalog/items/:itemId/publication","commerce-studio/admin-pages","Protected Admin surface rendering commerce-studio/admin-pages","NOT_APPLICABLE","GLOBAL","Accueil / cross-domain shell","/angelcare-marketplace/admin","ADVANCED_TOOL","CAP-GLOBAL-001","SOURCE_REVIEWED","app/angelcare-marketplace/(protected)/admin/catalog/items/[itemId]/publication/page.tsx; actual component imports and approved canonical screen authority reviewed."
"/angelcare-marketplace/admin/catalog/items/:itemId/related","commerce-studio/admin-pages","Protected Admin surface rendering commerce-studio/admin-pages","NOT_APPLICABLE","GLOBAL","Accueil / cross-domain shell","/angelcare-marketplace/admin","ADVANCED_TOOL","CAP-GLOBAL-001","SOURCE_REVIEWED","app/angelcare-marketplace/(protected)/admin/catalog/items/[itemId]/related/page.tsx; actual component imports and approved canonical screen authority reviewed."
"/angelcare-marketplace/admin/catalog/items/:itemId/seo","commerce-studio/admin-pages","Protected Admin surface rendering commerce-studio/admin-pages","NOT_APPLICABLE","GLOBAL","Accueil / cross-domain shell","/angelcare-marketplace/admin","ADVANCED_TOOL","CAP-GLOBAL-001","SOURCE_REVIEWED","app/angelcare-marketplace/(protected)/admin/catalog/items/[itemId]/seo/page.tsx; actual component imports and approved canonical screen authority reviewed."
"/angelcare-marketplace/admin/catalog/items/:itemId/sourcing","commerce-studio/admin-pages","Protected Admin surface rendering commerce-studio/admin-pages","NOT_APPLICABLE","GLOBAL","Accueil / cross-domain shell","/angelcare-marketplace/admin","ADVANCED_TOOL","CAP-GLOBAL-001","SOURCE_REVIEWED","app/angelcare-marketplace/(protected)/admin/catalog/items/[itemId]/sourcing/page.tsx; actual component imports and approved canonical screen authority reviewed."
"/angelcare-marketplace/admin/catalog/items/:itemId/territories","commerce-studio/admin-pages","Protected Admin surface rendering commerce-studio/admin-pages","NOT_APPLICABLE","GLOBAL","Accueil / cross-domain shell","/angelcare-marketplace/admin","ADVANCED_TOOL","CAP-GLOBAL-001","SOURCE_REVIEWED","app/angelcare-marketplace/(protected)/admin/catalog/items/[itemId]/territories/page.tsx; actual component imports and approved canonical screen authority reviewed."
"/angelcare-marketplace/admin/catalog/items/:itemId/trust","commerce-studio/admin-pages","Protected Admin surface rendering commerce-studio/admin-pages","NOT_APPLICABLE","GLOBAL","Accueil / Produits & services","/angelcare-marketplace/admin/catalog/items/[itemId]/trust","CANONICAL","CAP-B01-009","SOURCE_REVIEWED","app/angelcare-marketplace/(protected)/admin/catalog/items/[itemId]/trust/page.tsx; actual component imports and approved canonical screen authority reviewed."
"/angelcare-marketplace/admin/catalog/items/:itemId/variants","commerce-studio/admin-pages","Protected Admin surface rendering commerce-studio/admin-pages","NOT_APPLICABLE","GLOBAL","Accueil / cross-domain shell","/angelcare-marketplace/admin","ADVANCED_TOOL","CAP-GLOBAL-001","SOURCE_REVIEWED","app/angelcare-marketplace/(protected)/admin/catalog/items/[itemId]/variants/page.tsx; actual component imports and approved canonical screen authority reviewed."
"/angelcare-marketplace/admin/catalog/items/new","commerce-studio/admin-pages","Protected Admin surface rendering commerce-studio/admin-pages","NOT_APPLICABLE","B01","Accueil / Produits & services","/angelcare-marketplace/admin/catalog/items/new","CANONICAL","CAP-B01-003","SOURCE_REVIEWED","app/angelcare-marketplace/(protected)/admin/catalog/items/new/page.tsx; actual component imports and approved canonical screen authority reviewed."
"/angelcare-marketplace/admin/catalog/items","commerce-studio/admin-pages","Protected Admin surface rendering commerce-studio/admin-pages","NOT_APPLICABLE","B01","Accueil / Produits & services","/angelcare-marketplace/admin/catalog/items","CANONICAL","CAP-B01-002","SOURCE_REVIEWED","app/angelcare-marketplace/(protected)/admin/catalog/items/page.tsx; actual component imports and approved canonical screen authority reviewed."
"/angelcare-marketplace/admin/catalog/localization","next/navigation","Source redirect/compatibility alias","/angelcare-marketplace/admin/localization","B05","Boutique","/angelcare-marketplace/admin/localization","COMPATIBILITY_REDIRECT","CAP-B05-001","SOURCE_REVIEWED","app/angelcare-marketplace/(protected)/admin/catalog/localization/page.tsx; actual component imports and approved canonical screen authority reviewed."
"/angelcare-marketplace/admin/catalog/media","next/navigation","Source redirect/compatibility alias","/angelcare-marketplace/admin/media/library","B05","Boutique","/angelcare-marketplace/admin/media/library","COMPATIBILITY_REDIRECT","CAP-B05-001","SOURCE_REVIEWED","app/angelcare-marketplace/(protected)/admin/catalog/media/page.tsx; actual component imports and approved canonical screen authority reviewed."
"/angelcare-marketplace/admin/catalog","catalog-discovery/components/CatalogAdminCommand|catalog-discovery/repository","Protected Admin surface rendering catalog-discovery/components/CatalogAdminCommand|catalog-discovery/repository","NOT_APPLICABLE","B01|B02|B05","Catégories & collections","/angelcare-marketplace/admin/catalog/categories/[categoryId]/storefront","ADVANCED_TOOL","CAP-B02-003","SOURCE_REVIEWED","app/angelcare-marketplace/(protected)/admin/catalog/page.tsx; actual component imports and approved canonical screen authority reviewed."
"/angelcare-marketplace/admin/catalog/publication","next/navigation","Source redirect/compatibility alias","/angelcare-marketplace/admin/commerce-studio/publication","B05","Boutique","/angelcare-marketplace/admin/commerce-studio/publication","COMPATIBILITY_REDIRECT","CAP-B05-001","SOURCE_REVIEWED","app/angelcare-marketplace/(protected)/admin/catalog/publication/page.tsx; actual component imports and approved canonical screen authority reviewed."
"/angelcare-marketplace/admin/catalog/search","next/navigation","Source redirect/compatibility alias","/angelcare-marketplace/admin/discovery-control","GLOBAL","Accueil / cross-domain shell","/angelcare-marketplace/admin/discovery-control","COMPATIBILITY_REDIRECT","CAP-GLOBAL-001","SOURCE_REVIEWED","app/angelcare-marketplace/(protected)/admin/catalog/search/page.tsx; actual component imports and approved canonical screen authority reviewed."
"/angelcare-marketplace/admin/catalog/trust","next/navigation","Source redirect/compatibility alias","/angelcare-marketplace/admin/trust","GLOBAL","Accueil / cross-domain shell","/angelcare-marketplace/admin/trust","COMPATIBILITY_REDIRECT","CAP-GLOBAL-001","SOURCE_REVIEWED","app/angelcare-marketplace/(protected)/admin/catalog/trust/page.tsx; actual component imports and approved canonical screen authority reviewed."
"/angelcare-marketplace/admin/category-native/archetypes/:schemaKey","category-native/admin-pages","Protected Admin surface rendering category-native/admin-pages","NOT_APPLICABLE","B02","Catégories & collections","/angelcare-marketplace/admin/category-native/archetypes/[schemaKey]","CANONICAL","CAP-B02-008","SOURCE_REVIEWED","app/angelcare-marketplace/(protected)/admin/category-native/archetypes/[schemaKey]/page.tsx; actual component imports and approved canonical screen authority reviewed."
"/angelcare-marketplace/admin/category-native/archetypes","category-native/admin-pages","Protected Admin surface rendering category-native/admin-pages","NOT_APPLICABLE","B02","Catégories & collections","/angelcare-marketplace/admin/category-native/archetypes/[schemaKey]","MERGED_INTO_STUDIO","CAP-B02-008","SOURCE_REVIEWED","app/angelcare-marketplace/(protected)/admin/category-native/archetypes/page.tsx; actual component imports and approved canonical screen authority reviewed."
"/angelcare-marketplace/admin/category-native/homepage-designer","category-native/admin-pages","Protected Admin surface rendering category-native/admin-pages","NOT_APPLICABLE","B02|B05","Catégories & collections","/angelcare-marketplace/admin/catalog/categories","ADVANCED_TOOL","CAP-B02-001|CAP-B05-001","SOURCE_REVIEWED","app/angelcare-marketplace/(protected)/admin/category-native/homepage-designer/page.tsx; actual component imports and approved canonical screen authority reviewed."
"/angelcare-marketplace/admin/category-native/imports","category-native/admin-pages","Protected Admin surface rendering category-native/admin-pages","NOT_APPLICABLE","B02","Catégories & collections","/angelcare-marketplace/admin/category-native/imports","CANONICAL","CAP-B02-010","SOURCE_REVIEWED","app/angelcare-marketplace/(protected)/admin/category-native/imports/page.tsx; actual component imports and approved canonical screen authority reviewed."
"/angelcare-marketplace/admin/category-native","category-native/admin-pages","Protected Admin surface rendering category-native/admin-pages","NOT_APPLICABLE","B02|B05","Catégories & collections","/angelcare-marketplace/admin/category-native/archetypes/[schemaKey]","MERGED_INTO_STUDIO","CAP-B02-008","SOURCE_REVIEWED","app/angelcare-marketplace/(protected)/admin/category-native/page.tsx; actual component imports and approved canonical screen authority reviewed."
"/angelcare-marketplace/admin/category-native/schemas","category-native/admin-pages","Protected Admin surface rendering category-native/admin-pages","NOT_APPLICABLE","B02","Catégories & collections","/angelcare-marketplace/admin/category-native/schemas","CANONICAL","CAP-B02-007","SOURCE_REVIEWED","app/angelcare-marketplace/(protected)/admin/category-native/schemas/page.tsx; actual component imports and approved canonical screen authority reviewed."
"/angelcare-marketplace/admin/category-native/template-factory","category-native/admin-pages","Protected Admin surface rendering category-native/admin-pages","NOT_APPLICABLE","B02","Catégories & collections","/angelcare-marketplace/admin/category-native/template-factory","CANONICAL","CAP-B02-009","SOURCE_REVIEWED","app/angelcare-marketplace/(protected)/admin/category-native/template-factory/page.tsx; actual component imports and approved canonical screen authority reviewed."
"/angelcare-marketplace/admin/command","auth/context|sovereign-control/components/SovereignCockpit|sovereign-control/repository","Protected Admin surface rendering auth/context|sovereign-control/components/SovereignCockpit|sovereign-control/repository","NOT_APPLICABLE","B11","Trust & qualité","/angelcare-marketplace/admin/trust","MERGED_INTO_CONTROL_ROOM","CAP-B11-001","SOURCE_REVIEWED","app/angelcare-marketplace/(protected)/admin/command/page.tsx; actual component imports and approved canonical screen authority reviewed."
"/angelcare-marketplace/admin/commerce-factory/availability","auth/context|commerce-product-atelier/repository|commerce-product-atelier/components/AvailabilityCommandWorkspace","Protected Admin surface rendering auth/context|commerce-product-atelier/repository|commerce-product-atelier/components/AvailabilityCommandWorkspace","NOT_APPLICABLE","B01","Accueil / Produits & services","/angelcare-marketplace/admin","MERGED_INTO_CONTROL_ROOM","CAP-B01-001","SOURCE_REVIEWED","app/angelcare-marketplace/(protected)/admin/commerce-factory/availability/page.tsx; actual component imports and approved canonical screen authority reviewed."
"/angelcare-marketplace/admin/commerce-factory/categories","auth/context|commerce-product-atelier/repository|commerce-product-atelier/components/CategoryArchitectureWorkspace","Protected Admin surface rendering auth/context|commerce-product-atelier/repository|commerce-product-atelier/components/CategoryArchitectureWorkspace","NOT_APPLICABLE","B02","Catégories & collections","/angelcare-marketplace/admin/catalog/categories","ADVANCED_TOOL","CAP-B02-001","SOURCE_REVIEWED","app/angelcare-marketplace/(protected)/admin/commerce-factory/categories/page.tsx; actual component imports and approved canonical screen authority reviewed."
"/angelcare-marketplace/admin/commerce-factory/collections","auth/context|commerce-product-atelier/repository|commerce-product-atelier/components/CollectionsCommandWorkspace","Protected Admin surface rendering auth/context|commerce-product-atelier/repository|commerce-product-atelier/components/CollectionsCommandWorkspace","NOT_APPLICABLE","B02","Catégories & collections","/angelcare-marketplace/admin/catalog/categories","ADVANCED_TOOL","CAP-B02-001","SOURCE_REVIEWED","app/angelcare-marketplace/(protected)/admin/commerce-factory/collections/page.tsx; actual component imports and approved canonical screen authority reviewed."
"/angelcare-marketplace/admin/commerce-factory/doctrines","auth/context|commerce-product-atelier/repository|commerce-product-atelier/components/DoctrineFactoryWorkspace","Protected Admin surface rendering auth/context|commerce-product-atelier/repository|commerce-product-atelier/components/DoctrineFactoryWorkspace","NOT_APPLICABLE","B01","Accueil / Produits & services","/angelcare-marketplace/admin","MERGED_INTO_CONTROL_ROOM","CAP-B01-001","SOURCE_REVIEWED","app/angelcare-marketplace/(protected)/admin/commerce-factory/doctrines/page.tsx; actual component imports and approved canonical screen authority reviewed."
"/angelcare-marketplace/admin/commerce-factory/imports","auth/context|commerce-product-atelier/components/IndustrialImportWorkspace","Protected Admin surface rendering auth/context|commerce-product-atelier/components/IndustrialImportWorkspace","NOT_APPLICABLE","B01","Accueil / Produits & services","/angelcare-marketplace/admin","MERGED_INTO_CONTROL_ROOM","CAP-B01-001","SOURCE_REVIEWED","app/angelcare-marketplace/(protected)/admin/commerce-factory/imports/page.tsx; actual component imports and approved canonical screen authority reviewed."
"/angelcare-marketplace/admin/commerce-factory","auth/context|commerce-product-atelier/repository|commerce-product-atelier/components/CommerceCommandCenter","Protected Admin surface rendering auth/context|commerce-product-atelier/repository|commerce-product-atelier/components/CommerceCommandCenter","NOT_APPLICABLE","B02","Catégories & collections","/angelcare-marketplace/admin/catalog/categories","ADVANCED_TOOL","CAP-B02-001","SOURCE_REVIEWED","app/angelcare-marketplace/(protected)/admin/commerce-factory/page.tsx; actual component imports and approved canonical screen authority reviewed."
"/angelcare-marketplace/admin/commerce-factory/pricing","auth/context|commerce-product-atelier/repository|commerce-product-atelier/components/PricingCommandWorkspace","Protected Admin surface rendering auth/context|commerce-product-atelier/repository|commerce-product-atelier/components/PricingCommandWorkspace","NOT_APPLICABLE","B01","Accueil / Produits & services","/angelcare-marketplace/admin","MERGED_INTO_CONTROL_ROOM","CAP-B01-001","SOURCE_REVIEWED","app/angelcare-marketplace/(protected)/admin/commerce-factory/pricing/page.tsx; actual component imports and approved canonical screen authority reviewed."
"/angelcare-marketplace/admin/commerce-factory/products","auth/context|commerce-product-atelier/repository|commerce-product-atelier/components/ProductMasterRegistry","Protected Admin surface rendering auth/context|commerce-product-atelier/repository|commerce-product-atelier/components/ProductMasterRegistry","NOT_APPLICABLE","B01","Accueil / Produits & services","/angelcare-marketplace/admin","MERGED_INTO_CONTROL_ROOM","CAP-B01-001","SOURCE_REVIEWED","app/angelcare-marketplace/(protected)/admin/commerce-factory/products/page.tsx; actual component imports and approved canonical screen authority reviewed."
"/angelcare-marketplace/admin/commerce-studio/import-export","auth/context|commerce-studio/components/ImportExportStudio","Protected Admin surface rendering auth/context|commerce-studio/components/ImportExportStudio","NOT_APPLICABLE","GLOBAL","Accueil / cross-domain shell","/angelcare-marketplace/admin","ADVANCED_TOOL","CAP-GLOBAL-001","SOURCE_REVIEWED","app/angelcare-marketplace/(protected)/admin/commerce-studio/import-export/page.tsx; actual component imports and approved canonical screen authority reviewed."
"/angelcare-marketplace/admin/commerce-studio","commerce-studio/admin-pages","Protected Admin surface rendering commerce-studio/admin-pages","NOT_APPLICABLE","B05","Boutique","/angelcare-marketplace/admin/boutique","MERGED_INTO_CONTROL_ROOM","CAP-B05-001","SOURCE_REVIEWED","app/angelcare-marketplace/(protected)/admin/commerce-studio/page.tsx; actual component imports and approved canonical screen authority reviewed."
"/angelcare-marketplace/admin/commerce-studio/publication","commerce-studio/admin-pages","Protected Admin surface rendering commerce-studio/admin-pages","NOT_APPLICABLE","B05","Boutique","/angelcare-marketplace/admin/boutique","MERGED_INTO_CONTROL_ROOM","CAP-B05-001","SOURCE_REVIEWED","app/angelcare-marketplace/(protected)/admin/commerce-studio/publication/page.tsx; actual component imports and approved canonical screen authority reviewed."
"/angelcare-marketplace/admin/commercial/leads","auth/context|commercial-pipeline/components/LeadAccountCommand|commercial-pipeline/components/CommercialActionClient|commercial-pipeline/repository","Protected Admin surface rendering auth/context|commercial-pipeline/components/LeadAccountCommand|commercial-pipeline/components/CommercialActionClient|commercial-pipeline/repository","NOT_APPLICABLE","B04","Commandes & réservations","/angelcare-marketplace/admin/orders","MERGED_INTO_CONTROL_ROOM","CAP-B04-001","SOURCE_REVIEWED","app/angelcare-marketplace/(protected)/admin/commercial/leads/page.tsx; actual component imports and approved canonical screen authority reviewed."
"/angelcare-marketplace/admin/commercial/opportunities","auth/context|commercial-pipeline/components/CommercialCommand|commercial-pipeline/repository","Protected Admin surface rendering auth/context|commercial-pipeline/components/CommercialCommand|commercial-pipeline/repository","NOT_APPLICABLE","B04","Commandes & réservations","/angelcare-marketplace/admin/orders","MERGED_INTO_CONTROL_ROOM","CAP-B04-001","SOURCE_REVIEWED","app/angelcare-marketplace/(protected)/admin/commercial/opportunities/page.tsx; actual component imports and approved canonical screen authority reviewed."
"/angelcare-marketplace/admin/commercial","auth/context|commercial-pipeline/components/CommercialCommand|commercial-pipeline/repository","Protected Admin surface rendering auth/context|commercial-pipeline/components/CommercialCommand|commercial-pipeline/repository","NOT_APPLICABLE","B04","Commandes & réservations","/angelcare-marketplace/admin/commercial/quotes","ADVANCED_TOOL","CAP-B04-006","SOURCE_REVIEWED","app/angelcare-marketplace/(protected)/admin/commercial/page.tsx; actual component imports and approved canonical screen authority reviewed."
"/angelcare-marketplace/admin/commercial/quotes","auth/context|commercial-pipeline/components/QuoteRegistry|commercial-pipeline/repository","Protected Admin surface rendering auth/context|commercial-pipeline/components/QuoteRegistry|commercial-pipeline/repository","NOT_APPLICABLE","B04","Commandes & réservations","/angelcare-marketplace/admin/commercial/quotes","CANONICAL","CAP-B04-006","SOURCE_REVIEWED","app/angelcare-marketplace/(protected)/admin/commercial/quotes/page.tsx; actual component imports and approved canonical screen authority reviewed."
"/angelcare-marketplace/admin/configuration","domain/types|auth/context|components/FoundationUnavailable|features/admin/ConfigurationClient|design-system/ui|server/repository","Protected Admin surface rendering domain/types|auth/context|components/FoundationUnavailable|features/admin/ConfigurationClient|design-system/ui|server/repository","NOT_APPLICABLE","B11","Paramètres & gouvernance","/angelcare-marketplace/admin/configuration","CANONICAL","CAP-B11-009","SOURCE_REVIEWED","app/angelcare-marketplace/(protected)/admin/configuration/page.tsx; actual component imports and approved canonical screen authority reviewed."
"/angelcare-marketplace/admin/conversion/abandonment","conversion-universe/components/ConversionQueueBoard|conversion-universe/repository|auth/context","Protected Admin surface rendering conversion-universe/components/ConversionQueueBoard|conversion-universe/repository|auth/context","NOT_APPLICABLE","B04","Commandes & réservations","/angelcare-marketplace/admin/conversion","ADVANCED_TOOL","CAP-B04-009","SOURCE_REVIEWED","app/angelcare-marketplace/(protected)/admin/conversion/abandonment/page.tsx; actual component imports and approved canonical screen authority reviewed."
"/angelcare-marketplace/admin/conversion/analytics","conversion-universe/components/ConversionAdminCommand|conversion-universe/repository|auth/context","Protected Admin surface rendering conversion-universe/components/ConversionAdminCommand|conversion-universe/repository|auth/context","NOT_APPLICABLE","B04","Commandes & réservations","/angelcare-marketplace/admin/conversion","ADVANCED_TOOL","CAP-B04-009","SOURCE_REVIEWED","app/angelcare-marketplace/(protected)/admin/conversion/analytics/page.tsx; actual component imports and approved canonical screen authority reviewed."
"/angelcare-marketplace/admin/conversion/baskets","conversion-universe/components/ConversionBasketBoard|conversion-universe/repository|auth/context","Protected Admin surface rendering conversion-universe/components/ConversionBasketBoard|conversion-universe/repository|auth/context","NOT_APPLICABLE","B04","Commandes & réservations","/angelcare-marketplace/admin/conversion","ADVANCED_TOOL","CAP-B04-009","SOURCE_REVIEWED","app/angelcare-marketplace/(protected)/admin/conversion/baskets/page.tsx; actual component imports and approved canonical screen authority reviewed."
"/angelcare-marketplace/admin/conversion/bookings","conversion-universe/components/ConversionQueueBoard|conversion-universe/repository|auth/context","Protected Admin surface rendering conversion-universe/components/ConversionQueueBoard|conversion-universe/repository|auth/context","NOT_APPLICABLE","B04","Commandes & réservations","/angelcare-marketplace/admin/conversion","ADVANCED_TOOL","CAP-B04-009","SOURCE_REVIEWED","app/angelcare-marketplace/(protected)/admin/conversion/bookings/page.tsx; actual component imports and approved canonical screen authority reviewed."
"/angelcare-marketplace/admin/conversion/configuration","auth/context|conversion-universe/conversion.module.css","Protected Admin surface rendering auth/context|conversion-universe/conversion.module.css","NOT_APPLICABLE","B04","Commandes & réservations","/angelcare-marketplace/admin/conversion","ADVANCED_TOOL","CAP-B04-009","SOURCE_REVIEWED","app/angelcare-marketplace/(protected)/admin/conversion/configuration/page.tsx; actual component imports and approved canonical screen authority reviewed."
"/angelcare-marketplace/admin/conversion/consents","conversion-universe/components/ConversionEvidenceBoard|conversion-universe/repository|auth/context","Protected Admin surface rendering conversion-universe/components/ConversionEvidenceBoard|conversion-universe/repository|auth/context","NOT_APPLICABLE","B04","Commandes & réservations","/angelcare-marketplace/admin/conversion","ADVANCED_TOOL","CAP-B04-009","SOURCE_REVIEWED","app/angelcare-marketplace/(protected)/admin/conversion/consents/page.tsx; actual component imports and approved canonical screen authority reviewed."
"/angelcare-marketplace/admin/conversion/enrollments","conversion-universe/components/ConversionQueueBoard|conversion-universe/repository|auth/context","Protected Admin surface rendering conversion-universe/components/ConversionQueueBoard|conversion-universe/repository|auth/context","NOT_APPLICABLE","B04","Commandes & réservations","/angelcare-marketplace/admin/conversion/enrollments","CANONICAL","CAP-B04-007","SOURCE_REVIEWED","app/angelcare-marketplace/(protected)/admin/conversion/enrollments/page.tsx; actual component imports and approved canonical screen authority reviewed."
"/angelcare-marketplace/admin/conversion/exceptions","conversion-universe/components/ConversionEvidenceBoard|conversion-universe/repository|auth/context","Protected Admin surface rendering conversion-universe/components/ConversionEvidenceBoard|conversion-universe/repository|auth/context","NOT_APPLICABLE","B04","Commandes & réservations","/angelcare-marketplace/admin/conversion","ADVANCED_TOOL","CAP-B04-009","SOURCE_REVIEWED","app/angelcare-marketplace/(protected)/admin/conversion/exceptions/page.tsx; actual component imports and approved canonical screen authority reviewed."
"/angelcare-marketplace/admin/conversion/holds","conversion-universe/components/ConversionEvidenceBoard|conversion-universe/repository|auth/context","Protected Admin surface rendering conversion-universe/components/ConversionEvidenceBoard|conversion-universe/repository|auth/context","NOT_APPLICABLE","B04","Commandes & réservations","/angelcare-marketplace/admin/conversion","ADVANCED_TOOL","CAP-B04-009","SOURCE_REVIEWED","app/angelcare-marketplace/(protected)/admin/conversion/holds/page.tsx; actual component imports and approved canonical screen authority reviewed."
"/angelcare-marketplace/admin/conversion","conversion-universe/components/ConversionAdminCommand|conversion-universe/repository|auth/context","Protected Admin surface rendering conversion-universe/components/ConversionAdminCommand|conversion-universe/repository|auth/context","NOT_APPLICABLE","B04","Commandes & réservations","/angelcare-marketplace/admin/conversion","CANONICAL","CAP-B04-009","SOURCE_REVIEWED","app/angelcare-marketplace/(protected)/admin/conversion/page.tsx; actual component imports and approved canonical screen authority reviewed."
"/angelcare-marketplace/admin/conversion/quotations","conversion-universe/components/ConversionQueueBoard|conversion-universe/repository|auth/context","Protected Admin surface rendering conversion-universe/components/ConversionQueueBoard|conversion-universe/repository|auth/context","NOT_APPLICABLE","B04","Commandes & réservations","/angelcare-marketplace/admin/conversion","ADVANCED_TOOL","CAP-B04-009","SOURCE_REVIEWED","app/angelcare-marketplace/(protected)/admin/conversion/quotations/page.tsx; actual component imports and approved canonical screen authority reviewed."
"/angelcare-marketplace/admin/conversion/sessions/:sessionId","conversion-universe/components/ConversionQueueBoard|conversion-universe/repository|auth/context","Protected Admin surface rendering conversion-universe/components/ConversionQueueBoard|conversion-universe/repository|auth/context","NOT_APPLICABLE","B04","Commandes & réservations","/angelcare-marketplace/admin/conversion/sessions/[sessionId]","CANONICAL","CAP-B04-010","SOURCE_REVIEWED","app/angelcare-marketplace/(protected)/admin/conversion/sessions/[sessionId]/page.tsx; actual component imports and approved canonical screen authority reviewed."
"/angelcare-marketplace/admin/conversion/sessions","conversion-universe/components/ConversionQueueBoard|conversion-universe/repository|auth/context|conversion-universe/types","Protected Admin surface rendering conversion-universe/components/ConversionQueueBoard|conversion-universe/repository|auth/context|conversion-universe/types","NOT_APPLICABLE","B04","Commandes & réservations","/angelcare-marketplace/admin/conversion/sessions/[sessionId]","MERGED_INTO_DOSSIER","CAP-B04-010","SOURCE_REVIEWED","app/angelcare-marketplace/(protected)/admin/conversion/sessions/page.tsx; actual component imports and approved canonical screen authority reviewed."
"/angelcare-marketplace/admin/customers-revenue/activity","auth/context|customer-relationship-command/repository|customer-relationship-command/components/CustomerActivityWorkspace","Protected Admin surface rendering auth/context|customer-relationship-command/repository|customer-relationship-command/components/CustomerActivityWorkspace","NOT_APPLICABLE","B03","Clients","/angelcare-marketplace/admin/customers","MERGED_INTO_CONTROL_ROOM","CAP-B03-001","SOURCE_REVIEWED","app/angelcare-marketplace/(protected)/admin/customers-revenue/activity/page.tsx; actual component imports and approved canonical screen authority reviewed."
"/angelcare-marketplace/admin/customers-revenue/cases","auth/context|customer-relationship-command/repository|customer-relationship-command/components/CustomerCasesWorkspace","Protected Admin surface rendering auth/context|customer-relationship-command/repository|customer-relationship-command/components/CustomerCasesWorkspace","NOT_APPLICABLE","B03","Clients","/angelcare-marketplace/admin/customers","MERGED_INTO_CONTROL_ROOM","CAP-B03-001","SOURCE_REVIEWED","app/angelcare-marketplace/(protected)/admin/customers-revenue/cases/page.tsx; actual component imports and approved canonical screen authority reviewed."
"/angelcare-marketplace/admin/customers-revenue/crm","auth/context|customer-relationship-command/repository|customer-relationship-command/components/CRMRelationshipWorkspace","Protected Admin surface rendering auth/context|customer-relationship-command/repository|customer-relationship-command/components/CRMRelationshipWorkspace","NOT_APPLICABLE","B03","Clients","/angelcare-marketplace/admin/customers","MERGED_INTO_CONTROL_ROOM","CAP-B03-001","SOURCE_REVIEWED","app/angelcare-marketplace/(protected)/admin/customers-revenue/crm/page.tsx; actual component imports and approved canonical screen authority reviewed."
"/angelcare-marketplace/admin/customers-revenue/customers","auth/context|customer-relationship-command/repository|customer-relationship-command/components/CustomerRegistryWorkspace","Protected Admin surface rendering auth/context|customer-relationship-command/repository|customer-relationship-command/components/CustomerRegistryWorkspace","NOT_APPLICABLE","B03","Clients","/angelcare-marketplace/admin/customers","MERGED_INTO_CONTROL_ROOM","CAP-B03-001","SOURCE_REVIEWED","app/angelcare-marketplace/(protected)/admin/customers-revenue/customers/page.tsx; actual component imports and approved canonical screen authority reviewed."
"/angelcare-marketplace/admin/customers-revenue/families","auth/context|customer-relationship-command/repository|customer-relationship-command/components/FamilyRelationshipWorkspace","Protected Admin surface rendering auth/context|customer-relationship-command/repository|customer-relationship-command/components/FamilyRelationshipWorkspace","NOT_APPLICABLE","B03","Clients","/angelcare-marketplace/admin/customers","MERGED_INTO_CONTROL_ROOM","CAP-B03-001","SOURCE_REVIEWED","app/angelcare-marketplace/(protected)/admin/customers-revenue/families/page.tsx; actual component imports and approved canonical screen authority reviewed."
"/angelcare-marketplace/admin/customers-revenue","auth/context|customer-relationship-command/repository|customer-relationship-command/components/CustomerRelationshipCommandCenter","Protected Admin surface rendering auth/context|customer-relationship-command/repository|customer-relationship-command/components/CustomerRelationshipCommandCenter","NOT_APPLICABLE","B06","Marketing & promotions","/angelcare-marketplace/admin/growth-experience","MERGED_INTO_CONTROL_ROOM","CAP-B06-001","SOURCE_REVIEWED","app/angelcare-marketplace/(protected)/admin/customers-revenue/page.tsx; actual component imports and approved canonical screen authority reviewed."
"/angelcare-marketplace/admin/customers-revenue/segments","auth/context|customer-relationship-command/repository|customer-relationship-command/components/SegmentIntelligenceWorkspace","Protected Admin surface rendering auth/context|customer-relationship-command/repository|customer-relationship-command/components/SegmentIntelligenceWorkspace","NOT_APPLICABLE","B06","Marketing & promotions","/angelcare-marketplace/admin/growth-experience","MERGED_INTO_CONTROL_ROOM","CAP-B06-001","SOURCE_REVIEWED","app/angelcare-marketplace/(protected)/admin/customers-revenue/segments/page.tsx; actual component imports and approved canonical screen authority reviewed."
"/angelcare-marketplace/admin/customers/:customerId/command","auth/context|enterprise-command/repository|enterprise-command/components/CustomerCommandPage","Protected Admin surface rendering auth/context|enterprise-command/repository|enterprise-command/components/CustomerCommandPage","NOT_APPLICABLE","B07","Opérations","/angelcare-marketplace/admin/operations/today","MERGED_INTO_CONTROL_ROOM","CAP-B07-001","SOURCE_REVIEWED","app/angelcare-marketplace/(protected)/admin/customers/[customerId]/command/page.tsx; actual component imports and approved canonical screen authority reviewed."
"/angelcare-marketplace/admin/customers/commerce/:customerId","auth/context|total-commerce-control/repository|total-commerce-control/components/CustomerCommerceDossier","Protected Admin surface rendering auth/context|total-commerce-control/repository|total-commerce-control/components/CustomerCommerceDossier","NOT_APPLICABLE","B05","Boutique","/angelcare-marketplace/admin/boutique","MERGED_INTO_CONTROL_ROOM","CAP-B05-001","SOURCE_REVIEWED","app/angelcare-marketplace/(protected)/admin/customers/commerce/[customerId]/page.tsx; actual component imports and approved canonical screen authority reviewed."
"/angelcare-marketplace/admin/customers/commerce","auth/context|total-commerce-control/repository|total-commerce-control/components/CustomerCommerceCommand","Protected Admin surface rendering auth/context|total-commerce-control/repository|total-commerce-control/components/CustomerCommerceCommand","NOT_APPLICABLE","B05","Boutique","/angelcare-marketplace/admin/boutique","MERGED_INTO_CONTROL_ROOM","CAP-B05-001","SOURCE_REVIEWED","app/angelcare-marketplace/(protected)/admin/customers/commerce/page.tsx; actual component imports and approved canonical screen authority reviewed."
"/angelcare-marketplace/admin/customers","auth/context|admin-control-plane/repository|admin-control-plane/components/CustomerCommand","Protected Admin surface rendering auth/context|admin-control-plane/repository|admin-control-plane/components/CustomerCommand","NOT_APPLICABLE","B03|B06","Clients","/angelcare-marketplace/admin/customers","CANONICAL","CAP-B03-001","SOURCE_REVIEWED","app/angelcare-marketplace/(protected)/admin/customers/page.tsx; actual component imports and approved canonical screen authority reviewed."
"/angelcare-marketplace/admin/development/activities","auth/context|development-engine/components/ActivityRegistry|development-engine/repository","Protected Admin surface rendering auth/context|development-engine/components/ActivityRegistry|development-engine/repository","NOT_APPLICABLE","B08","Prestataires & fournisseurs","/angelcare-marketplace/admin/supply-network","MERGED_INTO_CONTROL_ROOM","CAP-B08-001","SOURCE_REVIEWED","app/angelcare-marketplace/(protected)/admin/development/activities/page.tsx; actual component imports and approved canonical screen authority reviewed."
"/angelcare-marketplace/admin/development/kits","auth/context|development-engine/components/KitPortfolio|development-engine/repository","Protected Admin surface rendering auth/context|development-engine/components/KitPortfolio|development-engine/repository","NOT_APPLICABLE","B08","Prestataires & fournisseurs","/angelcare-marketplace/admin/supply-network","MERGED_INTO_CONTROL_ROOM","CAP-B08-001","SOURCE_REVIEWED","app/angelcare-marketplace/(protected)/admin/development/kits/page.tsx; actual component imports and approved canonical screen authority reviewed."
"/angelcare-marketplace/admin/development","auth/context|development-engine/components/DevelopmentCommand|development-engine/repository","Protected Admin surface rendering auth/context|development-engine/components/DevelopmentCommand|development-engine/repository","NOT_APPLICABLE","B08","Prestataires & fournisseurs","/angelcare-marketplace/admin/supply-network","MERGED_INTO_CONTROL_ROOM","CAP-B08-001","SOURCE_REVIEWED","app/angelcare-marketplace/(protected)/admin/development/page.tsx; actual component imports and approved canonical screen authority reviewed."
"/angelcare-marketplace/admin/development/supplier-specs","auth/context|development-engine/components/SupplierSpecs|development-engine/repository","Protected Admin surface rendering auth/context|development-engine/components/SupplierSpecs|development-engine/repository","NOT_APPLICABLE","B08","Prestataires & fournisseurs","/angelcare-marketplace/admin/supply-network","MERGED_INTO_CONTROL_ROOM","CAP-B08-001","SOURCE_REVIEWED","app/angelcare-marketplace/(protected)/admin/development/supplier-specs/page.tsx; actual component imports and approved canonical screen authority reviewed."
"/angelcare-marketplace/admin/discovery-control","auth/context|total-commerce-control/repository|total-commerce-control/components/DiscoveryControl","Protected Admin surface rendering auth/context|total-commerce-control/repository|total-commerce-control/components/DiscoveryControl","NOT_APPLICABLE","B06","Marketing & promotions","/angelcare-marketplace/admin/discovery-control","CANONICAL","CAP-B06-007","SOURCE_REVIEWED","app/angelcare-marketplace/(protected)/admin/discovery-control/page.tsx; actual component imports and approved canonical screen authority reviewed."
"/angelcare-marketplace/admin/documents","auth/context|enterprise-command/components/DocumentFactoryCommand","Protected Admin surface rendering auth/context|enterprise-command/components/DocumentFactoryCommand","NOT_APPLICABLE","B07","Opérations","/angelcare-marketplace/admin/operations/today","MERGED_INTO_CONTROL_ROOM","CAP-B07-001","SOURCE_REVIEWED","app/angelcare-marketplace/(protected)/admin/documents/page.tsx; actual component imports and approved canonical screen authority reviewed."
"/angelcare-marketplace/admin/enterprise-command","auth/context|enterprise-command/command-center-repository|enterprise-command/components/MarketplaceCommandCenter","Protected Admin surface rendering auth/context|enterprise-command/command-center-repository|enterprise-command/components/MarketplaceCommandCenter","NOT_APPLICABLE","B04|B06|B07|B11","Commandes & réservations","/angelcare-marketplace/admin/orders","MERGED_INTO_CONTROL_ROOM","CAP-B04-001|CAP-B06-001|CAP-B07-001","SOURCE_REVIEWED","app/angelcare-marketplace/(protected)/admin/enterprise-command/page.tsx; actual component imports and approved canonical screen authority reviewed."
"/angelcare-marketplace/admin/executive-briefs","auth/context|design-system/ui|sovereign-control/repository","Protected Admin surface rendering auth/context|design-system/ui|sovereign-control/repository","NOT_APPLICABLE","B11","Trust & qualité","/angelcare-marketplace/admin/trust","MERGED_INTO_CONTROL_ROOM","CAP-B11-001","SOURCE_REVIEWED","app/angelcare-marketplace/(protected)/admin/executive-briefs/page.tsx; actual component imports and approved canonical screen authority reviewed."
"/angelcare-marketplace/admin/executive-control/categories","executive-control-center/ExecutiveControlAreaPage","Protected Admin surface rendering executive-control-center/ExecutiveControlAreaPage","NOT_APPLICABLE","B11","Analytics & intelligence","/angelcare-marketplace/admin/executive-control","MERGED_INTO_CONTROL_ROOM","CAP-B11-007","SOURCE_REVIEWED","app/angelcare-marketplace/(protected)/admin/executive-control/categories/page.tsx; actual component imports and approved canonical screen authority reviewed."
"/angelcare-marketplace/admin/executive-control/conversion","executive-control-center/ExecutiveControlAreaPage","Protected Admin surface rendering executive-control-center/ExecutiveControlAreaPage","NOT_APPLICABLE","B11","Analytics & intelligence","/angelcare-marketplace/admin/executive-control","MERGED_INTO_CONTROL_ROOM","CAP-B11-007","SOURCE_REVIEWED","app/angelcare-marketplace/(protected)/admin/executive-control/conversion/page.tsx; actual component imports and approved canonical screen authority reviewed."
"/angelcare-marketplace/admin/executive-control/customers","executive-control-center/ExecutiveControlAreaPage","Protected Admin surface rendering executive-control-center/ExecutiveControlAreaPage","NOT_APPLICABLE","B11","Analytics & intelligence","/angelcare-marketplace/admin/executive-control","MERGED_INTO_CONTROL_ROOM","CAP-B11-007","SOURCE_REVIEWED","app/angelcare-marketplace/(protected)/admin/executive-control/customers/page.tsx; actual component imports and approved canonical screen authority reviewed."
"/angelcare-marketplace/admin/executive-control/demand","executive-control-center/ExecutiveControlAreaPage","Protected Admin surface rendering executive-control-center/ExecutiveControlAreaPage","NOT_APPLICABLE","B11","Analytics & intelligence","/angelcare-marketplace/admin/executive-control","MERGED_INTO_CONTROL_ROOM","CAP-B11-007","SOURCE_REVIEWED","app/angelcare-marketplace/(protected)/admin/executive-control/demand/page.tsx; actual component imports and approved canonical screen authority reviewed."
"/angelcare-marketplace/admin/executive-control/discovery","executive-control-center/ExecutiveControlAreaPage","Protected Admin surface rendering executive-control-center/ExecutiveControlAreaPage","NOT_APPLICABLE","B11","Analytics & intelligence","/angelcare-marketplace/admin/executive-control","MERGED_INTO_CONTROL_ROOM","CAP-B11-007","SOURCE_REVIEWED","app/angelcare-marketplace/(protected)/admin/executive-control/discovery/page.tsx; actual component imports and approved canonical screen authority reviewed."
"/angelcare-marketplace/admin/executive-control/executive","executive-control-center/ExecutiveControlAreaPage","Protected Admin surface rendering executive-control-center/ExecutiveControlAreaPage","NOT_APPLICABLE","B11","Analytics & intelligence","/angelcare-marketplace/admin/executive-control","MERGED_INTO_CONTROL_ROOM","CAP-B11-007","SOURCE_REVIEWED","app/angelcare-marketplace/(protected)/admin/executive-control/executive/page.tsx; actual component imports and approved canonical screen authority reviewed."
"/angelcare-marketplace/admin/executive-control/growth","executive-control-center/ExecutiveControlAreaPage","Protected Admin surface rendering executive-control-center/ExecutiveControlAreaPage","NOT_APPLICABLE","B11","Analytics & intelligence","/angelcare-marketplace/admin/executive-control","MERGED_INTO_CONTROL_ROOM","CAP-B11-007","SOURCE_REVIEWED","app/angelcare-marketplace/(protected)/admin/executive-control/growth/page.tsx; actual component imports and approved canonical screen authority reviewed."
"/angelcare-marketplace/admin/executive-control/launch","executive-control-center/ExecutiveControlAreaPage","Protected Admin surface rendering executive-control-center/ExecutiveControlAreaPage","NOT_APPLICABLE","B11","Analytics & intelligence","/angelcare-marketplace/admin/executive-control","MERGED_INTO_CONTROL_ROOM","CAP-B11-007","SOURCE_REVIEWED","app/angelcare-marketplace/(protected)/admin/executive-control/launch/page.tsx; actual component imports and approved canonical screen authority reviewed."
"/angelcare-marketplace/admin/executive-control/operations","executive-control-center/ExecutiveControlAreaPage","Protected Admin surface rendering executive-control-center/ExecutiveControlAreaPage","NOT_APPLICABLE","B11","Analytics & intelligence","/angelcare-marketplace/admin/executive-control","MERGED_INTO_CONTROL_ROOM","CAP-B11-007","SOURCE_REVIEWED","app/angelcare-marketplace/(protected)/admin/executive-control/operations/page.tsx; actual component imports and approved canonical screen authority reviewed."
"/angelcare-marketplace/admin/executive-control","executive-control-center/ExecutiveControlAreaPage","Protected Admin surface rendering executive-control-center/ExecutiveControlAreaPage","NOT_APPLICABLE","B11","Analytics & intelligence","/angelcare-marketplace/admin/executive-control","CANONICAL","CAP-B11-007","SOURCE_REVIEWED","app/angelcare-marketplace/(protected)/admin/executive-control/page.tsx; actual component imports and approved canonical screen authority reviewed."
"/angelcare-marketplace/admin/executive-control/performance","executive-control-center/ExecutiveControlAreaPage","Protected Admin surface rendering executive-control-center/ExecutiveControlAreaPage","NOT_APPLICABLE","B11","Analytics & intelligence","/angelcare-marketplace/admin/executive-control","MERGED_INTO_CONTROL_ROOM","CAP-B11-007","SOURCE_REVIEWED","app/angelcare-marketplace/(protected)/admin/executive-control/performance/page.tsx; actual component imports and approved canonical screen authority reviewed."
"/angelcare-marketplace/admin/executive-control/qa","executive-control-center/ExecutiveControlAreaPage","Protected Admin surface rendering executive-control-center/ExecutiveControlAreaPage","NOT_APPLICABLE","B11","Analytics & intelligence","/angelcare-marketplace/admin/executive-control","MERGED_INTO_CONTROL_ROOM","CAP-B11-007","SOURCE_REVIEWED","app/angelcare-marketplace/(protected)/admin/executive-control/qa/page.tsx; actual component imports and approved canonical screen authority reviewed."
"/angelcare-marketplace/admin/executive-control/revenue","executive-control-center/ExecutiveControlAreaPage","Protected Admin surface rendering executive-control-center/ExecutiveControlAreaPage","NOT_APPLICABLE","B11","Analytics & intelligence","/angelcare-marketplace/admin/executive-control","MERGED_INTO_CONTROL_ROOM","CAP-B11-007","SOURCE_REVIEWED","app/angelcare-marketplace/(protected)/admin/executive-control/revenue/page.tsx; actual component imports and approved canonical screen authority reviewed."
"/angelcare-marketplace/admin/executive-control/security","executive-control-center/ExecutiveControlAreaPage","Protected Admin surface rendering executive-control-center/ExecutiveControlAreaPage","NOT_APPLICABLE","B11","Analytics & intelligence","/angelcare-marketplace/admin/executive-control","MERGED_INTO_CONTROL_ROOM","CAP-B11-007","SOURCE_REVIEWED","app/angelcare-marketplace/(protected)/admin/executive-control/security/page.tsx; actual component imports and approved canonical screen authority reviewed."
"/angelcare-marketplace/admin/executive-control/territories","executive-control-center/ExecutiveControlAreaPage","Protected Admin surface rendering executive-control-center/ExecutiveControlAreaPage","NOT_APPLICABLE","B11","Analytics & intelligence","/angelcare-marketplace/admin/executive-control","MERGED_INTO_CONTROL_ROOM","CAP-B11-007","SOURCE_REVIEWED","app/angelcare-marketplace/(protected)/admin/executive-control/territories/page.tsx; actual component imports and approved canonical screen authority reviewed."
"/angelcare-marketplace/admin/executive-control/trust","executive-control-center/ExecutiveControlAreaPage","Protected Admin surface rendering executive-control-center/ExecutiveControlAreaPage","NOT_APPLICABLE","B11","Analytics & intelligence","/angelcare-marketplace/admin/executive-control","MERGED_INTO_CONTROL_ROOM","CAP-B11-007","SOURCE_REVIEWED","app/angelcare-marketplace/(protected)/admin/executive-control/trust/page.tsx; actual component imports and approved canonical screen authority reviewed."
"/angelcare-marketplace/admin/experience/block-library","auth/context|design-system/ui","Protected Admin surface rendering auth/context|design-system/ui","NOT_APPLICABLE","B05","Boutique","/angelcare-marketplace/admin/boutique","MERGED_INTO_CONTROL_ROOM","CAP-B05-001","SOURCE_REVIEWED","app/angelcare-marketplace/(protected)/admin/experience/block-library/page.tsx; actual component imports and approved canonical screen authority reviewed."
"/angelcare-marketplace/admin/experience/ctas","auth/context|design-system/ui","Protected Admin surface rendering auth/context|design-system/ui","NOT_APPLICABLE","B05","Boutique","/angelcare-marketplace/admin/boutique","MERGED_INTO_CONTROL_ROOM","CAP-B05-001","SOURCE_REVIEWED","app/angelcare-marketplace/(protected)/admin/experience/ctas/page.tsx; actual component imports and approved canonical screen authority reviewed."
"/angelcare-marketplace/admin/experience/homepage/analytics","next/navigation","Source redirect/compatibility alias","/angelcare-marketplace/admin/analytics/marketplace","GLOBAL","Accueil / cross-domain shell","/angelcare-marketplace/admin/analytics/marketplace","COMPATIBILITY_REDIRECT","CAP-GLOBAL-001","SOURCE_REVIEWED","app/angelcare-marketplace/(protected)/admin/experience/homepage/analytics/page.tsx; actual component imports and approved canonical screen authority reviewed."
"/angelcare-marketplace/admin/experience/homepage/audiences","next/navigation","Source redirect/compatibility alias","/angelcare-marketplace/admin/homepage/audiences","B05","Boutique","/angelcare-marketplace/admin/homepage/audiences","COMPATIBILITY_REDIRECT","CAP-B05-001","SOURCE_REVIEWED","app/angelcare-marketplace/(protected)/admin/experience/homepage/audiences/page.tsx; actual component imports and approved canonical screen authority reviewed."
"/angelcare-marketplace/admin/experience/homepage/campaigns","next/navigation","Source redirect/compatibility alias","/angelcare-marketplace/admin/homepage/hero","B05","Boutique","/angelcare-marketplace/admin/homepage/hero","COMPATIBILITY_REDIRECT","CAP-B05-001","SOURCE_REVIEWED","app/angelcare-marketplace/(protected)/admin/experience/homepage/campaigns/page.tsx; actual component imports and approved canonical screen authority reviewed."
"/angelcare-marketplace/admin/experience/homepage/collections","next/navigation","Source redirect/compatibility alias","/angelcare-marketplace/admin/homepage/collections","B05","Boutique","/angelcare-marketplace/admin/homepage/collections","COMPATIBILITY_REDIRECT","CAP-B05-001","SOURCE_REVIEWED","app/angelcare-marketplace/(protected)/admin/experience/homepage/collections/page.tsx; actual component imports and approved canonical screen authority reviewed."
"/angelcare-marketplace/admin/experience/homepage/hero","next/navigation","Source redirect/compatibility alias","/angelcare-marketplace/admin/homepage/hero","B05","Boutique","/angelcare-marketplace/admin/homepage/hero","COMPATIBILITY_REDIRECT","CAP-B05-001","SOURCE_REVIEWED","app/angelcare-marketplace/(protected)/admin/experience/homepage/hero/page.tsx; actual component imports and approved canonical screen authority reviewed."
"/angelcare-marketplace/admin/experience/homepage/media","next/navigation","Source redirect/compatibility alias","/angelcare-marketplace/admin/media","B05","Boutique","/angelcare-marketplace/admin/media","COMPATIBILITY_REDIRECT","CAP-B05-001","SOURCE_REVIEWED","app/angelcare-marketplace/(protected)/admin/experience/homepage/media/page.tsx; actual component imports and approved canonical screen authority reviewed."
"/angelcare-marketplace/admin/experience/homepage","next/navigation","Source redirect/compatibility alias","/angelcare-marketplace/admin/homepage","B05","Boutique","/angelcare-marketplace/admin/homepage","COMPATIBILITY_REDIRECT","CAP-B05-001","SOURCE_REVIEWED","app/angelcare-marketplace/(protected)/admin/experience/homepage/page.tsx; actual component imports and approved canonical screen authority reviewed."
"/angelcare-marketplace/admin/experience/homepage/placements","next/navigation","Source redirect/compatibility alias","/angelcare-marketplace/admin/homepage/placements","B05","Boutique","/angelcare-marketplace/admin/homepage/placements","COMPATIBILITY_REDIRECT","CAP-B05-001","SOURCE_REVIEWED","app/angelcare-marketplace/(protected)/admin/experience/homepage/placements/page.tsx; actual component imports and approved canonical screen authority reviewed."
"/angelcare-marketplace/admin/experience/homepage/preview","next/navigation","Source redirect/compatibility alias","/angelcare-marketplace/admin/homepage/preview","B05","Boutique","/angelcare-marketplace/admin/homepage/preview","COMPATIBILITY_REDIRECT","CAP-B05-001","SOURCE_REVIEWED","app/angelcare-marketplace/(protected)/admin/experience/homepage/preview/page.tsx; actual component imports and approved canonical screen authority reviewed."
"/angelcare-marketplace/admin/experience/homepage/sections","next/navigation","Source redirect/compatibility alias","/angelcare-marketplace/admin/homepage/sections","B05","Boutique","/angelcare-marketplace/admin/homepage/sections","COMPATIBILITY_REDIRECT","CAP-B05-001","SOURCE_REVIEWED","app/angelcare-marketplace/(protected)/admin/experience/homepage/sections/page.tsx; actual component imports and approved canonical screen authority reviewed."
"/angelcare-marketplace/admin/experience/homepage/territories","next/navigation","Source redirect/compatibility alias","/angelcare-marketplace/admin/homepage/territories","B05","Boutique","/angelcare-marketplace/admin/homepage/territories","COMPATIBILITY_REDIRECT","CAP-B05-001","SOURCE_REVIEWED","app/angelcare-marketplace/(protected)/admin/experience/homepage/territories/page.tsx; actual component imports and approved canonical screen authority reviewed."
"/angelcare-marketplace/admin/experience/menus","auth/context|design-system/ui","Protected Admin surface rendering auth/context|design-system/ui","NOT_APPLICABLE","B05","Boutique","/angelcare-marketplace/admin/boutique","MERGED_INTO_CONTROL_ROOM","CAP-B05-001","SOURCE_REVIEWED","app/angelcare-marketplace/(protected)/admin/experience/menus/page.tsx; actual component imports and approved canonical screen authority reviewed."
"/angelcare-marketplace/admin/experience","auth/context|experience-builder/components/ExperienceCommand|experience-builder/repository","Protected Admin surface rendering auth/context|experience-builder/components/ExperienceCommand|experience-builder/repository","NOT_APPLICABLE","B05","Boutique","/angelcare-marketplace/admin/experience/pages/[pageId]/builder","MERGED_INTO_DOSSIER","CAP-B05-005","SOURCE_REVIEWED","app/angelcare-marketplace/(protected)/admin/experience/page.tsx; actual component imports and approved canonical screen authority reviewed."
"/angelcare-marketplace/admin/experience/pages/:pageId/builder","auth/context|experience-builder/components/PageBuilderClient|experience-builder/repository","Protected Admin surface rendering auth/context|experience-builder/components/PageBuilderClient|experience-builder/repository","NOT_APPLICABLE","B05","Boutique","/angelcare-marketplace/admin/experience/pages/[pageId]/builder","CANONICAL","CAP-B05-005","SOURCE_REVIEWED","app/angelcare-marketplace/(protected)/admin/experience/pages/[pageId]/builder/page.tsx; actual component imports and approved canonical screen authority reviewed."
"/angelcare-marketplace/admin/experience/pages/:pageId","auth/context|design-system/ui|experience-builder/repository","Protected Admin surface rendering auth/context|design-system/ui|experience-builder/repository","NOT_APPLICABLE","B05","Boutique","/angelcare-marketplace/admin/experience/pages/[pageId]/builder","MERGED_INTO_DOSSIER","CAP-B05-005","SOURCE_REVIEWED","app/angelcare-marketplace/(protected)/admin/experience/pages/[pageId]/page.tsx; actual component imports and approved canonical screen authority reviewed."
"/angelcare-marketplace/admin/experience/pages/new","auth/context|design-system/ui|experience-builder/components/CreatePageClient","Protected Admin surface rendering auth/context|design-system/ui|experience-builder/components/CreatePageClient","NOT_APPLICABLE","B05","Boutique","/angelcare-marketplace/admin/experience/pages","ADVANCED_TOOL","CAP-B05-004","SOURCE_REVIEWED","app/angelcare-marketplace/(protected)/admin/experience/pages/new/page.tsx; actual component imports and approved canonical screen authority reviewed."
"/angelcare-marketplace/admin/experience/pages","auth/context|design-system/ui|experience-builder/components/PageRegistry|experience-builder/repository","Protected Admin surface rendering auth/context|design-system/ui|experience-builder/components/PageRegistry|experience-builder/repository","NOT_APPLICABLE","B05","Boutique","/angelcare-marketplace/admin/experience/pages","CANONICAL","CAP-B05-004","SOURCE_REVIEWED","app/angelcare-marketplace/(protected)/admin/experience/pages/page.tsx; actual component imports and approved canonical screen authority reviewed."
"/angelcare-marketplace/admin/experience/publishing","auth/context|design-system/ui|experience-builder/components/PublishingRunway|experience-builder/repository","Protected Admin surface rendering auth/context|design-system/ui|experience-builder/components/PublishingRunway|experience-builder/repository","NOT_APPLICABLE","B05","Boutique","/angelcare-marketplace/admin/boutique","MERGED_INTO_CONTROL_ROOM","CAP-B05-001","SOURCE_REVIEWED","app/angelcare-marketplace/(protected)/admin/experience/publishing/page.tsx; actual component imports and approved canonical screen authority reviewed."
"/angelcare-marketplace/admin/families","auth/context|family-experience/components/AdminFamilyCommand|family-experience/repository","Protected Admin surface rendering auth/context|family-experience/components/AdminFamilyCommand|family-experience/repository","NOT_APPLICABLE","B03","Clients","/angelcare-marketplace/admin/customers","MERGED_INTO_CONTROL_ROOM","CAP-B03-001","SOURCE_REVIEWED","app/angelcare-marketplace/(protected)/admin/families/page.tsx; actual component imports and approved canonical screen authority reviewed."
"/angelcare-marketplace/admin/family-requests/:requestId","auth/context|family-experience/repository|admin-control-plane/components/FamilyRequestDossier","Protected Admin surface rendering auth/context|family-experience/repository|admin-control-plane/components/FamilyRequestDossier","NOT_APPLICABLE","B03|B11","Clients","/angelcare-marketplace/admin/customers","MERGED_INTO_CONTROL_ROOM","CAP-B03-001|CAP-B11-001","SOURCE_REVIEWED","app/angelcare-marketplace/(protected)/admin/family-requests/[requestId]/page.tsx; actual component imports and approved canonical screen authority reviewed."
"/angelcare-marketplace/admin/family-requests","auth/context|family-experience/components/AdminFamilyCommand|family-experience/repository","Protected Admin surface rendering auth/context|family-experience/components/AdminFamilyCommand|family-experience/repository","NOT_APPLICABLE","B03","Clients","/angelcare-marketplace/admin/customers","MERGED_INTO_CONTROL_ROOM","CAP-B03-001","SOURCE_REVIEWED","app/angelcare-marketplace/(protected)/admin/family-requests/page.tsx; actual component imports and approved canonical screen authority reviewed."
"/angelcare-marketplace/admin/feature-flags","domain/types|auth/context|components/FoundationUnavailable|features/admin/FeatureFlagsClient|design-system/ui|server/repository","Protected Admin surface rendering domain/types|auth/context|components/FoundationUnavailable|features/admin/FeatureFlagsClient|design-system/ui|server/repository","NOT_APPLICABLE","GLOBAL","Accueil / cross-domain shell","/angelcare-marketplace/admin","ADVANCED_TOOL","CAP-GLOBAL-001","SOURCE_REVIEWED","app/angelcare-marketplace/(protected)/admin/feature-flags/page.tsx; actual component imports and approved canonical screen authority reviewed."
"/angelcare-marketplace/admin/finance-monetization/credit","financial-control-ledger/FinanceAreaPage","Protected Admin surface rendering financial-control-ledger/FinanceAreaPage","NOT_APPLICABLE","B10","Finance","/angelcare-marketplace/admin/finance","MERGED_INTO_CONTROL_ROOM","CAP-B10-001","SOURCE_REVIEWED","app/angelcare-marketplace/(protected)/admin/finance-monetization/credit/page.tsx; actual component imports and approved canonical screen authority reviewed."
"/angelcare-marketplace/admin/finance-monetization/exceptions","financial-control-ledger/FinanceAreaPage","Protected Admin surface rendering financial-control-ledger/FinanceAreaPage","NOT_APPLICABLE","B10","Finance","/angelcare-marketplace/admin/finance","MERGED_INTO_CONTROL_ROOM","CAP-B10-001","SOURCE_REVIEWED","app/angelcare-marketplace/(protected)/admin/finance-monetization/exceptions/page.tsx; actual component imports and approved canonical screen authority reviewed."
"/angelcare-marketplace/admin/finance-monetization/invoices","financial-control-ledger/FinanceAreaPage","Protected Admin surface rendering financial-control-ledger/FinanceAreaPage","NOT_APPLICABLE","B10","Finance","/angelcare-marketplace/admin/finance","MERGED_INTO_CONTROL_ROOM","CAP-B10-001","SOURCE_REVIEWED","app/angelcare-marketplace/(protected)/admin/finance-monetization/invoices/page.tsx; actual component imports and approved canonical screen authority reviewed."
"/angelcare-marketplace/admin/finance-monetization","financial-control-ledger/FinanceAreaPage","Protected Admin surface rendering financial-control-ledger/FinanceAreaPage","NOT_APPLICABLE","B04|B10","Commandes & réservations","/angelcare-marketplace/admin/orders","MERGED_INTO_CONTROL_ROOM","CAP-B04-001|CAP-B10-001","SOURCE_REVIEWED","app/angelcare-marketplace/(protected)/admin/finance-monetization/page.tsx; actual component imports and approved canonical screen authority reviewed."
"/angelcare-marketplace/admin/finance-monetization/payments","financial-control-ledger/FinanceAreaPage","Protected Admin surface rendering financial-control-ledger/FinanceAreaPage","NOT_APPLICABLE","B10","Finance","/angelcare-marketplace/admin/finance","MERGED_INTO_CONTROL_ROOM","CAP-B10-001","SOURCE_REVIEWED","app/angelcare-marketplace/(protected)/admin/finance-monetization/payments/page.tsx; actual component imports and approved canonical screen authority reviewed."
"/angelcare-marketplace/admin/finance-monetization/receipts","financial-control-ledger/FinanceAreaPage","Protected Admin surface rendering financial-control-ledger/FinanceAreaPage","NOT_APPLICABLE","B10","Finance","/angelcare-marketplace/admin/finance","MERGED_INTO_CONTROL_ROOM","CAP-B10-001","SOURCE_REVIEWED","app/angelcare-marketplace/(protected)/admin/finance-monetization/receipts/page.tsx; actual component imports and approved canonical screen authority reviewed."
"/angelcare-marketplace/admin/finance-monetization/reconciliation","financial-control-ledger/FinanceAreaPage","Protected Admin surface rendering financial-control-ledger/FinanceAreaPage","NOT_APPLICABLE","B10","Finance","/angelcare-marketplace/admin/finance","MERGED_INTO_CONTROL_ROOM","CAP-B10-001","SOURCE_REVIEWED","app/angelcare-marketplace/(protected)/admin/finance-monetization/reconciliation/page.tsx; actual component imports and approved canonical screen authority reviewed."
"/angelcare-marketplace/admin/finance-monetization/refunds","financial-control-ledger/FinanceAreaPage","Protected Admin surface rendering financial-control-ledger/FinanceAreaPage","NOT_APPLICABLE","B10","Finance","/angelcare-marketplace/admin/finance","MERGED_INTO_CONTROL_ROOM","CAP-B10-001","SOURCE_REVIEWED","app/angelcare-marketplace/(protected)/admin/finance-monetization/refunds/page.tsx; actual component imports and approved canonical screen authority reviewed."
"/angelcare-marketplace/admin/finance-monetization/subscriptions","financial-control-ledger/FinanceAreaPage","Protected Admin surface rendering financial-control-ledger/FinanceAreaPage","NOT_APPLICABLE","B04|B10","Commandes & réservations","/angelcare-marketplace/admin/orders","MERGED_INTO_CONTROL_ROOM","CAP-B04-001|CAP-B10-001","SOURCE_REVIEWED","app/angelcare-marketplace/(protected)/admin/finance-monetization/subscriptions/page.tsx; actual component imports and approved canonical screen authority reviewed."
"/angelcare-marketplace/admin/finance/commissions","next/navigation","Source redirect/compatibility alias","/angelcare-marketplace/admin/finance/revenue-streams?focus=commissions","B10","Finance","/angelcare-marketplace/admin/finance/revenue-streams?focus=commissions","COMPATIBILITY_REDIRECT","CAP-B10-001","SOURCE_REVIEWED","app/angelcare-marketplace/(protected)/admin/finance/commissions/page.tsx; actual component imports and approved canonical screen authority reviewed."
"/angelcare-marketplace/admin/finance/discounts","next/navigation","Source redirect/compatibility alias","/angelcare-marketplace/admin/finance/margins?focus=discounts","B10","Finance","/angelcare-marketplace/admin/finance/margins?focus=discounts","COMPATIBILITY_REDIRECT","CAP-B10-001","SOURCE_REVIEWED","app/angelcare-marketplace/(protected)/admin/finance/discounts/page.tsx; actual component imports and approved canonical screen authority reviewed."
"/angelcare-marketplace/admin/finance/exceptions","next/navigation","Source redirect/compatibility alias","/angelcare-marketplace/admin/finance/margins?focus=exceptions","B10","Finance","/angelcare-marketplace/admin/finance/margins?focus=exceptions","COMPATIBILITY_REDIRECT","CAP-B10-001","SOURCE_REVIEWED","app/angelcare-marketplace/(protected)/admin/finance/exceptions/page.tsx; actual component imports and approved canonical screen authority reviewed."
"/angelcare-marketplace/admin/finance/invoice-readiness","auth/context|finance-authority/repository|finance-authority/components/FinanceRegisters","Protected Admin surface rendering auth/context|finance-authority/repository|finance-authority/components/FinanceRegisters","NOT_APPLICABLE","B10","Finance","/angelcare-marketplace/admin/finance","MERGED_INTO_CONTROL_ROOM","CAP-B10-001","SOURCE_REVIEWED","app/angelcare-marketplace/(protected)/admin/finance/invoice-readiness/page.tsx; actual component imports and approved canonical screen authority reviewed."
"/angelcare-marketplace/admin/finance/invoices","auth/context|enterprise-closure/repository|enterprise-closure/components/InvoiceCommand","Protected Admin surface rendering auth/context|enterprise-closure/repository|enterprise-closure/components/InvoiceCommand","NOT_APPLICABLE","B10","Finance","/angelcare-marketplace/admin/finance/invoices","CANONICAL","CAP-B10-004","SOURCE_REVIEWED","app/angelcare-marketplace/(protected)/admin/finance/invoices/page.tsx; actual component imports and approved canonical screen authority reviewed."
"/angelcare-marketplace/admin/finance/margins","auth/context|finance-authority/repository|finance-authority/components/FinanceRegisters","Protected Admin surface rendering auth/context|finance-authority/repository|finance-authority/components/FinanceRegisters","NOT_APPLICABLE","B10","Finance","/angelcare-marketplace/admin/finance/margins","CANONICAL","CAP-B10-008","SOURCE_REVIEWED","app/angelcare-marketplace/(protected)/admin/finance/margins/page.tsx; actual component imports and approved canonical screen authority reviewed."
"/angelcare-marketplace/admin/finance","auth/context|finance-authority/repository|finance-authority/components/FinanceCommand","Protected Admin surface rendering auth/context|finance-authority/repository|finance-authority/components/FinanceCommand","NOT_APPLICABLE","B04|B10","Finance","/angelcare-marketplace/admin/finance","CANONICAL","CAP-B10-001","SOURCE_REVIEWED","app/angelcare-marketplace/(protected)/admin/finance/page.tsx; actual component imports and approved canonical screen authority reviewed."
"/angelcare-marketplace/admin/finance/price-books","auth/context|finance-authority/repository|finance-authority/components/PriceBookAuthority","Protected Admin surface rendering auth/context|finance-authority/repository|finance-authority/components/PriceBookAuthority","NOT_APPLICABLE","B10","Finance","/angelcare-marketplace/admin/finance/price-books","CANONICAL","CAP-B10-007","SOURCE_REVIEWED","app/angelcare-marketplace/(protected)/admin/finance/price-books/page.tsx; actual component imports and approved canonical screen authority reviewed."
"/angelcare-marketplace/admin/finance/receipts","auth/context|enterprise-closure/repository|admin-control-plane/repository|enterprise-closure/components/ReceiptCommand","Protected Admin surface rendering auth/context|enterprise-closure/repository|admin-control-plane/repository|enterprise-closure/components/ReceiptCommand","NOT_APPLICABLE","B10","Finance","/angelcare-marketplace/admin/finance/receipts","CANONICAL","CAP-B10-005","SOURCE_REVIEWED","app/angelcare-marketplace/(protected)/admin/finance/receipts/page.tsx; actual component imports and approved canonical screen authority reviewed."
"/angelcare-marketplace/admin/finance/reconciliation","auth/context|finance-authority/repository|finance-authority/components/FinanceRegisters","Protected Admin surface rendering auth/context|finance-authority/repository|finance-authority/components/FinanceRegisters","NOT_APPLICABLE","B10","Finance","/angelcare-marketplace/admin/finance/reconciliation","CANONICAL","CAP-B10-010","SOURCE_REVIEWED","app/angelcare-marketplace/(protected)/admin/finance/reconciliation/page.tsx; actual component imports and approved canonical screen authority reviewed."
"/angelcare-marketplace/admin/finance/reports","next/navigation","Source redirect/compatibility alias","/angelcare-marketplace/admin/finance?focus=reports","B10","Finance","/angelcare-marketplace/admin/finance?focus=reports","COMPATIBILITY_REDIRECT","CAP-B10-001","SOURCE_REVIEWED","app/angelcare-marketplace/(protected)/admin/finance/reports/page.tsx; actual component imports and approved canonical screen authority reviewed."
"/angelcare-marketplace/admin/finance/revenue-streams","auth/context|finance-authority/repository|finance-authority/components/FinanceRegisters","Protected Admin surface rendering auth/context|finance-authority/repository|finance-authority/components/FinanceRegisters","NOT_APPLICABLE","B10","Finance","/angelcare-marketplace/admin/finance/revenue-streams","CANONICAL","CAP-B10-009","SOURCE_REVIEWED","app/angelcare-marketplace/(protected)/admin/finance/revenue-streams/page.tsx; actual component imports and approved canonical screen authority reviewed."
"/angelcare-marketplace/admin/footer-studio/analytics","footer-studio/admin-pages","Protected Admin surface rendering footer-studio/admin-pages","NOT_APPLICABLE","B05","Boutique","/angelcare-marketplace/admin/footer-studio","MERGED_INTO_STUDIO","CAP-B05-008","SOURCE_REVIEWED","app/angelcare-marketplace/(protected)/admin/footer-studio/analytics/page.tsx; actual component imports and approved canonical screen authority reviewed."
"/angelcare-marketplace/admin/footer-studio/components","footer-studio/admin-pages","Protected Admin surface rendering footer-studio/admin-pages","NOT_APPLICABLE","B05","Boutique","/angelcare-marketplace/admin/footer-studio","MERGED_INTO_STUDIO","CAP-B05-008","SOURCE_REVIEWED","app/angelcare-marketplace/(protected)/admin/footer-studio/components/page.tsx; actual component imports and approved canonical screen authority reviewed."
"/angelcare-marketplace/admin/footer-studio/composer","footer-studio/admin-pages","Protected Admin surface rendering footer-studio/admin-pages","NOT_APPLICABLE","B05","Boutique","/angelcare-marketplace/admin/footer-studio","MERGED_INTO_STUDIO","CAP-B05-008","SOURCE_REVIEWED","app/angelcare-marketplace/(protected)/admin/footer-studio/composer/page.tsx; actual component imports and approved canonical screen authority reviewed."
"/angelcare-marketplace/admin/footer-studio/contacts","footer-studio/admin-pages","Protected Admin surface rendering footer-studio/admin-pages","NOT_APPLICABLE","B05","Boutique","/angelcare-marketplace/admin/footer-studio","MERGED_INTO_STUDIO","CAP-B05-008","SOURCE_REVIEWED","app/angelcare-marketplace/(protected)/admin/footer-studio/contacts/page.tsx; actual component imports and approved canonical screen authority reviewed."
"/angelcare-marketplace/admin/footer-studio/history","footer-studio/admin-pages","Protected Admin surface rendering footer-studio/admin-pages","NOT_APPLICABLE","B05","Boutique","/angelcare-marketplace/admin/footer-studio","MERGED_INTO_STUDIO","CAP-B05-008","SOURCE_REVIEWED","app/angelcare-marketplace/(protected)/admin/footer-studio/history/page.tsx; actual component imports and approved canonical screen authority reviewed."
"/angelcare-marketplace/admin/footer-studio/localization","footer-studio/admin-pages","Protected Admin surface rendering footer-studio/admin-pages","NOT_APPLICABLE","B05","Boutique","/angelcare-marketplace/admin/footer-studio","MERGED_INTO_STUDIO","CAP-B05-008","SOURCE_REVIEWED","app/angelcare-marketplace/(protected)/admin/footer-studio/localization/page.tsx; actual component imports and approved canonical screen authority reviewed."
"/angelcare-marketplace/admin/footer-studio/navigation","footer-studio/admin-pages","Protected Admin surface rendering footer-studio/admin-pages","NOT_APPLICABLE","B05","Boutique","/angelcare-marketplace/admin/footer-studio","MERGED_INTO_STUDIO","CAP-B05-008","SOURCE_REVIEWED","app/angelcare-marketplace/(protected)/admin/footer-studio/navigation/page.tsx; actual component imports and approved canonical screen authority reviewed."
"/angelcare-marketplace/admin/footer-studio","footer-studio/admin-pages","Protected Admin surface rendering footer-studio/admin-pages","NOT_APPLICABLE","B05","Boutique","/angelcare-marketplace/admin/footer-studio","CANONICAL","CAP-B05-008","SOURCE_REVIEWED","app/angelcare-marketplace/(protected)/admin/footer-studio/page.tsx; actual component imports and approved canonical screen authority reviewed."
"/angelcare-marketplace/admin/footer-studio/profiles","footer-studio/admin-pages","Protected Admin surface rendering footer-studio/admin-pages","NOT_APPLICABLE","B05","Boutique","/angelcare-marketplace/admin/footer-studio","MERGED_INTO_STUDIO","CAP-B05-008","SOURCE_REVIEWED","app/angelcare-marketplace/(protected)/admin/footer-studio/profiles/page.tsx; actual component imports and approved canonical screen authority reviewed."
"/angelcare-marketplace/admin/footer-studio/schedules","footer-studio/admin-pages","Protected Admin surface rendering footer-studio/admin-pages","NOT_APPLICABLE","B05","Boutique","/angelcare-marketplace/admin/footer-studio","MERGED_INTO_STUDIO","CAP-B05-008","SOURCE_REVIEWED","app/angelcare-marketplace/(protected)/admin/footer-studio/schedules/page.tsx; actual component imports and approved canonical screen authority reviewed."
"/angelcare-marketplace/admin/footer-studio/settings","footer-studio/admin-pages","Protected Admin surface rendering footer-studio/admin-pages","NOT_APPLICABLE","B05","Boutique","/angelcare-marketplace/admin/footer-studio","MERGED_INTO_STUDIO","CAP-B05-008","SOURCE_REVIEWED","app/angelcare-marketplace/(protected)/admin/footer-studio/settings/page.tsx; actual component imports and approved canonical screen authority reviewed."
"/angelcare-marketplace/admin/footer-studio/targeting","footer-studio/admin-pages","Protected Admin surface rendering footer-studio/admin-pages","NOT_APPLICABLE","B05","Boutique","/angelcare-marketplace/admin/footer-studio","MERGED_INTO_STUDIO","CAP-B05-008","SOURCE_REVIEWED","app/angelcare-marketplace/(protected)/admin/footer-studio/targeting/page.tsx; actual component imports and approved canonical screen authority reviewed."
"/angelcare-marketplace/admin/footer-studio/themes","footer-studio/admin-pages","Protected Admin surface rendering footer-studio/admin-pages","NOT_APPLICABLE","B05","Boutique","/angelcare-marketplace/admin/footer-studio","MERGED_INTO_STUDIO","CAP-B05-008","SOURCE_REVIEWED","app/angelcare-marketplace/(protected)/admin/footer-studio/themes/page.tsx; actual component imports and approved canonical screen authority reviewed."
"/angelcare-marketplace/admin/foundation-ui","NONE","Source redirect/compatibility alias","/angelcare-marketplace/admin/product-excellence","B11","Trust & qualité","/angelcare-marketplace/admin/product-excellence","COMPATIBILITY_REDIRECT","CAP-B11-001","SOURCE_REVIEWED","app/angelcare-marketplace/(protected)/admin/foundation-ui/page.tsx; actual component imports and approved canonical screen authority reviewed."
"/angelcare-marketplace/admin/frontend-experiences/homepage","next/navigation","Source redirect/compatibility alias","/angelcare-marketplace/admin/homepage","B05","Boutique","/angelcare-marketplace/admin/homepage","COMPATIBILITY_REDIRECT","CAP-B05-001","SOURCE_REVIEWED","app/angelcare-marketplace/(protected)/admin/frontend-experiences/homepage/page.tsx; actual component imports and approved canonical screen authority reviewed."
"/angelcare-marketplace/admin/frontend-experiences/marketplace","auth/context|total-commerce-control/repository|total-commerce-control/surface-registry|total-commerce-control/components/SurfaceExperienceStudio","Protected Admin surface rendering auth/context|total-commerce-control/repository|total-commerce-control/surface-registry|total-commerce-control/components/SurfaceExperienceStudio","NOT_APPLICABLE","B05","Boutique","/angelcare-marketplace/admin/boutique","MERGED_INTO_CONTROL_ROOM","CAP-B05-001","SOURCE_REVIEWED","app/angelcare-marketplace/(protected)/admin/frontend-experiences/marketplace/page.tsx; actual component imports and approved canonical screen authority reviewed."
"/angelcare-marketplace/admin/frontend-experiences","auth/context|total-commerce-control/repository|total-commerce-control/components/FrontendControlCommand","Protected Admin surface rendering auth/context|total-commerce-control/repository|total-commerce-control/components/FrontendControlCommand","NOT_APPLICABLE","B05","Boutique","/angelcare-marketplace/admin/frontend-experiences/surfaces","MERGED_INTO_STUDIO","CAP-B05-009","SOURCE_REVIEWED","app/angelcare-marketplace/(protected)/admin/frontend-experiences/page.tsx; actual component imports and approved canonical screen authority reviewed."
"/angelcare-marketplace/admin/frontend-experiences/preview","auth/context|total-commerce-control/repository|total-commerce-control/components/SurfaceRegistryStudio","Protected Admin surface rendering auth/context|total-commerce-control/repository|total-commerce-control/components/SurfaceRegistryStudio","NOT_APPLICABLE","B05","Boutique","/angelcare-marketplace/admin/boutique","MERGED_INTO_CONTROL_ROOM","CAP-B05-001","SOURCE_REVIEWED","app/angelcare-marketplace/(protected)/admin/frontend-experiences/preview/page.tsx; actual component imports and approved canonical screen authority reviewed."
"/angelcare-marketplace/admin/frontend-experiences/surfaces/:surfaceKey","auth/context|total-commerce-control/repository|total-commerce-control/surface-registry|total-commerce-control/components/SurfaceExperienceStudio|commerce-studio/repository","Source redirect/compatibility alias",");if(definition.studio===|);if(definition.studio===|);if(definition.studio===|/angelcare-marketplace/admin/catalog/categories","B05","Boutique",");if(definition.studio===|);if(definition.studio===|);if(definition.studio===|/angelcare-marketplace/admin/catalog/categories","COMPATIBILITY_REDIRECT","CAP-B05-009","SOURCE_REVIEWED","app/angelcare-marketplace/(protected)/admin/frontend-experiences/surfaces/[surfaceKey]/page.tsx; actual component imports and approved canonical screen authority reviewed."
"/angelcare-marketplace/admin/frontend-experiences/surfaces","auth/context|total-commerce-control/repository|total-commerce-control/components/SurfaceRegistryStudio","Protected Admin surface rendering auth/context|total-commerce-control/repository|total-commerce-control/components/SurfaceRegistryStudio","NOT_APPLICABLE","B05","Boutique","/angelcare-marketplace/admin/frontend-experiences/surfaces","CANONICAL","CAP-B05-009","SOURCE_REVIEWED","app/angelcare-marketplace/(protected)/admin/frontend-experiences/surfaces/page.tsx; actual component imports and approved canonical screen authority reviewed."
"/angelcare-marketplace/admin/frontend-experiences/verticals/:surfaceKey","auth/context|total-commerce-control/repository|total-commerce-control/surface-registry|total-commerce-control/components/SurfaceExperienceStudio","Protected Admin surface rendering auth/context|total-commerce-control/repository|total-commerce-control/surface-registry|total-commerce-control/components/SurfaceExperienceStudio","NOT_APPLICABLE","B05","Boutique","/angelcare-marketplace/admin/boutique","MERGED_INTO_CONTROL_ROOM","CAP-B05-001","SOURCE_REVIEWED","app/angelcare-marketplace/(protected)/admin/frontend-experiences/verticals/[surfaceKey]/page.tsx; actual component imports and approved canonical screen authority reviewed."
"/angelcare-marketplace/admin/growth-experience/acquisition","growth-experience-command/GrowthExperienceAreaPage","Protected Admin surface rendering growth-experience-command/GrowthExperienceAreaPage","NOT_APPLICABLE","B06","Marketing & promotions","/angelcare-marketplace/admin/growth-experience","MERGED_INTO_CONTROL_ROOM","CAP-B06-001","SOURCE_REVIEWED","app/angelcare-marketplace/(protected)/admin/growth-experience/acquisition/page.tsx; actual component imports and approved canonical screen authority reviewed."
"/angelcare-marketplace/admin/growth-experience/audiences","growth-experience-command/GrowthExperienceAreaPage","Protected Admin surface rendering growth-experience-command/GrowthExperienceAreaPage","NOT_APPLICABLE","B06","Marketing & promotions","/angelcare-marketplace/admin/growth-experience","MERGED_INTO_CONTROL_ROOM","CAP-B06-001","SOURCE_REVIEWED","app/angelcare-marketplace/(protected)/admin/growth-experience/audiences/page.tsx; actual component imports and approved canonical screen authority reviewed."
"/angelcare-marketplace/admin/growth-experience/campaigns","growth-experience-command/GrowthExperienceAreaPage","Protected Admin surface rendering growth-experience-command/GrowthExperienceAreaPage","NOT_APPLICABLE","B06","Marketing & promotions","/angelcare-marketplace/admin/growth-experience","MERGED_INTO_CONTROL_ROOM","CAP-B06-001","SOURCE_REVIEWED","app/angelcare-marketplace/(protected)/admin/growth-experience/campaigns/page.tsx; actual component imports and approved canonical screen authority reviewed."
"/angelcare-marketplace/admin/growth-experience/conversion","growth-experience-command/GrowthExperienceAreaPage","Protected Admin surface rendering growth-experience-command/GrowthExperienceAreaPage","NOT_APPLICABLE","B06","Marketing & promotions","/angelcare-marketplace/admin/growth-experience","MERGED_INTO_CONTROL_ROOM","CAP-B06-001","SOURCE_REVIEWED","app/angelcare-marketplace/(protected)/admin/growth-experience/conversion/page.tsx; actual component imports and approved canonical screen authority reviewed."
"/angelcare-marketplace/admin/growth-experience/discovery","growth-experience-command/GrowthExperienceAreaPage","Protected Admin surface rendering growth-experience-command/GrowthExperienceAreaPage","NOT_APPLICABLE","B06","Marketing & promotions","/angelcare-marketplace/admin/growth-experience","MERGED_INTO_CONTROL_ROOM","CAP-B06-001","SOURCE_REVIEWED","app/angelcare-marketplace/(protected)/admin/growth-experience/discovery/page.tsx; actual component imports and approved canonical screen authority reviewed."
"/angelcare-marketplace/admin/growth-experience/experiments","growth-experience-command/GrowthExperienceAreaPage","Protected Admin surface rendering growth-experience-command/GrowthExperienceAreaPage","NOT_APPLICABLE","B06","Marketing & promotions","/angelcare-marketplace/admin/growth-experience","MERGED_INTO_CONTROL_ROOM","CAP-B06-001","SOURCE_REVIEWED","app/angelcare-marketplace/(protected)/admin/growth-experience/experiments/page.tsx; actual component imports and approved canonical screen authority reviewed."
"/angelcare-marketplace/admin/growth-experience/homepage","growth-experience-command/GrowthExperienceAreaPage","Protected Admin surface rendering growth-experience-command/GrowthExperienceAreaPage","NOT_APPLICABLE","B06","Marketing & promotions","/angelcare-marketplace/admin/growth-experience","MERGED_INTO_CONTROL_ROOM","CAP-B06-001","SOURCE_REVIEWED","app/angelcare-marketplace/(protected)/admin/growth-experience/homepage/page.tsx; actual component imports and approved canonical screen authority reviewed."
"/angelcare-marketplace/admin/growth-experience/localization","growth-experience-command/GrowthExperienceAreaPage","Protected Admin surface rendering growth-experience-command/GrowthExperienceAreaPage","NOT_APPLICABLE","B06","Marketing & promotions","/angelcare-marketplace/admin/growth-experience","MERGED_INTO_CONTROL_ROOM","CAP-B06-001","SOURCE_REVIEWED","app/angelcare-marketplace/(protected)/admin/growth-experience/localization/page.tsx; actual component imports and approved canonical screen authority reviewed."
"/angelcare-marketplace/admin/growth-experience/merchandising","growth-experience-command/GrowthExperienceAreaPage","Protected Admin surface rendering growth-experience-command/GrowthExperienceAreaPage","NOT_APPLICABLE","B06","Marketing & promotions","/angelcare-marketplace/admin/growth-experience","MERGED_INTO_CONTROL_ROOM","CAP-B06-001","SOURCE_REVIEWED","app/angelcare-marketplace/(protected)/admin/growth-experience/merchandising/page.tsx; actual component imports and approved canonical screen authority reviewed."
"/angelcare-marketplace/admin/growth-experience","growth-experience-command/GrowthExperienceAreaPage","Protected Admin surface rendering growth-experience-command/GrowthExperienceAreaPage","NOT_APPLICABLE","B05|B06","Marketing & promotions","/angelcare-marketplace/admin/growth-experience","CANONICAL","CAP-B06-001","SOURCE_REVIEWED","app/angelcare-marketplace/(protected)/admin/growth-experience/page.tsx; actual component imports and approved canonical screen authority reviewed."
"/angelcare-marketplace/admin/growth-experience/performance","growth-experience-command/GrowthExperienceAreaPage","Protected Admin surface rendering growth-experience-command/GrowthExperienceAreaPage","NOT_APPLICABLE","B06","Marketing & promotions","/angelcare-marketplace/admin/growth-experience","MERGED_INTO_CONTROL_ROOM","CAP-B06-001","SOURCE_REVIEWED","app/angelcare-marketplace/(protected)/admin/growth-experience/performance/page.tsx; actual component imports and approved canonical screen authority reviewed."
"/angelcare-marketplace/admin/growth-experience/public-experience","growth-experience-command/GrowthExperienceAreaPage","Protected Admin surface rendering growth-experience-command/GrowthExperienceAreaPage","NOT_APPLICABLE","B06","Marketing & promotions","/angelcare-marketplace/admin/growth-experience","MERGED_INTO_CONTROL_ROOM","CAP-B06-001","SOURCE_REVIEWED","app/angelcare-marketplace/(protected)/admin/growth-experience/public-experience/page.tsx; actual component imports and approved canonical screen authority reviewed."
"/angelcare-marketplace/admin/growth-experience/recovery","growth-experience-command/GrowthExperienceAreaPage","Protected Admin surface rendering growth-experience-command/GrowthExperienceAreaPage","NOT_APPLICABLE","B06","Marketing & promotions","/angelcare-marketplace/admin/growth-experience","MERGED_INTO_CONTROL_ROOM","CAP-B06-001","SOURCE_REVIEWED","app/angelcare-marketplace/(protected)/admin/growth-experience/recovery/page.tsx; actual component imports and approved canonical screen authority reviewed."
"/angelcare-marketplace/admin/growth-experience/retention","growth-experience-command/GrowthExperienceAreaPage","Protected Admin surface rendering growth-experience-command/GrowthExperienceAreaPage","NOT_APPLICABLE","B06","Marketing & promotions","/angelcare-marketplace/admin/growth-experience","MERGED_INTO_CONTROL_ROOM","CAP-B06-001","SOURCE_REVIEWED","app/angelcare-marketplace/(protected)/admin/growth-experience/retention/page.tsx; actual component imports and approved canonical screen authority reviewed."
"/angelcare-marketplace/admin/growth-experience/search","growth-experience-command/GrowthExperienceAreaPage","Protected Admin surface rendering growth-experience-command/GrowthExperienceAreaPage","NOT_APPLICABLE","B06","Marketing & promotions","/angelcare-marketplace/admin/growth-experience","MERGED_INTO_CONTROL_ROOM","CAP-B06-001","SOURCE_REVIEWED","app/angelcare-marketplace/(protected)/admin/growth-experience/search/page.tsx; actual component imports and approved canonical screen authority reviewed."
"/angelcare-marketplace/admin/growth/audiences","reality-completion/admin-page","Protected Admin surface rendering reality-completion/admin-page","NOT_APPLICABLE","B06","Marketing & promotions","/angelcare-marketplace/admin/growth-experience","MERGED_INTO_CONTROL_ROOM","CAP-B06-001","SOURCE_REVIEWED","app/angelcare-marketplace/(protected)/admin/growth/audiences/page.tsx; actual component imports and approved canonical screen authority reviewed."
"/angelcare-marketplace/admin/growth/campaigns","reality-completion/admin-page","Protected Admin surface rendering reality-completion/admin-page","NOT_APPLICABLE","B06","Marketing & promotions","/angelcare-marketplace/admin/growth-experience","MERGED_INTO_CONTROL_ROOM","CAP-B06-001","SOURCE_REVIEWED","app/angelcare-marketplace/(protected)/admin/growth/campaigns/page.tsx; actual component imports and approved canonical screen authority reviewed."
"/angelcare-marketplace/admin/growth/experiments","reality-completion/admin-page","Protected Admin surface rendering reality-completion/admin-page","NOT_APPLICABLE","B06","Marketing & promotions","/angelcare-marketplace/admin/growth-experience","MERGED_INTO_CONTROL_ROOM","CAP-B06-001","SOURCE_REVIEWED","app/angelcare-marketplace/(protected)/admin/growth/experiments/page.tsx; actual component imports and approved canonical screen authority reviewed."
"/angelcare-marketplace/admin/growth/opportunities","reality-completion/admin-page","Protected Admin surface rendering reality-completion/admin-page","NOT_APPLICABLE","B06","Marketing & promotions","/angelcare-marketplace/admin/growth/opportunities","CANONICAL","CAP-B06-010","SOURCE_REVIEWED","app/angelcare-marketplace/(protected)/admin/growth/opportunities/page.tsx; actual component imports and approved canonical screen authority reviewed."
"/angelcare-marketplace/admin/growth","next/navigation","Source redirect/compatibility alias","/angelcare-marketplace/admin/growth-experience","B05|B06","Marketing & promotions","/angelcare-marketplace/admin/growth-experience","COMPATIBILITY_REDIRECT","CAP-B06-010","SOURCE_REVIEWED","app/angelcare-marketplace/(protected)/admin/growth/page.tsx; actual component imports and approved canonical screen authority reviewed."
"/angelcare-marketplace/admin/growth/recommendations","reality-completion/admin-page","Protected Admin surface rendering reality-completion/admin-page","NOT_APPLICABLE","B06","Marketing & promotions","/angelcare-marketplace/admin/growth-experience","MERGED_INTO_CONTROL_ROOM","CAP-B06-001","SOURCE_REVIEWED","app/angelcare-marketplace/(protected)/admin/growth/recommendations/page.tsx; actual component imports and approved canonical screen authority reviewed."
"/angelcare-marketplace/admin/growth/recovery","reality-completion/admin-page","Protected Admin surface rendering reality-completion/admin-page","NOT_APPLICABLE","B06","Marketing & promotions","/angelcare-marketplace/admin/growth/recovery","CANONICAL","CAP-B06-008","SOURCE_REVIEWED","app/angelcare-marketplace/(protected)/admin/growth/recovery/page.tsx; actual component imports and approved canonical screen authority reviewed."
"/angelcare-marketplace/admin/growth/retention","reality-completion/admin-page","Protected Admin surface rendering reality-completion/admin-page","NOT_APPLICABLE","B06","Marketing & promotions","/angelcare-marketplace/admin/growth-experience","MERGED_INTO_CONTROL_ROOM","CAP-B06-001","SOURCE_REVIEWED","app/angelcare-marketplace/(protected)/admin/growth/retention/page.tsx; actual component imports and approved canonical screen authority reviewed."
"/angelcare-marketplace/admin/homepage/audiences","commerce-studio/admin-pages","Protected Admin surface rendering commerce-studio/admin-pages","NOT_APPLICABLE","B05","Boutique","/angelcare-marketplace/admin/boutique","MERGED_INTO_CONTROL_ROOM","CAP-B05-001","SOURCE_REVIEWED","app/angelcare-marketplace/(protected)/admin/homepage/audiences/page.tsx; actual component imports and approved canonical screen authority reviewed."
"/angelcare-marketplace/admin/homepage/collections","commerce-studio/admin-pages","Protected Admin surface rendering commerce-studio/admin-pages","NOT_APPLICABLE","B02|B05","Catégories & collections","/angelcare-marketplace/admin/catalog/categories","ADVANCED_TOOL","CAP-B02-001|CAP-B05-001","SOURCE_REVIEWED","app/angelcare-marketplace/(protected)/admin/homepage/collections/page.tsx; actual component imports and approved canonical screen authority reviewed."
"/angelcare-marketplace/admin/homepage/composer","commerce-studio/admin-pages","Protected Admin surface rendering commerce-studio/admin-pages","NOT_APPLICABLE","B05","Boutique","/angelcare-marketplace/admin/homepage/composer","CANONICAL","CAP-B05-003","SOURCE_REVIEWED","app/angelcare-marketplace/(protected)/admin/homepage/composer/page.tsx; actual component imports and approved canonical screen authority reviewed."
"/angelcare-marketplace/admin/homepage/hero","commerce-studio/admin-pages","Protected Admin surface rendering commerce-studio/admin-pages","NOT_APPLICABLE","B05","Boutique","/angelcare-marketplace/admin/homepage/hero","CANONICAL","CAP-B05-002","SOURCE_REVIEWED","app/angelcare-marketplace/(protected)/admin/homepage/hero/page.tsx; actual component imports and approved canonical screen authority reviewed."
"/angelcare-marketplace/admin/homepage/history","homepage-final/admin-page","Protected Admin surface rendering homepage-final/admin-page","NOT_APPLICABLE","B05","Boutique","/angelcare-marketplace/admin/boutique","MERGED_INTO_CONTROL_ROOM","CAP-B05-001","SOURCE_REVIEWED","app/angelcare-marketplace/(protected)/admin/homepage/history/page.tsx; actual component imports and approved canonical screen authority reviewed."
"/angelcare-marketplace/admin/homepage","commerce-studio/admin-pages","Protected Admin surface rendering commerce-studio/admin-pages","NOT_APPLICABLE","B02|B05","Boutique","/angelcare-marketplace/admin/homepage/composer","ADVANCED_TOOL","CAP-B05-003","SOURCE_REVIEWED","app/angelcare-marketplace/(protected)/admin/homepage/page.tsx; actual component imports and approved canonical screen authority reviewed."
"/angelcare-marketplace/admin/homepage/placements","commerce-studio/admin-pages","Protected Admin surface rendering commerce-studio/admin-pages","NOT_APPLICABLE","B05","Boutique","/angelcare-marketplace/admin/boutique","MERGED_INTO_CONTROL_ROOM","CAP-B05-001","SOURCE_REVIEWED","app/angelcare-marketplace/(protected)/admin/homepage/placements/page.tsx; actual component imports and approved canonical screen authority reviewed."
"/angelcare-marketplace/admin/homepage/preview","commerce-studio/admin-pages","Protected Admin surface rendering commerce-studio/admin-pages","NOT_APPLICABLE","B05","Boutique","/angelcare-marketplace/admin/boutique","MERGED_INTO_CONTROL_ROOM","CAP-B05-001","SOURCE_REVIEWED","app/angelcare-marketplace/(protected)/admin/homepage/preview/page.tsx; actual component imports and approved canonical screen authority reviewed."
"/angelcare-marketplace/admin/homepage/sections","commerce-studio/admin-pages","Protected Admin surface rendering commerce-studio/admin-pages","NOT_APPLICABLE","B05","Boutique","/angelcare-marketplace/admin/boutique","MERGED_INTO_CONTROL_ROOM","CAP-B05-001","SOURCE_REVIEWED","app/angelcare-marketplace/(protected)/admin/homepage/sections/page.tsx; actual component imports and approved canonical screen authority reviewed."
"/angelcare-marketplace/admin/homepage/territories","commerce-studio/admin-pages","Protected Admin surface rendering commerce-studio/admin-pages","NOT_APPLICABLE","B05","Boutique","/angelcare-marketplace/admin/boutique","MERGED_INTO_CONTROL_ROOM","CAP-B05-001","SOURCE_REVIEWED","app/angelcare-marketplace/(protected)/admin/homepage/territories/page.tsx; actual component imports and approved canonical screen authority reviewed."
"/angelcare-marketplace/admin/intelligence/academy","reality-completion/admin-page","Protected Admin surface rendering reality-completion/admin-page","NOT_APPLICABLE","B11","Trust & qualité","/angelcare-marketplace/admin/trust","MERGED_INTO_CONTROL_ROOM","CAP-B11-001","SOURCE_REVIEWED","app/angelcare-marketplace/(protected)/admin/intelligence/academy/page.tsx; actual component imports and approved canonical screen authority reviewed."
"/angelcare-marketplace/admin/intelligence/b2b","reality-completion/admin-page","Protected Admin surface rendering reality-completion/admin-page","NOT_APPLICABLE","B11","Trust & qualité","/angelcare-marketplace/admin/trust","MERGED_INTO_CONTROL_ROOM","CAP-B11-001","SOURCE_REVIEWED","app/angelcare-marketplace/(protected)/admin/intelligence/b2b/page.tsx; actual component imports and approved canonical screen authority reviewed."
"/angelcare-marketplace/admin/intelligence/categories","reality-completion/admin-page","Protected Admin surface rendering reality-completion/admin-page","NOT_APPLICABLE","B11","Trust & qualité","/angelcare-marketplace/admin/trust","MERGED_INTO_CONTROL_ROOM","CAP-B11-001","SOURCE_REVIEWED","app/angelcare-marketplace/(protected)/admin/intelligence/categories/page.tsx; actual component imports and approved canonical screen authority reviewed."
"/angelcare-marketplace/admin/intelligence/conversion","reality-completion/admin-page","Protected Admin surface rendering reality-completion/admin-page","NOT_APPLICABLE","B11","Trust & qualité","/angelcare-marketplace/admin/trust","MERGED_INTO_CONTROL_ROOM","CAP-B11-001","SOURCE_REVIEWED","app/angelcare-marketplace/(protected)/admin/intelligence/conversion/page.tsx; actual component imports and approved canonical screen authority reviewed."
"/angelcare-marketplace/admin/intelligence/customers","reality-completion/admin-page","Protected Admin surface rendering reality-completion/admin-page","NOT_APPLICABLE","B11","Trust & qualité","/angelcare-marketplace/admin/trust","MERGED_INTO_CONTROL_ROOM","CAP-B11-001","SOURCE_REVIEWED","app/angelcare-marketplace/(protected)/admin/intelligence/customers/page.tsx; actual component imports and approved canonical screen authority reviewed."
"/angelcare-marketplace/admin/intelligence/demand","reality-completion/admin-page","Protected Admin surface rendering reality-completion/admin-page","NOT_APPLICABLE","B11","Trust & qualité","/angelcare-marketplace/admin/trust","MERGED_INTO_CONTROL_ROOM","CAP-B11-001","SOURCE_REVIEWED","app/angelcare-marketplace/(protected)/admin/intelligence/demand/page.tsx; actual component imports and approved canonical screen authority reviewed."
"/angelcare-marketplace/admin/intelligence/discovery","reality-completion/admin-page","Protected Admin surface rendering reality-completion/admin-page","NOT_APPLICABLE","B11","Trust & qualité","/angelcare-marketplace/admin/trust","MERGED_INTO_CONTROL_ROOM","CAP-B11-001","SOURCE_REVIEWED","app/angelcare-marketplace/(protected)/admin/intelligence/discovery/page.tsx; actual component imports and approved canonical screen authority reviewed."
"/angelcare-marketplace/admin/intelligence/executive","reality-completion/admin-page","Protected Admin surface rendering reality-completion/admin-page","NOT_APPLICABLE","B11","Trust & qualité","/angelcare-marketplace/admin/trust","MERGED_INTO_CONTROL_ROOM","CAP-B11-001","SOURCE_REVIEWED","app/angelcare-marketplace/(protected)/admin/intelligence/executive/page.tsx; actual component imports and approved canonical screen authority reviewed."
"/angelcare-marketplace/admin/intelligence/experiments","reality-completion/admin-page","Protected Admin surface rendering reality-completion/admin-page","NOT_APPLICABLE","B11","Trust & qualité","/angelcare-marketplace/admin/trust","MERGED_INTO_CONTROL_ROOM","CAP-B11-001","SOURCE_REVIEWED","app/angelcare-marketplace/(protected)/admin/intelligence/experiments/page.tsx; actual component imports and approved canonical screen authority reviewed."
"/angelcare-marketplace/admin/intelligence/forecasting","reality-completion/admin-page","Protected Admin surface rendering reality-completion/admin-page","NOT_APPLICABLE","B11","Trust & qualité","/angelcare-marketplace/admin/trust","MERGED_INTO_CONTROL_ROOM","CAP-B11-001","SOURCE_REVIEWED","app/angelcare-marketplace/(protected)/admin/intelligence/forecasting/page.tsx; actual component imports and approved canonical screen authority reviewed."
"/angelcare-marketplace/admin/intelligence/growth","reality-completion/admin-page","Protected Admin surface rendering reality-completion/admin-page","NOT_APPLICABLE","B11","Trust & qualité","/angelcare-marketplace/admin/trust","MERGED_INTO_CONTROL_ROOM","CAP-B11-001","SOURCE_REVIEWED","app/angelcare-marketplace/(protected)/admin/intelligence/growth/page.tsx; actual component imports and approved canonical screen authority reviewed."
"/angelcare-marketplace/admin/intelligence/operations","reality-completion/admin-page","Protected Admin surface rendering reality-completion/admin-page","NOT_APPLICABLE","B11","Trust & qualité","/angelcare-marketplace/admin/trust","MERGED_INTO_CONTROL_ROOM","CAP-B11-001","SOURCE_REVIEWED","app/angelcare-marketplace/(protected)/admin/intelligence/operations/page.tsx; actual component imports and approved canonical screen authority reviewed."
"/angelcare-marketplace/admin/intelligence","next/navigation","Source redirect/compatibility alias","/angelcare-marketplace/admin/executive-control","B11","Trust & qualité","/angelcare-marketplace/admin/executive-control","COMPATIBILITY_REDIRECT","CAP-B11-001","SOURCE_REVIEWED","app/angelcare-marketplace/(protected)/admin/intelligence/page.tsx; actual component imports and approved canonical screen authority reviewed."
"/angelcare-marketplace/admin/intelligence/partner-os","reality-completion/admin-page","Protected Admin surface rendering reality-completion/admin-page","NOT_APPLICABLE","B11","Trust & qualité","/angelcare-marketplace/admin/trust","MERGED_INTO_CONTROL_ROOM","CAP-B11-001","SOURCE_REVIEWED","app/angelcare-marketplace/(protected)/admin/intelligence/partner-os/page.tsx; actual component imports and approved canonical screen authority reviewed."
"/angelcare-marketplace/admin/intelligence/revenue","reality-completion/admin-page","Protected Admin surface rendering reality-completion/admin-page","NOT_APPLICABLE","B11","Trust & qualité","/angelcare-marketplace/admin/trust","MERGED_INTO_CONTROL_ROOM","CAP-B11-001","SOURCE_REVIEWED","app/angelcare-marketplace/(protected)/admin/intelligence/revenue/page.tsx; actual component imports and approved canonical screen authority reviewed."
"/angelcare-marketplace/admin/intelligence/territories","reality-completion/admin-page","Protected Admin surface rendering reality-completion/admin-page","NOT_APPLICABLE","B11","Trust & qualité","/angelcare-marketplace/admin/trust","MERGED_INTO_CONTROL_ROOM","CAP-B11-001","SOURCE_REVIEWED","app/angelcare-marketplace/(protected)/admin/intelligence/territories/page.tsx; actual component imports and approved canonical screen authority reviewed."
"/angelcare-marketplace/admin/intelligence/trust","reality-completion/admin-page","Protected Admin surface rendering reality-completion/admin-page","NOT_APPLICABLE","B11","Trust & qualité","/angelcare-marketplace/admin/trust","MERGED_INTO_CONTROL_ROOM","CAP-B11-001","SOURCE_REVIEWED","app/angelcare-marketplace/(protected)/admin/intelligence/trust/page.tsx; actual component imports and approved canonical screen authority reviewed."
"/angelcare-marketplace/admin/journeys/:journeyId","auth/context|journey-control/components/JourneyAdminDetail|journey-control/repository","Protected Admin surface rendering auth/context|journey-control/components/JourneyAdminDetail|journey-control/repository","NOT_APPLICABLE","B07","Opérations","/angelcare-marketplace/admin/journeys","MERGED_INTO_CONTROL_ROOM","CAP-B07-004","SOURCE_REVIEWED","app/angelcare-marketplace/(protected)/admin/journeys/[journeyId]/page.tsx; actual component imports and approved canonical screen authority reviewed."
"/angelcare-marketplace/admin/journeys/action-center","auth/context|journey-control/components/JourneyAdminCommand|journey-control/repository","Protected Admin surface rendering auth/context|journey-control/components/JourneyAdminCommand|journey-control/repository","NOT_APPLICABLE","B07","Opérations","/angelcare-marketplace/admin/journeys","MERGED_INTO_CONTROL_ROOM","CAP-B07-004","SOURCE_REVIEWED","app/angelcare-marketplace/(protected)/admin/journeys/action-center/page.tsx; actual component imports and approved canonical screen authority reviewed."
"/angelcare-marketplace/admin/journeys/analytics","auth/context|journey-control/components/JourneyAdminCommand|journey-control/repository","Protected Admin surface rendering auth/context|journey-control/components/JourneyAdminCommand|journey-control/repository","NOT_APPLICABLE","B07","Opérations","/angelcare-marketplace/admin/journeys","MERGED_INTO_CONTROL_ROOM","CAP-B07-004","SOURCE_REVIEWED","app/angelcare-marketplace/(protected)/admin/journeys/analytics/page.tsx; actual component imports and approved canonical screen authority reviewed."
"/angelcare-marketplace/admin/journeys/assessments","auth/context|journey-control/components/JourneyAdminCommand|journey-control/repository","Protected Admin surface rendering auth/context|journey-control/components/JourneyAdminCommand|journey-control/repository","NOT_APPLICABLE","B04|B07","Opérations","/angelcare-marketplace/admin/journeys","MERGED_INTO_CONTROL_ROOM","CAP-B07-004","SOURCE_REVIEWED","app/angelcare-marketplace/(protected)/admin/journeys/assessments/page.tsx; actual component imports and approved canonical screen authority reviewed."
"/angelcare-marketplace/admin/journeys/bookings","auth/context|journey-control/components/JourneyAdminCommand|journey-control/repository","Protected Admin surface rendering auth/context|journey-control/components/JourneyAdminCommand|journey-control/repository","NOT_APPLICABLE","B04|B07","Opérations","/angelcare-marketplace/admin/journeys","MERGED_INTO_CONTROL_ROOM","CAP-B07-004","SOURCE_REVIEWED","app/angelcare-marketplace/(protected)/admin/journeys/bookings/page.tsx; actual component imports and approved canonical screen authority reviewed."
"/angelcare-marketplace/admin/journeys/configuration","auth/context|journey-control/components/JourneyAdminCommand|journey-control/repository","Protected Admin surface rendering auth/context|journey-control/components/JourneyAdminCommand|journey-control/repository","NOT_APPLICABLE","B07","Opérations","/angelcare-marketplace/admin/journeys","MERGED_INTO_CONTROL_ROOM","CAP-B07-004","SOURCE_REVIEWED","app/angelcare-marketplace/(protected)/admin/journeys/configuration/page.tsx; actual component imports and approved canonical screen authority reviewed."
"/angelcare-marketplace/admin/journeys/documents","auth/context|journey-control/components/JourneyAdminCommand|journey-control/repository","Protected Admin surface rendering auth/context|journey-control/components/JourneyAdminCommand|journey-control/repository","NOT_APPLICABLE","B07","Opérations","/angelcare-marketplace/admin/journeys","MERGED_INTO_CONTROL_ROOM","CAP-B07-004","SOURCE_REVIEWED","app/angelcare-marketplace/(protected)/admin/journeys/documents/page.tsx; actual component imports and approved canonical screen authority reviewed."
"/angelcare-marketplace/admin/journeys/enrollments","auth/context|journey-control/components/JourneyAdminCommand|journey-control/repository","Protected Admin surface rendering auth/context|journey-control/components/JourneyAdminCommand|journey-control/repository","NOT_APPLICABLE","B04|B07","Opérations","/angelcare-marketplace/admin/journeys","MERGED_INTO_CONTROL_ROOM","CAP-B07-004","SOURCE_REVIEWED","app/angelcare-marketplace/(protected)/admin/journeys/enrollments/page.tsx; actual component imports and approved canonical screen authority reviewed."
"/angelcare-marketplace/admin/journeys/exceptions","auth/context|journey-control/components/JourneyAdminCommand|journey-control/repository","Protected Admin surface rendering auth/context|journey-control/components/JourneyAdminCommand|journey-control/repository","NOT_APPLICABLE","B07","Opérations","/angelcare-marketplace/admin/journeys","MERGED_INTO_CONTROL_ROOM","CAP-B07-004","SOURCE_REVIEWED","app/angelcare-marketplace/(protected)/admin/journeys/exceptions/page.tsx; actual component imports and approved canonical screen authority reviewed."
"/angelcare-marketplace/admin/journeys/fulfillment","auth/context|journey-control/components/JourneyAdminCommand|journey-control/repository","Protected Admin surface rendering auth/context|journey-control/components/JourneyAdminCommand|journey-control/repository","NOT_APPLICABLE","B07","Opérations","/angelcare-marketplace/admin/journeys","MERGED_INTO_CONTROL_ROOM","CAP-B07-004","SOURCE_REVIEWED","app/angelcare-marketplace/(protected)/admin/journeys/fulfillment/page.tsx; actual component imports and approved canonical screen authority reviewed."
"/angelcare-marketplace/admin/journeys/notifications","auth/context|journey-control/components/JourneyAdminCommand|journey-control/repository","Protected Admin surface rendering auth/context|journey-control/components/JourneyAdminCommand|journey-control/repository","NOT_APPLICABLE","B07","Opérations","/angelcare-marketplace/admin/journeys","MERGED_INTO_CONTROL_ROOM","CAP-B07-004","SOURCE_REVIEWED","app/angelcare-marketplace/(protected)/admin/journeys/notifications/page.tsx; actual component imports and approved canonical screen authority reviewed."
"/angelcare-marketplace/admin/journeys/orders","auth/context|journey-control/components/JourneyAdminCommand|journey-control/repository","Protected Admin surface rendering auth/context|journey-control/components/JourneyAdminCommand|journey-control/repository","NOT_APPLICABLE","B04|B07","Opérations","/angelcare-marketplace/admin/journeys","MERGED_INTO_CONTROL_ROOM","CAP-B07-004","SOURCE_REVIEWED","app/angelcare-marketplace/(protected)/admin/journeys/orders/page.tsx; actual component imports and approved canonical screen authority reviewed."
"/angelcare-marketplace/admin/journeys","auth/context|journey-control/components/JourneyAdminCommand|journey-control/repository","Protected Admin surface rendering auth/context|journey-control/components/JourneyAdminCommand|journey-control/repository","NOT_APPLICABLE","B04|B07","Opérations","/angelcare-marketplace/admin/journeys","CANONICAL","CAP-B07-004","SOURCE_REVIEWED","app/angelcare-marketplace/(protected)/admin/journeys/page.tsx; actual component imports and approved canonical screen authority reviewed."
"/angelcare-marketplace/admin/journeys/quotations","auth/context|journey-control/components/JourneyAdminCommand|journey-control/repository","Protected Admin surface rendering auth/context|journey-control/components/JourneyAdminCommand|journey-control/repository","NOT_APPLICABLE","B07","Opérations","/angelcare-marketplace/admin/journeys","MERGED_INTO_CONTROL_ROOM","CAP-B07-004","SOURCE_REVIEWED","app/angelcare-marketplace/(protected)/admin/journeys/quotations/page.tsx; actual component imports and approved canonical screen authority reviewed."
"/angelcare-marketplace/admin/journeys/recovery","auth/context|journey-control/components/JourneyAdminCommand|journey-control/repository","Protected Admin surface rendering auth/context|journey-control/components/JourneyAdminCommand|journey-control/repository","NOT_APPLICABLE","B07","Opérations","/angelcare-marketplace/admin/journeys","MERGED_INTO_CONTROL_ROOM","CAP-B07-004","SOURCE_REVIEWED","app/angelcare-marketplace/(protected)/admin/journeys/recovery/page.tsx; actual component imports and approved canonical screen authority reviewed."
"/angelcare-marketplace/admin/journeys/subscriptions","auth/context|journey-control/components/JourneyAdminCommand|journey-control/repository","Protected Admin surface rendering auth/context|journey-control/components/JourneyAdminCommand|journey-control/repository","NOT_APPLICABLE","B04|B07","Opérations","/angelcare-marketplace/admin/journeys","MERGED_INTO_CONTROL_ROOM","CAP-B07-004","SOURCE_REVIEWED","app/angelcare-marketplace/(protected)/admin/journeys/subscriptions/page.tsx; actual component imports and approved canonical screen authority reviewed."
"/angelcare-marketplace/admin/launch/approvals","reality-completion/admin-page","Protected Admin surface rendering reality-completion/admin-page","NOT_APPLICABLE","B11","Paramètres & gouvernance","/angelcare-marketplace/admin/launch","ADVANCED_TOOL","CAP-B11-010","SOURCE_REVIEWED","app/angelcare-marketplace/(protected)/admin/launch/approvals/page.tsx; actual component imports and approved canonical screen authority reviewed."
"/angelcare-marketplace/admin/launch/blockers","next/navigation","Source redirect/compatibility alias","/angelcare-marketplace/admin/launch/readiness","B11","Paramètres & gouvernance","/angelcare-marketplace/admin/launch/readiness","COMPATIBILITY_REDIRECT","CAP-B11-010","SOURCE_REVIEWED","app/angelcare-marketplace/(protected)/admin/launch/blockers/page.tsx; actual component imports and approved canonical screen authority reviewed."
"/angelcare-marketplace/admin/launch/defects","reality-completion/admin-page","Protected Admin surface rendering reality-completion/admin-page","NOT_APPLICABLE","B11","Paramètres & gouvernance","/angelcare-marketplace/admin/launch","ADVANCED_TOOL","CAP-B11-010","SOURCE_REVIEWED","app/angelcare-marketplace/(protected)/admin/launch/defects/page.tsx; actual component imports and approved canonical screen authority reviewed."
"/angelcare-marketplace/admin/launch/evidence","reality-completion/admin-page","Protected Admin surface rendering reality-completion/admin-page","NOT_APPLICABLE","B11","Paramètres & gouvernance","/angelcare-marketplace/admin/launch","ADVANCED_TOOL","CAP-B11-010","SOURCE_REVIEWED","app/angelcare-marketplace/(protected)/admin/launch/evidence/page.tsx; actual component imports and approved canonical screen authority reviewed."
"/angelcare-marketplace/admin/launch/gates","reality-completion/admin-page","Protected Admin surface rendering reality-completion/admin-page","NOT_APPLICABLE","B11","Paramètres & gouvernance","/angelcare-marketplace/admin/launch","ADVANCED_TOOL","CAP-B11-010","SOURCE_REVIEWED","app/angelcare-marketplace/(protected)/admin/launch/gates/page.tsx; actual component imports and approved canonical screen authority reviewed."
"/angelcare-marketplace/admin/launch/monitoring","reality-completion/admin-page","Protected Admin surface rendering reality-completion/admin-page","NOT_APPLICABLE","B11","Paramètres & gouvernance","/angelcare-marketplace/admin/launch","ADVANCED_TOOL","CAP-B11-010","SOURCE_REVIEWED","app/angelcare-marketplace/(protected)/admin/launch/monitoring/page.tsx; actual component imports and approved canonical screen authority reviewed."
"/angelcare-marketplace/admin/launch","reality-completion/admin-page","Protected Admin surface rendering reality-completion/admin-page","NOT_APPLICABLE","B11","Paramètres & gouvernance","/angelcare-marketplace/admin/launch","CANONICAL","CAP-B11-010","SOURCE_REVIEWED","app/angelcare-marketplace/(protected)/admin/launch/page.tsx; actual component imports and approved canonical screen authority reviewed."
"/angelcare-marketplace/admin/launch/post-launch","next/navigation","Source redirect/compatibility alias","/angelcare-marketplace/admin/launch/monitoring","B11","Paramètres & gouvernance","/angelcare-marketplace/admin/launch/monitoring","COMPATIBILITY_REDIRECT","CAP-B11-010","SOURCE_REVIEWED","app/angelcare-marketplace/(protected)/admin/launch/post-launch/page.tsx; actual component imports and approved canonical screen authority reviewed."
"/angelcare-marketplace/admin/launch/readiness","reality-completion/admin-page","Protected Admin surface rendering reality-completion/admin-page","NOT_APPLICABLE","B11","Paramètres & gouvernance","/angelcare-marketplace/admin/launch","ADVANCED_TOOL","CAP-B11-010","SOURCE_REVIEWED","app/angelcare-marketplace/(protected)/admin/launch/readiness/page.tsx; actual component imports and approved canonical screen authority reviewed."
"/angelcare-marketplace/admin/launch/release","reality-completion/admin-page","Protected Admin surface rendering reality-completion/admin-page","NOT_APPLICABLE","B11","Paramètres & gouvernance","/angelcare-marketplace/admin/launch","ADVANCED_TOOL","CAP-B11-010","SOURCE_REVIEWED","app/angelcare-marketplace/(protected)/admin/launch/release/page.tsx; actual component imports and approved canonical screen authority reviewed."
"/angelcare-marketplace/admin/launch/rollback","reality-completion/admin-page","Protected Admin surface rendering reality-completion/admin-page","NOT_APPLICABLE","B11","Paramètres & gouvernance","/angelcare-marketplace/admin/launch","ADVANCED_TOOL","CAP-B11-010","SOURCE_REVIEWED","app/angelcare-marketplace/(protected)/admin/launch/rollback/page.tsx; actual component imports and approved canonical screen authority reviewed."
"/angelcare-marketplace/admin/launch/runbook","auth/context|launch-assurance/repository|launch-assurance/components/LaunchRegisters","Protected Admin surface rendering auth/context|launch-assurance/repository|launch-assurance/components/LaunchRegisters","NOT_APPLICABLE","B11","Paramètres & gouvernance","/angelcare-marketplace/admin/launch","ADVANCED_TOOL","CAP-B11-010","SOURCE_REVIEWED","app/angelcare-marketplace/(protected)/admin/launch/runbook/page.tsx; actual component imports and approved canonical screen authority reviewed."
"/angelcare-marketplace/admin/live-experience-command/analytics","live-experience-command/admin-pages","Protected Admin surface rendering live-experience-command/admin-pages","NOT_APPLICABLE","B06","Marketing & promotions","/angelcare-marketplace/admin/live-experience-command","MERGED_INTO_CONTROL_ROOM","CAP-B06-003","SOURCE_REVIEWED","app/angelcare-marketplace/(protected)/admin/live-experience-command/analytics/page.tsx; actual component imports and approved canonical screen authority reviewed."
"/angelcare-marketplace/admin/live-experience-command/audiences","live-experience-command/governance-admin-page","Protected Admin surface rendering live-experience-command/governance-admin-page","NOT_APPLICABLE","B06","Marketing & promotions","/angelcare-marketplace/admin/live-experience-command/audiences","CANONICAL","CAP-B06-004","SOURCE_REVIEWED","app/angelcare-marketplace/(protected)/admin/live-experience-command/audiences/page.tsx; actual component imports and approved canonical screen authority reviewed."
"/angelcare-marketplace/admin/live-experience-command/broadcasts","live-experience-command/admin-pages","Protected Admin surface rendering live-experience-command/admin-pages","NOT_APPLICABLE","B06","Marketing & promotions","/angelcare-marketplace/admin/live-experience-command","MERGED_INTO_CONTROL_ROOM","CAP-B06-003","SOURCE_REVIEWED","app/angelcare-marketplace/(protected)/admin/live-experience-command/broadcasts/page.tsx; actual component imports and approved canonical screen authority reviewed."
"/angelcare-marketplace/admin/live-experience-command/experiments","live-experience-command/governance-admin-page","Protected Admin surface rendering live-experience-command/governance-admin-page","NOT_APPLICABLE","B06","Marketing & promotions","/angelcare-marketplace/admin/live-experience-command/experiments","CANONICAL","CAP-B06-009","SOURCE_REVIEWED","app/angelcare-marketplace/(protected)/admin/live-experience-command/experiments/page.tsx; actual component imports and approved canonical screen authority reviewed."
"/angelcare-marketplace/admin/live-experience-command/history","live-experience-command/governance-admin-page","Protected Admin surface rendering live-experience-command/governance-admin-page","NOT_APPLICABLE","B06","Marketing & promotions","/angelcare-marketplace/admin/live-experience-command","MERGED_INTO_CONTROL_ROOM","CAP-B06-003","SOURCE_REVIEWED","app/angelcare-marketplace/(protected)/admin/live-experience-command/history/page.tsx; actual component imports and approved canonical screen authority reviewed."
"/angelcare-marketplace/admin/live-experience-command","live-experience-command/admin-pages","Protected Admin surface rendering live-experience-command/admin-pages","NOT_APPLICABLE","B05|B06","Marketing & promotions","/angelcare-marketplace/admin/live-experience-command","CANONICAL","CAP-B06-003","SOURCE_REVIEWED","app/angelcare-marketplace/(protected)/admin/live-experience-command/page.tsx; actual component imports and approved canonical screen authority reviewed."
"/angelcare-marketplace/admin/live-experience-command/placements","live-experience-command/governance-admin-page","Protected Admin surface rendering live-experience-command/governance-admin-page","NOT_APPLICABLE","B06","Marketing & promotions","/angelcare-marketplace/admin/live-experience-command","MERGED_INTO_CONTROL_ROOM","CAP-B06-003","SOURCE_REVIEWED","app/angelcare-marketplace/(protected)/admin/live-experience-command/placements/page.tsx; actual component imports and approved canonical screen authority reviewed."
"/angelcare-marketplace/admin/live-experience-command/popups","live-experience-command/admin-pages","Protected Admin surface rendering live-experience-command/admin-pages","NOT_APPLICABLE","B06","Marketing & promotions","/angelcare-marketplace/admin/live-experience-command","MERGED_INTO_CONTROL_ROOM","CAP-B06-003","SOURCE_REVIEWED","app/angelcare-marketplace/(protected)/admin/live-experience-command/popups/page.tsx; actual component imports and approved canonical screen authority reviewed."
"/angelcare-marketplace/admin/live-experience-command/proof-widgets","live-experience-command/admin-pages","Protected Admin surface rendering live-experience-command/admin-pages","NOT_APPLICABLE","B06","Marketing & promotions","/angelcare-marketplace/admin/live-experience-command","MERGED_INTO_CONTROL_ROOM","CAP-B06-003","SOURCE_REVIEWED","app/angelcare-marketplace/(protected)/admin/live-experience-command/proof-widgets/page.tsx; actual component imports and approved canonical screen authority reviewed."
"/angelcare-marketplace/admin/live-experience-command/schedules","live-experience-command/governance-admin-page","Protected Admin surface rendering live-experience-command/governance-admin-page","NOT_APPLICABLE","B06","Marketing & promotions","/angelcare-marketplace/admin/live-experience-command","MERGED_INTO_CONTROL_ROOM","CAP-B06-003","SOURCE_REVIEWED","app/angelcare-marketplace/(protected)/admin/live-experience-command/schedules/page.tsx; actual component imports and approved canonical screen authority reviewed."
"/angelcare-marketplace/admin/live-experience-command/settings","live-experience-command/governance-admin-page","Protected Admin surface rendering live-experience-command/governance-admin-page","NOT_APPLICABLE","B06","Marketing & promotions","/angelcare-marketplace/admin/live-experience-command","MERGED_INTO_CONTROL_ROOM","CAP-B06-003","SOURCE_REVIEWED","app/angelcare-marketplace/(protected)/admin/live-experience-command/settings/page.tsx; actual component imports and approved canonical screen authority reviewed."
"/angelcare-marketplace/admin/live-experience-command/templates","live-experience-command/admin-pages","Protected Admin surface rendering live-experience-command/admin-pages","NOT_APPLICABLE","B06","Marketing & promotions","/angelcare-marketplace/admin/live-experience-command","MERGED_INTO_CONTROL_ROOM","CAP-B06-003","SOURCE_REVIEWED","app/angelcare-marketplace/(protected)/admin/live-experience-command/templates/page.tsx; actual component imports and approved canonical screen authority reviewed."
"/angelcare-marketplace/admin/live-map","auth/context|enterprise-command/components/LiveVisitorSpatialCommand","Protected Admin surface rendering auth/context|enterprise-command/components/LiveVisitorSpatialCommand","NOT_APPLICABLE","B07","Opérations","/angelcare-marketplace/admin/operations/today","MERGED_INTO_CONTROL_ROOM","CAP-B07-001","SOURCE_REVIEWED","app/angelcare-marketplace/(protected)/admin/live-map/page.tsx; actual component imports and approved canonical screen authority reviewed."
"/angelcare-marketplace/admin/localization/csv","localization-intelligence/components/CsvCenter","Protected Admin surface rendering localization-intelligence/components/CsvCenter","NOT_APPLICABLE","B05","Boutique","/angelcare-marketplace/admin/localization","ADVANCED_TOOL","CAP-B05-010","SOURCE_REVIEWED","app/angelcare-marketplace/(protected)/admin/localization/csv/page.tsx; actual component imports and approved canonical screen authority reviewed."
"/angelcare-marketplace/admin/localization/glossary","localization-intelligence/final-admin-page","Protected Admin surface rendering localization-intelligence/final-admin-page","NOT_APPLICABLE","B05","Boutique","/angelcare-marketplace/admin/localization","ADVANCED_TOOL","CAP-B05-010","SOURCE_REVIEWED","app/angelcare-marketplace/(protected)/admin/localization/glossary/page.tsx; actual component imports and approved canonical screen authority reviewed."
"/angelcare-marketplace/admin/localization/imports","localization-intelligence/components/CsvCenter","Protected Admin surface rendering localization-intelligence/components/CsvCenter","NOT_APPLICABLE","B05","Boutique","/angelcare-marketplace/admin/localization","ADVANCED_TOOL","CAP-B05-010","SOURCE_REVIEWED","app/angelcare-marketplace/(protected)/admin/localization/imports/page.tsx; actual component imports and approved canonical screen authority reviewed."
"/angelcare-marketplace/admin/localization/inventory","localization-intelligence/components/InventoryTable|localization-intelligence/repository","Protected Admin surface rendering localization-intelligence/components/InventoryTable|localization-intelligence/repository","NOT_APPLICABLE","B05","Boutique","/angelcare-marketplace/admin/localization","ADVANCED_TOOL","CAP-B05-010","SOURCE_REVIEWED","app/angelcare-marketplace/(protected)/admin/localization/inventory/page.tsx; actual component imports and approved canonical screen authority reviewed."
"/angelcare-marketplace/admin/localization/memory","localization-intelligence/final-admin-page","Protected Admin surface rendering localization-intelligence/final-admin-page","NOT_APPLICABLE","B05","Boutique","/angelcare-marketplace/admin/localization","ADVANCED_TOOL","CAP-B05-010","SOURCE_REVIEWED","app/angelcare-marketplace/(protected)/admin/localization/memory/page.tsx; actual component imports and approved canonical screen authority reviewed."
"/angelcare-marketplace/admin/localization","localization-intelligence/components/LocalizationCockpit|localization-intelligence/repository","Protected Admin surface rendering localization-intelligence/components/LocalizationCockpit|localization-intelligence/repository","NOT_APPLICABLE","B05","Boutique","/angelcare-marketplace/admin/localization","CANONICAL","CAP-B05-010","SOURCE_REVIEWED","app/angelcare-marketplace/(protected)/admin/localization/page.tsx; actual component imports and approved canonical screen authority reviewed."
"/angelcare-marketplace/admin/localization/readiness","localization-intelligence/final-admin-page","Protected Admin surface rendering localization-intelligence/final-admin-page","NOT_APPLICABLE","B05","Boutique","/angelcare-marketplace/admin/localization","ADVANCED_TOOL","CAP-B05-010","SOURCE_REVIEWED","app/angelcare-marketplace/(protected)/admin/localization/readiness/page.tsx; actual component imports and approved canonical screen authority reviewed."
"/angelcare-marketplace/admin/localization/reviews","localization-intelligence/final-admin-page","Protected Admin surface rendering localization-intelligence/final-admin-page","NOT_APPLICABLE","B05","Boutique","/angelcare-marketplace/admin/localization","ADVANCED_TOOL","CAP-B05-010","SOURCE_REVIEWED","app/angelcare-marketplace/(protected)/admin/localization/reviews/page.tsx; actual component imports and approved canonical screen authority reviewed."
"/angelcare-marketplace/admin/localization/rtl-lab","localization-intelligence/components/RtlLab","Protected Admin surface rendering localization-intelligence/components/RtlLab","NOT_APPLICABLE","B05","Boutique","/angelcare-marketplace/admin/localization","ADVANCED_TOOL","CAP-B05-010","SOURCE_REVIEWED","app/angelcare-marketplace/(protected)/admin/localization/rtl-lab/page.tsx; actual component imports and approved canonical screen authority reviewed."
"/angelcare-marketplace/admin/localization/scanner","localization-intelligence/components/ScannerCommandCenter","Protected Admin surface rendering localization-intelligence/components/ScannerCommandCenter","NOT_APPLICABLE","B05","Boutique","/angelcare-marketplace/admin/localization","ADVANCED_TOOL","CAP-B05-010","SOURCE_REVIEWED","app/angelcare-marketplace/(protected)/admin/localization/scanner/page.tsx; actual component imports and approved canonical screen authority reviewed."
"/angelcare-marketplace/admin/localization/seo","localization-intelligence/final-admin-page","Protected Admin surface rendering localization-intelligence/final-admin-page","NOT_APPLICABLE","B05","Boutique","/angelcare-marketplace/admin/localization","ADVANCED_TOOL","CAP-B05-010","SOURCE_REVIEWED","app/angelcare-marketplace/(protected)/admin/localization/seo/page.tsx; actual component imports and approved canonical screen authority reviewed."
"/angelcare-marketplace/admin/localization/sources","localization-intelligence/final-admin-page","Protected Admin surface rendering localization-intelligence/final-admin-page","NOT_APPLICABLE","B05","Boutique","/angelcare-marketplace/admin/localization","ADVANCED_TOOL","CAP-B05-010","SOURCE_REVIEWED","app/angelcare-marketplace/(protected)/admin/localization/sources/page.tsx; actual component imports and approved canonical screen authority reviewed."
"/angelcare-marketplace/admin/localization/translations","localization-intelligence/final-admin-page","Protected Admin surface rendering localization-intelligence/final-admin-page","NOT_APPLICABLE","B05","Boutique","/angelcare-marketplace/admin/localization","ADVANCED_TOOL","CAP-B05-010","SOURCE_REVIEWED","app/angelcare-marketplace/(protected)/admin/localization/translations/page.tsx; actual component imports and approved canonical screen authority reviewed."
"/angelcare-marketplace/admin/marketplace","auth/context|marketplace-core/components/MarketplaceCommand|marketplace-core/repository","Protected Admin surface rendering auth/context|marketplace-core/components/MarketplaceCommand|marketplace-core/repository","NOT_APPLICABLE","B01|B04|B08","Accueil / Produits & services","/angelcare-marketplace/admin","MERGED_INTO_CONTROL_ROOM","CAP-B01-001","SOURCE_REVIEWED","app/angelcare-marketplace/(protected)/admin/marketplace/page.tsx; actual component imports and approved canonical screen authority reviewed."
"/angelcare-marketplace/admin/media/folders","commerce-studio/admin-pages","Protected Admin surface rendering commerce-studio/admin-pages","NOT_APPLICABLE","B05","Boutique","/angelcare-marketplace/admin/media","MERGED_INTO_CONTROL_ROOM","CAP-B05-006","SOURCE_REVIEWED","app/angelcare-marketplace/(protected)/admin/media/folders/page.tsx; actual component imports and approved canonical screen authority reviewed."
"/angelcare-marketplace/admin/media/library","commerce-studio/admin-pages","Protected Admin surface rendering commerce-studio/admin-pages","NOT_APPLICABLE","B05","Boutique","/angelcare-marketplace/admin/media","MERGED_INTO_CONTROL_ROOM","CAP-B05-006","SOURCE_REVIEWED","app/angelcare-marketplace/(protected)/admin/media/library/page.tsx; actual component imports and approved canonical screen authority reviewed."
"/angelcare-marketplace/admin/media/optimization","commerce-studio/admin-pages","Protected Admin surface rendering commerce-studio/admin-pages","NOT_APPLICABLE","B05","Boutique","/angelcare-marketplace/admin/media","MERGED_INTO_CONTROL_ROOM","CAP-B05-006","SOURCE_REVIEWED","app/angelcare-marketplace/(protected)/admin/media/optimization/page.tsx; actual component imports and approved canonical screen authority reviewed."
"/angelcare-marketplace/admin/media","commerce-studio/admin-pages","Protected Admin surface rendering commerce-studio/admin-pages","NOT_APPLICABLE","B05","Boutique","/angelcare-marketplace/admin/media","CANONICAL","CAP-B05-006","SOURCE_REVIEWED","app/angelcare-marketplace/(protected)/admin/media/page.tsx; actual component imports and approved canonical screen authority reviewed."
"/angelcare-marketplace/admin/media/rights","commerce-studio/admin-pages","Protected Admin surface rendering commerce-studio/admin-pages","NOT_APPLICABLE","B05","Boutique","/angelcare-marketplace/admin/media","MERGED_INTO_CONTROL_ROOM","CAP-B05-006","SOURCE_REVIEWED","app/angelcare-marketplace/(protected)/admin/media/rights/page.tsx; actual component imports and approved canonical screen authority reviewed."
"/angelcare-marketplace/admin/media/upload","commerce-studio/admin-pages","Protected Admin surface rendering commerce-studio/admin-pages","NOT_APPLICABLE","B05","Boutique","/angelcare-marketplace/admin/media","MERGED_INTO_CONTROL_ROOM","CAP-B05-006","SOURCE_REVIEWED","app/angelcare-marketplace/(protected)/admin/media/upload/page.tsx; actual component imports and approved canonical screen authority reviewed."
"/angelcare-marketplace/admin/media/usage","commerce-studio/admin-pages","Protected Admin surface rendering commerce-studio/admin-pages","NOT_APPLICABLE","B05","Boutique","/angelcare-marketplace/admin/media","MERGED_INTO_CONTROL_ROOM","CAP-B05-006","SOURCE_REVIEWED","app/angelcare-marketplace/(protected)/admin/media/usage/page.tsx; actual component imports and approved canonical screen authority reviewed."
"/angelcare-marketplace/admin/merchandising/available-now","commerce-studio/admin-pages","Protected Admin surface rendering commerce-studio/admin-pages","NOT_APPLICABLE","B06","Marketing & promotions","/angelcare-marketplace/admin/merchandising","MERGED_INTO_STUDIO","CAP-B06-005","SOURCE_REVIEWED","app/angelcare-marketplace/(protected)/admin/merchandising/available-now/page.tsx; actual component imports and approved canonical screen authority reviewed."
"/angelcare-marketplace/admin/merchandising/best-picks","commerce-studio/admin-pages","Protected Admin surface rendering commerce-studio/admin-pages","NOT_APPLICABLE","B06","Marketing & promotions","/angelcare-marketplace/admin/merchandising","MERGED_INTO_STUDIO","CAP-B06-005","SOURCE_REVIEWED","app/angelcare-marketplace/(protected)/admin/merchandising/best-picks/page.tsx; actual component imports and approved canonical screen authority reviewed."
"/angelcare-marketplace/admin/merchandising/calendar","commerce-studio/admin-pages","Protected Admin surface rendering commerce-studio/admin-pages","NOT_APPLICABLE","B06","Marketing & promotions","/angelcare-marketplace/admin/merchandising","MERGED_INTO_STUDIO","CAP-B06-005","SOURCE_REVIEWED","app/angelcare-marketplace/(protected)/admin/merchandising/calendar/page.tsx; actual component imports and approved canonical screen authority reviewed."
"/angelcare-marketplace/admin/merchandising/collections","commerce-studio/admin-pages","Protected Admin surface rendering commerce-studio/admin-pages","NOT_APPLICABLE","B02|B06","Catégories & collections","/angelcare-marketplace/admin/merchandising/collections","CANONICAL","CAP-B02-006","SOURCE_REVIEWED","app/angelcare-marketplace/(protected)/admin/merchandising/collections/page.tsx; actual component imports and approved canonical screen authority reviewed."
"/angelcare-marketplace/admin/merchandising/featured","commerce-studio/admin-pages","Protected Admin surface rendering commerce-studio/admin-pages","NOT_APPLICABLE","B06","Marketing & promotions","/angelcare-marketplace/admin/merchandising","MERGED_INTO_STUDIO","CAP-B06-005","SOURCE_REVIEWED","app/angelcare-marketplace/(protected)/admin/merchandising/featured/page.tsx; actual component imports and approved canonical screen authority reviewed."
"/angelcare-marketplace/admin/merchandising/history","commerce-studio/admin-pages","Protected Admin surface rendering commerce-studio/admin-pages","NOT_APPLICABLE","B06","Marketing & promotions","/angelcare-marketplace/admin/merchandising","MERGED_INTO_STUDIO","CAP-B06-005","SOURCE_REVIEWED","app/angelcare-marketplace/(protected)/admin/merchandising/history/page.tsx; actual component imports and approved canonical screen authority reviewed."
"/angelcare-marketplace/admin/merchandising/new-arrivals","commerce-studio/admin-pages","Protected Admin surface rendering commerce-studio/admin-pages","NOT_APPLICABLE","B06","Marketing & promotions","/angelcare-marketplace/admin/merchandising","MERGED_INTO_STUDIO","CAP-B06-005","SOURCE_REVIEWED","app/angelcare-marketplace/(protected)/admin/merchandising/new-arrivals/page.tsx; actual component imports and approved canonical screen authority reviewed."
"/angelcare-marketplace/admin/merchandising","commerce-studio/admin-pages","Protected Admin surface rendering commerce-studio/admin-pages","NOT_APPLICABLE","B02|B06","Marketing & promotions","/angelcare-marketplace/admin/merchandising","CANONICAL","CAP-B06-005","SOURCE_REVIEWED","app/angelcare-marketplace/(protected)/admin/merchandising/page.tsx; actual component imports and approved canonical screen authority reviewed."
"/angelcare-marketplace/admin/merchandising/placements","commerce-studio/admin-pages","Protected Admin surface rendering commerce-studio/admin-pages","NOT_APPLICABLE","B06","Marketing & promotions","/angelcare-marketplace/admin/merchandising","MERGED_INTO_STUDIO","CAP-B06-005","SOURCE_REVIEWED","app/angelcare-marketplace/(protected)/admin/merchandising/placements/page.tsx; actual component imports and approved canonical screen authority reviewed."
"/angelcare-marketplace/admin/merchandising/popular","commerce-studio/admin-pages","Protected Admin surface rendering commerce-studio/admin-pages","NOT_APPLICABLE","B06","Marketing & promotions","/angelcare-marketplace/admin/merchandising","MERGED_INTO_STUDIO","CAP-B06-005","SOURCE_REVIEWED","app/angelcare-marketplace/(protected)/admin/merchandising/popular/page.tsx; actual component imports and approved canonical screen authority reviewed."
"/angelcare-marketplace/admin/merchandising/rules","commerce-studio/admin-pages","Protected Admin surface rendering commerce-studio/admin-pages","NOT_APPLICABLE","B06","Marketing & promotions","/angelcare-marketplace/admin/merchandising","MERGED_INTO_STUDIO","CAP-B06-005","SOURCE_REVIEWED","app/angelcare-marketplace/(protected)/admin/merchandising/rules/page.tsx; actual component imports and approved canonical screen authority reviewed."
"/angelcare-marketplace/admin/modules/:moduleKey","auth/context|server/repository|design-system/marketplace.module.css|design-system/ui","Protected Admin surface rendering auth/context|server/repository|design-system/marketplace.module.css|design-system/ui","NOT_APPLICABLE","GLOBAL","Accueil / cross-domain shell","/angelcare-marketplace/admin","ADVANCED_TOOL","CAP-GLOBAL-001","SOURCE_REVIEWED","app/angelcare-marketplace/(protected)/admin/modules/[moduleKey]/page.tsx; actual component imports and approved canonical screen authority reviewed."
"/angelcare-marketplace/admin/modules","domain/types|auth/context|features/admin/ModuleRegistryClient|components/FoundationUnavailable|design-system/ui|server/repository","Protected Admin surface rendering domain/types|auth/context|features/admin/ModuleRegistryClient|components/FoundationUnavailable|design-system/ui|server/repository","NOT_APPLICABLE","B11","Trust & qualité","/angelcare-marketplace/admin/trust","MERGED_INTO_CONTROL_ROOM","CAP-B11-001","SOURCE_REVIEWED","app/angelcare-marketplace/(protected)/admin/modules/page.tsx; actual component imports and approved canonical screen authority reviewed."
"/angelcare-marketplace/admin/my-workspace","auth/context|enterprise-command/components/OperatorWorkspace","Protected Admin surface rendering auth/context|enterprise-command/components/OperatorWorkspace","NOT_APPLICABLE","B07","Opérations","/angelcare-marketplace/admin/operations/today","MERGED_INTO_CONTROL_ROOM","CAP-B07-001","SOURCE_REVIEWED","app/angelcare-marketplace/(protected)/admin/my-workspace/page.tsx; actual component imports and approved canonical screen authority reviewed."
"/angelcare-marketplace/admin/navigation/footer","commerce-studio/admin-pages","Protected Admin surface rendering commerce-studio/admin-pages","NOT_APPLICABLE","B05","Boutique","/angelcare-marketplace/admin/boutique","MERGED_INTO_CONTROL_ROOM","CAP-B05-001","SOURCE_REVIEWED","app/angelcare-marketplace/(protected)/admin/navigation/footer/page.tsx; actual component imports and approved canonical screen authority reviewed."
"/angelcare-marketplace/admin/navigation/header","commerce-studio/admin-pages","Protected Admin surface rendering commerce-studio/admin-pages","NOT_APPLICABLE","B05","Boutique","/angelcare-marketplace/admin/navigation/header","CANONICAL","CAP-B05-007","SOURCE_REVIEWED","app/angelcare-marketplace/(protected)/admin/navigation/header/page.tsx; actual component imports and approved canonical screen authority reviewed."
"/angelcare-marketplace/admin/navigation/history","commerce-studio/admin-pages","Protected Admin surface rendering commerce-studio/admin-pages","NOT_APPLICABLE","B05","Boutique","/angelcare-marketplace/admin/boutique","MERGED_INTO_CONTROL_ROOM","CAP-B05-001","SOURCE_REVIEWED","app/angelcare-marketplace/(protected)/admin/navigation/history/page.tsx; actual component imports and approved canonical screen authority reviewed."
"/angelcare-marketplace/admin/navigation/mega-menu","commerce-studio/admin-pages","Protected Admin surface rendering commerce-studio/admin-pages","NOT_APPLICABLE","B05","Boutique","/angelcare-marketplace/admin/boutique","MERGED_INTO_CONTROL_ROOM","CAP-B05-001","SOURCE_REVIEWED","app/angelcare-marketplace/(protected)/admin/navigation/mega-menu/page.tsx; actual component imports and approved canonical screen authority reviewed."
"/angelcare-marketplace/admin/navigation/mobile","commerce-studio/admin-pages","Protected Admin surface rendering commerce-studio/admin-pages","NOT_APPLICABLE","B05","Boutique","/angelcare-marketplace/admin/boutique","MERGED_INTO_CONTROL_ROOM","CAP-B05-001","SOURCE_REVIEWED","app/angelcare-marketplace/(protected)/admin/navigation/mobile/page.tsx; actual component imports and approved canonical screen authority reviewed."
"/angelcare-marketplace/admin/navigation","commerce-studio/admin-pages","Protected Admin surface rendering commerce-studio/admin-pages","NOT_APPLICABLE","B05","Boutique","/angelcare-marketplace/admin/navigation/header","MERGED_INTO_STUDIO","CAP-B05-007","SOURCE_REVIEWED","app/angelcare-marketplace/(protected)/admin/navigation/page.tsx; actual component imports and approved canonical screen authority reviewed."
"/angelcare-marketplace/admin/objects/:objectType/:objectId","auth/context|sovereign-control/components/ObjectDossier|sovereign-control/repository","Protected Admin surface rendering auth/context|sovereign-control/components/ObjectDossier|sovereign-control/repository","NOT_APPLICABLE","B11","Trust & qualité","/angelcare-marketplace/admin/trust","MERGED_INTO_CONTROL_ROOM","CAP-B11-001","SOURCE_REVIEWED","app/angelcare-marketplace/(protected)/admin/objects/[objectType]/[objectId]/page.tsx; actual component imports and approved canonical screen authority reviewed."
"/angelcare-marketplace/admin/operating/:caseId","auth/context|admin-operating/components/OperatingDossier|admin-operating/repository","Protected Admin surface rendering auth/context|admin-operating/components/OperatingDossier|admin-operating/repository","NOT_APPLICABLE","B07","Opérations","/angelcare-marketplace/admin/operations/today","MERGED_INTO_CONTROL_ROOM","CAP-B07-001","SOURCE_REVIEWED","app/angelcare-marketplace/(protected)/admin/operating/[caseId]/page.tsx; actual component imports and approved canonical screen authority reviewed."
"/angelcare-marketplace/admin/operating","auth/context|admin-operating/components/OperatingCommandCenter|admin-operating/repository","Protected Admin surface rendering auth/context|admin-operating/components/OperatingCommandCenter|admin-operating/repository","NOT_APPLICABLE","B07","Opérations","/angelcare-marketplace/admin/operations/today","MERGED_INTO_CONTROL_ROOM","CAP-B07-001","SOURCE_REVIEWED","app/angelcare-marketplace/(protected)/admin/operating/page.tsx; actual component imports and approved canonical screen authority reviewed."
"/angelcare-marketplace/admin/operations/academy","auth/context|operations-reconciliation/components/OperationsQueuePage|operations-reconciliation/repository","Protected Admin surface rendering auth/context|operations-reconciliation/components/OperationsQueuePage|operations-reconciliation/repository","NOT_APPLICABLE","B07","Opérations","/angelcare-marketplace/admin/operations/today","MERGED_INTO_CONTROL_ROOM","CAP-B07-001","SOURCE_REVIEWED","app/angelcare-marketplace/(protected)/admin/operations/academy/page.tsx; actual component imports and approved canonical screen authority reviewed."
"/angelcare-marketplace/admin/operations/action-center","auth/context|operations-reconciliation/components/OperationsQueuePage|operations-reconciliation/repository","Protected Admin surface rendering auth/context|operations-reconciliation/components/OperationsQueuePage|operations-reconciliation/repository","NOT_APPLICABLE","B07","Opérations","/angelcare-marketplace/admin/operations/today","MERGED_INTO_CONTROL_ROOM","CAP-B07-001","SOURCE_REVIEWED","app/angelcare-marketplace/(protected)/admin/operations/action-center/page.tsx; actual component imports and approved canonical screen authority reviewed."
"/angelcare-marketplace/admin/operations/analytics","auth/context|operations-reconciliation/components/OperationsQueuePage|operations-reconciliation/repository","Protected Admin surface rendering auth/context|operations-reconciliation/components/OperationsQueuePage|operations-reconciliation/repository","NOT_APPLICABLE","B07","Opérations","/angelcare-marketplace/admin/operations/today","MERGED_INTO_CONTROL_ROOM","CAP-B07-001","SOURCE_REVIEWED","app/angelcare-marketplace/(protected)/admin/operations/analytics/page.tsx; actual component imports and approved canonical screen authority reviewed."
"/angelcare-marketplace/admin/operations/b2b","auth/context|operations-reconciliation/components/OperationsQueuePage|operations-reconciliation/repository","Protected Admin surface rendering auth/context|operations-reconciliation/components/OperationsQueuePage|operations-reconciliation/repository","NOT_APPLICABLE","B07","Opérations","/angelcare-marketplace/admin/operations/today","MERGED_INTO_CONTROL_ROOM","CAP-B07-001","SOURCE_REVIEWED","app/angelcare-marketplace/(protected)/admin/operations/b2b/page.tsx; actual component imports and approved canonical screen authority reviewed."
"/angelcare-marketplace/admin/operations/checklists","auth/context|operations-execution/components/OperationsEvidenceRegisters|operations-execution/repository","Protected Admin surface rendering auth/context|operations-execution/components/OperationsEvidenceRegisters|operations-execution/repository","NOT_APPLICABLE","B07","Opérations","/angelcare-marketplace/admin/operations/today","MERGED_INTO_CONTROL_ROOM","CAP-B07-001","SOURCE_REVIEWED","app/angelcare-marketplace/(protected)/admin/operations/checklists/page.tsx; actual component imports and approved canonical screen authority reviewed."
"/angelcare-marketplace/admin/operations/closure","auth/context|operations-execution/components/DailyClosureBoard|operations-execution/repository","Protected Admin surface rendering auth/context|operations-execution/components/DailyClosureBoard|operations-execution/repository","NOT_APPLICABLE","B07","Opérations","/angelcare-marketplace/admin/operations/closure","CANONICAL","CAP-B07-007","SOURCE_REVIEWED","app/angelcare-marketplace/(protected)/admin/operations/closure/page.tsx; actual component imports and approved canonical screen authority reviewed."
"/angelcare-marketplace/admin/operations/configuration","auth/context|operations-reconciliation/components/OperationsQueuePage|operations-reconciliation/repository","Protected Admin surface rendering auth/context|operations-reconciliation/components/OperationsQueuePage|operations-reconciliation/repository","NOT_APPLICABLE","B07","Opérations","/angelcare-marketplace/admin/operations/today","MERGED_INTO_CONTROL_ROOM","CAP-B07-001","SOURCE_REVIEWED","app/angelcare-marketplace/(protected)/admin/operations/configuration/page.tsx; actual component imports and approved canonical screen authority reviewed."
"/angelcare-marketplace/admin/operations/dispatch","auth/context|operations-execution/repository|operations-execution/components/DispatchBoard","Protected Admin surface rendering auth/context|operations-execution/repository|operations-execution/components/DispatchBoard","NOT_APPLICABLE","B07","Opérations","/angelcare-marketplace/admin/operations/today","MERGED_INTO_CONTROL_ROOM","CAP-B07-001","SOURCE_REVIEWED","app/angelcare-marketplace/(protected)/admin/operations/dispatch/page.tsx; actual component imports and approved canonical screen authority reviewed."
"/angelcare-marketplace/admin/operations/disputes","auth/context|operations-reconciliation/components/CaseCommands|operations-reconciliation/repository","Protected Admin surface rendering auth/context|operations-reconciliation/components/CaseCommands|operations-reconciliation/repository","NOT_APPLICABLE","B07","Opérations","/angelcare-marketplace/admin/operations/today","MERGED_INTO_CONTROL_ROOM","CAP-B07-001","SOURCE_REVIEWED","app/angelcare-marketplace/(protected)/admin/operations/disputes/page.tsx; actual component imports and approved canonical screen authority reviewed."
"/angelcare-marketplace/admin/operations/escalations","auth/context|operations-execution/components/IncidentAuthorityClient|operations-execution/repository","Protected Admin surface rendering auth/context|operations-execution/components/IncidentAuthorityClient|operations-execution/repository","NOT_APPLICABLE","B07","Opérations","/angelcare-marketplace/admin/operations/today","MERGED_INTO_CONTROL_ROOM","CAP-B07-001","SOURCE_REVIEWED","app/angelcare-marketplace/(protected)/admin/operations/escalations/page.tsx; actual component imports and approved canonical screen authority reviewed."
"/angelcare-marketplace/admin/operations/exceptions","auth/context|operations-reconciliation/components/CaseCommands|operations-reconciliation/repository","Protected Admin surface rendering auth/context|operations-reconciliation/components/CaseCommands|operations-reconciliation/repository","NOT_APPLICABLE","B07","Opérations","/angelcare-marketplace/admin/operations/today","MERGED_INTO_CONTROL_ROOM","CAP-B07-001","SOURCE_REVIEWED","app/angelcare-marketplace/(protected)/admin/operations/exceptions/page.tsx; actual component imports and approved canonical screen authority reviewed."
"/angelcare-marketplace/admin/operations/fulfillment/:caseId","auth/context|operations-reconciliation/components/FulfillmentDossier|operations-reconciliation/repository","Protected Admin surface rendering auth/context|operations-reconciliation/components/FulfillmentDossier|operations-reconciliation/repository","NOT_APPLICABLE","B07|B08","Opérations","/angelcare-marketplace/admin/operations/today","MERGED_INTO_CONTROL_ROOM","CAP-B07-001|CAP-B08-001","SOURCE_REVIEWED","app/angelcare-marketplace/(protected)/admin/operations/fulfillment/[caseId]/page.tsx; actual component imports and approved canonical screen authority reviewed."
"/angelcare-marketplace/admin/operations/fulfillment","auth/context|operations-reconciliation/components/OperationsQueuePage|operations-reconciliation/repository","Protected Admin surface rendering auth/context|operations-reconciliation/components/OperationsQueuePage|operations-reconciliation/repository","NOT_APPLICABLE","B07","Opérations","/angelcare-marketplace/admin/operations/today","MERGED_INTO_CONTROL_ROOM","CAP-B07-001","SOURCE_REVIEWED","app/angelcare-marketplace/(protected)/admin/operations/fulfillment/page.tsx; actual component imports and approved canonical screen authority reviewed."
"/angelcare-marketplace/admin/operations/incidents","auth/context|operations-execution/components/IncidentAuthorityClient|operations-execution/repository","Protected Admin surface rendering auth/context|operations-execution/components/IncidentAuthorityClient|operations-execution/repository","NOT_APPLICABLE","B07","Opérations","/angelcare-marketplace/admin/operations/incidents","CANONICAL","CAP-B07-005","SOURCE_REVIEWED","app/angelcare-marketplace/(protected)/admin/operations/incidents/page.tsx; actual component imports and approved canonical screen authority reviewed."
"/angelcare-marketplace/admin/operations/live","auth/context|operations-execution/components/OperationsCommand|operations-execution/repository","Protected Admin surface rendering auth/context|operations-execution/components/OperationsCommand|operations-execution/repository","NOT_APPLICABLE","B07","Opérations","/angelcare-marketplace/admin/operations/today","MERGED_INTO_CONTROL_ROOM","CAP-B07-001","SOURCE_REVIEWED","app/angelcare-marketplace/(protected)/admin/operations/live/page.tsx; actual component imports and approved canonical screen authority reviewed."
"/angelcare-marketplace/admin/operations/mission-control","auth/context|enterprise-command/components/FulfillmentMissionControl","Protected Admin surface rendering auth/context|enterprise-command/components/FulfillmentMissionControl","NOT_APPLICABLE","B07","Opérations","/angelcare-marketplace/admin/operations/mission-control","CANONICAL","CAP-B07-002","SOURCE_REVIEWED","app/angelcare-marketplace/(protected)/admin/operations/mission-control/page.tsx; actual component imports and approved canonical screen authority reviewed."
"/angelcare-marketplace/admin/operations/missions/:missionId","auth/context|operations-execution/repository|operations-execution/components/MissionDossier","Protected Admin surface rendering auth/context|operations-execution/repository|operations-execution/components/MissionDossier","NOT_APPLICABLE","B07","Opérations","/angelcare-marketplace/admin/operations/missions/[missionId]","CANONICAL","CAP-B07-003","SOURCE_REVIEWED","app/angelcare-marketplace/(protected)/admin/operations/missions/[missionId]/page.tsx; actual component imports and approved canonical screen authority reviewed."
"/angelcare-marketplace/admin/operations/missions","auth/context|operations-execution/components/OperationsCommand|operations-execution/repository","Protected Admin surface rendering auth/context|operations-execution/components/OperationsCommand|operations-execution/repository","NOT_APPLICABLE","B07","Opérations","/angelcare-marketplace/admin/operations/missions/[missionId]","MERGED_INTO_DOSSIER","CAP-B07-003","SOURCE_REVIEWED","app/angelcare-marketplace/(protected)/admin/operations/missions/page.tsx; actual component imports and approved canonical screen authority reviewed."
"/angelcare-marketplace/admin/operations/orders","auth/context|operations-reconciliation/components/OperationsQueuePage|operations-reconciliation/repository","Protected Admin surface rendering auth/context|operations-reconciliation/components/OperationsQueuePage|operations-reconciliation/repository","NOT_APPLICABLE","B04|B07","Commandes & réservations","/angelcare-marketplace/admin/orders","MERGED_INTO_CONTROL_ROOM","CAP-B04-001|CAP-B07-001","SOURCE_REVIEWED","app/angelcare-marketplace/(protected)/admin/operations/orders/page.tsx; actual component imports and approved canonical screen authority reviewed."
"/angelcare-marketplace/admin/operations","auth/context|operations-reconciliation/components/OperationsCommerceCommand|operations-reconciliation/repository","Protected Admin surface rendering auth/context|operations-reconciliation/components/OperationsCommerceCommand|operations-reconciliation/repository","NOT_APPLICABLE","B04|B07","Opérations","/angelcare-marketplace/admin/operations/missions/[missionId]","MERGED_INTO_DOSSIER","CAP-B07-003","SOURCE_REVIEWED","app/angelcare-marketplace/(protected)/admin/operations/page.tsx; actual component imports and approved canonical screen authority reviewed."
"/angelcare-marketplace/admin/operations/partner-os","auth/context|operations-reconciliation/components/OperationsQueuePage|operations-reconciliation/repository","Protected Admin surface rendering auth/context|operations-reconciliation/components/OperationsQueuePage|operations-reconciliation/repository","NOT_APPLICABLE","B07","Opérations","/angelcare-marketplace/admin/operations/today","MERGED_INTO_CONTROL_ROOM","CAP-B07-001","SOURCE_REVIEWED","app/angelcare-marketplace/(protected)/admin/operations/partner-os/page.tsx; actual component imports and approved canonical screen authority reviewed."
"/angelcare-marketplace/admin/operations/proof","auth/context|operations-execution/components/OperationsEvidenceRegisters|operations-execution/repository","Protected Admin surface rendering auth/context|operations-execution/components/OperationsEvidenceRegisters|operations-execution/repository","NOT_APPLICABLE","B07","Opérations","/angelcare-marketplace/admin/operations/today","MERGED_INTO_CONTROL_ROOM","CAP-B07-001","SOURCE_REVIEWED","app/angelcare-marketplace/(protected)/admin/operations/proof/page.tsx; actual component imports and approved canonical screen authority reviewed."
"/angelcare-marketplace/admin/operations/quality-check","auth/context|operations-reconciliation/components/OperationsQueuePage|operations-reconciliation/repository","Protected Admin surface rendering auth/context|operations-reconciliation/components/OperationsQueuePage|operations-reconciliation/repository","NOT_APPLICABLE","B07","Opérations","/angelcare-marketplace/admin/operations/today","MERGED_INTO_CONTROL_ROOM","CAP-B07-001","SOURCE_REVIEWED","app/angelcare-marketplace/(protected)/admin/operations/quality-check/page.tsx; actual component imports and approved canonical screen authority reviewed."
"/angelcare-marketplace/admin/operations/reconciliation","auth/context|operations-reconciliation/components/CaseCommands|operations-reconciliation/repository","Protected Admin surface rendering auth/context|operations-reconciliation/components/CaseCommands|operations-reconciliation/repository","NOT_APPLICABLE","B07","Opérations","/angelcare-marketplace/admin/operations/today","MERGED_INTO_CONTROL_ROOM","CAP-B07-001","SOURCE_REVIEWED","app/angelcare-marketplace/(protected)/admin/operations/reconciliation/page.tsx; actual component imports and approved canonical screen authority reviewed."
"/angelcare-marketplace/admin/operations/recovery","auth/context|operations-reconciliation/components/CaseCommands|operations-reconciliation/repository","Protected Admin surface rendering auth/context|operations-reconciliation/components/CaseCommands|operations-reconciliation/repository","NOT_APPLICABLE","B07","Opérations","/angelcare-marketplace/admin/operations/recovery","CANONICAL","CAP-B07-006","SOURCE_REVIEWED","app/angelcare-marketplace/(protected)/admin/operations/recovery/page.tsx; actual component imports and approved canonical screen authority reviewed."
"/angelcare-marketplace/admin/operations/replacements","auth/context|operations-reconciliation/components/CaseCommands|operations-reconciliation/repository","Protected Admin surface rendering auth/context|operations-reconciliation/components/CaseCommands|operations-reconciliation/repository","NOT_APPLICABLE","B07","Opérations","/angelcare-marketplace/admin/operations/today","MERGED_INTO_CONTROL_ROOM","CAP-B07-001","SOURCE_REVIEWED","app/angelcare-marketplace/(protected)/admin/operations/replacements/page.tsx; actual component imports and approved canonical screen authority reviewed."
"/angelcare-marketplace/admin/operations/reports","auth/context|operations-execution/components/OperationsEvidenceRegisters|operations-execution/repository","Protected Admin surface rendering auth/context|operations-execution/components/OperationsEvidenceRegisters|operations-execution/repository","NOT_APPLICABLE","B07","Opérations","/angelcare-marketplace/admin/operations/today","MERGED_INTO_CONTROL_ROOM","CAP-B07-001","SOURCE_REVIEWED","app/angelcare-marketplace/(protected)/admin/operations/reports/page.tsx; actual component imports and approved canonical screen authority reviewed."
"/angelcare-marketplace/admin/operations/returns","auth/context|operations-reconciliation/components/CaseCommands|operations-reconciliation/repository","Protected Admin surface rendering auth/context|operations-reconciliation/components/CaseCommands|operations-reconciliation/repository","NOT_APPLICABLE","B07","Opérations","/angelcare-marketplace/admin/operations/today","MERGED_INTO_CONTROL_ROOM","CAP-B07-001","SOURCE_REVIEWED","app/angelcare-marketplace/(protected)/admin/operations/returns/page.tsx; actual component imports and approved canonical screen authority reviewed."
"/angelcare-marketplace/admin/operations/services","auth/context|operations-reconciliation/components/OperationsQueuePage|operations-reconciliation/repository","Protected Admin surface rendering auth/context|operations-reconciliation/components/OperationsQueuePage|operations-reconciliation/repository","NOT_APPLICABLE","B07","Opérations","/angelcare-marketplace/admin/operations/today","MERGED_INTO_CONTROL_ROOM","CAP-B07-001","SOURCE_REVIEWED","app/angelcare-marketplace/(protected)/admin/operations/services/page.tsx; actual component imports and approved canonical screen authority reviewed."
"/angelcare-marketplace/admin/operations/settlements","auth/context|operations-reconciliation/components/CaseCommands|operations-reconciliation/repository","Protected Admin surface rendering auth/context|operations-reconciliation/components/CaseCommands|operations-reconciliation/repository","NOT_APPLICABLE","B07","Opérations","/angelcare-marketplace/admin/operations/today","MERGED_INTO_CONTROL_ROOM","CAP-B07-001","SOURCE_REVIEWED","app/angelcare-marketplace/(protected)/admin/operations/settlements/page.tsx; actual component imports and approved canonical screen authority reviewed."
"/angelcare-marketplace/admin/operations/today","auth/context|operations-execution/components/OperationsCommand|operations-execution/repository","Protected Admin surface rendering auth/context|operations-execution/components/OperationsCommand|operations-execution/repository","NOT_APPLICABLE","B07","Opérations","/angelcare-marketplace/admin/operations/today","CANONICAL","CAP-B07-001","SOURCE_REVIEWED","app/angelcare-marketplace/(protected)/admin/operations/today/page.tsx; actual component imports and approved canonical screen authority reviewed."
"/angelcare-marketplace/admin/operations/validation","auth/context|operations-execution/components/ValidationBoard","Protected Admin surface rendering auth/context|operations-execution/components/ValidationBoard","NOT_APPLICABLE","B07","Opérations","/angelcare-marketplace/admin/operations/today","MERGED_INTO_CONTROL_ROOM","CAP-B07-001","SOURCE_REVIEWED","app/angelcare-marketplace/(protected)/admin/operations/validation/page.tsx; actual component imports and approved canonical screen authority reviewed."
"/angelcare-marketplace/admin/orders-fulfillment/completed","transaction-flight-deck/repository|transaction-flight-deck/components/FlightDeckWorkspace","Protected Admin surface rendering transaction-flight-deck/repository|transaction-flight-deck/components/FlightDeckWorkspace","NOT_APPLICABLE","B07","Opérations","/angelcare-marketplace/admin/orders-fulfillment","MERGED_INTO_CONTROL_ROOM","CAP-B07-009","SOURCE_REVIEWED","app/angelcare-marketplace/(protected)/admin/orders-fulfillment/completed/page.tsx; actual component imports and approved canonical screen authority reviewed."
"/angelcare-marketplace/admin/orders-fulfillment/dispatch","transaction-flight-deck/repository|transaction-flight-deck/components/FlightDeckWorkspace","Protected Admin surface rendering transaction-flight-deck/repository|transaction-flight-deck/components/FlightDeckWorkspace","NOT_APPLICABLE","B07","Opérations","/angelcare-marketplace/admin/orders-fulfillment","MERGED_INTO_CONTROL_ROOM","CAP-B07-009","SOURCE_REVIEWED","app/angelcare-marketplace/(protected)/admin/orders-fulfillment/dispatch/page.tsx; actual component imports and approved canonical screen authority reviewed."
"/angelcare-marketplace/admin/orders-fulfillment/exceptions","transaction-flight-deck/repository|transaction-flight-deck/components/FlightDeckWorkspace","Protected Admin surface rendering transaction-flight-deck/repository|transaction-flight-deck/components/FlightDeckWorkspace","NOT_APPLICABLE","B07","Opérations","/angelcare-marketplace/admin/orders-fulfillment","MERGED_INTO_CONTROL_ROOM","CAP-B07-009","SOURCE_REVIEWED","app/angelcare-marketplace/(protected)/admin/orders-fulfillment/exceptions/page.tsx; actual component imports and approved canonical screen authority reviewed."
"/angelcare-marketplace/admin/orders-fulfillment/fulfillment","transaction-flight-deck/repository|transaction-flight-deck/components/FlightDeckWorkspace","Protected Admin surface rendering transaction-flight-deck/repository|transaction-flight-deck/components/FlightDeckWorkspace","NOT_APPLICABLE","B07","Opérations","/angelcare-marketplace/admin/orders-fulfillment","MERGED_INTO_CONTROL_ROOM","CAP-B07-009","SOURCE_REVIEWED","app/angelcare-marketplace/(protected)/admin/orders-fulfillment/fulfillment/page.tsx; actual component imports and approved canonical screen authority reviewed."
"/angelcare-marketplace/admin/orders-fulfillment/incoming","transaction-flight-deck/repository|transaction-flight-deck/components/FlightDeckWorkspace","Protected Admin surface rendering transaction-flight-deck/repository|transaction-flight-deck/components/FlightDeckWorkspace","NOT_APPLICABLE","B07","Opérations","/angelcare-marketplace/admin/orders-fulfillment","MERGED_INTO_CONTROL_ROOM","CAP-B07-009","SOURCE_REVIEWED","app/angelcare-marketplace/(protected)/admin/orders-fulfillment/incoming/page.tsx; actual component imports and approved canonical screen authority reviewed."
"/angelcare-marketplace/admin/orders-fulfillment/orders","transaction-flight-deck/repository|transaction-flight-deck/components/FlightDeckWorkspace","Protected Admin surface rendering transaction-flight-deck/repository|transaction-flight-deck/components/FlightDeckWorkspace","NOT_APPLICABLE","B07","Opérations","/angelcare-marketplace/admin/orders-fulfillment","MERGED_INTO_CONTROL_ROOM","CAP-B07-009","SOURCE_REVIEWED","app/angelcare-marketplace/(protected)/admin/orders-fulfillment/orders/page.tsx; actual component imports and approved canonical screen authority reviewed."
"/angelcare-marketplace/admin/orders-fulfillment","transaction-flight-deck/repository|transaction-flight-deck/components/FlightDeckWorkspace","Protected Admin surface rendering transaction-flight-deck/repository|transaction-flight-deck/components/FlightDeckWorkspace","NOT_APPLICABLE","B04|B07","Opérations","/angelcare-marketplace/admin/orders-fulfillment","CANONICAL","CAP-B07-009","SOURCE_REVIEWED","app/angelcare-marketplace/(protected)/admin/orders-fulfillment/page.tsx; actual component imports and approved canonical screen authority reviewed."
"/angelcare-marketplace/admin/orders-fulfillment/recovery","transaction-flight-deck/repository|transaction-flight-deck/components/FlightDeckWorkspace","Protected Admin surface rendering transaction-flight-deck/repository|transaction-flight-deck/components/FlightDeckWorkspace","NOT_APPLICABLE","B07","Opérations","/angelcare-marketplace/admin/orders-fulfillment","MERGED_INTO_CONTROL_ROOM","CAP-B07-009","SOURCE_REVIEWED","app/angelcare-marketplace/(protected)/admin/orders-fulfillment/recovery/page.tsx; actual component imports and approved canonical screen authority reviewed."
"/angelcare-marketplace/admin/orders/:orderId/command","auth/context|enterprise-command/repository|enterprise-command/components/OrderMegaCommand","Protected Admin surface rendering auth/context|enterprise-command/repository|enterprise-command/components/OrderMegaCommand","NOT_APPLICABLE","B07","Opérations","/angelcare-marketplace/admin/operations/today","MERGED_INTO_CONTROL_ROOM","CAP-B07-001","SOURCE_REVIEWED","app/angelcare-marketplace/(protected)/admin/orders/[orderId]/command/page.tsx; actual component imports and approved canonical screen authority reviewed."
"/angelcare-marketplace/admin/orders/:orderId","auth/context|enterprise-closure/repository|enterprise-closure/components/OrderDossier","Protected Admin surface rendering auth/context|enterprise-closure/repository|enterprise-closure/components/OrderDossier","NOT_APPLICABLE","GLOBAL","Commandes & réservations","/angelcare-marketplace/admin/orders/[orderId]","CANONICAL","CAP-B04-004","SOURCE_REVIEWED","app/angelcare-marketplace/(protected)/admin/orders/[orderId]/page.tsx; actual component imports and approved canonical screen authority reviewed."
"/angelcare-marketplace/admin/orders/new","auth/context|admin-control-plane/repository|admin-control-plane/components/ManualOrderCommand","Protected Admin surface rendering auth/context|admin-control-plane/repository|admin-control-plane/components/ManualOrderCommand","NOT_APPLICABLE","B04","Commandes & réservations","/angelcare-marketplace/admin/orders/new","CANONICAL","CAP-B04-003","SOURCE_REVIEWED","app/angelcare-marketplace/(protected)/admin/orders/new/page.tsx; actual component imports and approved canonical screen authority reviewed."
"/angelcare-marketplace/admin/orders","auth/context|customer-commerce/admin-repository|customer-commerce/components/EnterpriseOrderCommand|total-commerce-control/repository","Protected Admin surface rendering auth/context|customer-commerce/admin-repository|customer-commerce/components/EnterpriseOrderCommand|total-commerce-control/repository","NOT_APPLICABLE","B04|B07","Commandes & réservations","/angelcare-marketplace/admin/orders","CANONICAL","CAP-B04-002","SOURCE_REVIEWED","app/angelcare-marketplace/(protected)/admin/orders/page.tsx; actual component imports and approved canonical screen authority reviewed."
"/angelcare-marketplace/admin","auth/context|enterprise-closure/repository|total-commerce-control/repository|admin-excellence/workspace-registry|admin-excellence/components/OperatorExcellenceCockpit","Protected Admin surface rendering auth/context|enterprise-closure/repository|total-commerce-control/repository|admin-excellence/workspace-registry|admin-excellence/components/OperatorExcellenceCockpit","NOT_APPLICABLE","B01|B02|B03|B04|B05|B06|B07|B08|B09|B10|B11","Accueil / Produits & services","/angelcare-marketplace/admin","CANONICAL","CAP-B01-001","SOURCE_REVIEWED","app/angelcare-marketplace/(protected)/admin/page.tsx; actual component imports and approved canonical screen authority reviewed."
"/angelcare-marketplace/admin/partner-os","auth/context|partner-os/components/PartnerCommand|partner-os/repository","Protected Admin surface rendering auth/context|partner-os/components/PartnerCommand|partner-os/repository","NOT_APPLICABLE","B09","Academy / B2B & partenaires","/angelcare-marketplace/admin/academy","MERGED_INTO_CONTROL_ROOM","CAP-B09-001","SOURCE_REVIEWED","app/angelcare-marketplace/(protected)/admin/partner-os/page.tsx; actual component imports and approved canonical screen authority reviewed."
"/angelcare-marketplace/admin/partner-os/plans","auth/context|partner-os/components/PlanSubscriptionBoard|partner-os/repository","Protected Admin surface rendering auth/context|partner-os/components/PlanSubscriptionBoard|partner-os/repository","NOT_APPLICABLE","B09","Academy / B2B & partenaires","/angelcare-marketplace/admin/academy","MERGED_INTO_CONTROL_ROOM","CAP-B09-001","SOURCE_REVIEWED","app/angelcare-marketplace/(protected)/admin/partner-os/plans/page.tsx; actual component imports and approved canonical screen authority reviewed."
"/angelcare-marketplace/admin/partner-os/tenants/:tenantId","auth/context|partner-os/components/TenantWorkspace|partner-os/components/PartnerLifecycleClient|partner-os/repository","Protected Admin surface rendering auth/context|partner-os/components/TenantWorkspace|partner-os/components/PartnerLifecycleClient|partner-os/repository","NOT_APPLICABLE","B09","Academy / B2B & partenaires","/angelcare-marketplace/admin/academy","MERGED_INTO_CONTROL_ROOM","CAP-B09-001","SOURCE_REVIEWED","app/angelcare-marketplace/(protected)/admin/partner-os/tenants/[tenantId]/page.tsx; actual component imports and approved canonical screen authority reviewed."
"/angelcare-marketplace/admin/partner-os/tenants","auth/context|partner-os/components/TenantRegistry|partner-os/components/PartnerLifecycleClient|partner-os/repository","Protected Admin surface rendering auth/context|partner-os/components/TenantRegistry|partner-os/components/PartnerLifecycleClient|partner-os/repository","NOT_APPLICABLE","B09","Academy / B2B & partenaires","/angelcare-marketplace/admin/academy","MERGED_INTO_CONTROL_ROOM","CAP-B09-001","SOURCE_REVIEWED","app/angelcare-marketplace/(protected)/admin/partner-os/tenants/page.tsx; actual component imports and approved canonical screen authority reviewed."
"/angelcare-marketplace/admin/payments/:paymentIntentId/command","auth/context|admin-control-plane/repository|enterprise-command/components/PaymentMegaCommand","Protected Admin surface rendering auth/context|admin-control-plane/repository|enterprise-command/components/PaymentMegaCommand","NOT_APPLICABLE","B11|B07","Finance","/angelcare-marketplace/admin/payments/[paymentIntentId]/command","CANONICAL","CAP-B10-003","SOURCE_REVIEWED","app/angelcare-marketplace/(protected)/admin/payments/[paymentIntentId]/command/page.tsx; actual component imports and approved canonical screen authority reviewed."
"/angelcare-marketplace/admin/payments","auth/context|admin-control-plane/repository|admin-control-plane/components/PaymentCommand","Protected Admin surface rendering auth/context|admin-control-plane/repository|admin-control-plane/components/PaymentCommand","NOT_APPLICABLE","B10","Finance","/angelcare-marketplace/admin/payments","CANONICAL","CAP-B10-002","SOURCE_REVIEWED","app/angelcare-marketplace/(protected)/admin/payments/page.tsx; actual component imports and approved canonical screen authority reviewed."
"/angelcare-marketplace/admin/platform-performance/apis","reality-completion/admin-page","Protected Admin surface rendering reality-completion/admin-page","NOT_APPLICABLE","B11","Trust & qualité","/angelcare-marketplace/admin/trust","MERGED_INTO_CONTROL_ROOM","CAP-B11-001","SOURCE_REVIEWED","app/angelcare-marketplace/(protected)/admin/platform-performance/apis/page.tsx; actual component imports and approved canonical screen authority reviewed."
"/angelcare-marketplace/admin/platform-performance/database","reality-completion/admin-page","Protected Admin surface rendering reality-completion/admin-page","NOT_APPLICABLE","B11","Trust & qualité","/angelcare-marketplace/admin/trust","MERGED_INTO_CONTROL_ROOM","CAP-B11-001","SOURCE_REVIEWED","app/angelcare-marketplace/(protected)/admin/platform-performance/database/page.tsx; actual component imports and approved canonical screen authority reviewed."
"/angelcare-marketplace/admin/platform-performance/errors","reality-completion/admin-page","Protected Admin surface rendering reality-completion/admin-page","NOT_APPLICABLE","B11","Trust & qualité","/angelcare-marketplace/admin/trust","MERGED_INTO_CONTROL_ROOM","CAP-B11-001","SOURCE_REVIEWED","app/angelcare-marketplace/(protected)/admin/platform-performance/errors/page.tsx; actual component imports and approved canonical screen authority reviewed."
"/angelcare-marketplace/admin/platform-performance/media","reality-completion/admin-page","Protected Admin surface rendering reality-completion/admin-page","NOT_APPLICABLE","B11","Trust & qualité","/angelcare-marketplace/admin/trust","MERGED_INTO_CONTROL_ROOM","CAP-B11-001","SOURCE_REVIEWED","app/angelcare-marketplace/(protected)/admin/platform-performance/media/page.tsx; actual component imports and approved canonical screen authority reviewed."
"/angelcare-marketplace/admin/platform-performance","reality-completion/admin-page","Protected Admin surface rendering reality-completion/admin-page","NOT_APPLICABLE","B11","Trust & qualité","/angelcare-marketplace/admin/trust","MERGED_INTO_CONTROL_ROOM","CAP-B11-001","SOURCE_REVIEWED","app/angelcare-marketplace/(protected)/admin/platform-performance/page.tsx; actual component imports and approved canonical screen authority reviewed."
"/angelcare-marketplace/admin/platform-performance/routes","reality-completion/admin-page","Protected Admin surface rendering reality-completion/admin-page","NOT_APPLICABLE","B11","Trust & qualité","/angelcare-marketplace/admin/trust","MERGED_INTO_CONTROL_ROOM","CAP-B11-001","SOURCE_REVIEWED","app/angelcare-marketplace/(protected)/admin/platform-performance/routes/page.tsx; actual component imports and approved canonical screen authority reviewed."
"/angelcare-marketplace/admin/platform-performance/search","reality-completion/admin-page","Protected Admin surface rendering reality-completion/admin-page","NOT_APPLICABLE","B11","Trust & qualité","/angelcare-marketplace/admin/trust","MERGED_INTO_CONTROL_ROOM","CAP-B11-001","SOURCE_REVIEWED","app/angelcare-marketplace/(protected)/admin/platform-performance/search/page.tsx; actual component imports and approved canonical screen authority reviewed."
"/angelcare-marketplace/admin/product-excellence","auth/context|total-commerce-control/repository|total-commerce-control/components/ProductExcellenceCommand","Protected Admin surface rendering auth/context|total-commerce-control/repository|total-commerce-control/components/ProductExcellenceCommand","NOT_APPLICABLE","B11","Trust & qualité","/angelcare-marketplace/admin/trust","MERGED_INTO_CONTROL_ROOM","CAP-B11-001","SOURCE_REVIEWED","app/angelcare-marketplace/(protected)/admin/product-excellence/page.tsx; actual component imports and approved canonical screen authority reviewed."
"/angelcare-marketplace/admin/promotions","auth/context|enterprise-closure/repository|enterprise-closure/components/PromotionCommand","Protected Admin surface rendering auth/context|enterprise-closure/repository|enterprise-closure/components/PromotionCommand","NOT_APPLICABLE","B06","Marketing & promotions","/angelcare-marketplace/admin/promotions","CANONICAL","CAP-B06-002","SOURCE_REVIEWED","app/angelcare-marketplace/(protected)/admin/promotions/page.tsx; actual component imports and approved canonical screen authority reviewed."
"/angelcare-marketplace/admin/providers/assignments","auth/context|provider-workforce/components/ProviderCommand|provider-workforce/repository","Protected Admin surface rendering auth/context|provider-workforce/components/ProviderCommand|provider-workforce/repository","NOT_APPLICABLE","B08","Prestataires & fournisseurs","/angelcare-marketplace/admin/providers/assignments","CANONICAL","CAP-B08-005","SOURCE_REVIEWED","app/angelcare-marketplace/(protected)/admin/providers/assignments/page.tsx; actual component imports and approved canonical screen authority reviewed."
"/angelcare-marketplace/admin/providers/availability","auth/context|provider-workforce/components/ProviderActionClient|provider-workforce/repository","Protected Admin surface rendering auth/context|provider-workforce/components/ProviderActionClient|provider-workforce/repository","NOT_APPLICABLE","B08","Prestataires & fournisseurs","/angelcare-marketplace/admin/providers","ADVANCED_TOOL","CAP-B08-002","SOURCE_REVIEWED","app/angelcare-marketplace/(protected)/admin/providers/availability/page.tsx; actual component imports and approved canonical screen authority reviewed."
"/angelcare-marketplace/admin/providers/certifications","auth/context|provider-workforce/components/ProviderActionClient|provider-workforce/repository","Protected Admin surface rendering auth/context|provider-workforce/components/ProviderActionClient|provider-workforce/repository","NOT_APPLICABLE","B08","Prestataires & fournisseurs","/angelcare-marketplace/admin/providers","ADVANCED_TOOL","CAP-B08-002","SOURCE_REVIEWED","app/angelcare-marketplace/(protected)/admin/providers/certifications/page.tsx; actual component imports and approved canonical screen authority reviewed."
"/angelcare-marketplace/admin/providers/commerce/disputes","auth/context|operations-reconciliation/components/CounterpartyCommands|operations-reconciliation/repository","Protected Admin surface rendering auth/context|operations-reconciliation/components/CounterpartyCommands|operations-reconciliation/repository","NOT_APPLICABLE","B08","Prestataires & fournisseurs","/angelcare-marketplace/admin/providers","ADVANCED_TOOL","CAP-B08-002","SOURCE_REVIEWED","app/angelcare-marketplace/(protected)/admin/providers/commerce/disputes/page.tsx; actual component imports and approved canonical screen authority reviewed."
"/angelcare-marketplace/admin/providers/commerce/evidence","auth/context|operations-reconciliation/components/CounterpartyCommands|operations-reconciliation/repository","Protected Admin surface rendering auth/context|operations-reconciliation/components/CounterpartyCommands|operations-reconciliation/repository","NOT_APPLICABLE","B08","Prestataires & fournisseurs","/angelcare-marketplace/admin/providers","ADVANCED_TOOL","CAP-B08-002","SOURCE_REVIEWED","app/angelcare-marketplace/(protected)/admin/providers/commerce/evidence/page.tsx; actual component imports and approved canonical screen authority reviewed."
"/angelcare-marketplace/admin/providers/commerce","auth/context|operations-reconciliation/components/CounterpartyCommands|operations-reconciliation/repository","Protected Admin surface rendering auth/context|operations-reconciliation/components/CounterpartyCommands|operations-reconciliation/repository","NOT_APPLICABLE","B08","Prestataires & fournisseurs","/angelcare-marketplace/admin/providers","ADVANCED_TOOL","CAP-B08-002","SOURCE_REVIEWED","app/angelcare-marketplace/(protected)/admin/providers/commerce/page.tsx; actual component imports and approved canonical screen authority reviewed."
"/angelcare-marketplace/admin/providers/commerce/payables","auth/context|operations-reconciliation/components/CounterpartyCommands|operations-reconciliation/repository","Protected Admin surface rendering auth/context|operations-reconciliation/components/CounterpartyCommands|operations-reconciliation/repository","NOT_APPLICABLE","B08","Prestataires & fournisseurs","/angelcare-marketplace/admin/providers","ADVANCED_TOOL","CAP-B08-002","SOURCE_REVIEWED","app/angelcare-marketplace/(protected)/admin/providers/commerce/payables/page.tsx; actual component imports and approved canonical screen authority reviewed."
"/angelcare-marketplace/admin/providers/commerce/quality","auth/context|operations-reconciliation/components/CounterpartyCommands|operations-reconciliation/repository","Protected Admin surface rendering auth/context|operations-reconciliation/components/CounterpartyCommands|operations-reconciliation/repository","NOT_APPLICABLE","B08","Prestataires & fournisseurs","/angelcare-marketplace/admin/providers","ADVANCED_TOOL","CAP-B08-002","SOURCE_REVIEWED","app/angelcare-marketplace/(protected)/admin/providers/commerce/quality/page.tsx; actual component imports and approved canonical screen authority reviewed."
"/angelcare-marketplace/admin/providers/commerce/readiness","auth/context|operations-reconciliation/components/CounterpartyCommands|operations-reconciliation/repository","Protected Admin surface rendering auth/context|operations-reconciliation/components/CounterpartyCommands|operations-reconciliation/repository","NOT_APPLICABLE","B08","Prestataires & fournisseurs","/angelcare-marketplace/admin/providers","ADVANCED_TOOL","CAP-B08-002","SOURCE_REVIEWED","app/angelcare-marketplace/(protected)/admin/providers/commerce/readiness/page.tsx; actual component imports and approved canonical screen authority reviewed."
"/angelcare-marketplace/admin/providers/documents","auth/context|provider-workforce/components/ProviderActionClient|provider-workforce/repository","Protected Admin surface rendering auth/context|provider-workforce/components/ProviderActionClient|provider-workforce/repository","NOT_APPLICABLE","B08","Prestataires & fournisseurs","/angelcare-marketplace/admin/providers/documents","CANONICAL","CAP-B08-004","SOURCE_REVIEWED","app/angelcare-marketplace/(protected)/admin/providers/documents/page.tsx; actual component imports and approved canonical screen authority reviewed."
"/angelcare-marketplace/admin/providers/dossiers/:providerId","auth/context|provider-workforce/repository|provider-workforce/components/ProviderDossier","Protected Admin surface rendering auth/context|provider-workforce/repository|provider-workforce/components/ProviderDossier","NOT_APPLICABLE","B08","Prestataires & fournisseurs","/angelcare-marketplace/admin/providers/dossiers/[providerId]","CANONICAL","CAP-B08-003","SOURCE_REVIEWED","app/angelcare-marketplace/(protected)/admin/providers/dossiers/[providerId]/page.tsx; actual component imports and approved canonical screen authority reviewed."
"/angelcare-marketplace/admin/providers/dossiers","auth/context|provider-workforce/components/ProviderCommand|provider-workforce/repository","Protected Admin surface rendering auth/context|provider-workforce/components/ProviderCommand|provider-workforce/repository","NOT_APPLICABLE","B08","Prestataires & fournisseurs","/angelcare-marketplace/admin/providers/dossiers/[providerId]","MERGED_INTO_DOSSIER","CAP-B08-003","SOURCE_REVIEWED","app/angelcare-marketplace/(protected)/admin/providers/dossiers/page.tsx; actual component imports and approved canonical screen authority reviewed."
"/angelcare-marketplace/admin/providers/eligibility","auth/context|provider-workforce/components/EligibilityCommand|provider-workforce/components/ProviderActionClient|provider-workforce/repository","Protected Admin surface rendering auth/context|provider-workforce/components/EligibilityCommand|provider-workforce/components/ProviderActionClient|provider-workforce/repository","NOT_APPLICABLE","B08","Prestataires & fournisseurs","/angelcare-marketplace/admin/providers","ADVANCED_TOOL","CAP-B08-002","SOURCE_REVIEWED","app/angelcare-marketplace/(protected)/admin/providers/eligibility/page.tsx; actual component imports and approved canonical screen authority reviewed."
"/angelcare-marketplace/admin/providers/onboarding","auth/context|provider-workforce/components/ProviderActionClient|provider-workforce/repository","Protected Admin surface rendering auth/context|provider-workforce/components/ProviderActionClient|provider-workforce/repository","NOT_APPLICABLE","B08","Prestataires & fournisseurs","/angelcare-marketplace/admin/providers","ADVANCED_TOOL","CAP-B08-002","SOURCE_REVIEWED","app/angelcare-marketplace/(protected)/admin/providers/onboarding/page.tsx; actual component imports and approved canonical screen authority reviewed."
"/angelcare-marketplace/admin/providers","auth/context|provider-workforce/repository|provider-workforce/components/ProviderCommand","Protected Admin surface rendering auth/context|provider-workforce/repository|provider-workforce/components/ProviderCommand","NOT_APPLICABLE","B08","Prestataires & fournisseurs","/angelcare-marketplace/admin/providers","CANONICAL","CAP-B08-002","SOURCE_REVIEWED","app/angelcare-marketplace/(protected)/admin/providers/page.tsx; actual component imports and approved canonical screen authority reviewed."
"/angelcare-marketplace/admin/providers/payable-eligibility","auth/context|provider-workforce/components/ProviderActionClient|provider-workforce/repository","Protected Admin surface rendering auth/context|provider-workforce/components/ProviderActionClient|provider-workforce/repository","NOT_APPLICABLE","B08","Prestataires & fournisseurs","/angelcare-marketplace/admin/providers","ADVANCED_TOOL","CAP-B08-002","SOURCE_REVIEWED","app/angelcare-marketplace/(protected)/admin/providers/payable-eligibility/page.tsx; actual component imports and approved canonical screen authority reviewed."
"/angelcare-marketplace/admin/providers/performance","auth/context|provider-workforce/components/ProviderActionClient|provider-workforce/repository","Protected Admin surface rendering auth/context|provider-workforce/components/ProviderActionClient|provider-workforce/repository","NOT_APPLICABLE","B08","Prestataires & fournisseurs","/angelcare-marketplace/admin/providers","ADVANCED_TOOL","CAP-B08-002","SOURCE_REVIEWED","app/angelcare-marketplace/(protected)/admin/providers/performance/page.tsx; actual component imports and approved canonical screen authority reviewed."
"/angelcare-marketplace/admin/public-inquiries","auth/context|public-universe/repository|total-commerce-control/components/InquiryCommandCenter","Protected Admin surface rendering auth/context|public-universe/repository|total-commerce-control/components/InquiryCommandCenter","NOT_APPLICABLE","B05","Boutique","/angelcare-marketplace/admin/boutique","MERGED_INTO_CONTROL_ROOM","CAP-B05-001","SOURCE_REVIEWED","app/angelcare-marketplace/(protected)/admin/public-inquiries/page.tsx; actual component imports and approved canonical screen authority reviewed."
"/angelcare-marketplace/admin/publication","commerce-studio/admin-pages","Protected Admin surface rendering commerce-studio/admin-pages","NOT_APPLICABLE","B05","Boutique","/angelcare-marketplace/admin/boutique","MERGED_INTO_CONTROL_ROOM","CAP-B05-001","SOURCE_REVIEWED","app/angelcare-marketplace/(protected)/admin/publication/page.tsx; actual component imports and approved canonical screen authority reviewed."
"/angelcare-marketplace/admin/qa/accessibility","reality-completion/admin-page","Protected Admin surface rendering reality-completion/admin-page","NOT_APPLICABLE","B11","Trust & qualité","/angelcare-marketplace/admin/trust","MERGED_INTO_CONTROL_ROOM","CAP-B11-001","SOURCE_REVIEWED","app/angelcare-marketplace/(protected)/admin/qa/accessibility/page.tsx; actual component imports and approved canonical screen authority reviewed."
"/angelcare-marketplace/admin/qa/contracts","reality-completion/admin-page","Protected Admin surface rendering reality-completion/admin-page","NOT_APPLICABLE","B11","Trust & qualité","/angelcare-marketplace/admin/trust","MERGED_INTO_CONTROL_ROOM","CAP-B11-001","SOURCE_REVIEWED","app/angelcare-marketplace/(protected)/admin/qa/contracts/page.tsx; actual component imports and approved canonical screen authority reviewed."
"/angelcare-marketplace/admin/qa/data-integrity","reality-completion/admin-page","Protected Admin surface rendering reality-completion/admin-page","NOT_APPLICABLE","B11","Trust & qualité","/angelcare-marketplace/admin/trust","MERGED_INTO_CONTROL_ROOM","CAP-B11-001","SOURCE_REVIEWED","app/angelcare-marketplace/(protected)/admin/qa/data-integrity/page.tsx; actual component imports and approved canonical screen authority reviewed."
"/angelcare-marketplace/admin/qa/defects","reality-completion/admin-page","Protected Admin surface rendering reality-completion/admin-page","NOT_APPLICABLE","B11","Trust & qualité","/angelcare-marketplace/admin/trust","MERGED_INTO_CONTROL_ROOM","CAP-B11-001","SOURCE_REVIEWED","app/angelcare-marketplace/(protected)/admin/qa/defects/page.tsx; actual component imports and approved canonical screen authority reviewed."
"/angelcare-marketplace/admin/qa/evidence","reality-completion/admin-page","Protected Admin surface rendering reality-completion/admin-page","NOT_APPLICABLE","B11","Trust & qualité","/angelcare-marketplace/admin/trust","MERGED_INTO_CONTROL_ROOM","CAP-B11-001","SOURCE_REVIEWED","app/angelcare-marketplace/(protected)/admin/qa/evidence/page.tsx; actual component imports and approved canonical screen authority reviewed."
"/angelcare-marketplace/admin/qa/localization","reality-completion/admin-page","Protected Admin surface rendering reality-completion/admin-page","NOT_APPLICABLE","B11","Trust & qualité","/angelcare-marketplace/admin/trust","MERGED_INTO_CONTROL_ROOM","CAP-B11-001","SOURCE_REVIEWED","app/angelcare-marketplace/(protected)/admin/qa/localization/page.tsx; actual component imports and approved canonical screen authority reviewed."
"/angelcare-marketplace/admin/qa","reality-completion/admin-page","Protected Admin surface rendering reality-completion/admin-page","NOT_APPLICABLE","B11","Trust & qualité","/angelcare-marketplace/admin/trust","MERGED_INTO_CONTROL_ROOM","CAP-B11-001","SOURCE_REVIEWED","app/angelcare-marketplace/(protected)/admin/qa/page.tsx; actual component imports and approved canonical screen authority reviewed."
"/angelcare-marketplace/admin/qa/regression","reality-completion/admin-page","Protected Admin surface rendering reality-completion/admin-page","NOT_APPLICABLE","B11","Trust & qualité","/angelcare-marketplace/admin/trust","MERGED_INTO_CONTROL_ROOM","CAP-B11-001","SOURCE_REVIEWED","app/angelcare-marketplace/(protected)/admin/qa/regression/page.tsx; actual component imports and approved canonical screen authority reviewed."
"/angelcare-marketplace/admin/qa/responsive","reality-completion/admin-page","Protected Admin surface rendering reality-completion/admin-page","NOT_APPLICABLE","B11","Trust & qualité","/angelcare-marketplace/admin/trust","MERGED_INTO_CONTROL_ROOM","CAP-B11-001","SOURCE_REVIEWED","app/angelcare-marketplace/(protected)/admin/qa/responsive/page.tsx; actual component imports and approved canonical screen authority reviewed."
"/angelcare-marketplace/admin/qa/routes","reality-completion/admin-page","Protected Admin surface rendering reality-completion/admin-page","NOT_APPLICABLE","B11","Trust & qualité","/angelcare-marketplace/admin/trust","MERGED_INTO_CONTROL_ROOM","CAP-B11-001","SOURCE_REVIEWED","app/angelcare-marketplace/(protected)/admin/qa/routes/page.tsx; actual component imports and approved canonical screen authority reviewed."
"/angelcare-marketplace/admin/qa/security","reality-completion/admin-page","Protected Admin surface rendering reality-completion/admin-page","NOT_APPLICABLE","B11","Trust & qualité","/angelcare-marketplace/admin/trust","MERGED_INTO_CONTROL_ROOM","CAP-B11-001","SOURCE_REVIEWED","app/angelcare-marketplace/(protected)/admin/qa/security/page.tsx; actual component imports and approved canonical screen authority reviewed."
"/angelcare-marketplace/admin/qa/workflows","reality-completion/admin-page","Protected Admin surface rendering reality-completion/admin-page","NOT_APPLICABLE","B11","Trust & qualité","/angelcare-marketplace/admin/trust","MERGED_INTO_CONTROL_ROOM","CAP-B11-001","SOURCE_REVIEWED","app/angelcare-marketplace/(protected)/admin/qa/workflows/page.tsx; actual component imports and approved canonical screen authority reviewed."
"/angelcare-marketplace/admin/quality-assurance/accessibility","auth/context|launch-assurance/repository|launch-assurance/components/QaRegisters","Protected Admin surface rendering auth/context|launch-assurance/repository|launch-assurance/components/QaRegisters","NOT_APPLICABLE","B11","Trust & qualité","/angelcare-marketplace/admin/trust","MERGED_INTO_CONTROL_ROOM","CAP-B11-001","SOURCE_REVIEWED","app/angelcare-marketplace/(protected)/admin/quality-assurance/accessibility/page.tsx; actual component imports and approved canonical screen authority reviewed."
"/angelcare-marketplace/admin/quality-assurance/defects","auth/context|launch-assurance/repository|launch-assurance/components/QaRegisters","Protected Admin surface rendering auth/context|launch-assurance/repository|launch-assurance/components/QaRegisters","NOT_APPLICABLE","B11","Trust & qualité","/angelcare-marketplace/admin/trust","MERGED_INTO_CONTROL_ROOM","CAP-B11-001","SOURCE_REVIEWED","app/angelcare-marketplace/(protected)/admin/quality-assurance/defects/page.tsx; actual component imports and approved canonical screen authority reviewed."
"/angelcare-marketplace/admin/quality-assurance/localization","auth/context|launch-assurance/repository|launch-assurance/components/QaRegisters","Protected Admin surface rendering auth/context|launch-assurance/repository|launch-assurance/components/QaRegisters","NOT_APPLICABLE","B11","Trust & qualité","/angelcare-marketplace/admin/trust","MERGED_INTO_CONTROL_ROOM","CAP-B11-001","SOURCE_REVIEWED","app/angelcare-marketplace/(protected)/admin/quality-assurance/localization/page.tsx; actual component imports and approved canonical screen authority reviewed."
"/angelcare-marketplace/admin/quality-assurance","auth/context|launch-assurance/repository|launch-assurance/components/QaCommand","Protected Admin surface rendering auth/context|launch-assurance/repository|launch-assurance/components/QaCommand","NOT_APPLICABLE","B11","Trust & qualité","/angelcare-marketplace/admin/trust","MERGED_INTO_CONTROL_ROOM","CAP-B11-001","SOURCE_REVIEWED","app/angelcare-marketplace/(protected)/admin/quality-assurance/page.tsx; actual component imports and approved canonical screen authority reviewed."
"/angelcare-marketplace/admin/quality-assurance/performance","auth/context|launch-assurance/repository|launch-assurance/components/QaRegisters","Protected Admin surface rendering auth/context|launch-assurance/repository|launch-assurance/components/QaRegisters","NOT_APPLICABLE","B11","Trust & qualité","/angelcare-marketplace/admin/trust","MERGED_INTO_CONTROL_ROOM","CAP-B11-001","SOURCE_REVIEWED","app/angelcare-marketplace/(protected)/admin/quality-assurance/performance/page.tsx; actual component imports and approved canonical screen authority reviewed."
"/angelcare-marketplace/admin/quality-assurance/regressions","auth/context|launch-assurance/repository|launch-assurance/components/QaRegisters","Protected Admin surface rendering auth/context|launch-assurance/repository|launch-assurance/components/QaRegisters","NOT_APPLICABLE","B11","Trust & qualité","/angelcare-marketplace/admin/trust","MERGED_INTO_CONTROL_ROOM","CAP-B11-001","SOURCE_REVIEWED","app/angelcare-marketplace/(protected)/admin/quality-assurance/regressions/page.tsx; actual component imports and approved canonical screen authority reviewed."
"/angelcare-marketplace/admin/quality-assurance/release","auth/context|launch-assurance/repository|launch-assurance/components/QaRegisters","Protected Admin surface rendering auth/context|launch-assurance/repository|launch-assurance/components/QaRegisters","NOT_APPLICABLE","B11","Trust & qualité","/angelcare-marketplace/admin/trust","MERGED_INTO_CONTROL_ROOM","CAP-B11-001","SOURCE_REVIEWED","app/angelcare-marketplace/(protected)/admin/quality-assurance/release/page.tsx; actual component imports and approved canonical screen authority reviewed."
"/angelcare-marketplace/admin/quality-assurance/runs","next/navigation","Source redirect/compatibility alias","/angelcare-marketplace/admin/qa","B11","Trust & qualité","/angelcare-marketplace/admin/qa","COMPATIBILITY_REDIRECT","CAP-B11-001","SOURCE_REVIEWED","app/angelcare-marketplace/(protected)/admin/quality-assurance/runs/page.tsx; actual component imports and approved canonical screen authority reviewed."
"/angelcare-marketplace/admin/quality-assurance/security","auth/context|launch-assurance/repository|launch-assurance/components/QaRegisters","Protected Admin surface rendering auth/context|launch-assurance/repository|launch-assurance/components/QaRegisters","NOT_APPLICABLE","B11","Trust & qualité","/angelcare-marketplace/admin/trust","MERGED_INTO_CONTROL_ROOM","CAP-B11-001","SOURCE_REVIEWED","app/angelcare-marketplace/(protected)/admin/quality-assurance/security/page.tsx; actual component imports and approved canonical screen authority reviewed."
"/angelcare-marketplace/admin/quality-assurance/suites","auth/context|launch-assurance/repository|launch-assurance/components/QaRegisters","Protected Admin surface rendering auth/context|launch-assurance/repository|launch-assurance/components/QaRegisters","NOT_APPLICABLE","B11","Trust & qualité","/angelcare-marketplace/admin/trust","MERGED_INTO_CONTROL_ROOM","CAP-B11-001","SOURCE_REVIEWED","app/angelcare-marketplace/(protected)/admin/quality-assurance/suites/page.tsx; actual component imports and approved canonical screen authority reviewed."
"/angelcare-marketplace/admin/quote-baskets","auth/context|marketplace-core/components/QuoteBasketBoard|marketplace-core/repository","Protected Admin surface rendering auth/context|marketplace-core/components/QuoteBasketBoard|marketplace-core/repository","NOT_APPLICABLE","B04","Commandes & réservations","/angelcare-marketplace/admin/orders","MERGED_INTO_CONTROL_ROOM","CAP-B04-001","SOURCE_REVIEWED","app/angelcare-marketplace/(protected)/admin/quote-baskets/page.tsx; actual component imports and approved canonical screen authority reviewed."
"/angelcare-marketplace/admin/readiness","domain/types|auth/context|components/FoundationUnavailable|features/admin/ReadinessClient|design-system/ui|server/repository","Protected Admin surface rendering domain/types|auth/context|components/FoundationUnavailable|features/admin/ReadinessClient|design-system/ui|server/repository","NOT_APPLICABLE","B11","Trust & qualité","/angelcare-marketplace/admin/trust","MERGED_INTO_CONTROL_ROOM","CAP-B11-001","SOURCE_REVIEWED","app/angelcare-marketplace/(protected)/admin/readiness/page.tsx; actual component imports and approved canonical screen authority reviewed."
"/angelcare-marketplace/admin/reality-readiness","auth/context|enterprise-closure/repository|total-commerce-control/repository|admin-excellence/workspace-registry|admin-excellence/components/FinalRealityReadiness","Protected Admin surface rendering auth/context|enterprise-closure/repository|total-commerce-control/repository|admin-excellence/workspace-registry|admin-excellence/components/FinalRealityReadiness","NOT_APPLICABLE","B11","Trust & qualité","/angelcare-marketplace/admin/trust","MERGED_INTO_CONTROL_ROOM","CAP-B11-001","SOURCE_REVIEWED","app/angelcare-marketplace/(protected)/admin/reality-readiness/page.tsx; actual component imports and approved canonical screen authority reviewed."
"/angelcare-marketplace/admin/search","auth/context|design-system/ui|sovereign-control/components/GlobalSearchClient","Protected Admin surface rendering auth/context|design-system/ui|sovereign-control/components/GlobalSearchClient","NOT_APPLICABLE","B06","Marketing & promotions","/angelcare-marketplace/admin/growth-experience","MERGED_INTO_CONTROL_ROOM","CAP-B06-001","SOURCE_REVIEWED","app/angelcare-marketplace/(protected)/admin/search/page.tsx; actual component imports and approved canonical screen authority reviewed."
"/angelcare-marketplace/admin/security-audit","domain/types|auth/context|components/FoundationUnavailable|features/admin/AuditViewerClient|design-system/marketplace.module.css|design-system/ui|permissions/permission-catalog|server/repository","Protected Admin surface rendering domain/types|auth/context|components/FoundationUnavailable|features/admin/AuditViewerClient|design-system/marketplace.module.css|design-system/ui|permissions/permission-catalog|server/repository","NOT_APPLICABLE","B11","Trust & qualité","/angelcare-marketplace/admin/trust","MERGED_INTO_CONTROL_ROOM","CAP-B11-001","SOURCE_REVIEWED","app/angelcare-marketplace/(protected)/admin/security-audit/page.tsx; actual component imports and approved canonical screen authority reviewed."
"/angelcare-marketplace/admin/security/access","reality-completion/admin-page","Protected Admin surface rendering reality-completion/admin-page","NOT_APPLICABLE","B11","Paramètres & gouvernance","/angelcare-marketplace/admin/security","MERGED_INTO_CONTROL_ROOM","CAP-B11-008","SOURCE_REVIEWED","app/angelcare-marketplace/(protected)/admin/security/access/page.tsx; actual component imports and approved canonical screen authority reviewed."
"/angelcare-marketplace/admin/security/audit","reality-completion/admin-page","Protected Admin surface rendering reality-completion/admin-page","NOT_APPLICABLE","B11","Paramètres & gouvernance","/angelcare-marketplace/admin/security","MERGED_INTO_CONTROL_ROOM","CAP-B11-008","SOURCE_REVIEWED","app/angelcare-marketplace/(protected)/admin/security/audit/page.tsx; actual component imports and approved canonical screen authority reviewed."
"/angelcare-marketplace/admin/security/backups","auth/context|analytics-security/components/SecurityRegisters|analytics-security/repository","Protected Admin surface rendering auth/context|analytics-security/components/SecurityRegisters|analytics-security/repository","NOT_APPLICABLE","B11","Paramètres & gouvernance","/angelcare-marketplace/admin/security","MERGED_INTO_CONTROL_ROOM","CAP-B11-008","SOURCE_REVIEWED","app/angelcare-marketplace/(protected)/admin/security/backups/page.tsx; actual component imports and approved canonical screen authority reviewed."
"/angelcare-marketplace/admin/security/data-exposure","reality-completion/admin-page","Protected Admin surface rendering reality-completion/admin-page","NOT_APPLICABLE","B11","Paramètres & gouvernance","/angelcare-marketplace/admin/security","MERGED_INTO_CONTROL_ROOM","CAP-B11-008","SOURCE_REVIEWED","app/angelcare-marketplace/(protected)/admin/security/data-exposure/page.tsx; actual component imports and approved canonical screen authority reviewed."
"/angelcare-marketplace/admin/security/data-retention","auth/context|analytics-security/repository|analytics-security/components/SecurityRegisters","Protected Admin surface rendering auth/context|analytics-security/repository|analytics-security/components/SecurityRegisters","NOT_APPLICABLE","B11","Paramètres & gouvernance","/angelcare-marketplace/admin/security","MERGED_INTO_CONTROL_ROOM","CAP-B11-008","SOURCE_REVIEWED","app/angelcare-marketplace/(protected)/admin/security/data-retention/page.tsx; actual component imports and approved canonical screen authority reviewed."
"/angelcare-marketplace/admin/security/events","auth/context|analytics-security/repository|analytics-security/components/SecurityRegisters","Protected Admin surface rendering auth/context|analytics-security/repository|analytics-security/components/SecurityRegisters","NOT_APPLICABLE","B11","Paramètres & gouvernance","/angelcare-marketplace/admin/security","MERGED_INTO_CONTROL_ROOM","CAP-B11-008","SOURCE_REVIEWED","app/angelcare-marketplace/(protected)/admin/security/events/page.tsx; actual component imports and approved canonical screen authority reviewed."
"/angelcare-marketplace/admin/security/incidents","reality-completion/admin-page","Protected Admin surface rendering reality-completion/admin-page","NOT_APPLICABLE","B11","Paramètres & gouvernance","/angelcare-marketplace/admin/security","MERGED_INTO_CONTROL_ROOM","CAP-B11-008","SOURCE_REVIEWED","app/angelcare-marketplace/(protected)/admin/security/incidents/page.tsx; actual component imports and approved canonical screen authority reviewed."
"/angelcare-marketplace/admin/security","reality-completion/admin-page","Protected Admin surface rendering reality-completion/admin-page","NOT_APPLICABLE","B11","Paramètres & gouvernance","/angelcare-marketplace/admin/security","CANONICAL","CAP-B11-008","SOURCE_REVIEWED","app/angelcare-marketplace/(protected)/admin/security/page.tsx; actual component imports and approved canonical screen authority reviewed."
"/angelcare-marketplace/admin/security/permissions","next/navigation","Source redirect/compatibility alias","/angelcare-marketplace/admin/security/workspace-access","B11","Paramètres & gouvernance","/angelcare-marketplace/admin/security/workspace-access","COMPATIBILITY_REDIRECT","CAP-B11-008","SOURCE_REVIEWED","app/angelcare-marketplace/(protected)/admin/security/permissions/page.tsx; actual component imports and approved canonical screen authority reviewed."
"/angelcare-marketplace/admin/security/rbac","reality-completion/admin-page","Protected Admin surface rendering reality-completion/admin-page","NOT_APPLICABLE","B11","Paramètres & gouvernance","/angelcare-marketplace/admin/security","MERGED_INTO_CONTROL_ROOM","CAP-B11-008","SOURCE_REVIEWED","app/angelcare-marketplace/(protected)/admin/security/rbac/page.tsx; actual component imports and approved canonical screen authority reviewed."
"/angelcare-marketplace/admin/security/recovery","reality-completion/admin-page","Protected Admin surface rendering reality-completion/admin-page","NOT_APPLICABLE","B11","Paramètres & gouvernance","/angelcare-marketplace/admin/security","MERGED_INTO_CONTROL_ROOM","CAP-B11-008","SOURCE_REVIEWED","app/angelcare-marketplace/(protected)/admin/security/recovery/page.tsx; actual component imports and approved canonical screen authority reviewed."
"/angelcare-marketplace/admin/security/reviews","next/navigation","Source redirect/compatibility alias","/angelcare-marketplace/admin/security/access","B11","Paramètres & gouvernance","/angelcare-marketplace/admin/security/access","COMPATIBILITY_REDIRECT","CAP-B11-008","SOURCE_REVIEWED","app/angelcare-marketplace/(protected)/admin/security/reviews/page.tsx; actual component imports and approved canonical screen authority reviewed."
"/angelcare-marketplace/admin/security/roles","next/navigation","Source redirect/compatibility alias","/angelcare-marketplace/admin/security/workspace-access","B11","Paramètres & gouvernance","/angelcare-marketplace/admin/security/workspace-access","COMPATIBILITY_REDIRECT","CAP-B11-008","SOURCE_REVIEWED","app/angelcare-marketplace/(protected)/admin/security/roles/page.tsx; actual component imports and approved canonical screen authority reviewed."
"/angelcare-marketplace/admin/security/secrets","next/navigation","Source redirect/compatibility alias","/angelcare-marketplace/admin/security","B11","Paramètres & gouvernance","/angelcare-marketplace/admin/security","COMPATIBILITY_REDIRECT","CAP-B11-008","SOURCE_REVIEWED","app/angelcare-marketplace/(protected)/admin/security/secrets/page.tsx; actual component imports and approved canonical screen authority reviewed."
"/angelcare-marketplace/admin/security/separation-of-duties","reality-completion/admin-page","Protected Admin surface rendering reality-completion/admin-page","NOT_APPLICABLE","B11","Paramètres & gouvernance","/angelcare-marketplace/admin/security","MERGED_INTO_CONTROL_ROOM","CAP-B11-008","SOURCE_REVIEWED","app/angelcare-marketplace/(protected)/admin/security/separation-of-duties/page.tsx; actual component imports and approved canonical screen authority reviewed."
"/angelcare-marketplace/admin/security/sessions","next/navigation","Source redirect/compatibility alias","/angelcare-marketplace/admin/security/incidents","B11","Paramètres & gouvernance","/angelcare-marketplace/admin/security/incidents","COMPATIBILITY_REDIRECT","CAP-B11-008","SOURCE_REVIEWED","app/angelcare-marketplace/(protected)/admin/security/sessions/page.tsx; actual component imports and approved canonical screen authority reviewed."
"/angelcare-marketplace/admin/security/tenant-isolation","reality-completion/admin-page","Protected Admin surface rendering reality-completion/admin-page","NOT_APPLICABLE","B11","Paramètres & gouvernance","/angelcare-marketplace/admin/security","MERGED_INTO_CONTROL_ROOM","CAP-B11-008","SOURCE_REVIEWED","app/angelcare-marketplace/(protected)/admin/security/tenant-isolation/page.tsx; actual component imports and approved canonical screen authority reviewed."
"/angelcare-marketplace/admin/security/territory-isolation","reality-completion/admin-page","Protected Admin surface rendering reality-completion/admin-page","NOT_APPLICABLE","B11","Paramètres & gouvernance","/angelcare-marketplace/admin/security","MERGED_INTO_CONTROL_ROOM","CAP-B11-008","SOURCE_REVIEWED","app/angelcare-marketplace/(protected)/admin/security/territory-isolation/page.tsx; actual component imports and approved canonical screen authority reviewed."
"/angelcare-marketplace/admin/security/workspace-access","workspace-access/admin-page","Protected Admin surface rendering workspace-access/admin-page","NOT_APPLICABLE","B11","Paramètres & gouvernance","/angelcare-marketplace/admin/security","MERGED_INTO_CONTROL_ROOM","CAP-B11-008","SOURCE_REVIEWED","app/angelcare-marketplace/(protected)/admin/security/workspace-access/page.tsx; actual component imports and approved canonical screen authority reviewed."
"/angelcare-marketplace/admin/segments","auth/context|enterprise-command/components/SegmentBuilder","Protected Admin surface rendering auth/context|enterprise-command/components/SegmentBuilder","NOT_APPLICABLE","B06","Marketing & promotions","/angelcare-marketplace/admin/segments","CANONICAL","CAP-B06-006","SOURCE_REVIEWED","app/angelcare-marketplace/(protected)/admin/segments/page.tsx; actual component imports and approved canonical screen authority reviewed."
"/angelcare-marketplace/admin/subscriptions","auth/context|enterprise-closure/repository|enterprise-closure/components/SubscriptionCommand","Protected Admin surface rendering auth/context|enterprise-closure/repository|enterprise-closure/components/SubscriptionCommand","NOT_APPLICABLE","B04|B10","Commandes & réservations","/angelcare-marketplace/admin/subscriptions","CANONICAL","CAP-B04-008","SOURCE_REVIEWED","app/angelcare-marketplace/(protected)/admin/subscriptions/page.tsx; actual component imports and approved canonical screen authority reviewed."
"/angelcare-marketplace/admin/suppliers","auth/context|marketplace-core/components/SupplierCommand|marketplace-core/repository","Protected Admin surface rendering auth/context|marketplace-core/components/SupplierCommand|marketplace-core/repository","NOT_APPLICABLE","B08","Prestataires & fournisseurs","/angelcare-marketplace/admin/suppliers","CANONICAL","CAP-B08-009","SOURCE_REVIEWED","app/angelcare-marketplace/(protected)/admin/suppliers/page.tsx; actual component imports and approved canonical screen authority reviewed."
"/angelcare-marketplace/admin/supply-network/assignments","network-capacity-grid/NetworkAreaPage","Protected Admin surface rendering network-capacity-grid/NetworkAreaPage","NOT_APPLICABLE","B08","Prestataires & fournisseurs","/angelcare-marketplace/admin/supply-network","MERGED_INTO_CONTROL_ROOM","CAP-B08-001","SOURCE_REVIEWED","app/angelcare-marketplace/(protected)/admin/supply-network/assignments/page.tsx; actual component imports and approved canonical screen authority reviewed."
"/angelcare-marketplace/admin/supply-network/availability","network-capacity-grid/NetworkAreaPage","Protected Admin surface rendering network-capacity-grid/NetworkAreaPage","NOT_APPLICABLE","B08","Prestataires & fournisseurs","/angelcare-marketplace/admin/supply-network","MERGED_INTO_CONTROL_ROOM","CAP-B08-001","SOURCE_REVIEWED","app/angelcare-marketplace/(protected)/admin/supply-network/availability/page.tsx; actual component imports and approved canonical screen authority reviewed."
"/angelcare-marketplace/admin/supply-network/capacity","network-capacity-grid/NetworkAreaPage","Protected Admin surface rendering network-capacity-grid/NetworkAreaPage","NOT_APPLICABLE","B08","Prestataires & fournisseurs","/angelcare-marketplace/admin/supply-network/capacity","CANONICAL","CAP-B08-010","SOURCE_REVIEWED","app/angelcare-marketplace/(protected)/admin/supply-network/capacity/page.tsx; actual component imports and approved canonical screen authority reviewed."
"/angelcare-marketplace/admin/supply-network","network-capacity-grid/NetworkAreaPage","Protected Admin surface rendering network-capacity-grid/NetworkAreaPage","NOT_APPLICABLE","B08","Prestataires & fournisseurs","/angelcare-marketplace/admin/supply-network","CANONICAL","CAP-B08-001","SOURCE_REVIEWED","app/angelcare-marketplace/(protected)/admin/supply-network/page.tsx; actual component imports and approved canonical screen authority reviewed."
"/angelcare-marketplace/admin/supply-network/partners","network-capacity-grid/NetworkAreaPage","Protected Admin surface rendering network-capacity-grid/NetworkAreaPage","NOT_APPLICABLE","B08","Prestataires & fournisseurs","/angelcare-marketplace/admin/supply-network","MERGED_INTO_CONTROL_ROOM","CAP-B08-001","SOURCE_REVIEWED","app/angelcare-marketplace/(protected)/admin/supply-network/partners/page.tsx; actual component imports and approved canonical screen authority reviewed."
"/angelcare-marketplace/admin/supply-network/providers","network-capacity-grid/NetworkAreaPage","Protected Admin surface rendering network-capacity-grid/NetworkAreaPage","NOT_APPLICABLE","B08","Prestataires & fournisseurs","/angelcare-marketplace/admin/supply-network","MERGED_INTO_CONTROL_ROOM","CAP-B08-001","SOURCE_REVIEWED","app/angelcare-marketplace/(protected)/admin/supply-network/providers/page.tsx; actual component imports and approved canonical screen authority reviewed."
"/angelcare-marketplace/admin/supply-network/quality","network-capacity-grid/NetworkAreaPage","Protected Admin surface rendering network-capacity-grid/NetworkAreaPage","NOT_APPLICABLE","B08","Prestataires & fournisseurs","/angelcare-marketplace/admin/supply-network","MERGED_INTO_CONTROL_ROOM","CAP-B08-001","SOURCE_REVIEWED","app/angelcare-marketplace/(protected)/admin/supply-network/quality/page.tsx; actual component imports and approved canonical screen authority reviewed."
"/angelcare-marketplace/admin/supply-network/suppliers","network-capacity-grid/NetworkAreaPage","Protected Admin surface rendering network-capacity-grid/NetworkAreaPage","NOT_APPLICABLE","B08","Prestataires & fournisseurs","/angelcare-marketplace/admin/supply-network","MERGED_INTO_CONTROL_ROOM","CAP-B08-001","SOURCE_REVIEWED","app/angelcare-marketplace/(protected)/admin/supply-network/suppliers/page.tsx; actual component imports and approved canonical screen authority reviewed."
"/angelcare-marketplace/admin/supply-network/vendors","network-capacity-grid/NetworkAreaPage","Protected Admin surface rendering network-capacity-grid/NetworkAreaPage","NOT_APPLICABLE","B08","Prestataires & fournisseurs","/angelcare-marketplace/admin/supply-network","MERGED_INTO_CONTROL_ROOM","CAP-B08-001","SOURCE_REVIEWED","app/angelcare-marketplace/(protected)/admin/supply-network/vendors/page.tsx; actual component imports and approved canonical screen authority reviewed."
"/angelcare-marketplace/admin/territories/:territoryCode/health","auth/context|territory-os/components/TerritoryHealthClient|territory-os/repository","Protected Admin surface rendering auth/context|territory-os/components/TerritoryHealthClient|territory-os/repository","NOT_APPLICABLE","B07","Opérations","/angelcare-marketplace/admin/territories","ADVANCED_TOOL","CAP-B07-008","SOURCE_REVIEWED","app/angelcare-marketplace/(protected)/admin/territories/[territoryCode]/health/page.tsx; actual component imports and approved canonical screen authority reviewed."
"/angelcare-marketplace/admin/territories/:territoryCode/overrides","auth/context|territory-os/components/OverrideStudioClient|territory-os/repository","Protected Admin surface rendering auth/context|territory-os/components/OverrideStudioClient|territory-os/repository","NOT_APPLICABLE","B07","Opérations","/angelcare-marketplace/admin/territories","ADVANCED_TOOL","CAP-B07-008","SOURCE_REVIEWED","app/angelcare-marketplace/(protected)/admin/territories/[territoryCode]/overrides/page.tsx; actual component imports and approved canonical screen authority reviewed."
"/angelcare-marketplace/admin/territories/:territoryCode","auth/context|territory-os/components/TerritoryDetailCommand|territory-os/repository","Protected Admin surface rendering auth/context|territory-os/components/TerritoryDetailCommand|territory-os/repository","NOT_APPLICABLE","B07","Opérations","/angelcare-marketplace/admin/territories","ADVANCED_TOOL","CAP-B07-008","SOURCE_REVIEWED","app/angelcare-marketplace/(protected)/admin/territories/[territoryCode]/page.tsx; actual component imports and approved canonical screen authority reviewed."
"/angelcare-marketplace/admin/territories/:territoryCode/preview","auth/context|territory-os/components/TerritoryPreview|territory-os/repository","Protected Admin surface rendering auth/context|territory-os/components/TerritoryPreview|territory-os/repository","NOT_APPLICABLE","B07","Opérations","/angelcare-marketplace/admin/territories","ADVANCED_TOOL","CAP-B07-008","SOURCE_REVIEWED","app/angelcare-marketplace/(protected)/admin/territories/[territoryCode]/preview/page.tsx; actual component imports and approved canonical screen authority reviewed."
"/angelcare-marketplace/admin/territories/:territoryCode/readiness","auth/context|territory-os/components/ReadinessBoardClient|territory-os/readiness|territory-os/repository","Protected Admin surface rendering auth/context|territory-os/components/ReadinessBoardClient|territory-os/readiness|territory-os/repository","NOT_APPLICABLE","B07","Opérations","/angelcare-marketplace/admin/territories","ADVANCED_TOOL","CAP-B07-008","SOURCE_REVIEWED","app/angelcare-marketplace/(protected)/admin/territories/[territoryCode]/readiness/page.tsx; actual component imports and approved canonical screen authority reviewed."
"/angelcare-marketplace/admin/territories/:territoryCode/settings","auth/context|territory-os/components/TerritorySettingsClient|territory-os/repository","Protected Admin surface rendering auth/context|territory-os/components/TerritorySettingsClient|territory-os/repository","NOT_APPLICABLE","B07","Opérations","/angelcare-marketplace/admin/territories","ADVANCED_TOOL","CAP-B07-008","SOURCE_REVIEWED","app/angelcare-marketplace/(protected)/admin/territories/[territoryCode]/settings/page.tsx; actual component imports and approved canonical screen authority reviewed."
"/angelcare-marketplace/admin/territories/clone","auth/context|territory-os/components/CloneTerritoryWizard|territory-os/repository","Protected Admin surface rendering auth/context|territory-os/components/CloneTerritoryWizard|territory-os/repository","NOT_APPLICABLE","B07","Opérations","/angelcare-marketplace/admin/territories","ADVANCED_TOOL","CAP-B07-008","SOURCE_REVIEWED","app/angelcare-marketplace/(protected)/admin/territories/clone/page.tsx; actual component imports and approved canonical screen authority reviewed."
"/angelcare-marketplace/admin/territories/new","auth/context|territory-os/components/CreateTerritoryWizard|territory-os/repository","Protected Admin surface rendering auth/context|territory-os/components/CreateTerritoryWizard|territory-os/repository","NOT_APPLICABLE","B07","Opérations","/angelcare-marketplace/admin/territories","ADVANCED_TOOL","CAP-B07-008","SOURCE_REVIEWED","app/angelcare-marketplace/(protected)/admin/territories/new/page.tsx; actual component imports and approved canonical screen authority reviewed."
"/angelcare-marketplace/admin/territories","auth/context|territory-os/components/TerritoryCommandCockpit|territory-os/repository","Protected Admin surface rendering auth/context|territory-os/components/TerritoryCommandCockpit|territory-os/repository","NOT_APPLICABLE","B07","Opérations","/angelcare-marketplace/admin/territories","CANONICAL","CAP-B07-008","SOURCE_REVIEWED","app/angelcare-marketplace/(protected)/admin/territories/page.tsx; actual component imports and approved canonical screen authority reviewed."
"/angelcare-marketplace/admin/territories/registry","auth/context|territory-os/components/TerritoryRegistryClient|territory-os/repository","Protected Admin surface rendering auth/context|territory-os/components/TerritoryRegistryClient|territory-os/repository","NOT_APPLICABLE","B07","Opérations","/angelcare-marketplace/admin/territories","ADVANCED_TOOL","CAP-B07-008","SOURCE_REVIEWED","app/angelcare-marketplace/(protected)/admin/territories/registry/page.tsx; actual component imports and approved canonical screen authority reviewed."
"/angelcare-marketplace/admin/trust/audits","reality-completion/admin-page","Protected Admin surface rendering reality-completion/admin-page","NOT_APPLICABLE","B11","Trust & qualité","/angelcare-marketplace/admin/trust","MERGED_INTO_CONTROL_ROOM","CAP-B11-001","SOURCE_REVIEWED","app/angelcare-marketplace/(protected)/admin/trust/audits/page.tsx; actual component imports and approved canonical screen authority reviewed."
"/angelcare-marketplace/admin/trust/badges","auth/context|trust-quality/repository|trust-quality/components/TrustRegisters","Protected Admin surface rendering auth/context|trust-quality/repository|trust-quality/components/TrustRegisters","NOT_APPLICABLE","B11","Trust & qualité","/angelcare-marketplace/admin/trust","MERGED_INTO_CONTROL_ROOM","CAP-B11-001","SOURCE_REVIEWED","app/angelcare-marketplace/(protected)/admin/trust/badges/page.tsx; actual component imports and approved canonical screen authority reviewed."
"/angelcare-marketplace/admin/trust/command","next/navigation","Source redirect/compatibility alias","/angelcare-marketplace/admin/trust","B11","Trust & qualité","/angelcare-marketplace/admin/trust","COMPATIBILITY_REDIRECT","CAP-B11-001","SOURCE_REVIEWED","app/angelcare-marketplace/(protected)/admin/trust/command/page.tsx; actual component imports and approved canonical screen authority reviewed."
"/angelcare-marketplace/admin/trust/complaints","auth/context|trust-quality/repository|trust-quality/components/ComplaintCommand","Protected Admin surface rendering auth/context|trust-quality/repository|trust-quality/components/ComplaintCommand","NOT_APPLICABLE","B11","Trust & qualité","/angelcare-marketplace/admin/trust/complaints","CANONICAL","CAP-B11-003","SOURCE_REVIEWED","app/angelcare-marketplace/(protected)/admin/trust/complaints/page.tsx; actual component imports and approved canonical screen authority reviewed."
"/angelcare-marketplace/admin/trust/compliance","auth/context|trust-quality/repository|trust-quality/components/TrustRegisters","Protected Admin surface rendering auth/context|trust-quality/repository|trust-quality/components/TrustRegisters","NOT_APPLICABLE","B11","Trust & qualité","/angelcare-marketplace/admin/trust","MERGED_INTO_CONTROL_ROOM","CAP-B11-001","SOURCE_REVIEWED","app/angelcare-marketplace/(protected)/admin/trust/compliance/page.tsx; actual component imports and approved canonical screen authority reviewed."
"/angelcare-marketplace/admin/trust/corrective-actions","auth/context|trust-quality/repository|trust-quality/components/CapaCommand","Protected Admin surface rendering auth/context|trust-quality/repository|trust-quality/components/CapaCommand","NOT_APPLICABLE","B11","Trust & qualité","/angelcare-marketplace/admin/trust","MERGED_INTO_CONTROL_ROOM","CAP-B11-001","SOURCE_REVIEWED","app/angelcare-marketplace/(protected)/admin/trust/corrective-actions/page.tsx; actual component imports and approved canonical screen authority reviewed."
"/angelcare-marketplace/admin/trust/evidence","auth/context|trust-quality/repository|trust-quality/components/EvidenceAuthority","Protected Admin surface rendering auth/context|trust-quality/repository|trust-quality/components/EvidenceAuthority","NOT_APPLICABLE","B11","Trust & qualité","/angelcare-marketplace/admin/trust","MERGED_INTO_CONTROL_ROOM","CAP-B11-001","SOURCE_REVIEWED","app/angelcare-marketplace/(protected)/admin/trust/evidence/page.tsx; actual component imports and approved canonical screen authority reviewed."
"/angelcare-marketplace/admin/trust/investigations","reality-completion/admin-page","Protected Admin surface rendering reality-completion/admin-page","NOT_APPLICABLE","B11","Trust & qualité","/angelcare-marketplace/admin/trust","MERGED_INTO_CONTROL_ROOM","CAP-B11-001","SOURCE_REVIEWED","app/angelcare-marketplace/(protected)/admin/trust/investigations/page.tsx; actual component imports and approved canonical screen authority reviewed."
"/angelcare-marketplace/admin/trust/non-conformities","auth/context|trust-quality/repository|trust-quality/components/TrustRegisters","Protected Admin surface rendering auth/context|trust-quality/repository|trust-quality/components/TrustRegisters","NOT_APPLICABLE","B11","Trust & qualité","/angelcare-marketplace/admin/trust","MERGED_INTO_CONTROL_ROOM","CAP-B11-001","SOURCE_REVIEWED","app/angelcare-marketplace/(protected)/admin/trust/non-conformities/page.tsx; actual component imports and approved canonical screen authority reviewed."
"/angelcare-marketplace/admin/trust","auth/context|trust-quality/repository|trust-quality/components/TrustCommand","Protected Admin surface rendering auth/context|trust-quality/repository|trust-quality/components/TrustCommand","NOT_APPLICABLE","B11","Trust & qualité","/angelcare-marketplace/admin/trust","CANONICAL","CAP-B11-001","SOURCE_REVIEWED","app/angelcare-marketplace/(protected)/admin/trust/page.tsx; actual component imports and approved canonical screen authority reviewed."
"/angelcare-marketplace/admin/trust/quality-check-360","auth/context|trust-quality/repository|trust-quality/components/Quality360Command","Protected Admin surface rendering auth/context|trust-quality/repository|trust-quality/components/Quality360Command","NOT_APPLICABLE","B11","Trust & qualité","/angelcare-marketplace/admin/trust/quality-check-360","CANONICAL","CAP-B11-002","SOURCE_REVIEWED","app/angelcare-marketplace/(protected)/admin/trust/quality-check-360/page.tsx; actual component imports and approved canonical screen authority reviewed."
"/angelcare-marketplace/admin/trust/reports","reality-completion/admin-page","Protected Admin surface rendering reality-completion/admin-page","NOT_APPLICABLE","B11","Trust & qualité","/angelcare-marketplace/admin/trust","MERGED_INTO_CONTROL_ROOM","CAP-B11-001","SOURCE_REVIEWED","app/angelcare-marketplace/(protected)/admin/trust/reports/page.tsx; actual component imports and approved canonical screen authority reviewed."
"/angelcare-marketplace/admin/trust/sensitive-content","auth/context|trust-quality/repository|trust-quality/components/SensitiveContentCommand","Protected Admin surface rendering auth/context|trust-quality/repository|trust-quality/components/SensitiveContentCommand","NOT_APPLICABLE","B11","Trust & qualité","/angelcare-marketplace/admin/trust","MERGED_INTO_CONTROL_ROOM","CAP-B11-001","SOURCE_REVIEWED","app/angelcare-marketplace/(protected)/admin/trust/sensitive-content/page.tsx; actual component imports and approved canonical screen authority reviewed."
"/angelcare-marketplace/admin/trust/sops","auth/context|trust-quality/repository|trust-quality/components/SopAuthority","Protected Admin surface rendering auth/context|trust-quality/repository|trust-quality/components/SopAuthority","NOT_APPLICABLE","B11","Trust & qualité","/angelcare-marketplace/admin/trust/sops","CANONICAL","CAP-B11-004","SOURCE_REVIEWED","app/angelcare-marketplace/(protected)/admin/trust/sops/page.tsx; actual component imports and approved canonical screen authority reviewed."
"/angelcare-marketplace/admin/trust/standards","auth/context|trust-quality/repository|trust-quality/components/TrustRegisters","Protected Admin surface rendering auth/context|trust-quality/repository|trust-quality/components/TrustRegisters","NOT_APPLICABLE","B11","Trust & qualité","/angelcare-marketplace/admin/trust","MERGED_INTO_CONTROL_ROOM","CAP-B11-001","SOURCE_REVIEWED","app/angelcare-marketplace/(protected)/admin/trust/standards/page.tsx; actual component imports and approved canonical screen authority reviewed."
"/angelcare-marketplace/admin/vendors/catalog-links","auth/context|vendor-authority/components/VendorAuthorityClient|vendor-authority/repository","Protected Admin surface rendering auth/context|vendor-authority/components/VendorAuthorityClient|vendor-authority/repository","NOT_APPLICABLE","B08","Prestataires & fournisseurs","/angelcare-marketplace/admin/vendors","ADVANCED_TOOL","CAP-B08-006","SOURCE_REVIEWED","app/angelcare-marketplace/(protected)/admin/vendors/catalog-links/page.tsx; actual component imports and approved canonical screen authority reviewed."
"/angelcare-marketplace/admin/vendors/contracts","auth/context|vendor-authority/components/VendorAuthorityClient|vendor-authority/repository","Protected Admin surface rendering auth/context|vendor-authority/components/VendorAuthorityClient|vendor-authority/repository","NOT_APPLICABLE","B08","Prestataires & fournisseurs","/angelcare-marketplace/admin/vendors/contracts","CANONICAL","CAP-B08-007","SOURCE_REVIEWED","app/angelcare-marketplace/(protected)/admin/vendors/contracts/page.tsx; actual component imports and approved canonical screen authority reviewed."
"/angelcare-marketplace/admin/vendors/disputes","auth/context|vendor-authority/components/VendorAuthorityClient|vendor-authority/repository","Protected Admin surface rendering auth/context|vendor-authority/components/VendorAuthorityClient|vendor-authority/repository","NOT_APPLICABLE","B08","Prestataires & fournisseurs","/angelcare-marketplace/admin/vendors","ADVANCED_TOOL","CAP-B08-006","SOURCE_REVIEWED","app/angelcare-marketplace/(protected)/admin/vendors/disputes/page.tsx; actual component imports and approved canonical screen authority reviewed."
"/angelcare-marketplace/admin/vendors/inventory","auth/context|vendor-authority/components/VendorAuthorityClient|vendor-authority/repository","Protected Admin surface rendering auth/context|vendor-authority/components/VendorAuthorityClient|vendor-authority/repository","NOT_APPLICABLE","B08","Prestataires & fournisseurs","/angelcare-marketplace/admin/vendors","ADVANCED_TOOL","CAP-B08-006","SOURCE_REVIEWED","app/angelcare-marketplace/(protected)/admin/vendors/inventory/page.tsx; actual component imports and approved canonical screen authority reviewed."
"/angelcare-marketplace/admin/vendors/onboarding","auth/context|vendor-authority/components/VendorAuthorityClient|vendor-authority/repository","Protected Admin surface rendering auth/context|vendor-authority/components/VendorAuthorityClient|vendor-authority/repository","NOT_APPLICABLE","B08","Prestataires & fournisseurs","/angelcare-marketplace/admin/vendors","ADVANCED_TOOL","CAP-B08-006","SOURCE_REVIEWED","app/angelcare-marketplace/(protected)/admin/vendors/onboarding/page.tsx; actual component imports and approved canonical screen authority reviewed."
"/angelcare-marketplace/admin/vendors/orders","auth/context|vendor-authority/components/VendorAuthorityClient|vendor-authority/repository","Protected Admin surface rendering auth/context|vendor-authority/components/VendorAuthorityClient|vendor-authority/repository","NOT_APPLICABLE","B08","Prestataires & fournisseurs","/angelcare-marketplace/admin/vendors/orders","CANONICAL","CAP-B08-008","SOURCE_REVIEWED","app/angelcare-marketplace/(protected)/admin/vendors/orders/page.tsx; actual component imports and approved canonical screen authority reviewed."
"/angelcare-marketplace/admin/vendors","auth/context|vendor-authority/components/VendorAuthorityClient|vendor-authority/repository","Protected Admin surface rendering auth/context|vendor-authority/components/VendorAuthorityClient|vendor-authority/repository","NOT_APPLICABLE","B08","Prestataires & fournisseurs","/angelcare-marketplace/admin/vendors","CANONICAL","CAP-B08-006","SOURCE_REVIEWED","app/angelcare-marketplace/(protected)/admin/vendors/page.tsx; actual component imports and approved canonical screen authority reviewed."
"/angelcare-marketplace/admin/vendors/performance","auth/context|vendor-authority/components/VendorAuthorityClient|vendor-authority/repository","Protected Admin surface rendering auth/context|vendor-authority/components/VendorAuthorityClient|vendor-authority/repository","NOT_APPLICABLE","B08","Prestataires & fournisseurs","/angelcare-marketplace/admin/vendors","ADVANCED_TOOL","CAP-B08-006","SOURCE_REVIEWED","app/angelcare-marketplace/(protected)/admin/vendors/performance/page.tsx; actual component imports and approved canonical screen authority reviewed."
"/angelcare-marketplace/admin/vendors/quality","auth/context|vendor-authority/components/VendorAuthorityClient|vendor-authority/repository","Protected Admin surface rendering auth/context|vendor-authority/components/VendorAuthorityClient|vendor-authority/repository","NOT_APPLICABLE","B08","Prestataires & fournisseurs","/angelcare-marketplace/admin/vendors","ADVANCED_TOOL","CAP-B08-006","SOURCE_REVIEWED","app/angelcare-marketplace/(protected)/admin/vendors/quality/page.tsx; actual component imports and approved canonical screen authority reviewed."
"/angelcare-marketplace/admin/vendors/registry","auth/context|vendor-authority/components/VendorAuthorityClient|vendor-authority/repository","Protected Admin surface rendering auth/context|vendor-authority/components/VendorAuthorityClient|vendor-authority/repository","NOT_APPLICABLE","B08","Prestataires & fournisseurs","/angelcare-marketplace/admin/vendors","ADVANCED_TOOL","CAP-B08-006","SOURCE_REVIEWED","app/angelcare-marketplace/(protected)/admin/vendors/registry/page.tsx; actual component imports and approved canonical screen authority reviewed."
"/angelcare-marketplace/admin/vendors/settlements","auth/context|vendor-authority/components/VendorAuthorityClient|vendor-authority/repository","Protected Admin surface rendering auth/context|vendor-authority/components/VendorAuthorityClient|vendor-authority/repository","NOT_APPLICABLE","B08","Prestataires & fournisseurs","/angelcare-marketplace/admin/vendors","ADVANCED_TOOL","CAP-B08-006","SOURCE_REVIEWED","app/angelcare-marketplace/(protected)/admin/vendors/settlements/page.tsx; actual component imports and approved canonical screen authority reviewed."
"/angelcare-marketplace/admin/verticals/corporates/eligibility","auth/context|b2b-verticals/components/SpecializedBoards|b2b-verticals/repository","Protected Admin surface rendering auth/context|b2b-verticals/components/SpecializedBoards|b2b-verticals/repository","NOT_APPLICABLE","B09","Academy / B2B & partenaires","/angelcare-marketplace/admin/verticals/corporates/eligibility","CANONICAL","CAP-B09-007","SOURCE_REVIEWED","app/angelcare-marketplace/(protected)/admin/verticals/corporates/eligibility/page.tsx; actual component imports and approved canonical screen authority reviewed."
"/angelcare-marketplace/admin/verticals/corporates/impact","auth/context|b2b-verticals/components/VerticalOperationsBoard|b2b-verticals/repository","Protected Admin surface rendering auth/context|b2b-verticals/components/VerticalOperationsBoard|b2b-verticals/repository","NOT_APPLICABLE","B09","Academy / B2B & partenaires","/angelcare-marketplace/admin/verticals","MERGED_INTO_CONTROL_ROOM","CAP-B09-005","SOURCE_REVIEWED","app/angelcare-marketplace/(protected)/admin/verticals/corporates/impact/page.tsx; actual component imports and approved canonical screen authority reviewed."
"/angelcare-marketplace/admin/verticals/corporates","auth/context|b2b-verticals/components/CorporateCommand|b2b-verticals/repository","Protected Admin surface rendering auth/context|b2b-verticals/components/CorporateCommand|b2b-verticals/repository","NOT_APPLICABLE","B09","Academy / B2B & partenaires","/angelcare-marketplace/admin/verticals/corporates/eligibility","ADVANCED_TOOL","CAP-B09-007","SOURCE_REVIEWED","app/angelcare-marketplace/(protected)/admin/verticals/corporates/page.tsx; actual component imports and approved canonical screen authority reviewed."
"/angelcare-marketplace/admin/verticals/corporates/programs","auth/context|b2b-verticals/components/VerticalOperationsBoard|b2b-verticals/repository","Protected Admin surface rendering auth/context|b2b-verticals/components/VerticalOperationsBoard|b2b-verticals/repository","NOT_APPLICABLE","B09","Academy / B2B & partenaires","/angelcare-marketplace/admin/verticals","MERGED_INTO_CONTROL_ROOM","CAP-B09-005","SOURCE_REVIEWED","app/angelcare-marketplace/(protected)/admin/verticals/corporates/programs/page.tsx; actual component imports and approved canonical screen authority reviewed."
"/angelcare-marketplace/admin/verticals/corporates/usage","auth/context|b2b-verticals/components/VerticalOperationsBoard|b2b-verticals/repository","Protected Admin surface rendering auth/context|b2b-verticals/components/VerticalOperationsBoard|b2b-verticals/repository","NOT_APPLICABLE","B09","Academy / B2B & partenaires","/angelcare-marketplace/admin/verticals","MERGED_INTO_CONTROL_ROOM","CAP-B09-005","SOURCE_REVIEWED","app/angelcare-marketplace/(protected)/admin/verticals/corporates/usage/page.tsx; actual component imports and approved canonical screen authority reviewed."
"/angelcare-marketplace/admin/verticals/establishments/conversions","auth/context|b2b-verticals/components/PortfolioRegistry|b2b-verticals/repository","Protected Admin surface rendering auth/context|b2b-verticals/components/PortfolioRegistry|b2b-verticals/repository","NOT_APPLICABLE","B09","Academy / B2B & partenaires","/angelcare-marketplace/admin/verticals/establishments","ADVANCED_TOOL","CAP-B09-008","SOURCE_REVIEWED","app/angelcare-marketplace/(protected)/admin/verticals/establishments/conversions/page.tsx; actual component imports and approved canonical screen authority reviewed."
"/angelcare-marketplace/admin/verticals/establishments/diagnostics","auth/context|b2b-verticals/components/PortfolioRegistry|b2b-verticals/repository","Protected Admin surface rendering auth/context|b2b-verticals/components/PortfolioRegistry|b2b-verticals/repository","NOT_APPLICABLE","B09","Academy / B2B & partenaires","/angelcare-marketplace/admin/verticals/establishments","ADVANCED_TOOL","CAP-B09-008","SOURCE_REVIEWED","app/angelcare-marketplace/(protected)/admin/verticals/establishments/diagnostics/page.tsx; actual component imports and approved canonical screen authority reviewed."
"/angelcare-marketplace/admin/verticals/establishments","auth/context|b2b-verticals/components/EstablishmentsCommand|b2b-verticals/repository","Protected Admin surface rendering auth/context|b2b-verticals/components/EstablishmentsCommand|b2b-verticals/repository","NOT_APPLICABLE","B09","Academy / B2B & partenaires","/angelcare-marketplace/admin/verticals/establishments","CANONICAL","CAP-B09-008","SOURCE_REVIEWED","app/angelcare-marketplace/(protected)/admin/verticals/establishments/page.tsx; actual component imports and approved canonical screen authority reviewed."
"/angelcare-marketplace/admin/verticals/establishments/proposals","auth/context|b2b-verticals/components/PortfolioRegistry|b2b-verticals/repository","Protected Admin surface rendering auth/context|b2b-verticals/components/PortfolioRegistry|b2b-verticals/repository","NOT_APPLICABLE","B09","Academy / B2B & partenaires","/angelcare-marketplace/admin/verticals/establishments","ADVANCED_TOOL","CAP-B09-008","SOURCE_REVIEWED","app/angelcare-marketplace/(protected)/admin/verticals/establishments/proposals/page.tsx; actual component imports and approved canonical screen authority reviewed."
"/angelcare-marketplace/admin/verticals/establishments/quality-checks","auth/context|b2b-verticals/components/SpecializedBoards|b2b-verticals/repository","Protected Admin surface rendering auth/context|b2b-verticals/components/SpecializedBoards|b2b-verticals/repository","NOT_APPLICABLE","B09","Academy / B2B & partenaires","/angelcare-marketplace/admin/verticals/establishments","ADVANCED_TOOL","CAP-B09-008","SOURCE_REVIEWED","app/angelcare-marketplace/(protected)/admin/verticals/establishments/quality-checks/page.tsx; actual component imports and approved canonical screen authority reviewed."
"/angelcare-marketplace/admin/verticals/health-partners/compliance","auth/context|b2b-verticals/components/SpecializedBoards|b2b-verticals/repository","Protected Admin surface rendering auth/context|b2b-verticals/components/SpecializedBoards|b2b-verticals/repository","NOT_APPLICABLE","B09","Academy / B2B & partenaires","/angelcare-marketplace/admin/verticals/health-partners","ADVANCED_TOOL","CAP-B09-009","SOURCE_REVIEWED","app/angelcare-marketplace/(protected)/admin/verticals/health-partners/compliance/page.tsx; actual component imports and approved canonical screen authority reviewed."
"/angelcare-marketplace/admin/verticals/health-partners/consents","auth/context|b2b-verticals/components/SpecializedBoards|b2b-verticals/repository","Protected Admin surface rendering auth/context|b2b-verticals/components/SpecializedBoards|b2b-verticals/repository","NOT_APPLICABLE","B09","Academy / B2B & partenaires","/angelcare-marketplace/admin/verticals/health-partners","ADVANCED_TOOL","CAP-B09-009","SOURCE_REVIEWED","app/angelcare-marketplace/(protected)/admin/verticals/health-partners/consents/page.tsx; actual component imports and approved canonical screen authority reviewed."
"/angelcare-marketplace/admin/verticals/health-partners","auth/context|b2b-verticals/components/HealthPartnersCommand|b2b-verticals/repository","Protected Admin surface rendering auth/context|b2b-verticals/components/HealthPartnersCommand|b2b-verticals/repository","NOT_APPLICABLE","B09","Academy / B2B & partenaires","/angelcare-marketplace/admin/verticals/health-partners","CANONICAL","CAP-B09-009","SOURCE_REVIEWED","app/angelcare-marketplace/(protected)/admin/verticals/health-partners/page.tsx; actual component imports and approved canonical screen authority reviewed."
"/angelcare-marketplace/admin/verticals/health-partners/programs","auth/context|b2b-verticals/components/VerticalOperationsBoard|b2b-verticals/repository","Protected Admin surface rendering auth/context|b2b-verticals/components/VerticalOperationsBoard|b2b-verticals/repository","NOT_APPLICABLE","B09","Academy / B2B & partenaires","/angelcare-marketplace/admin/verticals/health-partners","ADVANCED_TOOL","CAP-B09-009","SOURCE_REVIEWED","app/angelcare-marketplace/(protected)/admin/verticals/health-partners/programs/page.tsx; actual component imports and approved canonical screen authority reviewed."
"/angelcare-marketplace/admin/verticals/health-partners/referrals","auth/context|b2b-verticals/components/VerticalOperationsBoard|b2b-verticals/repository","Protected Admin surface rendering auth/context|b2b-verticals/components/VerticalOperationsBoard|b2b-verticals/repository","NOT_APPLICABLE","B09","Academy / B2B & partenaires","/angelcare-marketplace/admin/verticals/health-partners","ADVANCED_TOOL","CAP-B09-009","SOURCE_REVIEWED","app/angelcare-marketplace/(protected)/admin/verticals/health-partners/referrals/page.tsx; actual component imports and approved canonical screen authority reviewed."
"/angelcare-marketplace/admin/verticals/hospitality","auth/context|b2b-verticals/components/HospitalityCommand|b2b-verticals/repository","Protected Admin surface rendering auth/context|b2b-verticals/components/HospitalityCommand|b2b-verticals/repository","NOT_APPLICABLE","B09","Academy / B2B & partenaires","/angelcare-marketplace/admin/verticals/hospitality","CANONICAL","CAP-B09-010","SOURCE_REVIEWED","app/angelcare-marketplace/(protected)/admin/verticals/hospitality/page.tsx; actual component imports and approved canonical screen authority reviewed."
"/angelcare-marketplace/admin/verticals/hospitality/programs","auth/context|b2b-verticals/components/VerticalOperationsBoard|b2b-verticals/repository","Protected Admin surface rendering auth/context|b2b-verticals/components/VerticalOperationsBoard|b2b-verticals/repository","NOT_APPLICABLE","B09","Academy / B2B & partenaires","/angelcare-marketplace/admin/verticals/hospitality","ADVANCED_TOOL","CAP-B09-010","SOURCE_REVIEWED","app/angelcare-marketplace/(protected)/admin/verticals/hospitality/programs/page.tsx; actual component imports and approved canonical screen authority reviewed."
"/angelcare-marketplace/admin/verticals/hospitality/properties","auth/context|b2b-verticals/components/SpecializedBoards|b2b-verticals/repository","Protected Admin surface rendering auth/context|b2b-verticals/components/SpecializedBoards|b2b-verticals/repository","NOT_APPLICABLE","B09","Academy / B2B & partenaires","/angelcare-marketplace/admin/verticals/hospitality","ADVANCED_TOOL","CAP-B09-010","SOURCE_REVIEWED","app/angelcare-marketplace/(protected)/admin/verticals/hospitality/properties/page.tsx; actual component imports and approved canonical screen authority reviewed."
"/angelcare-marketplace/admin/verticals/hospitality/readiness","auth/context|b2b-verticals/components/VerticalOperationsBoard|b2b-verticals/repository","Protected Admin surface rendering auth/context|b2b-verticals/components/VerticalOperationsBoard|b2b-verticals/repository","NOT_APPLICABLE","B09","Academy / B2B & partenaires","/angelcare-marketplace/admin/verticals/hospitality","ADVANCED_TOOL","CAP-B09-010","SOURCE_REVIEWED","app/angelcare-marketplace/(protected)/admin/verticals/hospitality/readiness/page.tsx; actual component imports and approved canonical screen authority reviewed."
"/angelcare-marketplace/admin/verticals/hospitality/reports","auth/context|b2b-verticals/components/VerticalOperationsBoard|b2b-verticals/repository","Protected Admin surface rendering auth/context|b2b-verticals/components/VerticalOperationsBoard|b2b-verticals/repository","NOT_APPLICABLE","B09","Academy / B2B & partenaires","/angelcare-marketplace/admin/verticals/hospitality","ADVANCED_TOOL","CAP-B09-010","SOURCE_REVIEWED","app/angelcare-marketplace/(protected)/admin/verticals/hospitality/reports/page.tsx; actual component imports and approved canonical screen authority reviewed."
"/angelcare-marketplace/admin/verticals/organizations/:organizationId","auth/context|b2b-verticals/components/Organization360|b2b-verticals/repository","Protected Admin surface rendering auth/context|b2b-verticals/components/Organization360|b2b-verticals/repository","NOT_APPLICABLE","B09","Academy / B2B & partenaires","/angelcare-marketplace/admin/verticals/organizations/[organizationId]","CANONICAL","CAP-B09-006","SOURCE_REVIEWED","app/angelcare-marketplace/(protected)/admin/verticals/organizations/[organizationId]/page.tsx; actual component imports and approved canonical screen authority reviewed."
"/angelcare-marketplace/admin/verticals/organizations","auth/context|b2b-verticals/components/PortfolioRegistry|b2b-verticals/repository","Protected Admin surface rendering auth/context|b2b-verticals/components/PortfolioRegistry|b2b-verticals/repository","NOT_APPLICABLE","B09","Academy / B2B & partenaires","/angelcare-marketplace/admin/verticals/organizations/[organizationId]","MERGED_INTO_DOSSIER","CAP-B09-006","SOURCE_REVIEWED","app/angelcare-marketplace/(protected)/admin/verticals/organizations/page.tsx; actual component imports and approved canonical screen authority reviewed."
"/angelcare-marketplace/admin/verticals","auth/context|b2b-verticals/components/B2BExecutiveCommand|b2b-verticals/repository","Protected Admin surface rendering auth/context|b2b-verticals/components/B2BExecutiveCommand|b2b-verticals/repository","NOT_APPLICABLE","B09","Academy / B2B & partenaires","/angelcare-marketplace/admin/verticals","CANONICAL","CAP-B09-005","SOURCE_REVIEWED","app/angelcare-marketplace/(protected)/admin/verticals/page.tsx; actual component imports and approved canonical screen authority reviewed."
"/angelcare-marketplace/admin/wallet/customers","auth/context|customer-commerce/wallet-admin|customer-commerce/components/WalletAuthorityClient","Protected Admin surface rendering auth/context|customer-commerce/wallet-admin|customer-commerce/components/WalletAuthorityClient","NOT_APPLICABLE","B10","Finance","/angelcare-marketplace/admin/wallet","MERGED_INTO_CONTROL_ROOM","CAP-B10-006","SOURCE_REVIEWED","app/angelcare-marketplace/(protected)/admin/wallet/customers/page.tsx; actual component imports and approved canonical screen authority reviewed."
"/angelcare-marketplace/admin/wallet","auth/context|customer-commerce/admin-repository|customer-commerce/components/AdminWalletCommand","Protected Admin surface rendering auth/context|customer-commerce/admin-repository|customer-commerce/components/AdminWalletCommand","NOT_APPLICABLE","B10","Finance","/angelcare-marketplace/admin/wallet","CANONICAL","CAP-B10-006","SOURCE_REVIEWED","app/angelcare-marketplace/(protected)/admin/wallet/page.tsx; actual component imports and approved canonical screen authority reviewed."
"/angelcare-marketplace/admin/wallet/policies","auth/context|customer-commerce/admin-repository|customer-commerce/components/WalletPolicyStudio","Protected Admin surface rendering auth/context|customer-commerce/admin-repository|customer-commerce/components/WalletPolicyStudio","NOT_APPLICABLE","B10","Finance","/angelcare-marketplace/admin/wallet","MERGED_INTO_CONTROL_ROOM","CAP-B10-006","SOURCE_REVIEWED","app/angelcare-marketplace/(protected)/admin/wallet/policies/page.tsx; actual component imports and approved canonical screen authority reviewed."
"/angelcare-marketplace/admin/wallet/reconciliation","auth/context|customer-commerce/wallet-admin|customer-commerce/components/WalletAuthorityClient","Protected Admin surface rendering auth/context|customer-commerce/wallet-admin|customer-commerce/components/WalletAuthorityClient","NOT_APPLICABLE","B10","Finance","/angelcare-marketplace/admin/wallet","MERGED_INTO_CONTROL_ROOM","CAP-B10-006","SOURCE_REVIEWED","app/angelcare-marketplace/(protected)/admin/wallet/reconciliation/page.tsx; actual component imports and approved canonical screen authority reviewed."
"/angelcare-marketplace/admin/wallet/risk","auth/context|customer-commerce/wallet-admin|customer-commerce/components/WalletAuthorityClient","Protected Admin surface rendering auth/context|customer-commerce/wallet-admin|customer-commerce/components/WalletAuthorityClient","NOT_APPLICABLE","B10","Finance","/angelcare-marketplace/admin/wallet","MERGED_INTO_CONTROL_ROOM","CAP-B10-006","SOURCE_REVIEWED","app/angelcare-marketplace/(protected)/admin/wallet/risk/page.tsx; actual component imports and approved canonical screen authority reviewed."
"/angelcare-marketplace/admin/workspaces","auth/context|admin-excellence/workspace-registry|admin-excellence/components/WorkspaceRegistryCommand","Protected Admin surface rendering auth/context|admin-excellence/workspace-registry|admin-excellence/components/WorkspaceRegistryCommand","NOT_APPLICABLE","B11","Trust & qualité","/angelcare-marketplace/admin/trust","MERGED_INTO_CONTROL_ROOM","CAP-B11-001","SOURCE_REVIEWED","app/angelcare-marketplace/(protected)/admin/workspaces/page.tsx; actual component imports and approved canonical screen authority reviewed."
