"capability_id","workspace","canonical_route","object_type","action","permission","guard_helper","server_enforcement_point","frontend_behavior","source_review_status","verification_status","evidence"
"CAP-B03-009","Clients","/angelcare-marketplace/admin/customers/[customerId]/activity","crm_task","CREATE|PATCH","marketplace.crm.tasks.manage","requireMarketplaceApiContext","crm-activity-api handleCustomerCrmTasks/handleCustomerCrmTask","VISIBLE_ENABLED_OR_DISABLED_WITH_REASON","SOURCE_REVIEWED","STATIC_VERIFIED_RUNTIME_GATE","Permission exists in catalogue and is enforced before service-client access."
"CAP-B03-009","Clients","/angelcare-marketplace/admin/customers/[customerId]/activity","crm_communication_log","POST","marketplace.crm.communications.log","requireMarketplaceApiContext","crm-activity-api handleCustomerCrmCommunications","VISIBLE_ENABLED_OR_DISABLED_WITH_REASON","SOURCE_REVIEWED","STATIC_VERIFIED_RUNTIME_GATE","Append-only log permission enforced before persistence."
"CAP-B05-006","Boutique","/angelcare-marketplace/admin/media/library","media_asset","UPLOAD_SESSION|COMPLETE|TRANSFORM|PERMANENT_DELETE","marketplace.media.manage","requireMarketplaceApiContext","media-storage-api and commerce-studio api-handlers","VISIBLE_ENABLED_OR_DISABLED_WITH_REASON","SOURCE_REVIEWED","STATIC_VERIFIED_RUNTIME_GATE","Signed upload is issued only after Marketplace API authorization; permanent delete also checks usages."
"CAP-B10-002","Finance","/angelcare-marketplace/admin/configuration/integrations/payments/paypal","paypal_provider","VIEW|TEST","marketplace.configuration.view|marketplace.configuration.manage","requireMarketplaceApiContext","paypal-admin-api","VISIBLE_ENABLED_OR_DISABLED_WITH_REASON","SOURCE_REVIEWED","STATIC_VERIFIED_RUNTIME_GATE","OAuth probe disabled when runtime configuration is incomplete and never creates money."
"CAP-B06-003","Marketing & promotions","/angelcare-marketplace/admin/live-experience-command/proof-sources","truth_source","VIEW|REFRESH|TRANSITION","marketplace.live_experience.view|marketplace.live_experience.manage","requireMarketplaceApiContext","live-experience api-handlers","VISIBLE_ENABLED_OR_DISABLED_WITH_REASON","SOURCE_REVIEWED","STATIC_VERIFIED_RUNTIME_GATE","Source payload is redacted and source transitions are audited."
"CAP-B09-001","Academy / B2B & partenaires","/angelcare-marketplace/admin/academy","/api/angelcare-marketplace/academy/assessment-results","POST handleAssessmentResult","marketplace.academy.view|marketplace.academy.cohorts.manage|marketplace.academy.attendance.manage|marketplace.academy.assessments.manage|marketplace.academy.certificates.issue","requireMarketplaceApiContext / source domain guard","app/api/angelcare-marketplace/academy/assessment-results/route.ts","VISIBLE_ENABLED_OR_DISABLED_WITH_REASON","SOURCE_REVIEWED","STATIC_VERIFIED_RUNTIME_GATE","Server handler chain inspected; frontend behavior is represented by AcademyCommand."
"CAP-B09-001","Academy / B2B & partenaires","/angelcare-marketplace/admin/academy","/api/angelcare-marketplace/academy/attendance","POST handleAttendance","marketplace.academy.view|marketplace.academy.cohorts.manage|marketplace.academy.attendance.manage|marketplace.academy.assessments.manage|marketplace.academy.certificates.issue","requireMarketplaceApiContext / source domain guard","app/api/angelcare-marketplace/academy/attendance/route.ts","VISIBLE_ENABLED_OR_DISABLED_WITH_REASON","SOURCE_REVIEWED","STATIC_VERIFIED_RUNTIME_GATE","Server handler chain inspected; frontend behavior is represented by AcademyCommand."
"CAP-B09-001","Academy / B2B & partenaires","/angelcare-marketplace/admin/academy","/api/angelcare-marketplace/academy/certificates/:certificateId/decision","POST handleCertificateDecision","marketplace.academy.view|marketplace.academy.cohorts.manage|marketplace.academy.attendance.manage|marketplace.academy.assessments.manage|marketplace.academy.certificates.issue","requireMarketplaceApiContext / source domain guard","app/api/angelcare-marketplace/academy/certificates/[certificateId]/decision/route.ts","VISIBLE_ENABLED_OR_DISABLED_WITH_REASON","SOURCE_REVIEWED","STATIC_VERIFIED_RUNTIME_GATE","Server handler chain inspected; frontend behavior is represented by AcademyCommand."
"CAP-B09-001","Academy / B2B & partenaires","/angelcare-marketplace/admin/academy","/api/angelcare-marketplace/academy/cohorts","POST handleCohorts","marketplace.academy.view|marketplace.academy.cohorts.manage|marketplace.academy.attendance.manage|marketplace.academy.assessments.manage|marketplace.academy.certificates.issue","requireMarketplaceApiContext / source domain guard","app/api/angelcare-marketplace/academy/cohorts/route.ts","VISIBLE_ENABLED_OR_DISABLED_WITH_REASON","SOURCE_REVIEWED","STATIC_VERIFIED_RUNTIME_GATE","Server handler chain inspected; frontend behavior is represented by AcademyCommand."
"CAP-B09-001","Academy / B2B & partenaires","/angelcare-marketplace/admin/academy","/api/angelcare-marketplace/academy/final/assessments","POST handleAcademyAssessmentCreate","marketplace.academy.view|marketplace.academy.sessions.manage|marketplace.academy.manage|marketplace.academy.assessments.manage|marketplace.academy.catalog.manage|marketplace.academy.cohorts.manage","requireMarketplaceApiContext / source domain guard","app/api/angelcare-marketplace/academy/final/assessments/route.ts","VISIBLE_ENABLED_OR_DISABLED_WITH_REASON","SOURCE_REVIEWED","STATIC_VERIFIED_RUNTIME_GATE","Server handler chain inspected; frontend behavior is represented by AcademyCommand."
"CAP-B09-001","Academy / B2B & partenaires","/angelcare-marketplace/admin/academy","/api/angelcare-marketplace/academy/final/b2b/:orderId/transition","POST handleAcademyB2BTransition","marketplace.academy.view|marketplace.academy.sessions.manage|marketplace.academy.manage|marketplace.academy.assessments.manage|marketplace.academy.catalog.manage|marketplace.academy.cohorts.manage","requireMarketplaceApiContext / source domain guard","app/api/angelcare-marketplace/academy/final/b2b/[orderId]/transition/route.ts","VISIBLE_ENABLED_OR_DISABLED_WITH_REASON","SOURCE_REVIEWED","STATIC_VERIFIED_RUNTIME_GATE","Server handler chain inspected; frontend behavior is represented by AcademyCommand."
"CAP-B09-001","Academy / B2B & partenaires","/angelcare-marketplace/admin/academy","/api/angelcare-marketplace/academy/final/cohorts/:cohortId/trainer","POST handleAcademyTrainerAssignment","marketplace.academy.view|marketplace.academy.sessions.manage|marketplace.academy.manage|marketplace.academy.assessments.manage|marketplace.academy.catalog.manage|marketplace.academy.cohorts.manage","requireMarketplaceApiContext / source domain guard","app/api/angelcare-marketplace/academy/final/cohorts/[cohortId]/trainer/route.ts","VISIBLE_ENABLED_OR_DISABLED_WITH_REASON","SOURCE_REVIEWED","STATIC_VERIFIED_RUNTIME_GATE","Server handler chain inspected; frontend behavior is represented by AcademyCommand."
"CAP-B09-001","Academy / B2B & partenaires","/angelcare-marketplace/admin/academy","/api/angelcare-marketplace/academy/final/cohorts/:cohortId/transition","POST handleAcademyCohortTransition","marketplace.academy.view|marketplace.academy.sessions.manage|marketplace.academy.manage|marketplace.academy.assessments.manage|marketplace.academy.catalog.manage|marketplace.academy.cohorts.manage","requireMarketplaceApiContext / source domain guard","app/api/angelcare-marketplace/academy/final/cohorts/[cohortId]/transition/route.ts","VISIBLE_ENABLED_OR_DISABLED_WITH_REASON","SOURCE_REVIEWED","STATIC_VERIFIED_RUNTIME_GATE","Server handler chain inspected; frontend behavior is represented by AcademyCommand."
"CAP-B09-001","Academy / B2B & partenaires","/angelcare-marketplace/admin/academy","/api/angelcare-marketplace/academy/final/courses/:id/transition","POST handleAcademyPublicationTransition","marketplace.academy.view|marketplace.academy.sessions.manage|marketplace.academy.manage|marketplace.academy.assessments.manage|marketplace.academy.catalog.manage|marketplace.academy.cohorts.manage","requireMarketplaceApiContext / source domain guard","app/api/angelcare-marketplace/academy/final/courses/[id]/transition/route.ts","VISIBLE_ENABLED_OR_DISABLED_WITH_REASON","SOURCE_REVIEWED","STATIC_VERIFIED_RUNTIME_GATE","Server handler chain inspected; frontend behavior is represented by AcademyCommand."
"CAP-B09-001","Academy / B2B & partenaires","/angelcare-marketplace/admin/academy","/api/angelcare-marketplace/academy/final/programs/:id/transition","POST handleAcademyPublicationTransition","marketplace.academy.view|marketplace.academy.sessions.manage|marketplace.academy.manage|marketplace.academy.assessments.manage|marketplace.academy.catalog.manage|marketplace.academy.cohorts.manage","requireMarketplaceApiContext / source domain guard","app/api/angelcare-marketplace/academy/final/programs/[id]/transition/route.ts","VISIBLE_ENABLED_OR_DISABLED_WITH_REASON","SOURCE_REVIEWED","STATIC_VERIFIED_RUNTIME_GATE","Server handler chain inspected; frontend behavior is represented by AcademyCommand."
"CAP-B09-001","Academy / B2B & partenaires","/angelcare-marketplace/admin/academy","/api/angelcare-marketplace/academy/final/remediations/:remediationId/transition","POST handleAcademyRemediationTransition","marketplace.academy.view|marketplace.academy.sessions.manage|marketplace.academy.manage|marketplace.academy.assessments.manage|marketplace.academy.catalog.manage|marketplace.academy.cohorts.manage","requireMarketplaceApiContext / source domain guard","app/api/angelcare-marketplace/academy/final/remediations/[remediationId]/transition/route.ts","VISIBLE_ENABLED_OR_DISABLED_WITH_REASON","SOURCE_REVIEWED","STATIC_VERIFIED_RUNTIME_GATE","Server handler chain inspected; frontend behavior is represented by AcademyCommand."
"CAP-B09-001","Academy / B2B & partenaires","/angelcare-marketplace/admin/academy","/api/angelcare-marketplace/academy/final/remediations","POST handleAcademyRemediationCreate","marketplace.academy.view|marketplace.academy.sessions.manage|marketplace.academy.manage|marketplace.academy.assessments.manage|marketplace.academy.catalog.manage|marketplace.academy.cohorts.manage","requireMarketplaceApiContext / source domain guard","app/api/angelcare-marketplace/academy/final/remediations/route.ts","VISIBLE_ENABLED_OR_DISABLED_WITH_REASON","SOURCE_REVIEWED","STATIC_VERIFIED_RUNTIME_GATE","Server handler chain inspected; frontend behavior is represented by AcademyCommand."
"CAP-B09-001","Academy / B2B & partenaires","/angelcare-marketplace/admin/academy","/api/angelcare-marketplace/academy/final/results/:resultId/review","POST handleAssessmentResultReview","marketplace.academy.view|marketplace.academy.sessions.manage|marketplace.academy.manage|marketplace.academy.assessments.manage|marketplace.academy.catalog.manage|marketplace.academy.cohorts.manage","requireMarketplaceApiContext / source domain guard","app/api/angelcare-marketplace/academy/final/results/[resultId]/review/route.ts","VISIBLE_ENABLED_OR_DISABLED_WITH_REASON","SOURCE_REVIEWED","STATIC_VERIFIED_RUNTIME_GATE","Server handler chain inspected; frontend behavior is represented by AcademyCommand."
"CAP-B09-001","Academy / B2B & partenaires","/angelcare-marketplace/admin/academy","/api/angelcare-marketplace/academy/final/sessions/:sessionId/transition","POST handleAcademySessionTransition","marketplace.academy.view|marketplace.academy.sessions.manage|marketplace.academy.manage|marketplace.academy.assessments.manage|marketplace.academy.catalog.manage|marketplace.academy.cohorts.manage","requireMarketplaceApiContext / source domain guard","app/api/angelcare-marketplace/academy/final/sessions/[sessionId]/transition/route.ts","VISIBLE_ENABLED_OR_DISABLED_WITH_REASON","SOURCE_REVIEWED","STATIC_VERIFIED_RUNTIME_GATE","Server handler chain inspected; frontend behavior is represented by AcademyCommand."
"CAP-B09-001","Academy / B2B & partenaires","/angelcare-marketplace/admin/academy","/api/angelcare-marketplace/academy/final/sessions","POST handleAcademySessionCreate","marketplace.academy.view|marketplace.academy.sessions.manage|marketplace.academy.manage|marketplace.academy.assessments.manage|marketplace.academy.catalog.manage|marketplace.academy.cohorts.manage","requireMarketplaceApiContext / source domain guard","app/api/angelcare-marketplace/academy/final/sessions/route.ts","VISIBLE_ENABLED_OR_DISABLED_WITH_REASON","SOURCE_REVIEWED","STATIC_VERIFIED_RUNTIME_GATE","Server handler chain inspected; frontend behavior is represented by AcademyCommand."
"CAP-B11-001","Trust & qualité","/angelcare-marketplace/admin/trust","/api/angelcare-marketplace/admin/activation/run","POST handleActivationRun","marketplace.commerce.view|marketplace.publication.manage","requireMarketplaceApiContext / source domain guard","app/api/angelcare-marketplace/admin/activation/run/route.ts","VISIBLE_ENABLED_OR_DISABLED_WITH_REASON","SOURCE_REVIEWED","STATIC_VERIFIED_RUNTIME_GATE","Server handler chain inspected; frontend behavior is represented by TrustCommand; AdminWorkspaceContextNav."
"CAP-GLOBAL-001","Accueil / cross-domain shell","/angelcare-marketplace/admin","/api/angelcare-marketplace/admin/auth/login","POST INLINE_ROUTE_HANDLER","marketplace.admin.access|marketplace.admin.login.failed|marketplace.admin.login.success|marketplace.foundation.view|marketplace.workspace.access|marketplace.modules.view|marketplace.modules.create|marketplace.modules.update|marketplace.modules.enable|marketplace.modules.disable|marketplace.modules.archive|marketplace.feature_flags.view|marketplace.feature_flags.manage|marketplace.configuration.view|marketplace.configuration.manage|marketplace.audit.view|marketplace.audit.export|marketplace.security.view|marketplace.security.manage|marketplace.readiness.view|marketplace.readiness.update|marketplace.readiness.review|marketplace.readiness.sign_off|marketplace.territories.view|marketplace.territories.create|marketplace.territories.update|marketplace.territories.clone|marketplace.territories.submit_review|marketplace.territories.approve_soft_launch|marketplace.territories.approve_live|marketplace.territories.pause|marketplace.territories.resume|marketplace.territories.archive|marketplace.territories.preview|marketplace.territories.export|marketplace.territory_settings.view|marketplace.territory_settings.manage|marketplace.territory_overrides.view|marketplace.territory_overrides.create|marketplace.territory_overrides.review|marketplace.territory_overrides.approve|marketplace.territory_overrides.reject|marketplace.territory_overrides.rollback|marketplace.territory_readiness.view|marketplace.territory_readiness.manage|marketplace.territory_readiness.review|marketplace.territory_readiness.sign_off|marketplace.territory_health.view|marketplace.territory_health.manage|marketplace.localization.access|marketplace.localization.scans.view|marketplace.localization.scans.run|marketplace.localization.scans.cancel|marketplace.localization.scans.configure|marketplace.localization.inventory.view|marketplace.localization.inventory.classify|marketplace.localization.inventory.export|marketplace.localization.translations.view|marketplace.localization.translations.create|marketplace.localization.translations.edit|marketplace.localization.translations.assign|marketplace.localization.translations.submit|marketplace.localization.translations.review|marketplace.localization.translations.approve|marketplace.localization.translations.publish|marketplace.localization.translations.archive|marketplace.localization.csv.export|marketplace.localization.csv.import|marketplace.localization.csv.validate|marketplace.localization.csv.apply|marketplace.localization.csv.rollback|marketplace.localization.glossary.view|marketplace.localization.glossary.manage|marketplace.localization.memory.view|marketplace.localization.memory.curate|marketplace.localization.sensitive.review|marketplace.localization.sensitive.approve|marketplace.localization.seo.view|marketplace.localization.seo.manage|marketplace.localization.rules.view|marketplace.localization.rules.manage|marketplace.localization.sources.view|marketplace.localization.sources.manage|marketplace.localization.readiness.view|marketplace.localization.audit.export|marketplace.backoffice.command.view|marketplace.backoffice.search|marketplace.backoffice.actions.view|marketplace.backoffice.actions.manage|marketplace.backoffice.approvals.view|marketplace.backoffice.approvals.create|marketplace.backoffice.approvals.review|marketplace.backoffice.approvals.decide|marketplace.backoffice.approvals.override|marketplace.backoffice.briefs.view|marketplace.backoffice.briefs.create|marketplace.backoffice.briefs.publish|marketplace.backoffice.objects.view|marketplace.backoffice.objects.comment|marketplace.backoffice.objects.export|marketplace.cms.view|marketplace.cms.create|marketplace.cms.edit|marketplace.cms.submit|marketplace.cms.review|marketplace.cms.approve|marketplace.cms.publish|marketplace.cms.schedule|marketplace.cms.rollback|marketplace.cms.archive|marketplace.cms.blocks.manage|marketplace.cms.menus.manage|marketplace.cms.ctas.manage|marketplace.cms.preview|marketplace.cms.redirects.manage|marketplace.public.inquiries.view|marketplace.public.inquiries.manage|marketplace.public.inquiries.export|marketplace.public.analytics.view|marketplace.family.dashboard|marketplace.family.profile.view|marketplace.family.profile.manage|marketplace.family.children.view|marketplace.family.children.manage|marketplace.family.diagnostics.create|marketplace.family.diagnostics.view|marketplace.family.requests.create|marketplace.family.requests.view|marketplace.family.requests.manage|marketplace.family.requests.qualify|marketplace.family.missions.view|marketplace.family.reports.view|marketplace.family.support.create|marketplace.family.support.view|marketplace.family.support.manage|marketplace.family.documents.view|marketplace.family.documents.manage|marketplace.family.feedback.create|marketplace.family.feedback.view|marketplace.commerce.view|marketplace.media.view|marketplace.media.manage|marketplace.homepage.view|marketplace.homepage.manage|marketplace.navigation.view|marketplace.navigation.manage|marketplace.categories.manage|marketplace.merchandising.view|marketplace.merchandising.manage|marketplace.publication.manage|marketplace.seo.manage|marketplace.commerce.export|marketplace.commerce.import|marketplace.live_experience.view|marketplace.live_experience.manage|marketplace.live_experience.publish|marketplace.popup.manage|marketplace.broadcast.manage|marketplace.proof_widget.manage|marketplace.audience.manage|marketplace.experiment.manage|marketplace.live_experience.analytics.view|marketplace.emergency_broadcast.manage|marketplace.experience_schema.view|marketplace.experience_schema.manage|marketplace.archetype.view|marketplace.archetype.manage|marketplace.category_native_import.view|marketplace.category_native_import.manage|marketplace.intelligence.view|marketplace.intelligence.metrics.manage|marketplace.growth.view|marketplace.growth.experiments.manage|marketplace.performance.view|marketplace.security.assess|marketplace.launch.approve|marketplace.launch.monitoring","requireMarketplaceApiContext / source domain guard","app/api/angelcare-marketplace/admin/auth/login/route.ts","VISIBLE_ENABLED_OR_DISABLED_WITH_REASON","SOURCE_REVIEWED","STATIC_VERIFIED_RUNTIME_GATE","Server handler chain inspected; frontend behavior is represented by AdminNavigation; AdminWorkspaceContextNav; GovernedActionProvider."
"CAP-GLOBAL-001","Accueil / cross-domain shell","/angelcare-marketplace/admin","/api/angelcare-marketplace/admin/auth/logout","POST INLINE_ROUTE_HANDLER","AUTHENTICATED_SESSION_REVOCATION","requireMarketplaceApiContext","app/api/angelcare-marketplace/admin/auth/logout/route.ts","VISIBLE_ENABLED_OR_DISABLED_WITH_REASON","SOURCE_REVIEWED","STATIC_VERIFIED_RUNTIME_GATE","Server handler chain inspected; frontend behavior is represented by AdminNavigation; AdminWorkspaceContextNav; GovernedActionProvider."
"CAP-GLOBAL-001","Accueil / cross-domain shell","/angelcare-marketplace/admin","/api/angelcare-marketplace/admin/bookings/:bookingId","PATCH handleBooking","marketplace.admin.access|marketplace.operations.view|marketplace.operations.missions.manage|marketplace.finance.view|marketplace.finance.manage|marketplace.merchandising.view|marketplace.merchandising.manage|marketplace.operations.missions.create|marketplace.family.admin.manage","requireMarketplaceApiContext / source domain guard","app/api/angelcare-marketplace/admin/bookings/[bookingId]/route.ts","VISIBLE_ENABLED_OR_DISABLED_WITH_REASON","SOURCE_REVIEWED","STATIC_VERIFIED_RUNTIME_GATE","Server handler chain inspected; frontend behavior is represented by AdminNavigation; AdminWorkspaceContextNav; GovernedActionProvider."
"CAP-B04-001","Commandes & réservations","/angelcare-marketplace/admin/orders","/api/angelcare-marketplace/admin/bookings","POST handleBookings","marketplace.admin.access|marketplace.operations.view|marketplace.operations.missions.manage|marketplace.finance.view|marketplace.finance.manage|marketplace.merchandising.view|marketplace.merchandising.manage|marketplace.operations.missions.create|marketplace.family.admin.manage","requireMarketplaceApiContext / source domain guard","app/api/angelcare-marketplace/admin/bookings/route.ts","VISIBLE_ENABLED_OR_DISABLED_WITH_REASON","SOURCE_REVIEWED","STATIC_VERIFIED_RUNTIME_GATE","Server handler chain inspected; frontend behavior is represented by EnterpriseOrderCommand."
"CAP-GLOBAL-001","Accueil / cross-domain shell","/angelcare-marketplace/admin","/api/angelcare-marketplace/admin/catalog/categories/:categoryId/items","POST handleCommerceAction","marketplace.media.manage|marketplace.media.view|marketplace.homepage.manage|marketplace.homepage.view|marketplace.navigation.manage|marketplace.navigation.view|marketplace.categories.manage|marketplace.catalog.view|marketplace.catalog.manage|marketplace.merchandising.manage|marketplace.merchandising.view|marketplace.publication.manage|marketplace.commerce.view|marketplace.commerce.|marketplace.catalog.purge|marketplace.media.replaced|marketplace.media.uploaded|marketplace.media.transformed","requireMarketplaceApiContext / source domain guard","app/api/angelcare-marketplace/admin/catalog/categories/[categoryId]/items/route.ts","VISIBLE_ENABLED_OR_DISABLED_WITH_REASON","SOURCE_REVIEWED","STATIC_VERIFIED_RUNTIME_GATE","Server handler chain inspected; frontend behavior is represented by AdminNavigation; AdminWorkspaceContextNav; GovernedActionProvider."
"CAP-GLOBAL-001","Accueil / cross-domain shell","/angelcare-marketplace/admin","/api/angelcare-marketplace/admin/catalog/categories/:categoryId","PATCH handleCommerceResource","marketplace.media.manage|marketplace.media.view|marketplace.homepage.manage|marketplace.homepage.view|marketplace.navigation.manage|marketplace.navigation.view|marketplace.categories.manage|marketplace.catalog.view|marketplace.catalog.manage|marketplace.merchandising.manage|marketplace.merchandising.view|marketplace.publication.manage|marketplace.commerce.view|marketplace.commerce.|marketplace.catalog.purge|marketplace.media.replaced|marketplace.media.uploaded|marketplace.media.transformed","requireMarketplaceApiContext / source domain guard","app/api/angelcare-marketplace/admin/catalog/categories/[categoryId]/route.ts","VISIBLE_ENABLED_OR_DISABLED_WITH_REASON","SOURCE_REVIEWED","STATIC_VERIFIED_RUNTIME_GATE","Server handler chain inspected; frontend behavior is represented by AdminNavigation; AdminWorkspaceContextNav; GovernedActionProvider."
"CAP-GLOBAL-001","Accueil / cross-domain shell","/angelcare-marketplace/admin","/api/angelcare-marketplace/admin/catalog/categories/:categoryId","DELETE handleCommerceResource","marketplace.media.manage|marketplace.media.view|marketplace.homepage.manage|marketplace.homepage.view|marketplace.navigation.manage|marketplace.navigation.view|marketplace.categories.manage|marketplace.catalog.view|marketplace.catalog.manage|marketplace.merchandising.manage|marketplace.merchandising.view|marketplace.publication.manage|marketplace.commerce.view|marketplace.commerce.|marketplace.catalog.purge|marketplace.media.replaced|marketplace.media.uploaded|marketplace.media.transformed","requireMarketplaceApiContext / source domain guard","app/api/angelcare-marketplace/admin/catalog/categories/[categoryId]/route.ts","VISIBLE_ENABLED_OR_DISABLED_WITH_REASON","SOURCE_REVIEWED","STATIC_VERIFIED_RUNTIME_GATE","Server handler chain inspected; frontend behavior is represented by AdminNavigation; AdminWorkspaceContextNav; GovernedActionProvider."
"CAP-B02-001","Catégories & collections","/angelcare-marketplace/admin/catalog/categories","/api/angelcare-marketplace/admin/catalog/categories/reorder","POST handleCommerceAction","marketplace.media.manage|marketplace.media.view|marketplace.homepage.manage|marketplace.homepage.view|marketplace.navigation.manage|marketplace.navigation.view|marketplace.categories.manage|marketplace.catalog.view|marketplace.catalog.manage|marketplace.merchandising.manage|marketplace.merchandising.view|marketplace.publication.manage|marketplace.commerce.view|marketplace.commerce.|marketplace.catalog.purge|marketplace.media.replaced|marketplace.media.uploaded|marketplace.media.transformed","requireMarketplaceApiContext / source domain guard","app/api/angelcare-marketplace/admin/catalog/categories/reorder/route.ts","VISIBLE_ENABLED_OR_DISABLED_WITH_REASON","SOURCE_REVIEWED","STATIC_VERIFIED_RUNTIME_GATE","Server handler chain inspected; frontend behavior is represented by CategoryStudio."
"CAP-B02-001","Catégories & collections","/angelcare-marketplace/admin/catalog/categories","/api/angelcare-marketplace/admin/catalog/categories","POST handleCommerceResource","marketplace.media.manage|marketplace.media.view|marketplace.homepage.manage|marketplace.homepage.view|marketplace.navigation.manage|marketplace.navigation.view|marketplace.categories.manage|marketplace.catalog.view|marketplace.catalog.manage|marketplace.merchandising.manage|marketplace.merchandising.view|marketplace.publication.manage|marketplace.commerce.view|marketplace.commerce.|marketplace.catalog.purge|marketplace.media.replaced|marketplace.media.uploaded|marketplace.media.transformed","requireMarketplaceApiContext / source domain guard","app/api/angelcare-marketplace/admin/catalog/categories/route.ts","VISIBLE_ENABLED_OR_DISABLED_WITH_REASON","SOURCE_REVIEWED","STATIC_VERIFIED_RUNTIME_GATE","Server handler chain inspected; frontend behavior is represented by CategoryStudio."
"CAP-GLOBAL-001","Accueil / cross-domain shell","/angelcare-marketplace/admin","/api/angelcare-marketplace/admin/catalog/items/:itemId/availability","POST handleCommerceResource","marketplace.media.manage|marketplace.media.view|marketplace.homepage.manage|marketplace.homepage.view|marketplace.navigation.manage|marketplace.navigation.view|marketplace.categories.manage|marketplace.catalog.view|marketplace.catalog.manage|marketplace.merchandising.manage|marketplace.merchandising.view|marketplace.publication.manage|marketplace.commerce.view|marketplace.commerce.|marketplace.catalog.purge|marketplace.media.replaced|marketplace.media.uploaded|marketplace.media.transformed","requireMarketplaceApiContext / source domain guard","app/api/angelcare-marketplace/admin/catalog/items/[itemId]/availability/route.ts","VISIBLE_ENABLED_OR_DISABLED_WITH_REASON","SOURCE_REVIEWED","STATIC_VERIFIED_RUNTIME_GATE","Server handler chain inspected; frontend behavior is represented by AdminNavigation; AdminWorkspaceContextNav; GovernedActionProvider."
"CAP-GLOBAL-001","Accueil / cross-domain shell","/angelcare-marketplace/admin","/api/angelcare-marketplace/admin/catalog/items/:itemId/categories","POST handleCommerceResource","marketplace.media.manage|marketplace.media.view|marketplace.homepage.manage|marketplace.homepage.view|marketplace.navigation.manage|marketplace.navigation.view|marketplace.categories.manage|marketplace.catalog.view|marketplace.catalog.manage|marketplace.merchandising.manage|marketplace.merchandising.view|marketplace.publication.manage|marketplace.commerce.view|marketplace.commerce.|marketplace.catalog.purge|marketplace.media.replaced|marketplace.media.uploaded|marketplace.media.transformed","requireMarketplaceApiContext / source domain guard","app/api/angelcare-marketplace/admin/catalog/items/[itemId]/categories/route.ts","VISIBLE_ENABLED_OR_DISABLED_WITH_REASON","SOURCE_REVIEWED","STATIC_VERIFIED_RUNTIME_GATE","Server handler chain inspected; frontend behavior is represented by AdminNavigation; AdminWorkspaceContextNav; GovernedActionProvider."
"CAP-GLOBAL-001","Accueil / cross-domain shell","/angelcare-marketplace/admin","/api/angelcare-marketplace/admin/catalog/items/:itemId/media","POST handleCommerceResource","marketplace.media.manage|marketplace.media.view|marketplace.homepage.manage|marketplace.homepage.view|marketplace.navigation.manage|marketplace.navigation.view|marketplace.categories.manage|marketplace.catalog.view|marketplace.catalog.manage|marketplace.merchandising.manage|marketplace.merchandising.view|marketplace.publication.manage|marketplace.commerce.view|marketplace.commerce.|marketplace.catalog.purge|marketplace.media.replaced|marketplace.media.uploaded|marketplace.media.transformed","requireMarketplaceApiContext / source domain guard","app/api/angelcare-marketplace/admin/catalog/items/[itemId]/media/route.ts","VISIBLE_ENABLED_OR_DISABLED_WITH_REASON","SOURCE_REVIEWED","STATIC_VERIFIED_RUNTIME_GATE","Server handler chain inspected; frontend behavior is represented by AdminNavigation; AdminWorkspaceContextNav; GovernedActionProvider."
"CAP-GLOBAL-001","Accueil / cross-domain shell","/angelcare-marketplace/admin","/api/angelcare-marketplace/admin/catalog/items/:itemId/pricing","POST handleCommerceResource","marketplace.media.manage|marketplace.media.view|marketplace.homepage.manage|marketplace.homepage.view|marketplace.navigation.manage|marketplace.navigation.view|marketplace.categories.manage|marketplace.catalog.view|marketplace.catalog.manage|marketplace.merchandising.manage|marketplace.merchandising.view|marketplace.publication.manage|marketplace.commerce.view|marketplace.commerce.|marketplace.catalog.purge|marketplace.media.replaced|marketplace.media.uploaded|marketplace.media.transformed","requireMarketplaceApiContext / source domain guard","app/api/angelcare-marketplace/admin/catalog/items/[itemId]/pricing/route.ts","VISIBLE_ENABLED_OR_DISABLED_WITH_REASON","SOURCE_REVIEWED","STATIC_VERIFIED_RUNTIME_GATE","Server handler chain inspected; frontend behavior is represented by AdminNavigation; AdminWorkspaceContextNav; GovernedActionProvider."
"CAP-GLOBAL-001","Accueil / cross-domain shell","/angelcare-marketplace/admin","/api/angelcare-marketplace/admin/catalog/items/:itemId","PATCH handleCommerceResource","marketplace.media.manage|marketplace.media.view|marketplace.homepage.manage|marketplace.homepage.view|marketplace.navigation.manage|marketplace.navigation.view|marketplace.categories.manage|marketplace.catalog.view|marketplace.catalog.manage|marketplace.merchandising.manage|marketplace.merchandising.view|marketplace.publication.manage|marketplace.commerce.view|marketplace.commerce.|marketplace.catalog.purge|marketplace.media.replaced|marketplace.media.uploaded|marketplace.media.transformed","requireMarketplaceApiContext / source domain guard","app/api/angelcare-marketplace/admin/catalog/items/[itemId]/route.ts","VISIBLE_ENABLED_OR_DISABLED_WITH_REASON","SOURCE_REVIEWED","STATIC_VERIFIED_RUNTIME_GATE","Server handler chain inspected; frontend behavior is represented by AdminNavigation; AdminWorkspaceContextNav; GovernedActionProvider."
"CAP-GLOBAL-001","Accueil / cross-domain shell","/angelcare-marketplace/admin","/api/angelcare-marketplace/admin/catalog/items/:itemId","DELETE handleCommerceResource","marketplace.media.manage|marketplace.media.view|marketplace.homepage.manage|marketplace.homepage.view|marketplace.navigation.manage|marketplace.navigation.view|marketplace.categories.manage|marketplace.catalog.view|marketplace.catalog.manage|marketplace.merchandising.manage|marketplace.merchandising.view|marketplace.publication.manage|marketplace.commerce.view|marketplace.commerce.|marketplace.catalog.purge|marketplace.media.replaced|marketplace.media.uploaded|marketplace.media.transformed","requireMarketplaceApiContext / source domain guard","app/api/angelcare-marketplace/admin/catalog/items/[itemId]/route.ts","VISIBLE_ENABLED_OR_DISABLED_WITH_REASON","SOURCE_REVIEWED","STATIC_VERIFIED_RUNTIME_GATE","Server handler chain inspected; frontend behavior is represented by AdminNavigation; AdminWorkspaceContextNav; GovernedActionProvider."
"CAP-GLOBAL-001","Accueil / cross-domain shell","/angelcare-marketplace/admin","/api/angelcare-marketplace/admin/catalog/items/:itemId/variants","POST handleCommerceResource","marketplace.media.manage|marketplace.media.view|marketplace.homepage.manage|marketplace.homepage.view|marketplace.navigation.manage|marketplace.navigation.view|marketplace.categories.manage|marketplace.catalog.view|marketplace.catalog.manage|marketplace.merchandising.manage|marketplace.merchandising.view|marketplace.publication.manage|marketplace.commerce.view|marketplace.commerce.|marketplace.catalog.purge|marketplace.media.replaced|marketplace.media.uploaded|marketplace.media.transformed","requireMarketplaceApiContext / source domain guard","app/api/angelcare-marketplace/admin/catalog/items/[itemId]/variants/route.ts","VISIBLE_ENABLED_OR_DISABLED_WITH_REASON","SOURCE_REVIEWED","STATIC_VERIFIED_RUNTIME_GATE","Server handler chain inspected; frontend behavior is represented by AdminNavigation; AdminWorkspaceContextNav; GovernedActionProvider."
"CAP-GLOBAL-001","Accueil / cross-domain shell","/angelcare-marketplace/admin","/api/angelcare-marketplace/admin/catalog/items","POST handleCommerceResource","marketplace.media.manage|marketplace.media.view|marketplace.homepage.manage|marketplace.homepage.view|marketplace.navigation.manage|marketplace.navigation.view|marketplace.categories.manage|marketplace.catalog.view|marketplace.catalog.manage|marketplace.merchandising.manage|marketplace.merchandising.view|marketplace.publication.manage|marketplace.commerce.view|marketplace.commerce.|marketplace.catalog.purge|marketplace.media.replaced|marketplace.media.uploaded|marketplace.media.transformed","requireMarketplaceApiContext / source domain guard","app/api/angelcare-marketplace/admin/catalog/items/route.ts","VISIBLE_ENABLED_OR_DISABLED_WITH_REASON","SOURCE_REVIEWED","STATIC_VERIFIED_RUNTIME_GATE","Server handler chain inspected; frontend behavior is represented by AdminNavigation; AdminWorkspaceContextNav; GovernedActionProvider."
"CAP-B02-001","Catégories & collections","/angelcare-marketplace/admin/catalog/categories","/api/angelcare-marketplace/admin/category-native/imports/:jobId/:action","POST handleCategoryNativeImportAction","marketplace.category_native_import.manage|marketplace.category_native_import.view|marketplace.homepage.manage|marketplace.homepage.view|marketplace.experience_schema.manage|marketplace.experience_schema.view|marketplace.category_native.schema.created|marketplace.category_native.schema.updated|marketplace.category_native.schema.|marketplace.category_native.import.validated|marketplace.category_native.import.","requireMarketplaceApiContext / source domain guard","app/api/angelcare-marketplace/admin/category-native/imports/[jobId]/[action]/route.ts","VISIBLE_ENABLED_OR_DISABLED_WITH_REASON","SOURCE_REVIEWED","STATIC_VERIFIED_RUNTIME_GATE","Server handler chain inspected; frontend behavior is represented by CategoryStudio."
"CAP-B02-001","Catégories & collections","/angelcare-marketplace/admin/catalog/categories","/api/angelcare-marketplace/admin/category-native/imports","POST handleCategoryNativeImports","marketplace.category_native_import.manage|marketplace.category_native_import.view|marketplace.homepage.manage|marketplace.homepage.view|marketplace.experience_schema.manage|marketplace.experience_schema.view|marketplace.category_native.schema.created|marketplace.category_native.schema.updated|marketplace.category_native.schema.|marketplace.category_native.import.validated|marketplace.category_native.import.","requireMarketplaceApiContext / source domain guard","app/api/angelcare-marketplace/admin/category-native/imports/route.ts","VISIBLE_ENABLED_OR_DISABLED_WITH_REASON","SOURCE_REVIEWED","STATIC_VERIFIED_RUNTIME_GATE","Server handler chain inspected; frontend behavior is represented by CategoryStudio."
"CAP-B02-001","Catégories & collections","/angelcare-marketplace/admin/catalog/categories","/api/angelcare-marketplace/admin/category-native/schemas/:schemaKey/:action","POST handleExperienceSchemaAction","marketplace.category_native_import.manage|marketplace.category_native_import.view|marketplace.homepage.manage|marketplace.homepage.view|marketplace.experience_schema.manage|marketplace.experience_schema.view|marketplace.category_native.schema.created|marketplace.category_native.schema.updated|marketplace.category_native.schema.|marketplace.category_native.import.validated|marketplace.category_native.import.","requireMarketplaceApiContext / source domain guard","app/api/angelcare-marketplace/admin/category-native/schemas/[schemaKey]/[action]/route.ts","VISIBLE_ENABLED_OR_DISABLED_WITH_REASON","SOURCE_REVIEWED","STATIC_VERIFIED_RUNTIME_GATE","Server handler chain inspected; frontend behavior is represented by CategoryStudio."
"CAP-B02-001","Catégories & collections","/angelcare-marketplace/admin/catalog/categories","/api/angelcare-marketplace/admin/category-native/schemas/:schemaKey/fields/:fieldId","PATCH handleSchemaField","marketplace.category_native_import.manage|marketplace.category_native_import.view|marketplace.homepage.manage|marketplace.homepage.view|marketplace.experience_schema.manage|marketplace.experience_schema.view|marketplace.category_native.schema.created|marketplace.category_native.schema.updated|marketplace.category_native.schema.|marketplace.category_native.import.validated|marketplace.category_native.import.","requireMarketplaceApiContext / source domain guard","app/api/angelcare-marketplace/admin/category-native/schemas/[schemaKey]/fields/[fieldId]/route.ts","VISIBLE_ENABLED_OR_DISABLED_WITH_REASON","SOURCE_REVIEWED","STATIC_VERIFIED_RUNTIME_GATE","Server handler chain inspected; frontend behavior is represented by CategoryStudio."
"CAP-B02-001","Catégories & collections","/angelcare-marketplace/admin/catalog/categories","/api/angelcare-marketplace/admin/category-native/schemas/:schemaKey/fields/reorder","POST handleSchemaFieldReorder","marketplace.category_native_import.manage|marketplace.category_native_import.view|marketplace.homepage.manage|marketplace.homepage.view|marketplace.experience_schema.manage|marketplace.experience_schema.view|marketplace.category_native.schema.created|marketplace.category_native.schema.updated|marketplace.category_native.schema.|marketplace.category_native.import.validated|marketplace.category_native.import.","requireMarketplaceApiContext / source domain guard","app/api/angelcare-marketplace/admin/category-native/schemas/[schemaKey]/fields/reorder/route.ts","VISIBLE_ENABLED_OR_DISABLED_WITH_REASON","SOURCE_REVIEWED","STATIC_VERIFIED_RUNTIME_GATE","Server handler chain inspected; frontend behavior is represented by CategoryStudio."
"CAP-B02-001","Catégories & collections","/angelcare-marketplace/admin/catalog/categories","/api/angelcare-marketplace/admin/category-native/schemas/:schemaKey/fields","POST handleSchemaFields","marketplace.category_native_import.manage|marketplace.category_native_import.view|marketplace.homepage.manage|marketplace.homepage.view|marketplace.experience_schema.manage|marketplace.experience_schema.view|marketplace.category_native.schema.created|marketplace.category_native.schema.updated|marketplace.category_native.schema.|marketplace.category_native.import.validated|marketplace.category_native.import.","requireMarketplaceApiContext / source domain guard","app/api/angelcare-marketplace/admin/category-native/schemas/[schemaKey]/fields/route.ts","VISIBLE_ENABLED_OR_DISABLED_WITH_REASON","SOURCE_REVIEWED","STATIC_VERIFIED_RUNTIME_GATE","Server handler chain inspected; frontend behavior is represented by CategoryStudio."
"CAP-B02-001","Catégories & collections","/angelcare-marketplace/admin/catalog/categories","/api/angelcare-marketplace/admin/category-native/schemas/:schemaKey","PATCH handleExperienceSchema","marketplace.category_native_import.manage|marketplace.category_native_import.view|marketplace.homepage.manage|marketplace.homepage.view|marketplace.experience_schema.manage|marketplace.experience_schema.view|marketplace.category_native.schema.created|marketplace.category_native.schema.updated|marketplace.category_native.schema.|marketplace.category_native.import.validated|marketplace.category_native.import.","requireMarketplaceApiContext / source domain guard","app/api/angelcare-marketplace/admin/category-native/schemas/[schemaKey]/route.ts","VISIBLE_ENABLED_OR_DISABLED_WITH_REASON","SOURCE_REVIEWED","STATIC_VERIFIED_RUNTIME_GATE","Server handler chain inspected; frontend behavior is represented by CategoryStudio."
"CAP-B02-001","Catégories & collections","/angelcare-marketplace/admin/catalog/categories","/api/angelcare-marketplace/admin/category-native/schemas","POST handleExperienceSchemas","marketplace.category_native_import.manage|marketplace.category_native_import.view|marketplace.homepage.manage|marketplace.homepage.view|marketplace.experience_schema.manage|marketplace.experience_schema.view|marketplace.category_native.schema.created|marketplace.category_native.schema.updated|marketplace.category_native.schema.|marketplace.category_native.import.validated|marketplace.category_native.import.","requireMarketplaceApiContext / source domain guard","app/api/angelcare-marketplace/admin/category-native/schemas/route.ts","VISIBLE_ENABLED_OR_DISABLED_WITH_REASON","SOURCE_REVIEWED","STATIC_VERIFIED_RUNTIME_GATE","Server handler chain inspected; frontend behavior is represented by CategoryStudio."
"CAP-GLOBAL-001","Accueil / cross-domain shell","/angelcare-marketplace/admin","/api/angelcare-marketplace/admin/commerce/:resource/:id/:action","POST handleCommerceAction","marketplace.media.manage|marketplace.media.view|marketplace.homepage.manage|marketplace.homepage.view|marketplace.navigation.manage|marketplace.navigation.view|marketplace.categories.manage|marketplace.catalog.view|marketplace.catalog.manage|marketplace.merchandising.manage|marketplace.merchandising.view|marketplace.publication.manage|marketplace.commerce.view|marketplace.commerce.|marketplace.catalog.purge|marketplace.media.replaced|marketplace.media.uploaded|marketplace.media.transformed","requireMarketplaceApiContext / source domain guard","app/api/angelcare-marketplace/admin/commerce/[resource]/[id]/[action]/route.ts","VISIBLE_ENABLED_OR_DISABLED_WITH_REASON","SOURCE_REVIEWED","STATIC_VERIFIED_RUNTIME_GATE","Server handler chain inspected; frontend behavior is represented by AdminNavigation; AdminWorkspaceContextNav; GovernedActionProvider."
"CAP-GLOBAL-001","Accueil / cross-domain shell","/angelcare-marketplace/admin","/api/angelcare-marketplace/admin/commerce/:resource/:id/:action","PATCH handleCommerceAction","marketplace.media.manage|marketplace.media.view|marketplace.homepage.manage|marketplace.homepage.view|marketplace.navigation.manage|marketplace.navigation.view|marketplace.categories.manage|marketplace.catalog.view|marketplace.catalog.manage|marketplace.merchandising.manage|marketplace.merchandising.view|marketplace.publication.manage|marketplace.commerce.view|marketplace.commerce.|marketplace.catalog.purge|marketplace.media.replaced|marketplace.media.uploaded|marketplace.media.transformed","requireMarketplaceApiContext / source domain guard","app/api/angelcare-marketplace/admin/commerce/[resource]/[id]/[action]/route.ts","VISIBLE_ENABLED_OR_DISABLED_WITH_REASON","SOURCE_REVIEWED","STATIC_VERIFIED_RUNTIME_GATE","Server handler chain inspected; frontend behavior is represented by AdminNavigation; AdminWorkspaceContextNav; GovernedActionProvider."
"CAP-GLOBAL-001","Accueil / cross-domain shell","/angelcare-marketplace/admin","/api/angelcare-marketplace/admin/commerce/:resource/:id","PATCH handleCommerceResource","marketplace.media.manage|marketplace.media.view|marketplace.homepage.manage|marketplace.homepage.view|marketplace.navigation.manage|marketplace.navigation.view|marketplace.categories.manage|marketplace.catalog.view|marketplace.catalog.manage|marketplace.merchandising.manage|marketplace.merchandising.view|marketplace.publication.manage|marketplace.commerce.view|marketplace.commerce.|marketplace.catalog.purge|marketplace.media.replaced|marketplace.media.uploaded|marketplace.media.transformed","requireMarketplaceApiContext / source domain guard","app/api/angelcare-marketplace/admin/commerce/[resource]/[id]/route.ts","VISIBLE_ENABLED_OR_DISABLED_WITH_REASON","SOURCE_REVIEWED","STATIC_VERIFIED_RUNTIME_GATE","Server handler chain inspected; frontend behavior is represented by AdminNavigation; AdminWorkspaceContextNav; GovernedActionProvider."
"CAP-GLOBAL-001","Accueil / cross-domain shell","/angelcare-marketplace/admin","/api/angelcare-marketplace/admin/commerce/:resource/:id","DELETE handleCommerceResource","marketplace.media.manage|marketplace.media.view|marketplace.homepage.manage|marketplace.homepage.view|marketplace.navigation.manage|marketplace.navigation.view|marketplace.categories.manage|marketplace.catalog.view|marketplace.catalog.manage|marketplace.merchandising.manage|marketplace.merchandising.view|marketplace.publication.manage|marketplace.commerce.view|marketplace.commerce.|marketplace.catalog.purge|marketplace.media.replaced|marketplace.media.uploaded|marketplace.media.transformed","requireMarketplaceApiContext / source domain guard","app/api/angelcare-marketplace/admin/commerce/[resource]/[id]/route.ts","VISIBLE_ENABLED_OR_DISABLED_WITH_REASON","SOURCE_REVIEWED","STATIC_VERIFIED_RUNTIME_GATE","Server handler chain inspected; frontend behavior is represented by AdminNavigation; AdminWorkspaceContextNav; GovernedActionProvider."
"CAP-GLOBAL-001","Accueil / cross-domain shell","/angelcare-marketplace/admin","/api/angelcare-marketplace/admin/commerce/:resource","POST handleCommerceResource","marketplace.media.manage|marketplace.media.view|marketplace.homepage.manage|marketplace.homepage.view|marketplace.navigation.manage|marketplace.navigation.view|marketplace.categories.manage|marketplace.catalog.view|marketplace.catalog.manage|marketplace.merchandising.manage|marketplace.merchandising.view|marketplace.publication.manage|marketplace.commerce.view|marketplace.commerce.|marketplace.catalog.purge|marketplace.media.replaced|marketplace.media.uploaded|marketplace.media.transformed","requireMarketplaceApiContext / source domain guard","app/api/angelcare-marketplace/admin/commerce/[resource]/route.ts","VISIBLE_ENABLED_OR_DISABLED_WITH_REASON","SOURCE_REVIEWED","STATIC_VERIFIED_RUNTIME_GATE","Server handler chain inspected; frontend behavior is represented by AdminNavigation; AdminWorkspaceContextNav; GovernedActionProvider."
"CAP-GLOBAL-001","Accueil / cross-domain shell","/angelcare-marketplace/admin","/api/angelcare-marketplace/admin/commerce/import/:resource","POST handleCommerceImport","marketplace.commerce.export|marketplace.commerce.import|marketplace.commerce.import.previewed|marketplace.commerce.import.executed","requireMarketplaceApiContext / source domain guard","app/api/angelcare-marketplace/admin/commerce/import/[resource]/route.ts","VISIBLE_ENABLED_OR_DISABLED_WITH_REASON","SOURCE_REVIEWED","STATIC_VERIFIED_RUNTIME_GATE","Server handler chain inspected; frontend behavior is represented by AdminNavigation; AdminWorkspaceContextNav; GovernedActionProvider."
"CAP-B11-001","Trust & qualité","/angelcare-marketplace/admin/trust","/api/angelcare-marketplace/admin/customers/:customerId/addresses/:addressId","PATCH handleAdminCustomerAddress","marketplace.admin.access|marketplace.family.admin.view|marketplace.family.admin.manage|marketplace.finance.view|marketplace.finance.manage|marketplace.finance.exceptions.approve|marketplace.operations.missions.create|marketplace.operations.view|marketplace.catalog.suppliers.manage|marketplace.catalog.suppliers.view","requireMarketplaceApiContext / source domain guard","app/api/angelcare-marketplace/admin/customers/[customerId]/addresses/[addressId]/route.ts","VISIBLE_ENABLED_OR_DISABLED_WITH_REASON","SOURCE_REVIEWED","STATIC_VERIFIED_RUNTIME_GATE","Server handler chain inspected; frontend behavior is represented by TrustCommand; AdminWorkspaceContextNav."
"CAP-B11-001","Trust & qualité","/angelcare-marketplace/admin/trust","/api/angelcare-marketplace/admin/customers/:customerId/addresses","POST handleAdminCustomerAddresses","marketplace.admin.access|marketplace.family.admin.view|marketplace.family.admin.manage|marketplace.finance.view|marketplace.finance.manage|marketplace.finance.exceptions.approve|marketplace.operations.missions.create|marketplace.operations.view|marketplace.catalog.suppliers.manage|marketplace.catalog.suppliers.view","requireMarketplaceApiContext / source domain guard","app/api/angelcare-marketplace/admin/customers/[customerId]/addresses/route.ts","VISIBLE_ENABLED_OR_DISABLED_WITH_REASON","SOURCE_REVIEWED","STATIC_VERIFIED_RUNTIME_GATE","Server handler chain inspected; frontend behavior is represented by TrustCommand; AdminWorkspaceContextNav."
"CAP-B11-001","Trust & qualité","/angelcare-marketplace/admin/trust","/api/angelcare-marketplace/admin/customers/:customerId/family/children/:childId","PATCH handleAdminCustomerChild","marketplace.admin.access|marketplace.family.admin.view|marketplace.family.admin.manage|marketplace.finance.view|marketplace.finance.manage|marketplace.finance.exceptions.approve|marketplace.operations.missions.create|marketplace.operations.view|marketplace.catalog.suppliers.manage|marketplace.catalog.suppliers.view","requireMarketplaceApiContext / source domain guard","app/api/angelcare-marketplace/admin/customers/[customerId]/family/children/[childId]/route.ts","VISIBLE_ENABLED_OR_DISABLED_WITH_REASON","SOURCE_REVIEWED","STATIC_VERIFIED_RUNTIME_GATE","Server handler chain inspected; frontend behavior is represented by TrustCommand; AdminWorkspaceContextNav."
"CAP-B11-001","Trust & qualité","/angelcare-marketplace/admin/trust","/api/angelcare-marketplace/admin/customers/:customerId/family/children","POST handleAdminCustomerChildren","marketplace.admin.access|marketplace.family.admin.view|marketplace.family.admin.manage|marketplace.finance.view|marketplace.finance.manage|marketplace.finance.exceptions.approve|marketplace.operations.missions.create|marketplace.operations.view|marketplace.catalog.suppliers.manage|marketplace.catalog.suppliers.view","requireMarketplaceApiContext / source domain guard","app/api/angelcare-marketplace/admin/customers/[customerId]/family/children/route.ts","VISIBLE_ENABLED_OR_DISABLED_WITH_REASON","SOURCE_REVIEWED","STATIC_VERIFIED_RUNTIME_GATE","Server handler chain inspected; frontend behavior is represented by TrustCommand; AdminWorkspaceContextNav."
"CAP-B11-001","Trust & qualité","/angelcare-marketplace/admin/trust","/api/angelcare-marketplace/admin/customers/:customerId/family","PATCH handleAdminCustomerFamily","marketplace.admin.access|marketplace.family.admin.view|marketplace.family.admin.manage|marketplace.finance.view|marketplace.finance.manage|marketplace.finance.exceptions.approve|marketplace.operations.missions.create|marketplace.operations.view|marketplace.catalog.suppliers.manage|marketplace.catalog.suppliers.view","requireMarketplaceApiContext / source domain guard","app/api/angelcare-marketplace/admin/customers/[customerId]/family/route.ts","VISIBLE_ENABLED_OR_DISABLED_WITH_REASON","SOURCE_REVIEWED","STATIC_VERIFIED_RUNTIME_GATE","Server handler chain inspected; frontend behavior is represented by TrustCommand; AdminWorkspaceContextNav."
"CAP-B11-001","Trust & qualité","/angelcare-marketplace/admin/trust","/api/angelcare-marketplace/admin/customers/:customerId","PATCH handleAdminCustomer","marketplace.admin.access|marketplace.family.admin.view|marketplace.family.admin.manage|marketplace.finance.view|marketplace.finance.manage|marketplace.finance.exceptions.approve|marketplace.operations.missions.create|marketplace.operations.view|marketplace.catalog.suppliers.manage|marketplace.catalog.suppliers.view","requireMarketplaceApiContext / source domain guard","app/api/angelcare-marketplace/admin/customers/[customerId]/route.ts","VISIBLE_ENABLED_OR_DISABLED_WITH_REASON","SOURCE_REVIEWED","STATIC_VERIFIED_RUNTIME_GATE","Server handler chain inspected; frontend behavior is represented by TrustCommand; AdminWorkspaceContextNav."
"CAP-B11-001","Trust & qualité","/angelcare-marketplace/admin/trust","/api/angelcare-marketplace/admin/customers","POST handleAdminCustomers","marketplace.admin.access|marketplace.family.admin.view|marketplace.family.admin.manage|marketplace.finance.view|marketplace.finance.manage|marketplace.finance.exceptions.approve|marketplace.operations.missions.create|marketplace.operations.view|marketplace.catalog.suppliers.manage|marketplace.catalog.suppliers.view","requireMarketplaceApiContext / source domain guard","app/api/angelcare-marketplace/admin/customers/route.ts","VISIBLE_ENABLED_OR_DISABLED_WITH_REASON","SOURCE_REVIEWED","STATIC_VERIFIED_RUNTIME_GATE","Server handler chain inspected; frontend behavior is represented by TrustCommand; AdminWorkspaceContextNav."
"CAP-B04-001","Commandes & réservations","/angelcare-marketplace/admin/orders","/api/angelcare-marketplace/admin/enterprise-command/documents/export","POST handleDocumentExport","AUTHENTICATED_MARKETPLACE_CONTEXT","requireMarketplaceApiContext","app/api/angelcare-marketplace/admin/enterprise-command/documents/export/route.ts","VISIBLE_ENABLED_OR_DISABLED_WITH_REASON","SOURCE_REVIEWED","STATIC_VERIFIED_RUNTIME_GATE","Server handler chain inspected; frontend behavior is represented by EnterpriseOrderCommand."
"CAP-B07-001","Opérations","/angelcare-marketplace/admin/operations/today","/api/angelcare-marketplace/admin/enterprise-command/documents/export","POST handleDocumentExport","AUTHENTICATED_MARKETPLACE_CONTEXT","requireMarketplaceApiContext","app/api/angelcare-marketplace/admin/enterprise-command/documents/export/route.ts","VISIBLE_ENABLED_OR_DISABLED_WITH_REASON","SOURCE_REVIEWED","STATIC_VERIFIED_RUNTIME_GATE","Server handler chain inspected; frontend behavior is represented by OperationsCommand."
"CAP-B07-001","Opérations","/angelcare-marketplace/admin/operations/today","/api/angelcare-marketplace/admin/enterprise-command/operator-workspace","PATCH handleOperatorWorkspace","marketplace.admin.access|marketplace.operations.missions.manage","requireMarketplaceApiContext / source domain guard","app/api/angelcare-marketplace/admin/enterprise-command/operator-workspace/route.ts","VISIBLE_ENABLED_OR_DISABLED_WITH_REASON","SOURCE_REVIEWED","STATIC_VERIFIED_RUNTIME_GATE","Server handler chain inspected; frontend behavior is represented by OperationsCommand."
"CAP-B07-001","Opérations","/angelcare-marketplace/admin/operations/today","/api/angelcare-marketplace/admin/enterprise-command/orders/:orderId/operate","PATCH handleOrderOperate","marketplace.admin.access|marketplace.operations.missions.manage","requireMarketplaceApiContext / source domain guard","app/api/angelcare-marketplace/admin/enterprise-command/orders/[orderId]/operate/route.ts","VISIBLE_ENABLED_OR_DISABLED_WITH_REASON","SOURCE_REVIEWED","STATIC_VERIFIED_RUNTIME_GATE","Server handler chain inspected; frontend behavior is represented by OperationsCommand."
"CAP-B07-001","Opérations","/angelcare-marketplace/admin/operations/today","/api/angelcare-marketplace/admin/enterprise-command/product-import/commit","POST handleProductImportCommit","AUTHENTICATED_MARKETPLACE_CONTEXT","requireMarketplaceApiContext","app/api/angelcare-marketplace/admin/enterprise-command/product-import/commit/route.ts","VISIBLE_ENABLED_OR_DISABLED_WITH_REASON","SOURCE_REVIEWED","STATIC_VERIFIED_RUNTIME_GATE","Server handler chain inspected; frontend behavior is represented by OperationsCommand."
"CAP-B07-001","Opérations","/angelcare-marketplace/admin/operations/today","/api/angelcare-marketplace/admin/enterprise-command/product-import/jobs/:jobId/retry","POST handleProductImportJobRetry","AUTHENTICATED_MARKETPLACE_CONTEXT","requireMarketplaceApiContext","app/api/angelcare-marketplace/admin/enterprise-command/product-import/jobs/[jobId]/retry/route.ts","VISIBLE_ENABLED_OR_DISABLED_WITH_REASON","SOURCE_REVIEWED","STATIC_VERIFIED_RUNTIME_GATE","Server handler chain inspected; frontend behavior is represented by OperationsCommand."
"CAP-B07-001","Opérations","/angelcare-marketplace/admin/operations/today","/api/angelcare-marketplace/admin/enterprise-command/product-import/jobs/:jobId/run","POST handleProductImportJobRun","AUTHENTICATED_MARKETPLACE_CONTEXT","requireMarketplaceApiContext","app/api/angelcare-marketplace/admin/enterprise-command/product-import/jobs/[jobId]/run/route.ts","VISIBLE_ENABLED_OR_DISABLED_WITH_REASON","SOURCE_REVIEWED","STATIC_VERIFIED_RUNTIME_GATE","Server handler chain inspected; frontend behavior is represented by OperationsCommand."
"CAP-B07-001","Opérations","/angelcare-marketplace/admin/operations/today","/api/angelcare-marketplace/admin/enterprise-command/product-import/jobs","POST handleProductImportJobCreate","AUTHENTICATED_MARKETPLACE_CONTEXT","requireMarketplaceApiContext","app/api/angelcare-marketplace/admin/enterprise-command/product-import/jobs/route.ts","VISIBLE_ENABLED_OR_DISABLED_WITH_REASON","SOURCE_REVIEWED","STATIC_VERIFIED_RUNTIME_GATE","Server handler chain inspected; frontend behavior is represented by OperationsCommand."
"CAP-B07-001","Opérations","/angelcare-marketplace/admin/operations/today","/api/angelcare-marketplace/admin/enterprise-command/product-import/preview","POST handleProductImportPreview","AUTHENTICATED_MARKETPLACE_CONTEXT","requireMarketplaceApiContext","app/api/angelcare-marketplace/admin/enterprise-command/product-import/preview/route.ts","VISIBLE_ENABLED_OR_DISABLED_WITH_REASON","SOURCE_REVIEWED","STATIC_VERIFIED_RUNTIME_GATE","Server handler chain inspected; frontend behavior is represented by OperationsCommand."
"CAP-B06-001","Marketing & promotions","/angelcare-marketplace/admin/growth-experience","/api/angelcare-marketplace/admin/enterprise-command/segments","POST handleSegments","AUTHENTICATED_MARKETPLACE_CONTEXT","requireMarketplaceApiContext","app/api/angelcare-marketplace/admin/enterprise-command/segments/route.ts","VISIBLE_ENABLED_OR_DISABLED_WITH_REASON","SOURCE_REVIEWED","STATIC_VERIFIED_RUNTIME_GATE","Server handler chain inspected; frontend behavior is represented by GrowthExperienceCommand."
"CAP-B07-001","Opérations","/angelcare-marketplace/admin/operations/today","/api/angelcare-marketplace/admin/enterprise-command/segments/saved/:segmentId","PATCH handleSavedSegment","marketplace.admin.access|marketplace.operations.missions.manage","requireMarketplaceApiContext / source domain guard","app/api/angelcare-marketplace/admin/enterprise-command/segments/saved/[segmentId]/route.ts","VISIBLE_ENABLED_OR_DISABLED_WITH_REASON","SOURCE_REVIEWED","STATIC_VERIFIED_RUNTIME_GATE","Server handler chain inspected; frontend behavior is represented by OperationsCommand."
"CAP-B07-001","Opérations","/angelcare-marketplace/admin/operations/today","/api/angelcare-marketplace/admin/enterprise-command/segments/saved/:segmentId","DELETE handleSavedSegment","marketplace.admin.access|marketplace.operations.missions.manage","requireMarketplaceApiContext / source domain guard","app/api/angelcare-marketplace/admin/enterprise-command/segments/saved/[segmentId]/route.ts","VISIBLE_ENABLED_OR_DISABLED_WITH_REASON","SOURCE_REVIEWED","STATIC_VERIFIED_RUNTIME_GATE","Server handler chain inspected; frontend behavior is represented by OperationsCommand."
"CAP-B06-001","Marketing & promotions","/angelcare-marketplace/admin/growth-experience","/api/angelcare-marketplace/admin/enterprise-command/segments/saved","POST handleSavedSegments","marketplace.admin.access|marketplace.operations.missions.manage","requireMarketplaceApiContext / source domain guard","app/api/angelcare-marketplace/admin/enterprise-command/segments/saved/route.ts","VISIBLE_ENABLED_OR_DISABLED_WITH_REASON","SOURCE_REVIEWED","STATIC_VERIFIED_RUNTIME_GATE","Server handler chain inspected; frontend behavior is represented by GrowthExperienceCommand."
"CAP-B07-001","Opérations","/angelcare-marketplace/admin/operations/today","/api/angelcare-marketplace/admin/enterprise-command/templates/:templateKey/versions","POST handleTemplateVersions","AUTHENTICATED_MARKETPLACE_CONTEXT","requireMarketplaceApiContext","app/api/angelcare-marketplace/admin/enterprise-command/templates/[templateKey]/versions/route.ts","VISIBLE_ENABLED_OR_DISABLED_WITH_REASON","SOURCE_REVIEWED","STATIC_VERIFIED_RUNTIME_GATE","Server handler chain inspected; frontend behavior is represented by OperationsCommand."
"CAP-B07-001","Opérations","/angelcare-marketplace/admin/operations/today","/api/angelcare-marketplace/admin/enterprise-command/templates","POST handleTemplates","AUTHENTICATED_MARKETPLACE_CONTEXT","requireMarketplaceApiContext","app/api/angelcare-marketplace/admin/enterprise-command/templates/route.ts","VISIBLE_ENABLED_OR_DISABLED_WITH_REASON","SOURCE_REVIEWED","STATIC_VERIFIED_RUNTIME_GATE","Server handler chain inspected; frontend behavior is represented by OperationsCommand."
"CAP-GLOBAL-001","Accueil / cross-domain shell","/angelcare-marketplace/admin","/api/angelcare-marketplace/admin/enterprise/orders/:orderId/lines/:lineId","PATCH handleEnterpriseOrderLine","marketplace.admin.access|marketplace.operations.view|marketplace.operations.missions.manage|marketplace.finance.view|marketplace.finance.manage|marketplace.merchandising.view|marketplace.merchandising.manage|marketplace.operations.missions.create|marketplace.family.admin.manage","requireMarketplaceApiContext / source domain guard","app/api/angelcare-marketplace/admin/enterprise/orders/[orderId]/lines/[lineId]/route.ts","VISIBLE_ENABLED_OR_DISABLED_WITH_REASON","SOURCE_REVIEWED","STATIC_VERIFIED_RUNTIME_GATE","Server handler chain inspected; frontend behavior is represented by AdminNavigation; AdminWorkspaceContextNav; GovernedActionProvider."
"CAP-GLOBAL-001","Accueil / cross-domain shell","/angelcare-marketplace/admin","/api/angelcare-marketplace/admin/enterprise/orders/:orderId/lines","POST handleEnterpriseOrderLines","marketplace.admin.access|marketplace.operations.view|marketplace.operations.missions.manage|marketplace.finance.view|marketplace.finance.manage|marketplace.merchandising.view|marketplace.merchandising.manage|marketplace.operations.missions.create|marketplace.family.admin.manage","requireMarketplaceApiContext / source domain guard","app/api/angelcare-marketplace/admin/enterprise/orders/[orderId]/lines/route.ts","VISIBLE_ENABLED_OR_DISABLED_WITH_REASON","SOURCE_REVIEWED","STATIC_VERIFIED_RUNTIME_GATE","Server handler chain inspected; frontend behavior is represented by AdminNavigation; AdminWorkspaceContextNav; GovernedActionProvider."
"CAP-GLOBAL-001","Accueil / cross-domain shell","/angelcare-marketplace/admin","/api/angelcare-marketplace/admin/families/:familyId/guardians/:guardianId","PATCH handleFamilyGuardian","marketplace.admin.access|marketplace.operations.view|marketplace.operations.missions.manage|marketplace.finance.view|marketplace.finance.manage|marketplace.merchandising.view|marketplace.merchandising.manage|marketplace.operations.missions.create|marketplace.family.admin.manage","requireMarketplaceApiContext / source domain guard","app/api/angelcare-marketplace/admin/families/[familyId]/guardians/[guardianId]/route.ts","VISIBLE_ENABLED_OR_DISABLED_WITH_REASON","SOURCE_REVIEWED","STATIC_VERIFIED_RUNTIME_GATE","Server handler chain inspected; frontend behavior is represented by AdminNavigation; AdminWorkspaceContextNav; GovernedActionProvider."
"CAP-GLOBAL-001","Accueil / cross-domain shell","/angelcare-marketplace/admin","/api/angelcare-marketplace/admin/families/:familyId/guardians","POST handleFamilyGuardians","marketplace.admin.access|marketplace.operations.view|marketplace.operations.missions.manage|marketplace.finance.view|marketplace.finance.manage|marketplace.merchandising.view|marketplace.merchandising.manage|marketplace.operations.missions.create|marketplace.family.admin.manage","requireMarketplaceApiContext / source domain guard","app/api/angelcare-marketplace/admin/families/[familyId]/guardians/route.ts","VISIBLE_ENABLED_OR_DISABLED_WITH_REASON","SOURCE_REVIEWED","STATIC_VERIFIED_RUNTIME_GATE","Server handler chain inspected; frontend behavior is represented by AdminNavigation; AdminWorkspaceContextNav; GovernedActionProvider."
"CAP-B03-001","Clients","/angelcare-marketplace/admin/customers","/api/angelcare-marketplace/admin/family-requests/:requestId/qualify","POST handleQualifyRequest","marketplace.family.dashboard|marketplace.family.profile.view|marketplace.family.profile.manage|marketplace.family.children.view|marketplace.family.children.manage|marketplace.family.diagnostics.view|marketplace.family.diagnostics.create|marketplace.family.requests.view|marketplace.family.requests.create|marketplace.family.missions.view|marketplace.family.support.view|marketplace.family.support.create|marketplace.family.admin.view|marketplace.family.requests.manage|marketplace.family.requests.qualify","requireMarketplaceApiContext / source domain guard","app/api/angelcare-marketplace/admin/family-requests/[requestId]/qualify/route.ts","VISIBLE_ENABLED_OR_DISABLED_WITH_REASON","SOURCE_REVIEWED","STATIC_VERIFIED_RUNTIME_GATE","Server handler chain inspected; frontend behavior is represented by CustomerRegistryWorkspace."
"CAP-B05-001","Boutique","/angelcare-marketplace/admin/boutique","/api/angelcare-marketplace/admin/footer-studio/contacts","POST handleFooterContacts","marketplace.commerce.view|marketplace.publication.manage|marketplace.analytics.view","requireMarketplaceApiContext / source domain guard","app/api/angelcare-marketplace/admin/footer-studio/contacts/route.ts","VISIBLE_ENABLED_OR_DISABLED_WITH_REASON","SOURCE_REVIEWED","STATIC_VERIFIED_RUNTIME_GATE","Server handler chain inspected; frontend behavior is represented by FrontendControlCommand."
"CAP-B05-001","Boutique","/angelcare-marketplace/admin/boutique","/api/angelcare-marketplace/admin/footer-studio/profiles","POST handleFooterProfiles","marketplace.commerce.view|marketplace.publication.manage|marketplace.analytics.view","requireMarketplaceApiContext / source domain guard","app/api/angelcare-marketplace/admin/footer-studio/profiles/route.ts","VISIBLE_ENABLED_OR_DISABLED_WITH_REASON","SOURCE_REVIEWED","STATIC_VERIFIED_RUNTIME_GATE","Server handler chain inspected; frontend behavior is represented by FrontendControlCommand."
"CAP-B05-001","Boutique","/angelcare-marketplace/admin/boutique","/api/angelcare-marketplace/admin/footer-studio/schedules","POST handleFooterSchedules","marketplace.commerce.view|marketplace.publication.manage|marketplace.analytics.view","requireMarketplaceApiContext / source domain guard","app/api/angelcare-marketplace/admin/footer-studio/schedules/route.ts","VISIBLE_ENABLED_OR_DISABLED_WITH_REASON","SOURCE_REVIEWED","STATIC_VERIFIED_RUNTIME_GATE","Server handler chain inspected; frontend behavior is represented by FrontendControlCommand."
"CAP-B05-001","Boutique","/angelcare-marketplace/admin/boutique","/api/angelcare-marketplace/admin/footer-studio/schedules/run","POST handleFooterSchedulesRun","marketplace.commerce.view|marketplace.publication.manage|marketplace.analytics.view","requireMarketplaceApiContext / source domain guard","app/api/angelcare-marketplace/admin/footer-studio/schedules/run/route.ts","VISIBLE_ENABLED_OR_DISABLED_WITH_REASON","SOURCE_REVIEWED","STATIC_VERIFIED_RUNTIME_GATE","Server handler chain inspected; frontend behavior is represented by FrontendControlCommand."
"CAP-B05-001","Boutique","/angelcare-marketplace/admin/boutique","/api/angelcare-marketplace/admin/footer-studio/targeting","POST handleFooterTargeting","marketplace.commerce.view|marketplace.publication.manage|marketplace.analytics.view","requireMarketplaceApiContext / source domain guard","app/api/angelcare-marketplace/admin/footer-studio/targeting/route.ts","VISIBLE_ENABLED_OR_DISABLED_WITH_REASON","SOURCE_REVIEWED","STATIC_VERIFIED_RUNTIME_GATE","Server handler chain inspected; frontend behavior is represented by FrontendControlCommand."
"CAP-B05-001","Boutique","/angelcare-marketplace/admin/boutique","/api/angelcare-marketplace/admin/footer-studio/themes","POST handleFooterThemes","marketplace.commerce.view|marketplace.publication.manage|marketplace.analytics.view","requireMarketplaceApiContext / source domain guard","app/api/angelcare-marketplace/admin/footer-studio/themes/route.ts","VISIBLE_ENABLED_OR_DISABLED_WITH_REASON","SOURCE_REVIEWED","STATIC_VERIFIED_RUNTIME_GATE","Server handler chain inspected; frontend behavior is represented by FrontendControlCommand."
"CAP-B05-001","Boutique","/angelcare-marketplace/admin/boutique","/api/angelcare-marketplace/admin/frontend-surfaces/:surfaceKey/publish","POST handlePublishFrontendSurface","marketplace.commerce.view|marketplace.publication.manage|marketplace.merchandising.view|marketplace.merchandising.manage|marketplace.operations.view|marketplace.operations.missions.manage|marketplace.public.inquiries.manage","requireMarketplaceApiContext / source domain guard","app/api/angelcare-marketplace/admin/frontend-surfaces/[surfaceKey]/publish/route.ts","VISIBLE_ENABLED_OR_DISABLED_WITH_REASON","SOURCE_REVIEWED","STATIC_VERIFIED_RUNTIME_GATE","Server handler chain inspected; frontend behavior is represented by FrontendControlCommand."
"CAP-B05-001","Boutique","/angelcare-marketplace/admin/boutique","/api/angelcare-marketplace/admin/frontend-surfaces/:surfaceKey","PATCH handleFrontendSurface","marketplace.commerce.view|marketplace.publication.manage|marketplace.merchandising.view|marketplace.merchandising.manage|marketplace.operations.view|marketplace.operations.missions.manage|marketplace.public.inquiries.manage","requireMarketplaceApiContext / source domain guard","app/api/angelcare-marketplace/admin/frontend-surfaces/[surfaceKey]/route.ts","VISIBLE_ENABLED_OR_DISABLED_WITH_REASON","SOURCE_REVIEWED","STATIC_VERIFIED_RUNTIME_GATE","Server handler chain inspected; frontend behavior is represented by FrontendControlCommand."
"CAP-B05-001","Boutique","/angelcare-marketplace/admin/boutique","/api/angelcare-marketplace/admin/frontend-surfaces/:surfaceKey/sections","PUT handleFrontendSurfaceSections","marketplace.commerce.view|marketplace.publication.manage|marketplace.merchandising.view|marketplace.merchandising.manage|marketplace.operations.view|marketplace.operations.missions.manage|marketplace.public.inquiries.manage","requireMarketplaceApiContext / source domain guard","app/api/angelcare-marketplace/admin/frontend-surfaces/[surfaceKey]/sections/route.ts","VISIBLE_ENABLED_OR_DISABLED_WITH_REASON","SOURCE_REVIEWED","STATIC_VERIFIED_RUNTIME_GATE","Server handler chain inspected; frontend behavior is represented by FrontendControlCommand."
"CAP-B05-001","Boutique","/angelcare-marketplace/admin/boutique","/api/angelcare-marketplace/admin/frontend-surfaces","POST handleFrontendSurfaces","marketplace.commerce.view|marketplace.publication.manage|marketplace.merchandising.view|marketplace.merchandising.manage|marketplace.operations.view|marketplace.operations.missions.manage|marketplace.public.inquiries.manage","requireMarketplaceApiContext / source domain guard","app/api/angelcare-marketplace/admin/frontend-surfaces/route.ts","VISIBLE_ENABLED_OR_DISABLED_WITH_REASON","SOURCE_REVIEWED","STATIC_VERIFIED_RUNTIME_GATE","Server handler chain inspected; frontend behavior is represented by FrontendControlCommand."
"CAP-B05-001","Boutique","/angelcare-marketplace/admin/boutique","/api/angelcare-marketplace/admin/homepage/campaigns","POST handleCommerceResource","marketplace.media.manage|marketplace.media.view|marketplace.homepage.manage|marketplace.homepage.view|marketplace.navigation.manage|marketplace.navigation.view|marketplace.categories.manage|marketplace.catalog.view|marketplace.catalog.manage|marketplace.merchandising.manage|marketplace.merchandising.view|marketplace.publication.manage|marketplace.commerce.view|marketplace.commerce.|marketplace.catalog.purge|marketplace.media.replaced|marketplace.media.uploaded|marketplace.media.transformed","requireMarketplaceApiContext / source domain guard","app/api/angelcare-marketplace/admin/homepage/campaigns/route.ts","VISIBLE_ENABLED_OR_DISABLED_WITH_REASON","SOURCE_REVIEWED","STATIC_VERIFIED_RUNTIME_GATE","Server handler chain inspected; frontend behavior is represented by FrontendControlCommand."
"CAP-B02-001","Catégories & collections","/angelcare-marketplace/admin/catalog/categories","/api/angelcare-marketplace/admin/homepage/collections","POST handleCommerceResource","marketplace.media.manage|marketplace.media.view|marketplace.homepage.manage|marketplace.homepage.view|marketplace.navigation.manage|marketplace.navigation.view|marketplace.categories.manage|marketplace.catalog.view|marketplace.catalog.manage|marketplace.merchandising.manage|marketplace.merchandising.view|marketplace.publication.manage|marketplace.commerce.view|marketplace.commerce.|marketplace.catalog.purge|marketplace.media.replaced|marketplace.media.uploaded|marketplace.media.transformed","requireMarketplaceApiContext / source domain guard","app/api/angelcare-marketplace/admin/homepage/collections/route.ts","VISIBLE_ENABLED_OR_DISABLED_WITH_REASON","SOURCE_REVIEWED","STATIC_VERIFIED_RUNTIME_GATE","Server handler chain inspected; frontend behavior is represented by CategoryStudio."
"CAP-B05-001","Boutique","/angelcare-marketplace/admin/boutique","/api/angelcare-marketplace/admin/homepage/collections","POST handleCommerceResource","marketplace.media.manage|marketplace.media.view|marketplace.homepage.manage|marketplace.homepage.view|marketplace.navigation.manage|marketplace.navigation.view|marketplace.categories.manage|marketplace.catalog.view|marketplace.catalog.manage|marketplace.merchandising.manage|marketplace.merchandising.view|marketplace.publication.manage|marketplace.commerce.view|marketplace.commerce.|marketplace.catalog.purge|marketplace.media.replaced|marketplace.media.uploaded|marketplace.media.transformed","requireMarketplaceApiContext / source domain guard","app/api/angelcare-marketplace/admin/homepage/collections/route.ts","VISIBLE_ENABLED_OR_DISABLED_WITH_REASON","SOURCE_REVIEWED","STATIC_VERIFIED_RUNTIME_GATE","Server handler chain inspected; frontend behavior is represented by FrontendControlCommand."
"CAP-B05-001","Boutique","/angelcare-marketplace/admin/boutique","/api/angelcare-marketplace/admin/homepage/placements","POST handleCommerceResource","marketplace.media.manage|marketplace.media.view|marketplace.homepage.manage|marketplace.homepage.view|marketplace.navigation.manage|marketplace.navigation.view|marketplace.categories.manage|marketplace.catalog.view|marketplace.catalog.manage|marketplace.merchandising.manage|marketplace.merchandising.view|marketplace.publication.manage|marketplace.commerce.view|marketplace.commerce.|marketplace.catalog.purge|marketplace.media.replaced|marketplace.media.uploaded|marketplace.media.transformed","requireMarketplaceApiContext / source domain guard","app/api/angelcare-marketplace/admin/homepage/placements/route.ts","VISIBLE_ENABLED_OR_DISABLED_WITH_REASON","SOURCE_REVIEWED","STATIC_VERIFIED_RUNTIME_GATE","Server handler chain inspected; frontend behavior is represented by FrontendControlCommand."
"CAP-B05-001","Boutique","/angelcare-marketplace/admin/boutique","/api/angelcare-marketplace/admin/homepage/publish","POST handleCommerceAction","marketplace.media.manage|marketplace.media.view|marketplace.homepage.manage|marketplace.homepage.view|marketplace.navigation.manage|marketplace.navigation.view|marketplace.categories.manage|marketplace.catalog.view|marketplace.catalog.manage|marketplace.merchandising.manage|marketplace.merchandising.view|marketplace.publication.manage|marketplace.commerce.view|marketplace.commerce.|marketplace.catalog.purge|marketplace.media.replaced|marketplace.media.uploaded|marketplace.media.transformed","requireMarketplaceApiContext / source domain guard","app/api/angelcare-marketplace/admin/homepage/publish/route.ts","VISIBLE_ENABLED_OR_DISABLED_WITH_REASON","SOURCE_REVIEWED","STATIC_VERIFIED_RUNTIME_GATE","Server handler chain inspected; frontend behavior is represented by FrontendControlCommand."
"CAP-B05-001","Boutique","/angelcare-marketplace/admin/boutique","/api/angelcare-marketplace/admin/homepage/releases","POST handleHomepageReleases","marketplace.homepage.view|marketplace.homepage.manage","requireMarketplaceApiContext / source domain guard","app/api/angelcare-marketplace/admin/homepage/releases/route.ts","VISIBLE_ENABLED_OR_DISABLED_WITH_REASON","SOURCE_REVIEWED","STATIC_VERIFIED_RUNTIME_GATE","Server handler chain inspected; frontend behavior is represented by FrontendControlCommand."
"CAP-B05-001","Boutique","/angelcare-marketplace/admin/boutique","/api/angelcare-marketplace/admin/homepage/reorder","POST handleCommerceAction","marketplace.media.manage|marketplace.media.view|marketplace.homepage.manage|marketplace.homepage.view|marketplace.navigation.manage|marketplace.navigation.view|marketplace.categories.manage|marketplace.catalog.view|marketplace.catalog.manage|marketplace.merchandising.manage|marketplace.merchandising.view|marketplace.publication.manage|marketplace.commerce.view|marketplace.commerce.|marketplace.catalog.purge|marketplace.media.replaced|marketplace.media.uploaded|marketplace.media.transformed","requireMarketplaceApiContext / source domain guard","app/api/angelcare-marketplace/admin/homepage/reorder/route.ts","VISIBLE_ENABLED_OR_DISABLED_WITH_REASON","SOURCE_REVIEWED","STATIC_VERIFIED_RUNTIME_GATE","Server handler chain inspected; frontend behavior is represented by FrontendControlCommand."
"CAP-GLOBAL-001","Accueil / cross-domain shell","/angelcare-marketplace/admin","/api/angelcare-marketplace/admin/homepage/sections/:sectionId","PATCH handleCommerceResource","marketplace.media.manage|marketplace.media.view|marketplace.homepage.manage|marketplace.homepage.view|marketplace.navigation.manage|marketplace.navigation.view|marketplace.categories.manage|marketplace.catalog.view|marketplace.catalog.manage|marketplace.merchandising.manage|marketplace.merchandising.view|marketplace.publication.manage|marketplace.commerce.view|marketplace.commerce.|marketplace.catalog.purge|marketplace.media.replaced|marketplace.media.uploaded|marketplace.media.transformed","requireMarketplaceApiContext / source domain guard","app/api/angelcare-marketplace/admin/homepage/sections/[sectionId]/route.ts","VISIBLE_ENABLED_OR_DISABLED_WITH_REASON","SOURCE_REVIEWED","STATIC_VERIFIED_RUNTIME_GATE","Server handler chain inspected; frontend behavior is represented by AdminNavigation; AdminWorkspaceContextNav; GovernedActionProvider."
"CAP-GLOBAL-001","Accueil / cross-domain shell","/angelcare-marketplace/admin","/api/angelcare-marketplace/admin/homepage/sections/:sectionId","DELETE handleCommerceResource","marketplace.media.manage|marketplace.media.view|marketplace.homepage.manage|marketplace.homepage.view|marketplace.navigation.manage|marketplace.navigation.view|marketplace.categories.manage|marketplace.catalog.view|marketplace.catalog.manage|marketplace.merchandising.manage|marketplace.merchandising.view|marketplace.publication.manage|marketplace.commerce.view|marketplace.commerce.|marketplace.catalog.purge|marketplace.media.replaced|marketplace.media.uploaded|marketplace.media.transformed","requireMarketplaceApiContext / source domain guard","app/api/angelcare-marketplace/admin/homepage/sections/[sectionId]/route.ts","VISIBLE_ENABLED_OR_DISABLED_WITH_REASON","SOURCE_REVIEWED","STATIC_VERIFIED_RUNTIME_GATE","Server handler chain inspected; frontend behavior is represented by AdminNavigation; AdminWorkspaceContextNav; GovernedActionProvider."
"CAP-B05-001","Boutique","/angelcare-marketplace/admin/boutique","/api/angelcare-marketplace/admin/homepage/sections","POST handleCommerceResource","marketplace.media.manage|marketplace.media.view|marketplace.homepage.manage|marketplace.homepage.view|marketplace.navigation.manage|marketplace.navigation.view|marketplace.categories.manage|marketplace.catalog.view|marketplace.catalog.manage|marketplace.merchandising.manage|marketplace.merchandising.view|marketplace.publication.manage|marketplace.commerce.view|marketplace.commerce.|marketplace.catalog.purge|marketplace.media.replaced|marketplace.media.uploaded|marketplace.media.transformed","requireMarketplaceApiContext / source domain guard","app/api/angelcare-marketplace/admin/homepage/sections/route.ts","VISIBLE_ENABLED_OR_DISABLED_WITH_REASON","SOURCE_REVIEWED","STATIC_VERIFIED_RUNTIME_GATE","Server handler chain inspected; frontend behavior is represented by FrontendControlCommand."
"CAP-GLOBAL-001","Accueil / cross-domain shell","/angelcare-marketplace/admin","/api/angelcare-marketplace/admin/invoices/:invoiceId","PATCH handleInvoice","marketplace.admin.access|marketplace.operations.view|marketplace.operations.missions.manage|marketplace.finance.view|marketplace.finance.manage|marketplace.merchandising.view|marketplace.merchandising.manage|marketplace.operations.missions.create|marketplace.family.admin.manage","requireMarketplaceApiContext / source domain guard","app/api/angelcare-marketplace/admin/invoices/[invoiceId]/route.ts","VISIBLE_ENABLED_OR_DISABLED_WITH_REASON","SOURCE_REVIEWED","STATIC_VERIFIED_RUNTIME_GATE","Server handler chain inspected; frontend behavior is represented by AdminNavigation; AdminWorkspaceContextNav; GovernedActionProvider."
"CAP-B10-001","Finance","/angelcare-marketplace/admin/finance","/api/angelcare-marketplace/admin/invoices","POST handleInvoices","marketplace.admin.access|marketplace.operations.view|marketplace.operations.missions.manage|marketplace.finance.view|marketplace.finance.manage|marketplace.merchandising.view|marketplace.merchandising.manage|marketplace.operations.missions.create|marketplace.family.admin.manage","requireMarketplaceApiContext / source domain guard","app/api/angelcare-marketplace/admin/invoices/route.ts","VISIBLE_ENABLED_OR_DISABLED_WITH_REASON","SOURCE_REVIEWED","STATIC_VERIFIED_RUNTIME_GATE","Server handler chain inspected; frontend behavior is represented by FinanceControlLedger."
"CAP-B06-001","Marketing & promotions","/angelcare-marketplace/admin/growth-experience","/api/angelcare-marketplace/admin/live-experience/audiences","POST handleLiveGovernance","marketplace.live_experience.view","requireMarketplaceApiContext / source domain guard","app/api/angelcare-marketplace/admin/live-experience/audiences/route.ts","VISIBLE_ENABLED_OR_DISABLED_WITH_REASON","SOURCE_REVIEWED","STATIC_VERIFIED_RUNTIME_GATE","Server handler chain inspected; frontend behavior is represented by GrowthExperienceCommand."
"CAP-B06-001","Marketing & promotions","/angelcare-marketplace/admin/growth-experience","/api/angelcare-marketplace/admin/live-experience/audiences","PATCH handleLiveGovernance","marketplace.live_experience.view","requireMarketplaceApiContext / source domain guard","app/api/angelcare-marketplace/admin/live-experience/audiences/route.ts","VISIBLE_ENABLED_OR_DISABLED_WITH_REASON","SOURCE_REVIEWED","STATIC_VERIFIED_RUNTIME_GATE","Server handler chain inspected; frontend behavior is represented by GrowthExperienceCommand."
"CAP-B06-001","Marketing & promotions","/angelcare-marketplace/admin/growth-experience","/api/angelcare-marketplace/admin/live-experience/broadcasts","POST handleLiveCampaigns","marketplace.live_experience.view|marketplace.live_experience.manage|marketplace.emergency_broadcast.manage|marketplace.live_experience.publish|marketplace.proof_widget.manage","requireMarketplaceApiContext / source domain guard","app/api/angelcare-marketplace/admin/live-experience/broadcasts/route.ts","VISIBLE_ENABLED_OR_DISABLED_WITH_REASON","SOURCE_REVIEWED","STATIC_VERIFIED_RUNTIME_GATE","Server handler chain inspected; frontend behavior is represented by GrowthExperienceCommand."
"CAP-B06-001","Marketing & promotions","/angelcare-marketplace/admin/growth-experience","/api/angelcare-marketplace/admin/live-experience/campaigns/:campaignId/actions/:action","POST handleLiveCampaignAction","marketplace.live_experience.view|marketplace.live_experience.manage|marketplace.emergency_broadcast.manage|marketplace.live_experience.publish|marketplace.proof_widget.manage","requireMarketplaceApiContext / source domain guard","app/api/angelcare-marketplace/admin/live-experience/campaigns/[campaignId]/actions/[action]/route.ts","VISIBLE_ENABLED_OR_DISABLED_WITH_REASON","SOURCE_REVIEWED","STATIC_VERIFIED_RUNTIME_GATE","Server handler chain inspected; frontend behavior is represented by GrowthExperienceCommand."
"CAP-B06-001","Marketing & promotions","/angelcare-marketplace/admin/growth-experience","/api/angelcare-marketplace/admin/live-experience/campaigns/:campaignId","PATCH handleLiveCampaign","marketplace.live_experience.view|marketplace.live_experience.manage|marketplace.emergency_broadcast.manage|marketplace.live_experience.publish|marketplace.proof_widget.manage","requireMarketplaceApiContext / source domain guard","app/api/angelcare-marketplace/admin/live-experience/campaigns/[campaignId]/route.ts","VISIBLE_ENABLED_OR_DISABLED_WITH_REASON","SOURCE_REVIEWED","STATIC_VERIFIED_RUNTIME_GATE","Server handler chain inspected; frontend behavior is represented by GrowthExperienceCommand."
"CAP-B06-001","Marketing & promotions","/angelcare-marketplace/admin/growth-experience","/api/angelcare-marketplace/admin/live-experience/campaigns","POST handleLiveCampaigns","marketplace.live_experience.view|marketplace.live_experience.manage|marketplace.emergency_broadcast.manage|marketplace.live_experience.publish|marketplace.proof_widget.manage","requireMarketplaceApiContext / source domain guard","app/api/angelcare-marketplace/admin/live-experience/campaigns/route.ts","VISIBLE_ENABLED_OR_DISABLED_WITH_REASON","SOURCE_REVIEWED","STATIC_VERIFIED_RUNTIME_GATE","Server handler chain inspected; frontend behavior is represented by GrowthExperienceCommand."
"CAP-B06-001","Marketing & promotions","/angelcare-marketplace/admin/growth-experience","/api/angelcare-marketplace/admin/live-experience/experiments","POST handleLiveGovernance","marketplace.live_experience.view","requireMarketplaceApiContext / source domain guard","app/api/angelcare-marketplace/admin/live-experience/experiments/route.ts","VISIBLE_ENABLED_OR_DISABLED_WITH_REASON","SOURCE_REVIEWED","STATIC_VERIFIED_RUNTIME_GATE","Server handler chain inspected; frontend behavior is represented by GrowthExperienceCommand."
"CAP-B06-001","Marketing & promotions","/angelcare-marketplace/admin/growth-experience","/api/angelcare-marketplace/admin/live-experience/experiments","PATCH handleLiveGovernance","marketplace.live_experience.view","requireMarketplaceApiContext / source domain guard","app/api/angelcare-marketplace/admin/live-experience/experiments/route.ts","VISIBLE_ENABLED_OR_DISABLED_WITH_REASON","SOURCE_REVIEWED","STATIC_VERIFIED_RUNTIME_GATE","Server handler chain inspected; frontend behavior is represented by GrowthExperienceCommand."
"CAP-B06-001","Marketing & promotions","/angelcare-marketplace/admin/growth-experience","/api/angelcare-marketplace/admin/live-experience/placements","POST handleLiveGovernance","marketplace.live_experience.view","requireMarketplaceApiContext / source domain guard","app/api/angelcare-marketplace/admin/live-experience/placements/route.ts","VISIBLE_ENABLED_OR_DISABLED_WITH_REASON","SOURCE_REVIEWED","STATIC_VERIFIED_RUNTIME_GATE","Server handler chain inspected; frontend behavior is represented by GrowthExperienceCommand."
"CAP-B06-001","Marketing & promotions","/angelcare-marketplace/admin/growth-experience","/api/angelcare-marketplace/admin/live-experience/placements","PATCH handleLiveGovernance","marketplace.live_experience.view","requireMarketplaceApiContext / source domain guard","app/api/angelcare-marketplace/admin/live-experience/placements/route.ts","VISIBLE_ENABLED_OR_DISABLED_WITH_REASON","SOURCE_REVIEWED","STATIC_VERIFIED_RUNTIME_GATE","Server handler chain inspected; frontend behavior is represented by GrowthExperienceCommand."
"CAP-B06-001","Marketing & promotions","/angelcare-marketplace/admin/growth-experience","/api/angelcare-marketplace/admin/live-experience/popups","POST handleLiveCampaigns","marketplace.live_experience.view|marketplace.live_experience.manage|marketplace.emergency_broadcast.manage|marketplace.live_experience.publish|marketplace.proof_widget.manage","requireMarketplaceApiContext / source domain guard","app/api/angelcare-marketplace/admin/live-experience/popups/route.ts","VISIBLE_ENABLED_OR_DISABLED_WITH_REASON","SOURCE_REVIEWED","STATIC_VERIFIED_RUNTIME_GATE","Server handler chain inspected; frontend behavior is represented by GrowthExperienceCommand."
"CAP-B06-001","Marketing & promotions","/angelcare-marketplace/admin/growth-experience","/api/angelcare-marketplace/admin/live-experience/proof-widgets","POST handleLiveCampaigns","marketplace.live_experience.view|marketplace.live_experience.manage|marketplace.emergency_broadcast.manage|marketplace.live_experience.publish|marketplace.proof_widget.manage","requireMarketplaceApiContext / source domain guard","app/api/angelcare-marketplace/admin/live-experience/proof-widgets/route.ts","VISIBLE_ENABLED_OR_DISABLED_WITH_REASON","SOURCE_REVIEWED","STATIC_VERIFIED_RUNTIME_GATE","Server handler chain inspected; frontend behavior is represented by GrowthExperienceCommand."
"CAP-B06-001","Marketing & promotions","/angelcare-marketplace/admin/growth-experience","/api/angelcare-marketplace/admin/live-experience/schedules","POST handleLiveGovernance","marketplace.live_experience.view","requireMarketplaceApiContext / source domain guard","app/api/angelcare-marketplace/admin/live-experience/schedules/route.ts","VISIBLE_ENABLED_OR_DISABLED_WITH_REASON","SOURCE_REVIEWED","STATIC_VERIFIED_RUNTIME_GATE","Server handler chain inspected; frontend behavior is represented by GrowthExperienceCommand."
"CAP-B06-001","Marketing & promotions","/angelcare-marketplace/admin/growth-experience","/api/angelcare-marketplace/admin/live-experience/schedules","PATCH handleLiveGovernance","marketplace.live_experience.view","requireMarketplaceApiContext / source domain guard","app/api/angelcare-marketplace/admin/live-experience/schedules/route.ts","VISIBLE_ENABLED_OR_DISABLED_WITH_REASON","SOURCE_REVIEWED","STATIC_VERIFIED_RUNTIME_GATE","Server handler chain inspected; frontend behavior is represented by GrowthExperienceCommand."
"CAP-B06-001","Marketing & promotions","/angelcare-marketplace/admin/growth-experience","/api/angelcare-marketplace/admin/live-experience/settings","POST handleLiveGovernance","marketplace.live_experience.view","requireMarketplaceApiContext / source domain guard","app/api/angelcare-marketplace/admin/live-experience/settings/route.ts","VISIBLE_ENABLED_OR_DISABLED_WITH_REASON","SOURCE_REVIEWED","STATIC_VERIFIED_RUNTIME_GATE","Server handler chain inspected; frontend behavior is represented by GrowthExperienceCommand."
"CAP-B06-001","Marketing & promotions","/angelcare-marketplace/admin/growth-experience","/api/angelcare-marketplace/admin/live-experience/settings","PATCH handleLiveGovernance","marketplace.live_experience.view","requireMarketplaceApiContext / source domain guard","app/api/angelcare-marketplace/admin/live-experience/settings/route.ts","VISIBLE_ENABLED_OR_DISABLED_WITH_REASON","SOURCE_REVIEWED","STATIC_VERIFIED_RUNTIME_GATE","Server handler chain inspected; frontend behavior is represented by GrowthExperienceCommand."
"CAP-B06-001","Marketing & promotions","/angelcare-marketplace/admin/growth-experience","/api/angelcare-marketplace/admin/live-experience/simulate","POST handleLiveSimulate","marketplace.live_experience.view|marketplace.live_experience.manage|marketplace.emergency_broadcast.manage|marketplace.live_experience.publish|marketplace.proof_widget.manage","requireMarketplaceApiContext / source domain guard","app/api/angelcare-marketplace/admin/live-experience/simulate/route.ts","VISIBLE_ENABLED_OR_DISABLED_WITH_REASON","SOURCE_REVIEWED","STATIC_VERIFIED_RUNTIME_GATE","Server handler chain inspected; frontend behavior is represented by GrowthExperienceCommand."
"CAP-B06-001","Marketing & promotions","/angelcare-marketplace/admin/growth-experience","/api/angelcare-marketplace/admin/live-experience/sources/refresh","POST handleLiveSourceRefresh","marketplace.live_experience.view|marketplace.live_experience.manage|marketplace.emergency_broadcast.manage|marketplace.live_experience.publish|marketplace.proof_widget.manage","requireMarketplaceApiContext / source domain guard","app/api/angelcare-marketplace/admin/live-experience/sources/refresh/route.ts","VISIBLE_ENABLED_OR_DISABLED_WITH_REASON","SOURCE_REVIEWED","STATIC_VERIFIED_RUNTIME_GATE","Server handler chain inspected; frontend behavior is represented by GrowthExperienceCommand."
"CAP-GLOBAL-001","Accueil / cross-domain shell","/angelcare-marketplace/admin","/api/angelcare-marketplace/admin/media/:mediaId","PATCH handleCommerceResource","marketplace.media.manage|marketplace.media.view|marketplace.homepage.manage|marketplace.homepage.view|marketplace.navigation.manage|marketplace.navigation.view|marketplace.categories.manage|marketplace.catalog.view|marketplace.catalog.manage|marketplace.merchandising.manage|marketplace.merchandising.view|marketplace.publication.manage|marketplace.commerce.view|marketplace.commerce.|marketplace.catalog.purge|marketplace.media.replaced|marketplace.media.uploaded|marketplace.media.transformed","requireMarketplaceApiContext / source domain guard","app/api/angelcare-marketplace/admin/media/[mediaId]/route.ts","VISIBLE_ENABLED_OR_DISABLED_WITH_REASON","SOURCE_REVIEWED","STATIC_VERIFIED_RUNTIME_GATE","Server handler chain inspected; frontend behavior is represented by AdminNavigation; AdminWorkspaceContextNav; GovernedActionProvider."
"CAP-GLOBAL-001","Accueil / cross-domain shell","/angelcare-marketplace/admin","/api/angelcare-marketplace/admin/media/:mediaId","DELETE handleCommerceResource","marketplace.media.manage|marketplace.media.view|marketplace.homepage.manage|marketplace.homepage.view|marketplace.navigation.manage|marketplace.navigation.view|marketplace.categories.manage|marketplace.catalog.view|marketplace.catalog.manage|marketplace.merchandising.manage|marketplace.merchandising.view|marketplace.publication.manage|marketplace.commerce.view|marketplace.commerce.|marketplace.catalog.purge|marketplace.media.replaced|marketplace.media.uploaded|marketplace.media.transformed","requireMarketplaceApiContext / source domain guard","app/api/angelcare-marketplace/admin/media/[mediaId]/route.ts","VISIBLE_ENABLED_OR_DISABLED_WITH_REASON","SOURCE_REVIEWED","STATIC_VERIFIED_RUNTIME_GATE","Server handler chain inspected; frontend behavior is represented by AdminNavigation; AdminWorkspaceContextNav; GovernedActionProvider."
"CAP-GLOBAL-001","Accueil / cross-domain shell","/angelcare-marketplace/admin","/api/angelcare-marketplace/admin/media/:mediaId/transform","POST handleMediaTransform","marketplace.media.manage|marketplace.media.view|marketplace.homepage.manage|marketplace.homepage.view|marketplace.navigation.manage|marketplace.navigation.view|marketplace.categories.manage|marketplace.catalog.view|marketplace.catalog.manage|marketplace.merchandising.manage|marketplace.merchandising.view|marketplace.publication.manage|marketplace.commerce.view|marketplace.commerce.|marketplace.catalog.purge|marketplace.media.replaced|marketplace.media.uploaded|marketplace.media.transformed","requireMarketplaceApiContext / source domain guard","app/api/angelcare-marketplace/admin/media/[mediaId]/transform/route.ts","VISIBLE_ENABLED_OR_DISABLED_WITH_REASON","SOURCE_REVIEWED","STATIC_VERIFIED_RUNTIME_GATE","Server handler chain inspected; frontend behavior is represented by AdminNavigation; AdminWorkspaceContextNav; GovernedActionProvider."
"CAP-B05-001","Boutique","/angelcare-marketplace/admin/boutique","/api/angelcare-marketplace/admin/media","POST handleCommerceResource","marketplace.media.manage|marketplace.media.view|marketplace.homepage.manage|marketplace.homepage.view|marketplace.navigation.manage|marketplace.navigation.view|marketplace.categories.manage|marketplace.catalog.view|marketplace.catalog.manage|marketplace.merchandising.manage|marketplace.merchandising.view|marketplace.publication.manage|marketplace.commerce.view|marketplace.commerce.|marketplace.catalog.purge|marketplace.media.replaced|marketplace.media.uploaded|marketplace.media.transformed","requireMarketplaceApiContext / source domain guard","app/api/angelcare-marketplace/admin/media/route.ts","VISIBLE_ENABLED_OR_DISABLED_WITH_REASON","SOURCE_REVIEWED","STATIC_VERIFIED_RUNTIME_GATE","Server handler chain inspected; frontend behavior is represented by FrontendControlCommand."
"CAP-B05-001","Boutique","/angelcare-marketplace/admin/boutique","/api/angelcare-marketplace/admin/media/upload","POST handleMediaUpload","marketplace.media.manage|marketplace.media.view|marketplace.homepage.manage|marketplace.homepage.view|marketplace.navigation.manage|marketplace.navigation.view|marketplace.categories.manage|marketplace.catalog.view|marketplace.catalog.manage|marketplace.merchandising.manage|marketplace.merchandising.view|marketplace.publication.manage|marketplace.commerce.view|marketplace.commerce.|marketplace.catalog.purge|marketplace.media.replaced|marketplace.media.uploaded|marketplace.media.transformed","requireMarketplaceApiContext / source domain guard","app/api/angelcare-marketplace/admin/media/upload/route.ts","VISIBLE_ENABLED_OR_DISABLED_WITH_REASON","SOURCE_REVIEWED","STATIC_VERIFIED_RUNTIME_GATE","Server handler chain inspected; frontend behavior is represented by FrontendControlCommand."
"CAP-B02-001","Catégories & collections","/angelcare-marketplace/admin/catalog/categories","/api/angelcare-marketplace/admin/merchandising/collections","POST handleCommerceResource","marketplace.media.manage|marketplace.media.view|marketplace.homepage.manage|marketplace.homepage.view|marketplace.navigation.manage|marketplace.navigation.view|marketplace.categories.manage|marketplace.catalog.view|marketplace.catalog.manage|marketplace.merchandising.manage|marketplace.merchandising.view|marketplace.publication.manage|marketplace.commerce.view|marketplace.commerce.|marketplace.catalog.purge|marketplace.media.replaced|marketplace.media.uploaded|marketplace.media.transformed","requireMarketplaceApiContext / source domain guard","app/api/angelcare-marketplace/admin/merchandising/collections/route.ts","VISIBLE_ENABLED_OR_DISABLED_WITH_REASON","SOURCE_REVIEWED","STATIC_VERIFIED_RUNTIME_GATE","Server handler chain inspected; frontend behavior is represented by CategoryStudio."
"CAP-B06-001","Marketing & promotions","/angelcare-marketplace/admin/growth-experience","/api/angelcare-marketplace/admin/merchandising/collections","POST handleCommerceResource","marketplace.media.manage|marketplace.media.view|marketplace.homepage.manage|marketplace.homepage.view|marketplace.navigation.manage|marketplace.navigation.view|marketplace.categories.manage|marketplace.catalog.view|marketplace.catalog.manage|marketplace.merchandising.manage|marketplace.merchandising.view|marketplace.publication.manage|marketplace.commerce.view|marketplace.commerce.|marketplace.catalog.purge|marketplace.media.replaced|marketplace.media.uploaded|marketplace.media.transformed","requireMarketplaceApiContext / source domain guard","app/api/angelcare-marketplace/admin/merchandising/collections/route.ts","VISIBLE_ENABLED_OR_DISABLED_WITH_REASON","SOURCE_REVIEWED","STATIC_VERIFIED_RUNTIME_GATE","Server handler chain inspected; frontend behavior is represented by GrowthExperienceCommand."
"CAP-B06-001","Marketing & promotions","/angelcare-marketplace/admin/growth-experience","/api/angelcare-marketplace/admin/merchandising/placements","POST handleCommerceResource","marketplace.media.manage|marketplace.media.view|marketplace.homepage.manage|marketplace.homepage.view|marketplace.navigation.manage|marketplace.navigation.view|marketplace.categories.manage|marketplace.catalog.view|marketplace.catalog.manage|marketplace.merchandising.manage|marketplace.merchandising.view|marketplace.publication.manage|marketplace.commerce.view|marketplace.commerce.|marketplace.catalog.purge|marketplace.media.replaced|marketplace.media.uploaded|marketplace.media.transformed","requireMarketplaceApiContext / source domain guard","app/api/angelcare-marketplace/admin/merchandising/placements/route.ts","VISIBLE_ENABLED_OR_DISABLED_WITH_REASON","SOURCE_REVIEWED","STATIC_VERIFIED_RUNTIME_GATE","Server handler chain inspected; frontend behavior is represented by GrowthExperienceCommand."
"CAP-B06-001","Marketing & promotions","/angelcare-marketplace/admin/growth-experience","/api/angelcare-marketplace/admin/merchandising/publish","POST handleCommerceAction","marketplace.media.manage|marketplace.media.view|marketplace.homepage.manage|marketplace.homepage.view|marketplace.navigation.manage|marketplace.navigation.view|marketplace.categories.manage|marketplace.catalog.view|marketplace.catalog.manage|marketplace.merchandising.manage|marketplace.merchandising.view|marketplace.publication.manage|marketplace.commerce.view|marketplace.commerce.|marketplace.catalog.purge|marketplace.media.replaced|marketplace.media.uploaded|marketplace.media.transformed","requireMarketplaceApiContext / source domain guard","app/api/angelcare-marketplace/admin/merchandising/publish/route.ts","VISIBLE_ENABLED_OR_DISABLED_WITH_REASON","SOURCE_REVIEWED","STATIC_VERIFIED_RUNTIME_GATE","Server handler chain inspected; frontend behavior is represented by GrowthExperienceCommand."
"CAP-B06-001","Marketing & promotions","/angelcare-marketplace/admin/growth-experience","/api/angelcare-marketplace/admin/merchandising/reorder","POST handleCommerceAction","marketplace.media.manage|marketplace.media.view|marketplace.homepage.manage|marketplace.homepage.view|marketplace.navigation.manage|marketplace.navigation.view|marketplace.categories.manage|marketplace.catalog.view|marketplace.catalog.manage|marketplace.merchandising.manage|marketplace.merchandising.view|marketplace.publication.manage|marketplace.commerce.view|marketplace.commerce.|marketplace.catalog.purge|marketplace.media.replaced|marketplace.media.uploaded|marketplace.media.transformed","requireMarketplaceApiContext / source domain guard","app/api/angelcare-marketplace/admin/merchandising/reorder/route.ts","VISIBLE_ENABLED_OR_DISABLED_WITH_REASON","SOURCE_REVIEWED","STATIC_VERIFIED_RUNTIME_GATE","Server handler chain inspected; frontend behavior is represented by GrowthExperienceCommand."
"CAP-B06-001","Marketing & promotions","/angelcare-marketplace/admin/growth-experience","/api/angelcare-marketplace/admin/merchandising/rules","POST handleCommerceResource","marketplace.media.manage|marketplace.media.view|marketplace.homepage.manage|marketplace.homepage.view|marketplace.navigation.manage|marketplace.navigation.view|marketplace.categories.manage|marketplace.catalog.view|marketplace.catalog.manage|marketplace.merchandising.manage|marketplace.merchandising.view|marketplace.publication.manage|marketplace.commerce.view|marketplace.commerce.|marketplace.catalog.purge|marketplace.media.replaced|marketplace.media.uploaded|marketplace.media.transformed","requireMarketplaceApiContext / source domain guard","app/api/angelcare-marketplace/admin/merchandising/rules/route.ts","VISIBLE_ENABLED_OR_DISABLED_WITH_REASON","SOURCE_REVIEWED","STATIC_VERIFIED_RUNTIME_GATE","Server handler chain inspected; frontend behavior is represented by GrowthExperienceCommand."
"CAP-GLOBAL-001","Accueil / cross-domain shell","/angelcare-marketplace/admin","/api/angelcare-marketplace/admin/navigation/items/:itemId","PATCH handleCommerceResource","marketplace.media.manage|marketplace.media.view|marketplace.homepage.manage|marketplace.homepage.view|marketplace.navigation.manage|marketplace.navigation.view|marketplace.categories.manage|marketplace.catalog.view|marketplace.catalog.manage|marketplace.merchandising.manage|marketplace.merchandising.view|marketplace.publication.manage|marketplace.commerce.view|marketplace.commerce.|marketplace.catalog.purge|marketplace.media.replaced|marketplace.media.uploaded|marketplace.media.transformed","requireMarketplaceApiContext / source domain guard","app/api/angelcare-marketplace/admin/navigation/items/[itemId]/route.ts","VISIBLE_ENABLED_OR_DISABLED_WITH_REASON","SOURCE_REVIEWED","STATIC_VERIFIED_RUNTIME_GATE","Server handler chain inspected; frontend behavior is represented by AdminNavigation; AdminWorkspaceContextNav; GovernedActionProvider."
"CAP-GLOBAL-001","Accueil / cross-domain shell","/angelcare-marketplace/admin","/api/angelcare-marketplace/admin/navigation/items/:itemId","DELETE handleCommerceResource","marketplace.media.manage|marketplace.media.view|marketplace.homepage.manage|marketplace.homepage.view|marketplace.navigation.manage|marketplace.navigation.view|marketplace.categories.manage|marketplace.catalog.view|marketplace.catalog.manage|marketplace.merchandising.manage|marketplace.merchandising.view|marketplace.publication.manage|marketplace.commerce.view|marketplace.commerce.|marketplace.catalog.purge|marketplace.media.replaced|marketplace.media.uploaded|marketplace.media.transformed","requireMarketplaceApiContext / source domain guard","app/api/angelcare-marketplace/admin/navigation/items/[itemId]/route.ts","VISIBLE_ENABLED_OR_DISABLED_WITH_REASON","SOURCE_REVIEWED","STATIC_VERIFIED_RUNTIME_GATE","Server handler chain inspected; frontend behavior is represented by AdminNavigation; AdminWorkspaceContextNav; GovernedActionProvider."
"CAP-B05-001","Boutique","/angelcare-marketplace/admin/boutique","/api/angelcare-marketplace/admin/navigation/items","POST handleCommerceResource","marketplace.media.manage|marketplace.media.view|marketplace.homepage.manage|marketplace.homepage.view|marketplace.navigation.manage|marketplace.navigation.view|marketplace.categories.manage|marketplace.catalog.view|marketplace.catalog.manage|marketplace.merchandising.manage|marketplace.merchandising.view|marketplace.publication.manage|marketplace.commerce.view|marketplace.commerce.|marketplace.catalog.purge|marketplace.media.replaced|marketplace.media.uploaded|marketplace.media.transformed","requireMarketplaceApiContext / source domain guard","app/api/angelcare-marketplace/admin/navigation/items/route.ts","VISIBLE_ENABLED_OR_DISABLED_WITH_REASON","SOURCE_REVIEWED","STATIC_VERIFIED_RUNTIME_GATE","Server handler chain inspected; frontend behavior is represented by FrontendControlCommand."
"CAP-B05-001","Boutique","/angelcare-marketplace/admin/boutique","/api/angelcare-marketplace/admin/navigation/publish","POST handleCommerceAction","marketplace.media.manage|marketplace.media.view|marketplace.homepage.manage|marketplace.homepage.view|marketplace.navigation.manage|marketplace.navigation.view|marketplace.categories.manage|marketplace.catalog.view|marketplace.catalog.manage|marketplace.merchandising.manage|marketplace.merchandising.view|marketplace.publication.manage|marketplace.commerce.view|marketplace.commerce.|marketplace.catalog.purge|marketplace.media.replaced|marketplace.media.uploaded|marketplace.media.transformed","requireMarketplaceApiContext / source domain guard","app/api/angelcare-marketplace/admin/navigation/publish/route.ts","VISIBLE_ENABLED_OR_DISABLED_WITH_REASON","SOURCE_REVIEWED","STATIC_VERIFIED_RUNTIME_GATE","Server handler chain inspected; frontend behavior is represented by FrontendControlCommand."
"CAP-B05-001","Boutique","/angelcare-marketplace/admin/boutique","/api/angelcare-marketplace/admin/navigation/reorder","POST handleCommerceAction","marketplace.media.manage|marketplace.media.view|marketplace.homepage.manage|marketplace.homepage.view|marketplace.navigation.manage|marketplace.navigation.view|marketplace.categories.manage|marketplace.catalog.view|marketplace.catalog.manage|marketplace.merchandising.manage|marketplace.merchandising.view|marketplace.publication.manage|marketplace.commerce.view|marketplace.commerce.|marketplace.catalog.purge|marketplace.media.replaced|marketplace.media.uploaded|marketplace.media.transformed","requireMarketplaceApiContext / source domain guard","app/api/angelcare-marketplace/admin/navigation/reorder/route.ts","VISIBLE_ENABLED_OR_DISABLED_WITH_REASON","SOURCE_REVIEWED","STATIC_VERIFIED_RUNTIME_GATE","Server handler chain inspected; frontend behavior is represented by FrontendControlCommand."
"CAP-B05-001","Boutique","/angelcare-marketplace/admin/boutique","/api/angelcare-marketplace/admin/navigation","POST handleCommerceResource","marketplace.media.manage|marketplace.media.view|marketplace.homepage.manage|marketplace.homepage.view|marketplace.navigation.manage|marketplace.navigation.view|marketplace.categories.manage|marketplace.catalog.view|marketplace.catalog.manage|marketplace.merchandising.manage|marketplace.merchandising.view|marketplace.publication.manage|marketplace.commerce.view|marketplace.commerce.|marketplace.catalog.purge|marketplace.media.replaced|marketplace.media.uploaded|marketplace.media.transformed","requireMarketplaceApiContext / source domain guard","app/api/angelcare-marketplace/admin/navigation/route.ts","VISIBLE_ENABLED_OR_DISABLED_WITH_REASON","SOURCE_REVIEWED","STATIC_VERIFIED_RUNTIME_GATE","Server handler chain inspected; frontend behavior is represented by FrontendControlCommand."
"CAP-B07-001","Opérations","/angelcare-marketplace/admin/operations/today","/api/angelcare-marketplace/admin/operating/approvals/:approvalId/decision","POST handleOperatingApprovalDecision","marketplace.operating_kernel.manage|marketplace.operating_kernel.view|marketplace.operating_kernel.approve","requireMarketplaceApiContext / source domain guard","app/api/angelcare-marketplace/admin/operating/approvals/[approvalId]/decision/route.ts","VISIBLE_ENABLED_OR_DISABLED_WITH_REASON","SOURCE_REVIEWED","STATIC_VERIFIED_RUNTIME_GATE","Server handler chain inspected; frontend behavior is represented by OperationsCommand."
"CAP-B07-001","Opérations","/angelcare-marketplace/admin/operations/today","/api/angelcare-marketplace/admin/operating/cases/:caseId/approvals","POST handleOperatingApprovals","marketplace.operating_kernel.manage|marketplace.operating_kernel.view|marketplace.operating_kernel.approve","requireMarketplaceApiContext / source domain guard","app/api/angelcare-marketplace/admin/operating/cases/[caseId]/approvals/route.ts","VISIBLE_ENABLED_OR_DISABLED_WITH_REASON","SOURCE_REVIEWED","STATIC_VERIFIED_RUNTIME_GATE","Server handler chain inspected; frontend behavior is represented by OperationsCommand."
"CAP-B07-001","Opérations","/angelcare-marketplace/admin/operations/today","/api/angelcare-marketplace/admin/operating/cases/:caseId/assignments","POST handleOperatingCaseAssignment","marketplace.operating_kernel.manage|marketplace.operating_kernel.view|marketplace.operating_kernel.approve","requireMarketplaceApiContext / source domain guard","app/api/angelcare-marketplace/admin/operating/cases/[caseId]/assignments/route.ts","VISIBLE_ENABLED_OR_DISABLED_WITH_REASON","SOURCE_REVIEWED","STATIC_VERIFIED_RUNTIME_GATE","Server handler chain inspected; frontend behavior is represented by OperationsCommand."
"CAP-B07-001","Opérations","/angelcare-marketplace/admin/operations/today","/api/angelcare-marketplace/admin/operating/cases/:caseId/comments","POST handleOperatingComment","marketplace.operating_kernel.manage|marketplace.operating_kernel.view|marketplace.operating_kernel.approve","requireMarketplaceApiContext / source domain guard","app/api/angelcare-marketplace/admin/operating/cases/[caseId]/comments/route.ts","VISIBLE_ENABLED_OR_DISABLED_WITH_REASON","SOURCE_REVIEWED","STATIC_VERIFIED_RUNTIME_GATE","Server handler chain inspected; frontend behavior is represented by OperationsCommand."
"CAP-B07-001","Opérations","/angelcare-marketplace/admin/operations/today","/api/angelcare-marketplace/admin/operating/cases/:caseId/evidence","POST handleOperatingEvidence","marketplace.operating_kernel.manage|marketplace.operating_kernel.view|marketplace.operating_kernel.approve","requireMarketplaceApiContext / source domain guard","app/api/angelcare-marketplace/admin/operating/cases/[caseId]/evidence/route.ts","VISIBLE_ENABLED_OR_DISABLED_WITH_REASON","SOURCE_REVIEWED","STATIC_VERIFIED_RUNTIME_GATE","Server handler chain inspected; frontend behavior is represented by OperationsCommand."
"CAP-B07-001","Opérations","/angelcare-marketplace/admin/operations/today","/api/angelcare-marketplace/admin/operating/cases/:caseId/exceptions","POST handleOperatingExceptions","marketplace.operating_kernel.manage|marketplace.operating_kernel.view|marketplace.operating_kernel.approve","requireMarketplaceApiContext / source domain guard","app/api/angelcare-marketplace/admin/operating/cases/[caseId]/exceptions/route.ts","VISIBLE_ENABLED_OR_DISABLED_WITH_REASON","SOURCE_REVIEWED","STATIC_VERIFIED_RUNTIME_GATE","Server handler chain inspected; frontend behavior is represented by OperationsCommand."
"CAP-B07-001","Opérations","/angelcare-marketplace/admin/operations/today","/api/angelcare-marketplace/admin/operating/cases/:caseId/recovery","POST handleOperatingRecovery","marketplace.operating_kernel.manage|marketplace.operating_kernel.view|marketplace.operating_kernel.approve","requireMarketplaceApiContext / source domain guard","app/api/angelcare-marketplace/admin/operating/cases/[caseId]/recovery/route.ts","VISIBLE_ENABLED_OR_DISABLED_WITH_REASON","SOURCE_REVIEWED","STATIC_VERIFIED_RUNTIME_GATE","Server handler chain inspected; frontend behavior is represented by OperationsCommand."
"CAP-B07-001","Opérations","/angelcare-marketplace/admin/operations/today","/api/angelcare-marketplace/admin/operating/cases/:caseId/transition","POST handleOperatingCaseTransition","marketplace.operating_kernel.manage|marketplace.operating_kernel.view|marketplace.operating_kernel.approve","requireMarketplaceApiContext / source domain guard","app/api/angelcare-marketplace/admin/operating/cases/[caseId]/transition/route.ts","VISIBLE_ENABLED_OR_DISABLED_WITH_REASON","SOURCE_REVIEWED","STATIC_VERIFIED_RUNTIME_GATE","Server handler chain inspected; frontend behavior is represented by OperationsCommand."
"CAP-B07-001","Opérations","/angelcare-marketplace/admin/operations/today","/api/angelcare-marketplace/admin/operating/cases","POST handleOperatingCases","marketplace.operating_kernel.manage|marketplace.operating_kernel.view|marketplace.operating_kernel.approve","requireMarketplaceApiContext / source domain guard","app/api/angelcare-marketplace/admin/operating/cases/route.ts","VISIBLE_ENABLED_OR_DISABLED_WITH_REASON","SOURCE_REVIEWED","STATIC_VERIFIED_RUNTIME_GATE","Server handler chain inspected; frontend behavior is represented by OperationsCommand."
"CAP-B07-001","Opérations","/angelcare-marketplace/admin/operations/today","/api/angelcare-marketplace/admin/operating/evidence/:evidenceId/review","POST handleOperatingEvidenceReview","marketplace.operating_kernel.manage|marketplace.operating_kernel.view|marketplace.operating_kernel.approve","requireMarketplaceApiContext / source domain guard","app/api/angelcare-marketplace/admin/operating/evidence/[evidenceId]/review/route.ts","VISIBLE_ENABLED_OR_DISABLED_WITH_REASON","SOURCE_REVIEWED","STATIC_VERIFIED_RUNTIME_GATE","Server handler chain inspected; frontend behavior is represented by OperationsCommand."
"CAP-B07-001","Opérations","/angelcare-marketplace/admin/operations/today","/api/angelcare-marketplace/admin/operating/exceptions/:exceptionId/transition","POST handleOperatingExceptionTransition","marketplace.operating_kernel.manage|marketplace.operating_kernel.view|marketplace.operating_kernel.approve","requireMarketplaceApiContext / source domain guard","app/api/angelcare-marketplace/admin/operating/exceptions/[exceptionId]/transition/route.ts","VISIBLE_ENABLED_OR_DISABLED_WITH_REASON","SOURCE_REVIEWED","STATIC_VERIFIED_RUNTIME_GATE","Server handler chain inspected; frontend behavior is represented by OperationsCommand."
"CAP-GLOBAL-001","Accueil / cross-domain shell","/angelcare-marketplace/admin","/api/angelcare-marketplace/admin/orders/:orderId/lines","POST handleAdminOrderLineEvent","marketplace.finance.view|marketplace.finance.reconciliation.manage|marketplace.finance.price_books.manage|marketplace.finance.exceptions.approve|marketplace.security.manage|marketplace.operations.view|marketplace.operations.missions.manage","requireMarketplaceApiContext / source domain guard","app/api/angelcare-marketplace/admin/orders/[orderId]/lines/route.ts","VISIBLE_ENABLED_OR_DISABLED_WITH_REASON","SOURCE_REVIEWED","STATIC_VERIFIED_RUNTIME_GATE","Server handler chain inspected; frontend behavior is represented by AdminNavigation; AdminWorkspaceContextNav; GovernedActionProvider."
"CAP-GLOBAL-001","Accueil / cross-domain shell","/angelcare-marketplace/admin","/api/angelcare-marketplace/admin/orders/:orderId","PATCH handleAdminEnterpriseOrder","marketplace.finance.view|marketplace.finance.reconciliation.manage|marketplace.finance.price_books.manage|marketplace.finance.exceptions.approve|marketplace.security.manage|marketplace.operations.view|marketplace.operations.missions.manage","requireMarketplaceApiContext / source domain guard","app/api/angelcare-marketplace/admin/orders/[orderId]/route.ts","VISIBLE_ENABLED_OR_DISABLED_WITH_REASON","SOURCE_REVIEWED","STATIC_VERIFIED_RUNTIME_GATE","Server handler chain inspected; frontend behavior is represented by AdminNavigation; AdminWorkspaceContextNav; GovernedActionProvider."
"CAP-B04-001","Commandes & réservations","/angelcare-marketplace/admin/orders","/api/angelcare-marketplace/admin/orders","POST handleAdminOrders","marketplace.admin.access|marketplace.family.admin.view|marketplace.family.admin.manage|marketplace.finance.view|marketplace.finance.manage|marketplace.finance.exceptions.approve|marketplace.operations.missions.create|marketplace.operations.view|marketplace.catalog.suppliers.manage|marketplace.catalog.suppliers.view","requireMarketplaceApiContext / source domain guard","app/api/angelcare-marketplace/admin/orders/route.ts","VISIBLE_ENABLED_OR_DISABLED_WITH_REASON","SOURCE_REVIEWED","STATIC_VERIFIED_RUNTIME_GATE","Server handler chain inspected; frontend behavior is represented by EnterpriseOrderCommand."
"CAP-GLOBAL-001","Accueil / cross-domain shell","/angelcare-marketplace/admin","/api/angelcare-marketplace/admin/payments/:paymentIntentId/refund","POST handleAdminPaymentRefund","marketplace.finance.view|marketplace.finance.reconciliation.manage|marketplace.finance.price_books.manage|marketplace.finance.exceptions.approve|marketplace.security.manage|marketplace.operations.view|marketplace.operations.missions.manage","requireMarketplaceApiContext / source domain guard","app/api/angelcare-marketplace/admin/payments/[paymentIntentId]/refund/route.ts","VISIBLE_ENABLED_OR_DISABLED_WITH_REASON","SOURCE_REVIEWED","STATIC_VERIFIED_RUNTIME_GATE","Server handler chain inspected; frontend behavior is represented by AdminNavigation; AdminWorkspaceContextNav; GovernedActionProvider."
"CAP-B11-001","Trust & qualité","/angelcare-marketplace/admin/trust","/api/angelcare-marketplace/admin/payments/:paymentIntentId","PATCH handleAdminPayment","marketplace.admin.access|marketplace.family.admin.view|marketplace.family.admin.manage|marketplace.finance.view|marketplace.finance.manage|marketplace.finance.exceptions.approve|marketplace.operations.missions.create|marketplace.operations.view|marketplace.catalog.suppliers.manage|marketplace.catalog.suppliers.view","requireMarketplaceApiContext / source domain guard","app/api/angelcare-marketplace/admin/payments/[paymentIntentId]/route.ts","VISIBLE_ENABLED_OR_DISABLED_WITH_REASON","SOURCE_REVIEWED","STATIC_VERIFIED_RUNTIME_GATE","Server handler chain inspected; frontend behavior is represented by TrustCommand; AdminWorkspaceContextNav."
"CAP-GLOBAL-001","Accueil / cross-domain shell","/angelcare-marketplace/admin","/api/angelcare-marketplace/admin/payments/reconciliation/:itemId/transition","POST handleAdminPaymentReconciliationTransition","marketplace.finance.view|marketplace.finance.reconciliation.manage|marketplace.finance.price_books.manage|marketplace.finance.exceptions.approve|marketplace.security.manage|marketplace.operations.view|marketplace.operations.missions.manage","requireMarketplaceApiContext / source domain guard","app/api/angelcare-marketplace/admin/payments/reconciliation/[itemId]/transition/route.ts","VISIBLE_ENABLED_OR_DISABLED_WITH_REASON","SOURCE_REVIEWED","STATIC_VERIFIED_RUNTIME_GATE","Server handler chain inspected; frontend behavior is represented by AdminNavigation; AdminWorkspaceContextNav; GovernedActionProvider."
"CAP-B10-001","Finance","/angelcare-marketplace/admin/finance","/api/angelcare-marketplace/admin/payments","POST handleAdminPayments","marketplace.admin.access|marketplace.family.admin.view|marketplace.family.admin.manage|marketplace.finance.view|marketplace.finance.manage|marketplace.finance.exceptions.approve|marketplace.operations.missions.create|marketplace.operations.view|marketplace.catalog.suppliers.manage|marketplace.catalog.suppliers.view","requireMarketplaceApiContext / source domain guard","app/api/angelcare-marketplace/admin/payments/route.ts","VISIBLE_ENABLED_OR_DISABLED_WITH_REASON","SOURCE_REVIEWED","STATIC_VERIFIED_RUNTIME_GATE","Server handler chain inspected; frontend behavior is represented by FinanceControlLedger."
"CAP-GLOBAL-001","Accueil / cross-domain shell","/angelcare-marketplace/admin","/api/angelcare-marketplace/admin/promotions/:promotionId","PATCH handlePromotion","marketplace.admin.access|marketplace.operations.view|marketplace.operations.missions.manage|marketplace.finance.view|marketplace.finance.manage|marketplace.merchandising.view|marketplace.merchandising.manage|marketplace.operations.missions.create|marketplace.family.admin.manage","requireMarketplaceApiContext / source domain guard","app/api/angelcare-marketplace/admin/promotions/[promotionId]/route.ts","VISIBLE_ENABLED_OR_DISABLED_WITH_REASON","SOURCE_REVIEWED","STATIC_VERIFIED_RUNTIME_GATE","Server handler chain inspected; frontend behavior is represented by AdminNavigation; AdminWorkspaceContextNav; GovernedActionProvider."
"CAP-B06-001","Marketing & promotions","/angelcare-marketplace/admin/growth-experience","/api/angelcare-marketplace/admin/promotions","POST handlePromotions","marketplace.admin.access|marketplace.operations.view|marketplace.operations.missions.manage|marketplace.finance.view|marketplace.finance.manage|marketplace.merchandising.view|marketplace.merchandising.manage|marketplace.operations.missions.create|marketplace.family.admin.manage","requireMarketplaceApiContext / source domain guard","app/api/angelcare-marketplace/admin/promotions/route.ts","VISIBLE_ENABLED_OR_DISABLED_WITH_REASON","SOURCE_REVIEWED","STATIC_VERIFIED_RUNTIME_GATE","Server handler chain inspected; frontend behavior is represented by GrowthExperienceCommand."
"CAP-B05-001","Boutique","/angelcare-marketplace/admin/boutique","/api/angelcare-marketplace/admin/public-inquiries/:inquiryId","PATCH handlePublicInquiryAdmin","marketplace.commerce.view|marketplace.publication.manage|marketplace.merchandising.view|marketplace.merchandising.manage|marketplace.operations.view|marketplace.operations.missions.manage|marketplace.public.inquiries.manage","requireMarketplaceApiContext / source domain guard","app/api/angelcare-marketplace/admin/public-inquiries/[inquiryId]/route.ts","VISIBLE_ENABLED_OR_DISABLED_WITH_REASON","SOURCE_REVIEWED","STATIC_VERIFIED_RUNTIME_GATE","Server handler chain inspected; frontend behavior is represented by FrontendControlCommand."
"CAP-GLOBAL-001","Accueil / cross-domain shell","/angelcare-marketplace/admin","/api/angelcare-marketplace/admin/publication/history","POST handleCommerceResource","marketplace.media.manage|marketplace.media.view|marketplace.homepage.manage|marketplace.homepage.view|marketplace.navigation.manage|marketplace.navigation.view|marketplace.categories.manage|marketplace.catalog.view|marketplace.catalog.manage|marketplace.merchandising.manage|marketplace.merchandising.view|marketplace.publication.manage|marketplace.commerce.view|marketplace.commerce.|marketplace.catalog.purge|marketplace.media.replaced|marketplace.media.uploaded|marketplace.media.transformed","requireMarketplaceApiContext / source domain guard","app/api/angelcare-marketplace/admin/publication/history/route.ts","VISIBLE_ENABLED_OR_DISABLED_WITH_REASON","SOURCE_REVIEWED","STATIC_VERIFIED_RUNTIME_GATE","Server handler chain inspected; frontend behavior is represented by AdminNavigation; AdminWorkspaceContextNav; GovernedActionProvider."
"CAP-GLOBAL-001","Accueil / cross-domain shell","/angelcare-marketplace/admin","/api/angelcare-marketplace/admin/publication/refresh","POST INLINE_ROUTE_HANDLER","marketplace.publication.manage","requireMarketplaceApiContext / source domain guard","app/api/angelcare-marketplace/admin/publication/refresh/route.ts","VISIBLE_ENABLED_OR_DISABLED_WITH_REASON","SOURCE_REVIEWED","STATIC_VERIFIED_RUNTIME_GATE","Server handler chain inspected; frontend behavior is represented by AdminNavigation; AdminWorkspaceContextNav; GovernedActionProvider."
"CAP-GLOBAL-001","Accueil / cross-domain shell","/angelcare-marketplace/admin","/api/angelcare-marketplace/admin/publication/rollback","POST handleCommerceAction","marketplace.media.manage|marketplace.media.view|marketplace.homepage.manage|marketplace.homepage.view|marketplace.navigation.manage|marketplace.navigation.view|marketplace.categories.manage|marketplace.catalog.view|marketplace.catalog.manage|marketplace.merchandising.manage|marketplace.merchandising.view|marketplace.publication.manage|marketplace.commerce.view|marketplace.commerce.|marketplace.catalog.purge|marketplace.media.replaced|marketplace.media.uploaded|marketplace.media.transformed","requireMarketplaceApiContext / source domain guard","app/api/angelcare-marketplace/admin/publication/rollback/route.ts","VISIBLE_ENABLED_OR_DISABLED_WITH_REASON","SOURCE_REVIEWED","STATIC_VERIFIED_RUNTIME_GATE","Server handler chain inspected; frontend behavior is represented by AdminNavigation; AdminWorkspaceContextNav; GovernedActionProvider."
"CAP-B11-001","Trust & qualité","/angelcare-marketplace/admin/trust","/api/angelcare-marketplace/admin/reality/:domain/:recordId","PATCH handleRealityRecordCommand","WORKSPACE_ACCESS_AUTHORITY","requireMarketplaceWorkspaceApiContext","app/api/angelcare-marketplace/admin/reality/[domain]/[recordId]/route.ts","VISIBLE_ENABLED_OR_DISABLED_WITH_REASON","SOURCE_REVIEWED","STATIC_VERIFIED_RUNTIME_GATE","Server handler chain inspected; frontend behavior is represented by TrustCommand; AdminWorkspaceContextNav."
"CAP-B11-001","Trust & qualité","/angelcare-marketplace/admin/trust","/api/angelcare-marketplace/admin/reality/:domain","POST handleRealityCollection","WORKSPACE_ACCESS_AUTHORITY","requireMarketplaceWorkspaceApiContext","app/api/angelcare-marketplace/admin/reality/[domain]/route.ts","VISIBLE_ENABLED_OR_DISABLED_WITH_REASON","SOURCE_REVIEWED","STATIC_VERIFIED_RUNTIME_GATE","Server handler chain inspected; frontend behavior is represented by TrustCommand; AdminWorkspaceContextNav."
"CAP-B10-001","Finance","/angelcare-marketplace/admin/finance","/api/angelcare-marketplace/admin/receipts","POST handleReceipts","marketplace.admin.access|marketplace.operations.view|marketplace.operations.missions.manage|marketplace.finance.view|marketplace.finance.manage|marketplace.merchandising.view|marketplace.merchandising.manage|marketplace.operations.missions.create|marketplace.family.admin.manage","requireMarketplaceApiContext / source domain guard","app/api/angelcare-marketplace/admin/receipts/route.ts","VISIBLE_ENABLED_OR_DISABLED_WITH_REASON","SOURCE_REVIEWED","STATIC_VERIFIED_RUNTIME_GATE","Server handler chain inspected; frontend behavior is represented by FinanceControlLedger."
"CAP-B06-001","Marketing & promotions","/angelcare-marketplace/admin/growth-experience","/api/angelcare-marketplace/admin/search-rules","POST handleSearchRules","marketplace.commerce.view|marketplace.publication.manage|marketplace.merchandising.view|marketplace.merchandising.manage|marketplace.operations.view|marketplace.operations.missions.manage|marketplace.public.inquiries.manage","requireMarketplaceApiContext / source domain guard","app/api/angelcare-marketplace/admin/search-rules/route.ts","VISIBLE_ENABLED_OR_DISABLED_WITH_REASON","SOURCE_REVIEWED","STATIC_VERIFIED_RUNTIME_GATE","Server handler chain inspected; frontend behavior is represented by GrowthExperienceCommand."
"CAP-GLOBAL-001","Accueil / cross-domain shell","/angelcare-marketplace/admin","/api/angelcare-marketplace/admin/subscriptions/:subscriptionId","PATCH handleSubscription","marketplace.admin.access|marketplace.operations.view|marketplace.operations.missions.manage|marketplace.finance.view|marketplace.finance.manage|marketplace.merchandising.view|marketplace.merchandising.manage|marketplace.operations.missions.create|marketplace.family.admin.manage","requireMarketplaceApiContext / source domain guard","app/api/angelcare-marketplace/admin/subscriptions/[subscriptionId]/route.ts","VISIBLE_ENABLED_OR_DISABLED_WITH_REASON","SOURCE_REVIEWED","STATIC_VERIFIED_RUNTIME_GATE","Server handler chain inspected; frontend behavior is represented by AdminNavigation; AdminWorkspaceContextNav; GovernedActionProvider."
"CAP-B04-001","Commandes & réservations","/angelcare-marketplace/admin/orders","/api/angelcare-marketplace/admin/subscriptions","POST handleSubscriptions","marketplace.admin.access|marketplace.operations.view|marketplace.operations.missions.manage|marketplace.finance.view|marketplace.finance.manage|marketplace.merchandising.view|marketplace.merchandising.manage|marketplace.operations.missions.create|marketplace.family.admin.manage","requireMarketplaceApiContext / source domain guard","app/api/angelcare-marketplace/admin/subscriptions/route.ts","VISIBLE_ENABLED_OR_DISABLED_WITH_REASON","SOURCE_REVIEWED","STATIC_VERIFIED_RUNTIME_GATE","Server handler chain inspected; frontend behavior is represented by EnterpriseOrderCommand."
"CAP-B10-001","Finance","/angelcare-marketplace/admin/finance","/api/angelcare-marketplace/admin/subscriptions","POST handleSubscriptions","marketplace.admin.access|marketplace.operations.view|marketplace.operations.missions.manage|marketplace.finance.view|marketplace.finance.manage|marketplace.merchandising.view|marketplace.merchandising.manage|marketplace.operations.missions.create|marketplace.family.admin.manage","requireMarketplaceApiContext / source domain guard","app/api/angelcare-marketplace/admin/subscriptions/route.ts","VISIBLE_ENABLED_OR_DISABLED_WITH_REASON","SOURCE_REVIEWED","STATIC_VERIFIED_RUNTIME_GATE","Server handler chain inspected; frontend behavior is represented by FinanceControlLedger."
"CAP-B11-001","Trust & qualité","/angelcare-marketplace/admin/trust","/api/angelcare-marketplace/admin/suppliers/:supplierId","PATCH handleAdminSupplier","marketplace.admin.access|marketplace.family.admin.view|marketplace.family.admin.manage|marketplace.finance.view|marketplace.finance.manage|marketplace.finance.exceptions.approve|marketplace.operations.missions.create|marketplace.operations.view|marketplace.catalog.suppliers.manage|marketplace.catalog.suppliers.view","requireMarketplaceApiContext / source domain guard","app/api/angelcare-marketplace/admin/suppliers/[supplierId]/route.ts","VISIBLE_ENABLED_OR_DISABLED_WITH_REASON","SOURCE_REVIEWED","STATIC_VERIFIED_RUNTIME_GATE","Server handler chain inspected; frontend behavior is represented by TrustCommand; AdminWorkspaceContextNav."
"CAP-B08-001","Prestataires & fournisseurs","/angelcare-marketplace/admin/supply-network","/api/angelcare-marketplace/admin/suppliers","POST handleAdminSuppliers","marketplace.admin.access|marketplace.family.admin.view|marketplace.family.admin.manage|marketplace.finance.view|marketplace.finance.manage|marketplace.finance.exceptions.approve|marketplace.operations.missions.create|marketplace.operations.view|marketplace.catalog.suppliers.manage|marketplace.catalog.suppliers.view","requireMarketplaceApiContext / source domain guard","app/api/angelcare-marketplace/admin/suppliers/route.ts","VISIBLE_ENABLED_OR_DISABLED_WITH_REASON","SOURCE_REVIEWED","STATIC_VERIFIED_RUNTIME_GATE","Server handler chain inspected; frontend behavior is represented by NetworkAreaPage."
"CAP-GLOBAL-001","Accueil / cross-domain shell","/angelcare-marketplace/admin","/api/angelcare-marketplace/admin/wallet/accounts/:walletId/adjustment","POST handleAdminWalletAdjustment","marketplace.finance.view|marketplace.finance.reconciliation.manage|marketplace.finance.price_books.manage|marketplace.finance.exceptions.approve|marketplace.security.manage|marketplace.operations.view|marketplace.operations.missions.manage","requireMarketplaceApiContext / source domain guard","app/api/angelcare-marketplace/admin/wallet/accounts/[walletId]/adjustment/route.ts","VISIBLE_ENABLED_OR_DISABLED_WITH_REASON","SOURCE_REVIEWED","STATIC_VERIFIED_RUNTIME_GATE","Server handler chain inspected; frontend behavior is represented by AdminNavigation; AdminWorkspaceContextNav; GovernedActionProvider."
"CAP-GLOBAL-001","Accueil / cross-domain shell","/angelcare-marketplace/admin","/api/angelcare-marketplace/admin/wallet/accounts/:walletId/restriction","PATCH handleAdminWalletRestriction","marketplace.finance.view|marketplace.finance.reconciliation.manage|marketplace.finance.price_books.manage|marketplace.finance.exceptions.approve|marketplace.security.manage|marketplace.operations.view|marketplace.operations.missions.manage","requireMarketplaceApiContext / source domain guard","app/api/angelcare-marketplace/admin/wallet/accounts/[walletId]/restriction/route.ts","VISIBLE_ENABLED_OR_DISABLED_WITH_REASON","SOURCE_REVIEWED","STATIC_VERIFIED_RUNTIME_GATE","Server handler chain inspected; frontend behavior is represented by AdminNavigation; AdminWorkspaceContextNav; GovernedActionProvider."
"CAP-B10-001","Finance","/angelcare-marketplace/admin/finance","/api/angelcare-marketplace/admin/wallet/imports","POST handleAdminWalletPolicyImport","marketplace.finance.view|marketplace.finance.reconciliation.manage|marketplace.finance.price_books.manage|marketplace.finance.exceptions.approve|marketplace.security.manage|marketplace.operations.view|marketplace.operations.missions.manage","requireMarketplaceApiContext / source domain guard","app/api/angelcare-marketplace/admin/wallet/imports/route.ts","VISIBLE_ENABLED_OR_DISABLED_WITH_REASON","SOURCE_REVIEWED","STATIC_VERIFIED_RUNTIME_GATE","Server handler chain inspected; frontend behavior is represented by FinanceControlLedger."
"CAP-GLOBAL-001","Accueil / cross-domain shell","/angelcare-marketplace/admin","/api/angelcare-marketplace/admin/wallet/policies/:policyId","PATCH handleAdminWalletPolicy","marketplace.finance.view|marketplace.finance.reconciliation.manage|marketplace.finance.price_books.manage|marketplace.finance.exceptions.approve|marketplace.security.manage|marketplace.operations.view|marketplace.operations.missions.manage","requireMarketplaceApiContext / source domain guard","app/api/angelcare-marketplace/admin/wallet/policies/[policyId]/route.ts","VISIBLE_ENABLED_OR_DISABLED_WITH_REASON","SOURCE_REVIEWED","STATIC_VERIFIED_RUNTIME_GATE","Server handler chain inspected; frontend behavior is represented by AdminNavigation; AdminWorkspaceContextNav; GovernedActionProvider."
"CAP-B10-001","Finance","/angelcare-marketplace/admin/finance","/api/angelcare-marketplace/admin/wallet/policies","POST handleAdminWalletPolicies","marketplace.finance.view|marketplace.finance.reconciliation.manage|marketplace.finance.price_books.manage|marketplace.finance.exceptions.approve|marketplace.security.manage|marketplace.operations.view|marketplace.operations.missions.manage","requireMarketplaceApiContext / source domain guard","app/api/angelcare-marketplace/admin/wallet/policies/route.ts","VISIBLE_ENABLED_OR_DISABLED_WITH_REASON","SOURCE_REVIEWED","STATIC_VERIFIED_RUNTIME_GATE","Server handler chain inspected; frontend behavior is represented by FinanceControlLedger."
"CAP-GLOBAL-001","Accueil / cross-domain shell","/angelcare-marketplace/admin","/api/angelcare-marketplace/admin/wallet/reconciliation/:itemId/transition","POST handleAdminWalletReconciliationTransition","marketplace.finance.view|marketplace.finance.reconciliation.manage|marketplace.finance.price_books.manage|marketplace.finance.exceptions.approve|marketplace.security.manage|marketplace.operations.view|marketplace.operations.missions.manage","requireMarketplaceApiContext / source domain guard","app/api/angelcare-marketplace/admin/wallet/reconciliation/[itemId]/transition/route.ts","VISIBLE_ENABLED_OR_DISABLED_WITH_REASON","SOURCE_REVIEWED","STATIC_VERIFIED_RUNTIME_GATE","Server handler chain inspected; frontend behavior is represented by AdminNavigation; AdminWorkspaceContextNav; GovernedActionProvider."
"CAP-B10-001","Finance","/angelcare-marketplace/admin/finance","/api/angelcare-marketplace/admin/wallet/simulations","POST handleAdminWalletSimulation","marketplace.finance.view|marketplace.finance.reconciliation.manage|marketplace.finance.price_books.manage|marketplace.finance.exceptions.approve|marketplace.security.manage|marketplace.operations.view|marketplace.operations.missions.manage","requireMarketplaceApiContext / source domain guard","app/api/angelcare-marketplace/admin/wallet/simulations/route.ts","VISIBLE_ENABLED_OR_DISABLED_WITH_REASON","SOURCE_REVIEWED","STATIC_VERIFIED_RUNTIME_GATE","Server handler chain inspected; frontend behavior is represented by FinanceControlLedger."
"CAP-B11-001","Trust & qualité","/angelcare-marketplace/admin/trust","/api/angelcare-marketplace/admin/workspace-access","POST handleWorkspaceAccess","marketplace.admin.access","requireMarketplaceApiContext / source domain guard","app/api/angelcare-marketplace/admin/workspace-access/route.ts","VISIBLE_ENABLED_OR_DISABLED_WITH_REASON","SOURCE_REVIEWED","STATIC_VERIFIED_RUNTIME_GATE","Server handler chain inspected; frontend behavior is represented by TrustCommand; AdminWorkspaceContextNav."
"CAP-B11-001","Trust & qualité","/angelcare-marketplace/admin/trust","/api/angelcare-marketplace/analytics/refresh","POST handleAnalyticsRefresh","marketplace.analytics.view|marketplace.analytics.definitions.manage|marketplace.security.view|marketplace.security.access_review|marketplace.security.isolation.review|marketplace.security.events.view|marketplace.backup.view|marketplace.recovery_test.approve","requireMarketplaceApiContext / source domain guard","app/api/angelcare-marketplace/analytics/refresh/route.ts","VISIBLE_ENABLED_OR_DISABLED_WITH_REASON","SOURCE_REVIEWED","STATIC_VERIFIED_RUNTIME_GATE","Server handler chain inspected; frontend behavior is represented by TrustCommand; AdminWorkspaceContextNav."
"CAP-B09-001","Academy / B2B & partenaires","/angelcare-marketplace/admin/academy","/api/angelcare-marketplace/b2b/corporates/quotas/:quotaId/consume","POST handleCorporateUsage","marketplace.b2b.view|marketplace.b2b.create|marketplace.b2b.diagnostics.manage|marketplace.b2b.diagnostics.view|marketplace.b2b.diagnostics.review|marketplace.b2b.conversions.manage|marketplace.b2b.programs.view|marketplace.b2b.programs.manage|marketplace.b2b.establishments.quality_review|marketplace.b2b.hospitality.view|marketplace.b2b.health_partners.view|marketplace.b2b.corporates.view|marketplace.b2b.corporates.impact_view|marketplace.b2b.corporates.eligibility_manage","requireMarketplaceApiContext / source domain guard","app/api/angelcare-marketplace/b2b/corporates/quotas/[quotaId]/consume/route.ts","VISIBLE_ENABLED_OR_DISABLED_WITH_REASON","SOURCE_REVIEWED","STATIC_VERIFIED_RUNTIME_GATE","Server handler chain inspected; frontend behavior is represented by AcademyCommand."
"CAP-B09-001","Academy / B2B & partenaires","/angelcare-marketplace/admin/academy","/api/angelcare-marketplace/b2b/diagnostics/:diagnosticId/convert","POST handleDiagnosticConversion","marketplace.b2b.view|marketplace.b2b.create|marketplace.b2b.diagnostics.manage|marketplace.b2b.diagnostics.view|marketplace.b2b.diagnostics.review|marketplace.b2b.conversions.manage|marketplace.b2b.programs.view|marketplace.b2b.programs.manage|marketplace.b2b.establishments.quality_review|marketplace.b2b.hospitality.view|marketplace.b2b.health_partners.view|marketplace.b2b.corporates.view|marketplace.b2b.corporates.impact_view|marketplace.b2b.corporates.eligibility_manage","requireMarketplaceApiContext / source domain guard","app/api/angelcare-marketplace/b2b/diagnostics/[diagnosticId]/convert/route.ts","VISIBLE_ENABLED_OR_DISABLED_WITH_REASON","SOURCE_REVIEWED","STATIC_VERIFIED_RUNTIME_GATE","Server handler chain inspected; frontend behavior is represented by AcademyCommand."
"CAP-B09-001","Academy / B2B & partenaires","/angelcare-marketplace/admin/academy","/api/angelcare-marketplace/b2b/diagnostics/:diagnosticId/transition","POST handleDiagnosticTransition","marketplace.b2b.view|marketplace.b2b.create|marketplace.b2b.diagnostics.manage|marketplace.b2b.diagnostics.view|marketplace.b2b.diagnostics.review|marketplace.b2b.conversions.manage|marketplace.b2b.programs.view|marketplace.b2b.programs.manage|marketplace.b2b.establishments.quality_review|marketplace.b2b.hospitality.view|marketplace.b2b.health_partners.view|marketplace.b2b.corporates.view|marketplace.b2b.corporates.impact_view|marketplace.b2b.corporates.eligibility_manage","requireMarketplaceApiContext / source domain guard","app/api/angelcare-marketplace/b2b/diagnostics/[diagnosticId]/transition/route.ts","VISIBLE_ENABLED_OR_DISABLED_WITH_REASON","SOURCE_REVIEWED","STATIC_VERIFIED_RUNTIME_GATE","Server handler chain inspected; frontend behavior is represented by AcademyCommand."
"CAP-B09-001","Academy / B2B & partenaires","/angelcare-marketplace/admin/academy","/api/angelcare-marketplace/b2b/diagnostics","POST handleDiagnostics","marketplace.b2b.view|marketplace.b2b.create|marketplace.b2b.diagnostics.manage|marketplace.b2b.diagnostics.view|marketplace.b2b.diagnostics.review|marketplace.b2b.conversions.manage|marketplace.b2b.programs.view|marketplace.b2b.programs.manage|marketplace.b2b.establishments.quality_review|marketplace.b2b.hospitality.view|marketplace.b2b.health_partners.view|marketplace.b2b.corporates.view|marketplace.b2b.corporates.impact_view|marketplace.b2b.corporates.eligibility_manage","requireMarketplaceApiContext / source domain guard","app/api/angelcare-marketplace/b2b/diagnostics/route.ts","VISIBLE_ENABLED_OR_DISABLED_WITH_REASON","SOURCE_REVIEWED","STATIC_VERIFIED_RUNTIME_GATE","Server handler chain inspected; frontend behavior is represented by AcademyCommand."
"CAP-B09-001","Academy / B2B & partenaires","/angelcare-marketplace/admin/academy","/api/angelcare-marketplace/b2b/organizations","POST handleOrganizations","marketplace.b2b.view|marketplace.b2b.create|marketplace.b2b.diagnostics.manage|marketplace.b2b.diagnostics.view|marketplace.b2b.diagnostics.review|marketplace.b2b.conversions.manage|marketplace.b2b.programs.view|marketplace.b2b.programs.manage|marketplace.b2b.establishments.quality_review|marketplace.b2b.hospitality.view|marketplace.b2b.health_partners.view|marketplace.b2b.corporates.view|marketplace.b2b.corporates.impact_view|marketplace.b2b.corporates.eligibility_manage","requireMarketplaceApiContext / source domain guard","app/api/angelcare-marketplace/b2b/organizations/route.ts","VISIBLE_ENABLED_OR_DISABLED_WITH_REASON","SOURCE_REVIEWED","STATIC_VERIFIED_RUNTIME_GATE","Server handler chain inspected; frontend behavior is represented by AcademyCommand."
"CAP-B09-001","Academy / B2B & partenaires","/angelcare-marketplace/admin/academy","/api/angelcare-marketplace/b2b/programs/:programId/transition","POST handleProgramTransition","marketplace.b2b.view|marketplace.b2b.create|marketplace.b2b.diagnostics.manage|marketplace.b2b.diagnostics.view|marketplace.b2b.diagnostics.review|marketplace.b2b.conversions.manage|marketplace.b2b.programs.view|marketplace.b2b.programs.manage|marketplace.b2b.establishments.quality_review|marketplace.b2b.hospitality.view|marketplace.b2b.health_partners.view|marketplace.b2b.corporates.view|marketplace.b2b.corporates.impact_view|marketplace.b2b.corporates.eligibility_manage","requireMarketplaceApiContext / source domain guard","app/api/angelcare-marketplace/b2b/programs/[programId]/transition/route.ts","VISIBLE_ENABLED_OR_DISABLED_WITH_REASON","SOURCE_REVIEWED","STATIC_VERIFIED_RUNTIME_GATE","Server handler chain inspected; frontend behavior is represented by AcademyCommand."
"CAP-B09-001","Academy / B2B & partenaires","/angelcare-marketplace/admin/academy","/api/angelcare-marketplace/b2b/public/diagnostics","POST handlePublicDiagnostic","marketplace.b2b.view|marketplace.b2b.create|marketplace.b2b.diagnostics.manage|marketplace.b2b.diagnostics.view|marketplace.b2b.diagnostics.review|marketplace.b2b.conversions.manage|marketplace.b2b.programs.view|marketplace.b2b.programs.manage|marketplace.b2b.establishments.quality_review|marketplace.b2b.hospitality.view|marketplace.b2b.health_partners.view|marketplace.b2b.corporates.view|marketplace.b2b.corporates.impact_view|marketplace.b2b.corporates.eligibility_manage","requireMarketplaceApiContext / source domain guard","app/api/angelcare-marketplace/b2b/public/diagnostics/route.ts","VISIBLE_ENABLED_OR_DISABLED_WITH_REASON","SOURCE_REVIEWED","STATIC_VERIFIED_RUNTIME_GATE","Server handler chain inspected; frontend behavior is represented by AcademyCommand."
"CAP-B11-001","Trust & qualité","/angelcare-marketplace/admin/trust","/api/angelcare-marketplace/backoffice/actions/:actionId","PATCH handleActionUpdate","marketplace.backoffice.command.view|marketplace.backoffice.search|marketplace.backoffice.approvals.view|marketplace.backoffice.approvals.create|marketplace.backoffice.approvals.decide|marketplace.backoffice.actions.view|marketplace.backoffice.actions.manage|marketplace.backoffice.objects.view|marketplace.backoffice.objects.comment|marketplace.backoffice.briefs.view","requireMarketplaceApiContext / source domain guard","app/api/angelcare-marketplace/backoffice/actions/[actionId]/route.ts","VISIBLE_ENABLED_OR_DISABLED_WITH_REASON","SOURCE_REVIEWED","STATIC_VERIFIED_RUNTIME_GATE","Server handler chain inspected; frontend behavior is represented by TrustCommand; AdminWorkspaceContextNav."
"CAP-B11-001","Trust & qualité","/angelcare-marketplace/admin/trust","/api/angelcare-marketplace/backoffice/approvals/:approvalId/decision","POST handleApprovalDecision","marketplace.backoffice.command.view|marketplace.backoffice.search|marketplace.backoffice.approvals.view|marketplace.backoffice.approvals.create|marketplace.backoffice.approvals.decide|marketplace.backoffice.actions.view|marketplace.backoffice.actions.manage|marketplace.backoffice.objects.view|marketplace.backoffice.objects.comment|marketplace.backoffice.briefs.view","requireMarketplaceApiContext / source domain guard","app/api/angelcare-marketplace/backoffice/approvals/[approvalId]/decision/route.ts","VISIBLE_ENABLED_OR_DISABLED_WITH_REASON","SOURCE_REVIEWED","STATIC_VERIFIED_RUNTIME_GATE","Server handler chain inspected; frontend behavior is represented by TrustCommand; AdminWorkspaceContextNav."
"CAP-B11-001","Trust & qualité","/angelcare-marketplace/admin/trust","/api/angelcare-marketplace/backoffice/objects/:objectType/:objectId/comments","POST handleObjectComment","marketplace.backoffice.command.view|marketplace.backoffice.search|marketplace.backoffice.approvals.view|marketplace.backoffice.approvals.create|marketplace.backoffice.approvals.decide|marketplace.backoffice.actions.view|marketplace.backoffice.actions.manage|marketplace.backoffice.objects.view|marketplace.backoffice.objects.comment|marketplace.backoffice.briefs.view","requireMarketplaceApiContext / source domain guard","app/api/angelcare-marketplace/backoffice/objects/[objectType]/[objectId]/comments/route.ts","VISIBLE_ENABLED_OR_DISABLED_WITH_REASON","SOURCE_REVIEWED","STATIC_VERIFIED_RUNTIME_GATE","Server handler chain inspected; frontend behavior is represented by TrustCommand; AdminWorkspaceContextNav."
"CAP-B11-001","Trust & qualité","/angelcare-marketplace/admin/trust","/api/angelcare-marketplace/backoffice/objects/:objectType/:objectId","POST handleObjectComment|handleObjectDossier","marketplace.backoffice.command.view|marketplace.backoffice.search|marketplace.backoffice.approvals.view|marketplace.backoffice.approvals.create|marketplace.backoffice.approvals.decide|marketplace.backoffice.actions.view|marketplace.backoffice.actions.manage|marketplace.backoffice.objects.view|marketplace.backoffice.objects.comment|marketplace.backoffice.briefs.view","requireMarketplaceApiContext / source domain guard","app/api/angelcare-marketplace/backoffice/objects/[objectType]/[objectId]/route.ts","VISIBLE_ENABLED_OR_DISABLED_WITH_REASON","SOURCE_REVIEWED","STATIC_VERIFIED_RUNTIME_GATE","Server handler chain inspected; frontend behavior is represented by TrustCommand; AdminWorkspaceContextNav."
"CAP-B01-001","Accueil / Produits & services","/angelcare-marketplace/admin","/api/angelcare-marketplace/catalog/:itemId/transition","POST handleCatalogTransition","marketplace.catalog.view|marketplace.catalog.manage|marketplace.catalog.publish|marketplace.catalog.suppliers.view|marketplace.quote_basket.create|marketplace.quote_basket.view|marketplace.quote_basket.manage","requireMarketplaceApiContext / source domain guard","app/api/angelcare-marketplace/catalog/[itemId]/transition/route.ts","VISIBLE_ENABLED_OR_DISABLED_WITH_REASON","SOURCE_REVIEWED","STATIC_VERIFIED_RUNTIME_GATE","Server handler chain inspected; frontend behavior is represented by OperatorExcellenceCockpit."
"CAP-B04-001","Commandes & réservations","/angelcare-marketplace/admin/orders","/api/angelcare-marketplace/catalog/:itemId/transition","POST handleCatalogTransition","marketplace.catalog.view|marketplace.catalog.manage|marketplace.catalog.publish|marketplace.catalog.suppliers.view|marketplace.quote_basket.create|marketplace.quote_basket.view|marketplace.quote_basket.manage","requireMarketplaceApiContext / source domain guard","app/api/angelcare-marketplace/catalog/[itemId]/transition/route.ts","VISIBLE_ENABLED_OR_DISABLED_WITH_REASON","SOURCE_REVIEWED","STATIC_VERIFIED_RUNTIME_GATE","Server handler chain inspected; frontend behavior is represented by EnterpriseOrderCommand."
"CAP-B08-001","Prestataires & fournisseurs","/angelcare-marketplace/admin/supply-network","/api/angelcare-marketplace/catalog/:itemId/transition","POST handleCatalogTransition","marketplace.catalog.view|marketplace.catalog.manage|marketplace.catalog.publish|marketplace.catalog.suppliers.view|marketplace.quote_basket.create|marketplace.quote_basket.view|marketplace.quote_basket.manage","requireMarketplaceApiContext / source domain guard","app/api/angelcare-marketplace/catalog/[itemId]/transition/route.ts","VISIBLE_ENABLED_OR_DISABLED_WITH_REASON","SOURCE_REVIEWED","STATIC_VERIFIED_RUNTIME_GATE","Server handler chain inspected; frontend behavior is represented by NetworkAreaPage."
"CAP-B01-001","Accueil / Produits & services","/angelcare-marketplace/admin","/api/angelcare-marketplace/catalog","POST handleCatalog","marketplace.catalog.view|marketplace.catalog.manage|marketplace.catalog.publish|marketplace.catalog.suppliers.view|marketplace.quote_basket.create|marketplace.quote_basket.view|marketplace.quote_basket.manage","requireMarketplaceApiContext / source domain guard","app/api/angelcare-marketplace/catalog/route.ts","VISIBLE_ENABLED_OR_DISABLED_WITH_REASON","SOURCE_REVIEWED","STATIC_VERIFIED_RUNTIME_GATE","Server handler chain inspected; frontend behavior is represented by OperatorExcellenceCockpit."
"CAP-B04-001","Commandes & réservations","/angelcare-marketplace/admin/orders","/api/angelcare-marketplace/catalog","POST handleCatalog","marketplace.catalog.view|marketplace.catalog.manage|marketplace.catalog.publish|marketplace.catalog.suppliers.view|marketplace.quote_basket.create|marketplace.quote_basket.view|marketplace.quote_basket.manage","requireMarketplaceApiContext / source domain guard","app/api/angelcare-marketplace/catalog/route.ts","VISIBLE_ENABLED_OR_DISABLED_WITH_REASON","SOURCE_REVIEWED","STATIC_VERIFIED_RUNTIME_GATE","Server handler chain inspected; frontend behavior is represented by EnterpriseOrderCommand."
"CAP-B08-001","Prestataires & fournisseurs","/angelcare-marketplace/admin/supply-network","/api/angelcare-marketplace/catalog","POST handleCatalog","marketplace.catalog.view|marketplace.catalog.manage|marketplace.catalog.publish|marketplace.catalog.suppliers.view|marketplace.quote_basket.create|marketplace.quote_basket.view|marketplace.quote_basket.manage","requireMarketplaceApiContext / source domain guard","app/api/angelcare-marketplace/catalog/route.ts","VISIBLE_ENABLED_OR_DISABLED_WITH_REASON","SOURCE_REVIEWED","STATIC_VERIFIED_RUNTIME_GATE","Server handler chain inspected; frontend behavior is represented by NetworkAreaPage."
"CAP-GLOBAL-001","Accueil / cross-domain shell","/angelcare-marketplace/admin","/api/angelcare-marketplace/checkout/payment-methods","POST handleCheckoutPaymentMethods","marketplace.finance.view|marketplace.finance.reconciliation.manage|marketplace.finance.price_books.manage|marketplace.finance.exceptions.approve|marketplace.security.manage|marketplace.operations.view|marketplace.operations.missions.manage","requireMarketplaceApiContext / source domain guard","app/api/angelcare-marketplace/checkout/payment-methods/route.ts","VISIBLE_ENABLED_OR_DISABLED_WITH_REASON","SOURCE_REVIEWED","STATIC_VERIFIED_RUNTIME_GATE","Server handler chain inspected; frontend behavior is represented by AdminNavigation; AdminWorkspaceContextNav; GovernedActionProvider."
"CAP-B05-001","Boutique","/angelcare-marketplace/admin/boutique","/api/angelcare-marketplace/cms/pages/:pageId/blocks","PUT handleBlocks","marketplace.cms.edit|marketplace.cms.submit|marketplace.cms.review|marketplace.cms.approve|marketplace.cms.schedule|marketplace.cms.publish|marketplace.cms.archive|marketplace.cms.view|marketplace.cms.create|marketplace.cms.blocks.manage|marketplace.cms.rollback|marketplace.cms.preview","requireMarketplaceApiContext / source domain guard","app/api/angelcare-marketplace/cms/pages/[pageId]/blocks/route.ts","VISIBLE_ENABLED_OR_DISABLED_WITH_REASON","SOURCE_REVIEWED","STATIC_VERIFIED_RUNTIME_GATE","Server handler chain inspected; frontend behavior is represented by FrontendControlCommand."
"CAP-B05-001","Boutique","/angelcare-marketplace/admin/boutique","/api/angelcare-marketplace/cms/pages/:pageId/preview","POST handlePreview","marketplace.cms.edit|marketplace.cms.submit|marketplace.cms.review|marketplace.cms.approve|marketplace.cms.schedule|marketplace.cms.publish|marketplace.cms.archive|marketplace.cms.view|marketplace.cms.create|marketplace.cms.blocks.manage|marketplace.cms.rollback|marketplace.cms.preview","requireMarketplaceApiContext / source domain guard","app/api/angelcare-marketplace/cms/pages/[pageId]/preview/route.ts","VISIBLE_ENABLED_OR_DISABLED_WITH_REASON","SOURCE_REVIEWED","STATIC_VERIFIED_RUNTIME_GATE","Server handler chain inspected; frontend behavior is represented by FrontendControlCommand."
"CAP-B05-001","Boutique","/angelcare-marketplace/admin/boutique","/api/angelcare-marketplace/cms/pages/:pageId/rollback","POST handlePageRollback","marketplace.cms.edit|marketplace.cms.submit|marketplace.cms.review|marketplace.cms.approve|marketplace.cms.schedule|marketplace.cms.publish|marketplace.cms.archive|marketplace.cms.view|marketplace.cms.create|marketplace.cms.blocks.manage|marketplace.cms.rollback|marketplace.cms.preview","requireMarketplaceApiContext / source domain guard","app/api/angelcare-marketplace/cms/pages/[pageId]/rollback/route.ts","VISIBLE_ENABLED_OR_DISABLED_WITH_REASON","SOURCE_REVIEWED","STATIC_VERIFIED_RUNTIME_GATE","Server handler chain inspected; frontend behavior is represented by FrontendControlCommand."
"CAP-B05-001","Boutique","/angelcare-marketplace/admin/boutique","/api/angelcare-marketplace/cms/pages/:pageId","PATCH handlePage","marketplace.cms.edit|marketplace.cms.submit|marketplace.cms.review|marketplace.cms.approve|marketplace.cms.schedule|marketplace.cms.publish|marketplace.cms.archive|marketplace.cms.view|marketplace.cms.create|marketplace.cms.blocks.manage|marketplace.cms.rollback|marketplace.cms.preview","requireMarketplaceApiContext / source domain guard","app/api/angelcare-marketplace/cms/pages/[pageId]/route.ts","VISIBLE_ENABLED_OR_DISABLED_WITH_REASON","SOURCE_REVIEWED","STATIC_VERIFIED_RUNTIME_GATE","Server handler chain inspected; frontend behavior is represented by FrontendControlCommand."
"CAP-B05-001","Boutique","/angelcare-marketplace/admin/boutique","/api/angelcare-marketplace/cms/pages/:pageId/transition","POST handlePageTransition","marketplace.cms.edit|marketplace.cms.submit|marketplace.cms.review|marketplace.cms.approve|marketplace.cms.schedule|marketplace.cms.publish|marketplace.cms.archive|marketplace.cms.view|marketplace.cms.create|marketplace.cms.blocks.manage|marketplace.cms.rollback|marketplace.cms.preview","requireMarketplaceApiContext / source domain guard","app/api/angelcare-marketplace/cms/pages/[pageId]/transition/route.ts","VISIBLE_ENABLED_OR_DISABLED_WITH_REASON","SOURCE_REVIEWED","STATIC_VERIFIED_RUNTIME_GATE","Server handler chain inspected; frontend behavior is represented by FrontendControlCommand."
"CAP-B04-001","Commandes & réservations","/angelcare-marketplace/admin/orders","/api/angelcare-marketplace/conversion/admin/sessions/:sessionId/recover","POST handleConversionRecovery","marketplace.conversion.view|marketplace.conversion.recover","requireMarketplaceApiContext / source domain guard","app/api/angelcare-marketplace/conversion/admin/sessions/[sessionId]/recover/route.ts","VISIBLE_ENABLED_OR_DISABLED_WITH_REASON","SOURCE_REVIEWED","STATIC_VERIFIED_RUNTIME_GATE","Server handler chain inspected; frontend behavior is represented by EnterpriseOrderCommand."
"CAP-B04-001","Commandes & réservations","/angelcare-marketplace/admin/orders","/api/angelcare-marketplace/conversion/basket/:basketId/checkout","POST handleBasketCheckout","marketplace.conversion.view|marketplace.conversion.recover","requireMarketplaceApiContext / source domain guard","app/api/angelcare-marketplace/conversion/basket/[basketId]/checkout/route.ts","VISIBLE_ENABLED_OR_DISABLED_WITH_REASON","SOURCE_REVIEWED","STATIC_VERIFIED_RUNTIME_GATE","Server handler chain inspected; frontend behavior is represented by EnterpriseOrderCommand."
"CAP-B04-001","Commandes & réservations","/angelcare-marketplace/admin/orders","/api/angelcare-marketplace/conversion/basket/:basketId/items","POST handlePublicBasketItems","marketplace.conversion.view|marketplace.conversion.recover","requireMarketplaceApiContext / source domain guard","app/api/angelcare-marketplace/conversion/basket/[basketId]/items/route.ts","VISIBLE_ENABLED_OR_DISABLED_WITH_REASON","SOURCE_REVIEWED","STATIC_VERIFIED_RUNTIME_GATE","Server handler chain inspected; frontend behavior is represented by EnterpriseOrderCommand."
"CAP-B04-001","Commandes & réservations","/angelcare-marketplace/admin/orders","/api/angelcare-marketplace/conversion/basket/:basketId/items","DELETE handlePublicBasketItems","marketplace.conversion.view|marketplace.conversion.recover","requireMarketplaceApiContext / source domain guard","app/api/angelcare-marketplace/conversion/basket/[basketId]/items/route.ts","VISIBLE_ENABLED_OR_DISABLED_WITH_REASON","SOURCE_REVIEWED","STATIC_VERIFIED_RUNTIME_GATE","Server handler chain inspected; frontend behavior is represented by EnterpriseOrderCommand."
"CAP-B04-001","Commandes & réservations","/angelcare-marketplace/admin/orders","/api/angelcare-marketplace/conversion/basket","POST handlePublicBasket","marketplace.conversion.view|marketplace.conversion.recover","requireMarketplaceApiContext / source domain guard","app/api/angelcare-marketplace/conversion/basket/route.ts","VISIBLE_ENABLED_OR_DISABLED_WITH_REASON","SOURCE_REVIEWED","STATIC_VERIFIED_RUNTIME_GATE","Server handler chain inspected; frontend behavior is represented by EnterpriseOrderCommand."
"CAP-B02-001","Catégories & collections","/angelcare-marketplace/admin/catalog/categories","/api/angelcare-marketplace/conversion/category-native/session/:sessionKey/commit","POST handleCategoryNativeCommit","marketplace.journeys.view","requireMarketplaceApiContext / source domain guard","app/api/angelcare-marketplace/conversion/category-native/session/[sessionKey]/commit/route.ts","VISIBLE_ENABLED_OR_DISABLED_WITH_REASON","SOURCE_REVIEWED","STATIC_VERIFIED_RUNTIME_GATE","Server handler chain inspected; frontend behavior is represented by CategoryStudio."
"CAP-B02-001","Catégories & collections","/angelcare-marketplace/admin/catalog/categories","/api/angelcare-marketplace/conversion/category-native/session/:sessionKey/configuration","PATCH handleCategoryNativeConfigurationUpdate","marketplace.journeys.view","requireMarketplaceApiContext / source domain guard","app/api/angelcare-marketplace/conversion/category-native/session/[sessionKey]/configuration/route.ts","VISIBLE_ENABLED_OR_DISABLED_WITH_REASON","SOURCE_REVIEWED","STATIC_VERIFIED_RUNTIME_GATE","Server handler chain inspected; frontend behavior is represented by CategoryStudio."
"CAP-B02-001","Catégories & collections","/angelcare-marketplace/admin/catalog/categories","/api/angelcare-marketplace/conversion/category-native/session/:sessionKey/revalidate","POST handleCategoryNativeRevalidate","marketplace.journeys.view","requireMarketplaceApiContext / source domain guard","app/api/angelcare-marketplace/conversion/category-native/session/[sessionKey]/revalidate/route.ts","VISIBLE_ENABLED_OR_DISABLED_WITH_REASON","SOURCE_REVIEWED","STATIC_VERIFIED_RUNTIME_GATE","Server handler chain inspected; frontend behavior is represented by CategoryStudio."
"CAP-B02-001","Catégories & collections","/angelcare-marketplace/admin/catalog/categories","/api/angelcare-marketplace/conversion/category-native/session","POST handleCategoryNativeSessionCreate","marketplace.journeys.view","requireMarketplaceApiContext / source domain guard","app/api/angelcare-marketplace/conversion/category-native/session/route.ts","VISIBLE_ENABLED_OR_DISABLED_WITH_REASON","SOURCE_REVIEWED","STATIC_VERIFIED_RUNTIME_GATE","Server handler chain inspected; frontend behavior is represented by CategoryStudio."
"CAP-B04-001","Commandes & réservations","/angelcare-marketplace/admin/orders","/api/angelcare-marketplace/conversion/sessions/:sessionKey/availability","POST handleAvailabilityRevalidation","marketplace.conversion.view|marketplace.conversion.recover","requireMarketplaceApiContext / source domain guard","app/api/angelcare-marketplace/conversion/sessions/[sessionKey]/availability/route.ts","VISIBLE_ENABLED_OR_DISABLED_WITH_REASON","SOURCE_REVIEWED","STATIC_VERIFIED_RUNTIME_GATE","Server handler chain inspected; frontend behavior is represented by EnterpriseOrderCommand."
"CAP-B04-001","Commandes & réservations","/angelcare-marketplace/admin/orders","/api/angelcare-marketplace/conversion/sessions/:sessionKey/confirm","POST handleConversionConfirmation","marketplace.conversion.view|marketplace.conversion.recover","requireMarketplaceApiContext / source domain guard","app/api/angelcare-marketplace/conversion/sessions/[sessionKey]/confirm/route.ts","VISIBLE_ENABLED_OR_DISABLED_WITH_REASON","SOURCE_REVIEWED","STATIC_VERIFIED_RUNTIME_GATE","Server handler chain inspected; frontend behavior is represented by EnterpriseOrderCommand."
"CAP-B04-001","Commandes & réservations","/angelcare-marketplace/admin/orders","/api/angelcare-marketplace/conversion/sessions/:sessionKey/consent","POST handleConversionConsent","marketplace.conversion.view|marketplace.conversion.recover","requireMarketplaceApiContext / source domain guard","app/api/angelcare-marketplace/conversion/sessions/[sessionKey]/consent/route.ts","VISIBLE_ENABLED_OR_DISABLED_WITH_REASON","SOURCE_REVIEWED","STATIC_VERIFIED_RUNTIME_GATE","Server handler chain inspected; frontend behavior is represented by EnterpriseOrderCommand."
"CAP-B04-001","Commandes & réservations","/angelcare-marketplace/admin/orders","/api/angelcare-marketplace/conversion/sessions/:sessionKey/price","POST handlePriceRevalidation","marketplace.conversion.view|marketplace.conversion.recover","requireMarketplaceApiContext / source domain guard","app/api/angelcare-marketplace/conversion/sessions/[sessionKey]/price/route.ts","VISIBLE_ENABLED_OR_DISABLED_WITH_REASON","SOURCE_REVIEWED","STATIC_VERIFIED_RUNTIME_GATE","Server handler chain inspected; frontend behavior is represented by EnterpriseOrderCommand."
"CAP-B04-001","Commandes & réservations","/angelcare-marketplace/admin/orders","/api/angelcare-marketplace/conversion/sessions/:sessionKey","PATCH handleConversionSession","marketplace.conversion.view|marketplace.conversion.recover","requireMarketplaceApiContext / source domain guard","app/api/angelcare-marketplace/conversion/sessions/[sessionKey]/route.ts","VISIBLE_ENABLED_OR_DISABLED_WITH_REASON","SOURCE_REVIEWED","STATIC_VERIFIED_RUNTIME_GATE","Server handler chain inspected; frontend behavior is represented by EnterpriseOrderCommand."
"CAP-B04-001","Commandes & réservations","/angelcare-marketplace/admin/orders","/api/angelcare-marketplace/conversion/sessions","POST handleConversionSessions","marketplace.conversion.view|marketplace.conversion.recover","requireMarketplaceApiContext / source domain guard","app/api/angelcare-marketplace/conversion/sessions/route.ts","VISIBLE_ENABLED_OR_DISABLED_WITH_REASON","SOURCE_REVIEWED","STATIC_VERIFIED_RUNTIME_GATE","Server handler chain inspected; frontend behavior is represented by EnterpriseOrderCommand."
"CAP-B04-001","Commandes & réservations","/angelcare-marketplace/admin/orders","/api/angelcare-marketplace/crm/leads","POST handleLeads","marketplace.crm.view|marketplace.crm.leads.manage|marketplace.crm.accounts.manage|marketplace.crm.opportunities.manage|marketplace.crm.opportunities.transition|marketplace.crm.quotes.manage|marketplace.crm.quotes.view|marketplace.crm.quotes.approve","requireMarketplaceApiContext / source domain guard","app/api/angelcare-marketplace/crm/leads/route.ts","VISIBLE_ENABLED_OR_DISABLED_WITH_REASON","SOURCE_REVIEWED","STATIC_VERIFIED_RUNTIME_GATE","Server handler chain inspected; frontend behavior is represented by EnterpriseOrderCommand."
"CAP-B04-001","Commandes & réservations","/angelcare-marketplace/admin/orders","/api/angelcare-marketplace/crm/opportunities/:opportunityId/transition","POST handleOpportunityTransition","marketplace.crm.view|marketplace.crm.leads.manage|marketplace.crm.accounts.manage|marketplace.crm.opportunities.manage|marketplace.crm.opportunities.transition|marketplace.crm.quotes.manage|marketplace.crm.quotes.view|marketplace.crm.quotes.approve","requireMarketplaceApiContext / source domain guard","app/api/angelcare-marketplace/crm/opportunities/[opportunityId]/transition/route.ts","VISIBLE_ENABLED_OR_DISABLED_WITH_REASON","SOURCE_REVIEWED","STATIC_VERIFIED_RUNTIME_GATE","Server handler chain inspected; frontend behavior is represented by EnterpriseOrderCommand."
"CAP-B04-001","Commandes & réservations","/angelcare-marketplace/admin/orders","/api/angelcare-marketplace/crm/opportunities","POST handleOpportunities","marketplace.crm.view|marketplace.crm.leads.manage|marketplace.crm.accounts.manage|marketplace.crm.opportunities.manage|marketplace.crm.opportunities.transition|marketplace.crm.quotes.manage|marketplace.crm.quotes.view|marketplace.crm.quotes.approve","requireMarketplaceApiContext / source domain guard","app/api/angelcare-marketplace/crm/opportunities/route.ts","VISIBLE_ENABLED_OR_DISABLED_WITH_REASON","SOURCE_REVIEWED","STATIC_VERIFIED_RUNTIME_GATE","Server handler chain inspected; frontend behavior is represented by EnterpriseOrderCommand."
"CAP-B04-001","Commandes & réservations","/angelcare-marketplace/admin/orders","/api/angelcare-marketplace/crm/quotes/:quoteId/approval","POST handleQuoteApproval","marketplace.crm.view|marketplace.crm.leads.manage|marketplace.crm.accounts.manage|marketplace.crm.opportunities.manage|marketplace.crm.opportunities.transition|marketplace.crm.quotes.manage|marketplace.crm.quotes.view|marketplace.crm.quotes.approve","requireMarketplaceApiContext / source domain guard","app/api/angelcare-marketplace/crm/quotes/[quoteId]/approval/route.ts","VISIBLE_ENABLED_OR_DISABLED_WITH_REASON","SOURCE_REVIEWED","STATIC_VERIFIED_RUNTIME_GATE","Server handler chain inspected; frontend behavior is represented by EnterpriseOrderCommand."
"CAP-B04-001","Commandes & réservations","/angelcare-marketplace/admin/orders","/api/angelcare-marketplace/crm/quotes/:quoteId/transition","POST handleQuoteTransition","marketplace.crm.view|marketplace.crm.leads.manage|marketplace.crm.accounts.manage|marketplace.crm.opportunities.manage|marketplace.crm.opportunities.transition|marketplace.crm.quotes.manage|marketplace.crm.quotes.view|marketplace.crm.quotes.approve","requireMarketplaceApiContext / source domain guard","app/api/angelcare-marketplace/crm/quotes/[quoteId]/transition/route.ts","VISIBLE_ENABLED_OR_DISABLED_WITH_REASON","SOURCE_REVIEWED","STATIC_VERIFIED_RUNTIME_GATE","Server handler chain inspected; frontend behavior is represented by EnterpriseOrderCommand."
"CAP-B04-001","Commandes & réservations","/angelcare-marketplace/admin/orders","/api/angelcare-marketplace/crm/quotes","POST handleQuotes","marketplace.crm.view|marketplace.crm.leads.manage|marketplace.crm.accounts.manage|marketplace.crm.opportunities.manage|marketplace.crm.opportunities.transition|marketplace.crm.quotes.manage|marketplace.crm.quotes.view|marketplace.crm.quotes.approve","requireMarketplaceApiContext / source domain guard","app/api/angelcare-marketplace/crm/quotes/route.ts","VISIBLE_ENABLED_OR_DISABLED_WITH_REASON","SOURCE_REVIEWED","STATIC_VERIFIED_RUNTIME_GATE","Server handler chain inspected; frontend behavior is represented by EnterpriseOrderCommand."
"CAP-GLOBAL-001","Accueil / cross-domain shell","/angelcare-marketplace/admin","/api/angelcare-marketplace/customer/auth/login","POST handleCustomerLogin","marketplace.finance.view|marketplace.finance.reconciliation.manage|marketplace.finance.price_books.manage|marketplace.finance.exceptions.approve|marketplace.security.manage|marketplace.operations.view|marketplace.operations.missions.manage","requireMarketplaceApiContext / source domain guard","app/api/angelcare-marketplace/customer/auth/login/route.ts","VISIBLE_ENABLED_OR_DISABLED_WITH_REASON","SOURCE_REVIEWED","STATIC_VERIFIED_RUNTIME_GATE","Server handler chain inspected; frontend behavior is represented by AdminNavigation; AdminWorkspaceContextNav; GovernedActionProvider."
"CAP-GLOBAL-001","Accueil / cross-domain shell","/angelcare-marketplace/admin","/api/angelcare-marketplace/customer/auth/logout","POST handleCustomerLogout","marketplace.finance.view|marketplace.finance.reconciliation.manage|marketplace.finance.price_books.manage|marketplace.finance.exceptions.approve|marketplace.security.manage|marketplace.operations.view|marketplace.operations.missions.manage","requireMarketplaceApiContext / source domain guard","app/api/angelcare-marketplace/customer/auth/logout/route.ts","VISIBLE_ENABLED_OR_DISABLED_WITH_REASON","SOURCE_REVIEWED","STATIC_VERIFIED_RUNTIME_GATE","Server handler chain inspected; frontend behavior is represented by AdminNavigation; AdminWorkspaceContextNav; GovernedActionProvider."
"CAP-GLOBAL-001","Accueil / cross-domain shell","/angelcare-marketplace/admin","/api/angelcare-marketplace/customer/auth/magic-link","POST handleCustomerMagicLink","marketplace.finance.view|marketplace.finance.reconciliation.manage|marketplace.finance.price_books.manage|marketplace.finance.exceptions.approve|marketplace.security.manage|marketplace.operations.view|marketplace.operations.missions.manage","requireMarketplaceApiContext / source domain guard","app/api/angelcare-marketplace/customer/auth/magic-link/route.ts","VISIBLE_ENABLED_OR_DISABLED_WITH_REASON","SOURCE_REVIEWED","STATIC_VERIFIED_RUNTIME_GATE","Server handler chain inspected; frontend behavior is represented by AdminNavigation; AdminWorkspaceContextNav; GovernedActionProvider."
"CAP-GLOBAL-001","Accueil / cross-domain shell","/angelcare-marketplace/admin","/api/angelcare-marketplace/customer/auth/password","PATCH handleCustomerPasswordReset","marketplace.finance.view|marketplace.finance.reconciliation.manage|marketplace.finance.price_books.manage|marketplace.finance.exceptions.approve|marketplace.security.manage|marketplace.operations.view|marketplace.operations.missions.manage","requireMarketplaceApiContext / source domain guard","app/api/angelcare-marketplace/customer/auth/password/route.ts","VISIBLE_ENABLED_OR_DISABLED_WITH_REASON","SOURCE_REVIEWED","STATIC_VERIFIED_RUNTIME_GATE","Server handler chain inspected; frontend behavior is represented by AdminNavigation; AdminWorkspaceContextNav; GovernedActionProvider."
"CAP-GLOBAL-001","Accueil / cross-domain shell","/angelcare-marketplace/admin","/api/angelcare-marketplace/customer/auth/phone-otp","POST handleCustomerPhoneOtp","marketplace.finance.view|marketplace.finance.reconciliation.manage|marketplace.finance.price_books.manage|marketplace.finance.exceptions.approve|marketplace.security.manage|marketplace.operations.view|marketplace.operations.missions.manage","requireMarketplaceApiContext / source domain guard","app/api/angelcare-marketplace/customer/auth/phone-otp/route.ts","VISIBLE_ENABLED_OR_DISABLED_WITH_REASON","SOURCE_REVIEWED","STATIC_VERIFIED_RUNTIME_GATE","Server handler chain inspected; frontend behavior is represented by AdminNavigation; AdminWorkspaceContextNav; GovernedActionProvider."
"CAP-GLOBAL-001","Accueil / cross-domain shell","/angelcare-marketplace/admin","/api/angelcare-marketplace/customer/auth/recover","POST handleCustomerRecovery","marketplace.finance.view|marketplace.finance.reconciliation.manage|marketplace.finance.price_books.manage|marketplace.finance.exceptions.approve|marketplace.security.manage|marketplace.operations.view|marketplace.operations.missions.manage","requireMarketplaceApiContext / source domain guard","app/api/angelcare-marketplace/customer/auth/recover/route.ts","VISIBLE_ENABLED_OR_DISABLED_WITH_REASON","SOURCE_REVIEWED","STATIC_VERIFIED_RUNTIME_GATE","Server handler chain inspected; frontend behavior is represented by AdminNavigation; AdminWorkspaceContextNav; GovernedActionProvider."
"CAP-GLOBAL-001","Accueil / cross-domain shell","/angelcare-marketplace/admin","/api/angelcare-marketplace/customer/auth/register","POST handleCustomerRegister","marketplace.finance.view|marketplace.finance.reconciliation.manage|marketplace.finance.price_books.manage|marketplace.finance.exceptions.approve|marketplace.security.manage|marketplace.operations.view|marketplace.operations.missions.manage","requireMarketplaceApiContext / source domain guard","app/api/angelcare-marketplace/customer/auth/register/route.ts","VISIBLE_ENABLED_OR_DISABLED_WITH_REASON","SOURCE_REVIEWED","STATIC_VERIFIED_RUNTIME_GATE","Server handler chain inspected; frontend behavior is represented by AdminNavigation; AdminWorkspaceContextNav; GovernedActionProvider."
"CAP-GLOBAL-001","Accueil / cross-domain shell","/angelcare-marketplace/admin","/api/angelcare-marketplace/customer/sessions","DELETE handleCustomerSessions","marketplace.finance.view|marketplace.finance.reconciliation.manage|marketplace.finance.price_books.manage|marketplace.finance.exceptions.approve|marketplace.security.manage|marketplace.operations.view|marketplace.operations.missions.manage","requireMarketplaceApiContext / source domain guard","app/api/angelcare-marketplace/customer/sessions/route.ts","VISIBLE_ENABLED_OR_DISABLED_WITH_REASON","SOURCE_REVIEWED","STATIC_VERIFIED_RUNTIME_GATE","Server handler chain inspected; frontend behavior is represented by AdminNavigation; AdminWorkspaceContextNav; GovernedActionProvider."
"CAP-B08-001","Prestataires & fournisseurs","/angelcare-marketplace/admin/supply-network","/api/angelcare-marketplace/development/activities/:activityId/transition","POST handleDevelopmentActivityTransition","marketplace.development.view|marketplace.development.manage|marketplace.development.publish|marketplace.development.kits.view|marketplace.development.supplier_specs.view","requireMarketplaceApiContext / source domain guard","app/api/angelcare-marketplace/development/activities/[activityId]/transition/route.ts","VISIBLE_ENABLED_OR_DISABLED_WITH_REASON","SOURCE_REVIEWED","STATIC_VERIFIED_RUNTIME_GATE","Server handler chain inspected; frontend behavior is represented by NetworkAreaPage."
"CAP-B08-001","Prestataires & fournisseurs","/angelcare-marketplace/admin/supply-network","/api/angelcare-marketplace/development/activities","POST handleDevelopmentActivities","marketplace.development.view|marketplace.development.manage|marketplace.development.publish|marketplace.development.kits.view|marketplace.development.supplier_specs.view","requireMarketplaceApiContext / source domain guard","app/api/angelcare-marketplace/development/activities/route.ts","VISIBLE_ENABLED_OR_DISABLED_WITH_REASON","SOURCE_REVIEWED","STATIC_VERIFIED_RUNTIME_GATE","Server handler chain inspected; frontend behavior is represented by NetworkAreaPage."
"CAP-B10-001","Finance","/angelcare-marketplace/admin/finance","/api/angelcare-marketplace/finance/invoice-readiness/evaluate","POST handleInvoiceReadinessEvaluation","marketplace.finance.view|marketplace.finance.price_books.manage|marketplace.finance.revenue.view|marketplace.finance.margins.view|marketplace.finance.price_books.approve|marketplace.finance.exceptions.approve|marketplace.finance.reconciliation.manage","requireMarketplaceApiContext / source domain guard","app/api/angelcare-marketplace/finance/invoice-readiness/evaluate/route.ts","VISIBLE_ENABLED_OR_DISABLED_WITH_REASON","SOURCE_REVIEWED","STATIC_VERIFIED_RUNTIME_GATE","Server handler chain inspected; frontend behavior is represented by FinanceControlLedger."
"CAP-B10-001","Finance","/angelcare-marketplace/admin/finance","/api/angelcare-marketplace/finance/margin-exceptions/:exceptionId/decision","POST handleMarginDecision","marketplace.finance.view|marketplace.finance.price_books.manage|marketplace.finance.revenue.view|marketplace.finance.margins.view|marketplace.finance.price_books.approve|marketplace.finance.exceptions.approve|marketplace.finance.reconciliation.manage","requireMarketplaceApiContext / source domain guard","app/api/angelcare-marketplace/finance/margin-exceptions/[exceptionId]/decision/route.ts","VISIBLE_ENABLED_OR_DISABLED_WITH_REASON","SOURCE_REVIEWED","STATIC_VERIFIED_RUNTIME_GATE","Server handler chain inspected; frontend behavior is represented by FinanceControlLedger."
"CAP-B10-001","Finance","/angelcare-marketplace/admin/finance","/api/angelcare-marketplace/finance/price-books/:priceBookId/transition","POST handlePriceBookTransition","marketplace.finance.view|marketplace.finance.price_books.manage|marketplace.finance.revenue.view|marketplace.finance.margins.view|marketplace.finance.price_books.approve|marketplace.finance.exceptions.approve|marketplace.finance.reconciliation.manage","requireMarketplaceApiContext / source domain guard","app/api/angelcare-marketplace/finance/price-books/[priceBookId]/transition/route.ts","VISIBLE_ENABLED_OR_DISABLED_WITH_REASON","SOURCE_REVIEWED","STATIC_VERIFIED_RUNTIME_GATE","Server handler chain inspected; frontend behavior is represented by FinanceControlLedger."
"CAP-B10-001","Finance","/angelcare-marketplace/admin/finance","/api/angelcare-marketplace/finance/price-books","POST handlePriceBooks","marketplace.finance.view|marketplace.finance.price_books.manage|marketplace.finance.revenue.view|marketplace.finance.margins.view|marketplace.finance.price_books.approve|marketplace.finance.exceptions.approve|marketplace.finance.reconciliation.manage","requireMarketplaceApiContext / source domain guard","app/api/angelcare-marketplace/finance/price-books/route.ts","VISIBLE_ENABLED_OR_DISABLED_WITH_REASON","SOURCE_REVIEWED","STATIC_VERIFIED_RUNTIME_GATE","Server handler chain inspected; frontend behavior is represented by FinanceControlLedger."
"CAP-B10-001","Finance","/angelcare-marketplace/admin/finance","/api/angelcare-marketplace/finance/price-rules/:priceRuleId/evaluate","POST handleFinancialRuleEvaluation","marketplace.finance.view|marketplace.finance.price_books.manage|marketplace.finance.revenue.view|marketplace.finance.margins.view|marketplace.finance.price_books.approve|marketplace.finance.exceptions.approve|marketplace.finance.reconciliation.manage","requireMarketplaceApiContext / source domain guard","app/api/angelcare-marketplace/finance/price-rules/[priceRuleId]/evaluate/route.ts","VISIBLE_ENABLED_OR_DISABLED_WITH_REASON","SOURCE_REVIEWED","STATIC_VERIFIED_RUNTIME_GATE","Server handler chain inspected; frontend behavior is represented by FinanceControlLedger."
"CAP-B10-001","Finance","/angelcare-marketplace/admin/finance","/api/angelcare-marketplace/finance/reconciliation/:eventId/resolve","POST handleReconciliationResolution","marketplace.finance.view|marketplace.finance.price_books.manage|marketplace.finance.revenue.view|marketplace.finance.margins.view|marketplace.finance.price_books.approve|marketplace.finance.exceptions.approve|marketplace.finance.reconciliation.manage","requireMarketplaceApiContext / source domain guard","app/api/angelcare-marketplace/finance/reconciliation/[eventId]/resolve/route.ts","VISIBLE_ENABLED_OR_DISABLED_WITH_REASON","SOURCE_REVIEWED","STATIC_VERIFIED_RUNTIME_GATE","Server handler chain inspected; frontend behavior is represented by FinanceControlLedger."
"CAP-GLOBAL-001","Accueil / cross-domain shell","/angelcare-marketplace/admin","/api/angelcare-marketplace/foundation/configuration/:key","PATCH handleConfigurationPatch","marketplace.modules.view|marketplace.modules.create|marketplace.modules.update|marketplace.modules.enable|marketplace.modules.disable|marketplace.modules.archive|marketplace.feature_flags.view|marketplace.feature_flags.manage|marketplace.configuration.view|marketplace.configuration.manage|marketplace.audit.view|marketplace.audit.export|marketplace.audit.exported|marketplace.readiness.view|marketplace.readiness.update|marketplace.readiness.sign_off","requireMarketplaceApiContext / source domain guard","app/api/angelcare-marketplace/foundation/configuration/[key]/route.ts","VISIBLE_ENABLED_OR_DISABLED_WITH_REASON","SOURCE_REVIEWED","STATIC_VERIFIED_RUNTIME_GATE","Server handler chain inspected; frontend behavior is represented by AdminNavigation; AdminWorkspaceContextNav; GovernedActionProvider."
"CAP-GLOBAL-001","Accueil / cross-domain shell","/angelcare-marketplace/admin","/api/angelcare-marketplace/foundation/feature-flags/:flagKey","PATCH handleFeatureFlagPatch","marketplace.modules.view|marketplace.modules.create|marketplace.modules.update|marketplace.modules.enable|marketplace.modules.disable|marketplace.modules.archive|marketplace.feature_flags.view|marketplace.feature_flags.manage|marketplace.configuration.view|marketplace.configuration.manage|marketplace.audit.view|marketplace.audit.export|marketplace.audit.exported|marketplace.readiness.view|marketplace.readiness.update|marketplace.readiness.sign_off","requireMarketplaceApiContext / source domain guard","app/api/angelcare-marketplace/foundation/feature-flags/[flagKey]/route.ts","VISIBLE_ENABLED_OR_DISABLED_WITH_REASON","SOURCE_REVIEWED","STATIC_VERIFIED_RUNTIME_GATE","Server handler chain inspected; frontend behavior is represented by AdminNavigation; AdminWorkspaceContextNav; GovernedActionProvider."
"CAP-GLOBAL-001","Accueil / cross-domain shell","/angelcare-marketplace/admin","/api/angelcare-marketplace/foundation/modules/:moduleKey","PATCH handleModuleGet|handleModulePatch","marketplace.modules.view|marketplace.modules.create|marketplace.modules.update|marketplace.modules.enable|marketplace.modules.disable|marketplace.modules.archive|marketplace.feature_flags.view|marketplace.feature_flags.manage|marketplace.configuration.view|marketplace.configuration.manage|marketplace.audit.view|marketplace.audit.export|marketplace.audit.exported|marketplace.readiness.view|marketplace.readiness.update|marketplace.readiness.sign_off","requireMarketplaceApiContext / source domain guard","app/api/angelcare-marketplace/foundation/modules/[moduleKey]/route.ts","VISIBLE_ENABLED_OR_DISABLED_WITH_REASON","SOURCE_REVIEWED","STATIC_VERIFIED_RUNTIME_GATE","Server handler chain inspected; frontend behavior is represented by AdminNavigation; AdminWorkspaceContextNav; GovernedActionProvider."
"CAP-GLOBAL-001","Accueil / cross-domain shell","/angelcare-marketplace/admin","/api/angelcare-marketplace/foundation/modules/:moduleKey/transition","POST handleModuleTransitionPost","marketplace.modules.view|marketplace.modules.create|marketplace.modules.update|marketplace.modules.enable|marketplace.modules.disable|marketplace.modules.archive|marketplace.feature_flags.view|marketplace.feature_flags.manage|marketplace.configuration.view|marketplace.configuration.manage|marketplace.audit.view|marketplace.audit.export|marketplace.audit.exported|marketplace.readiness.view|marketplace.readiness.update|marketplace.readiness.sign_off","requireMarketplaceApiContext / source domain guard","app/api/angelcare-marketplace/foundation/modules/[moduleKey]/transition/route.ts","VISIBLE_ENABLED_OR_DISABLED_WITH_REASON","SOURCE_REVIEWED","STATIC_VERIFIED_RUNTIME_GATE","Server handler chain inspected; frontend behavior is represented by AdminNavigation; AdminWorkspaceContextNav; GovernedActionProvider."
"CAP-GLOBAL-001","Accueil / cross-domain shell","/angelcare-marketplace/admin","/api/angelcare-marketplace/foundation/readiness/:checkKey","PATCH handleReadinessPatch","marketplace.modules.view|marketplace.modules.create|marketplace.modules.update|marketplace.modules.enable|marketplace.modules.disable|marketplace.modules.archive|marketplace.feature_flags.view|marketplace.feature_flags.manage|marketplace.configuration.view|marketplace.configuration.manage|marketplace.audit.view|marketplace.audit.export|marketplace.audit.exported|marketplace.readiness.view|marketplace.readiness.update|marketplace.readiness.sign_off","requireMarketplaceApiContext / source domain guard","app/api/angelcare-marketplace/foundation/readiness/[checkKey]/route.ts","VISIBLE_ENABLED_OR_DISABLED_WITH_REASON","SOURCE_REVIEWED","STATIC_VERIFIED_RUNTIME_GATE","Server handler chain inspected; frontend behavior is represented by AdminNavigation; AdminWorkspaceContextNav; GovernedActionProvider."
"CAP-B11-001","Trust & qualité","/angelcare-marketplace/admin/trust","/api/angelcare-marketplace/growth/experiments/:experimentId/transition","POST handleExperimentTransition","marketplace.intelligence.view|marketplace.growth.view|marketplace.performance.view|marketplace.security.view|marketplace.qa.view|marketplace.launch.view|marketplace.launch.monitoring|marketplace.growth.experiments.manage|marketplace.qa.defects.manage|marketplace.launch.approve","requireMarketplaceApiContext / source domain guard","app/api/angelcare-marketplace/growth/experiments/[experimentId]/transition/route.ts","VISIBLE_ENABLED_OR_DISABLED_WITH_REASON","SOURCE_REVIEWED","STATIC_VERIFIED_RUNTIME_GATE","Server handler chain inspected; frontend behavior is represented by TrustCommand; AdminWorkspaceContextNav."
"CAP-B05-001","Boutique","/angelcare-marketplace/admin/boutique","/api/angelcare-marketplace/homepage/:kind","POST handleHomepageAdmin","marketplace.cms.pages.manage","requireMarketplaceApiContext / source domain guard","app/api/angelcare-marketplace/homepage/[kind]/route.ts","VISIBLE_ENABLED_OR_DISABLED_WITH_REASON","SOURCE_REVIEWED","STATIC_VERIFIED_RUNTIME_GATE","Server handler chain inspected; frontend behavior is represented by FrontendControlCommand."
"CAP-B05-001","Boutique","/angelcare-marketplace/admin/boutique","/api/angelcare-marketplace/homepage/:kind","PATCH handleHomepageAdmin","marketplace.cms.pages.manage","requireMarketplaceApiContext / source domain guard","app/api/angelcare-marketplace/homepage/[kind]/route.ts","VISIBLE_ENABLED_OR_DISABLED_WITH_REASON","SOURCE_REVIEWED","STATIC_VERIFIED_RUNTIME_GATE","Server handler chain inspected; frontend behavior is represented by FrontendControlCommand."
"CAP-B05-001","Boutique","/angelcare-marketplace/admin/boutique","/api/angelcare-marketplace/homepage/:kind","DELETE handleHomepageAdmin","marketplace.cms.pages.manage","requireMarketplaceApiContext / source domain guard","app/api/angelcare-marketplace/homepage/[kind]/route.ts","VISIBLE_ENABLED_OR_DISABLED_WITH_REASON","SOURCE_REVIEWED","STATIC_VERIFIED_RUNTIME_GATE","Server handler chain inspected; frontend behavior is represented by FrontendControlCommand."
"CAP-B05-001","Boutique","/angelcare-marketplace/admin/boutique","/api/angelcare-marketplace/homepage/engagement","POST handleHomepageEngagement","marketplace.cms.pages.manage","requireMarketplaceApiContext / source domain guard","app/api/angelcare-marketplace/homepage/engagement/route.ts","VISIBLE_ENABLED_OR_DISABLED_WITH_REASON","SOURCE_REVIEWED","STATIC_VERIFIED_RUNTIME_GATE","Server handler chain inspected; frontend behavior is represented by FrontendControlCommand."
"CAP-B07-001","Opérations","/angelcare-marketplace/admin/operations/today","/api/angelcare-marketplace/journeys/:journeyId/actions/:actionId/complete","POST handleCompleteCustomerAction","marketplace.journeys.view|marketplace.journeys.manage","requireMarketplaceApiContext / source domain guard","app/api/angelcare-marketplace/journeys/[journeyId]/actions/[actionId]/complete/route.ts","VISIBLE_ENABLED_OR_DISABLED_WITH_REASON","SOURCE_REVIEWED","STATIC_VERIFIED_RUNTIME_GATE","Server handler chain inspected; frontend behavior is represented by OperationsCommand."
"CAP-B07-001","Opérations","/angelcare-marketplace/admin/operations/today","/api/angelcare-marketplace/journeys/:journeyId/change-requests","POST handleCreateChangeRequest","marketplace.journeys.view|marketplace.journeys.manage","requireMarketplaceApiContext / source domain guard","app/api/angelcare-marketplace/journeys/[journeyId]/change-requests/route.ts","VISIBLE_ENABLED_OR_DISABLED_WITH_REASON","SOURCE_REVIEWED","STATIC_VERIFIED_RUNTIME_GATE","Server handler chain inspected; frontend behavior is represented by OperationsCommand."
"CAP-B07-001","Opérations","/angelcare-marketplace/admin/operations/today","/api/angelcare-marketplace/journeys/:journeyId/recovery","POST handleCreateRecovery","marketplace.journeys.view|marketplace.journeys.manage","requireMarketplaceApiContext / source domain guard","app/api/angelcare-marketplace/journeys/[journeyId]/recovery/route.ts","VISIBLE_ENABLED_OR_DISABLED_WITH_REASON","SOURCE_REVIEWED","STATIC_VERIFIED_RUNTIME_GATE","Server handler chain inspected; frontend behavior is represented by OperationsCommand."
"CAP-B07-001","Opérations","/angelcare-marketplace/admin/operations/today","/api/angelcare-marketplace/journeys/admin/:journeyId","PATCH handleAdminJourney","marketplace.journeys.view|marketplace.journeys.manage","requireMarketplaceApiContext / source domain guard","app/api/angelcare-marketplace/journeys/admin/[journeyId]/route.ts","VISIBLE_ENABLED_OR_DISABLED_WITH_REASON","SOURCE_REVIEWED","STATIC_VERIFIED_RUNTIME_GATE","Server handler chain inspected; frontend behavior is represented by OperationsCommand."
"CAP-B07-001","Opérations","/angelcare-marketplace/admin/operations/today","/api/angelcare-marketplace/journeys/notifications/:notificationId/acknowledge","POST handleAcknowledgeNotification","marketplace.journeys.view|marketplace.journeys.manage","requireMarketplaceApiContext / source domain guard","app/api/angelcare-marketplace/journeys/notifications/[notificationId]/acknowledge/route.ts","VISIBLE_ENABLED_OR_DISABLED_WITH_REASON","SOURCE_REVIEWED","STATIC_VERIFIED_RUNTIME_GATE","Server handler chain inspected; frontend behavior is represented by OperationsCommand."
"CAP-B11-001","Trust & qualité","/angelcare-marketplace/admin/trust","/api/angelcare-marketplace/launch/gates/:gateId/update","POST handleGateUpdate","marketplace.qa.view|marketplace.launch.view|marketplace.qa.defects.manage|marketplace.launch.gates.manage|marketplace.launch.release.approve","requireMarketplaceApiContext / source domain guard","app/api/angelcare-marketplace/launch/gates/[gateId]/update/route.ts","VISIBLE_ENABLED_OR_DISABLED_WITH_REASON","SOURCE_REVIEWED","STATIC_VERIFIED_RUNTIME_GATE","Server handler chain inspected; frontend behavior is represented by TrustCommand; AdminWorkspaceContextNav."
"CAP-B06-001","Marketing & promotions","/angelcare-marketplace/admin/growth-experience","/api/angelcare-marketplace/live-experience/conversions","POST handlePublicLiveInteraction","marketplace.live_experience.view|marketplace.live_experience.manage|marketplace.emergency_broadcast.manage|marketplace.live_experience.publish|marketplace.proof_widget.manage","requireMarketplaceApiContext / source domain guard","app/api/angelcare-marketplace/live-experience/conversions/route.ts","VISIBLE_ENABLED_OR_DISABLED_WITH_REASON","SOURCE_REVIEWED","STATIC_VERIFIED_RUNTIME_GATE","Server handler chain inspected; frontend behavior is represented by GrowthExperienceCommand."
"CAP-B06-001","Marketing & promotions","/angelcare-marketplace/admin/growth-experience","/api/angelcare-marketplace/live-experience/interactions","POST handlePublicLiveInteraction","marketplace.live_experience.view|marketplace.live_experience.manage|marketplace.emergency_broadcast.manage|marketplace.live_experience.publish|marketplace.proof_widget.manage","requireMarketplaceApiContext / source domain guard","app/api/angelcare-marketplace/live-experience/interactions/route.ts","VISIBLE_ENABLED_OR_DISABLED_WITH_REASON","SOURCE_REVIEWED","STATIC_VERIFIED_RUNTIME_GATE","Server handler chain inspected; frontend behavior is represented by GrowthExperienceCommand."
"CAP-B06-001","Marketing & promotions","/angelcare-marketplace/admin/growth-experience","/api/angelcare-marketplace/live-experience/resolve","POST handlePublicLiveResolve","marketplace.live_experience.view|marketplace.live_experience.manage|marketplace.emergency_broadcast.manage|marketplace.live_experience.publish|marketplace.proof_widget.manage","requireMarketplaceApiContext / source domain guard","app/api/angelcare-marketplace/live-experience/resolve/route.ts","VISIBLE_ENABLED_OR_DISABLED_WITH_REASON","SOURCE_REVIEWED","STATIC_VERIFIED_RUNTIME_GATE","Server handler chain inspected; frontend behavior is represented by GrowthExperienceCommand."
"CAP-B05-001","Boutique","/angelcare-marketplace/admin/boutique","/api/angelcare-marketplace/localization/final","POST handleLocalizationAuthority","marketplace.localization.translations.edit|marketplace.localization.translations.view|marketplace.localization.glossary.manage|marketplace.localization.glossary.view|marketplace.localization.memory.curate|marketplace.localization.memory.view|marketplace.localization.sources.manage|marketplace.localization.sources.view|marketplace.localization.seo.manage|marketplace.localization.seo.view|marketplace.localization.readiness.view|marketplace.localization.access","requireMarketplaceApiContext / source domain guard","app/api/angelcare-marketplace/localization/final/route.ts","VISIBLE_ENABLED_OR_DISABLED_WITH_REASON","SOURCE_REVIEWED","STATIC_VERIFIED_RUNTIME_GATE","Server handler chain inspected; frontend behavior is represented by FrontendControlCommand."
"CAP-B05-001","Boutique","/angelcare-marketplace/admin/boutique","/api/angelcare-marketplace/localization/glossary","POST handleLocalizationAuthorityMode","marketplace.localization.translations.edit|marketplace.localization.translations.view|marketplace.localization.glossary.manage|marketplace.localization.glossary.view|marketplace.localization.memory.curate|marketplace.localization.memory.view|marketplace.localization.sources.manage|marketplace.localization.sources.view|marketplace.localization.seo.manage|marketplace.localization.seo.view|marketplace.localization.readiness.view|marketplace.localization.access","requireMarketplaceApiContext / source domain guard","app/api/angelcare-marketplace/localization/glossary/route.ts","VISIBLE_ENABLED_OR_DISABLED_WITH_REASON","SOURCE_REVIEWED","STATIC_VERIFIED_RUNTIME_GATE","Server handler chain inspected; frontend behavior is represented by FrontendControlCommand."
"CAP-B05-001","Boutique","/angelcare-marketplace/admin/boutique","/api/angelcare-marketplace/localization/memory","POST handleLocalizationAuthorityMode","marketplace.localization.translations.edit|marketplace.localization.translations.view|marketplace.localization.glossary.manage|marketplace.localization.glossary.view|marketplace.localization.memory.curate|marketplace.localization.memory.view|marketplace.localization.sources.manage|marketplace.localization.sources.view|marketplace.localization.seo.manage|marketplace.localization.seo.view|marketplace.localization.readiness.view|marketplace.localization.access","requireMarketplaceApiContext / source domain guard","app/api/angelcare-marketplace/localization/memory/route.ts","VISIBLE_ENABLED_OR_DISABLED_WITH_REASON","SOURCE_REVIEWED","STATIC_VERIFIED_RUNTIME_GATE","Server handler chain inspected; frontend behavior is represented by FrontendControlCommand."
"CAP-B05-001","Boutique","/angelcare-marketplace/admin/boutique","/api/angelcare-marketplace/localization/readiness","POST handleLocalizationAuthorityMode","marketplace.localization.translations.edit|marketplace.localization.translations.view|marketplace.localization.glossary.manage|marketplace.localization.glossary.view|marketplace.localization.memory.curate|marketplace.localization.memory.view|marketplace.localization.sources.manage|marketplace.localization.sources.view|marketplace.localization.seo.manage|marketplace.localization.seo.view|marketplace.localization.readiness.view|marketplace.localization.access","requireMarketplaceApiContext / source domain guard","app/api/angelcare-marketplace/localization/readiness/route.ts","VISIBLE_ENABLED_OR_DISABLED_WITH_REASON","SOURCE_REVIEWED","STATIC_VERIFIED_RUNTIME_GATE","Server handler chain inspected; frontend behavior is represented by FrontendControlCommand."
"CAP-B05-001","Boutique","/angelcare-marketplace/admin/boutique","/api/angelcare-marketplace/localization/scans","POST handleCreateScan","marketplace.localization.access|marketplace.localization.scans.run|marketplace.localization.inventory.view","requireMarketplaceApiContext / source domain guard","app/api/angelcare-marketplace/localization/scans/route.ts","VISIBLE_ENABLED_OR_DISABLED_WITH_REASON","SOURCE_REVIEWED","STATIC_VERIFIED_RUNTIME_GATE","Server handler chain inspected; frontend behavior is represented by FrontendControlCommand."
"CAP-B05-001","Boutique","/angelcare-marketplace/admin/boutique","/api/angelcare-marketplace/localization/seo","POST handleLocalizationAuthorityMode","marketplace.localization.translations.edit|marketplace.localization.translations.view|marketplace.localization.glossary.manage|marketplace.localization.glossary.view|marketplace.localization.memory.curate|marketplace.localization.memory.view|marketplace.localization.sources.manage|marketplace.localization.sources.view|marketplace.localization.seo.manage|marketplace.localization.seo.view|marketplace.localization.readiness.view|marketplace.localization.access","requireMarketplaceApiContext / source domain guard","app/api/angelcare-marketplace/localization/seo/route.ts","VISIBLE_ENABLED_OR_DISABLED_WITH_REASON","SOURCE_REVIEWED","STATIC_VERIFIED_RUNTIME_GATE","Server handler chain inspected; frontend behavior is represented by FrontendControlCommand."
"CAP-B05-001","Boutique","/angelcare-marketplace/admin/boutique","/api/angelcare-marketplace/localization/translations","POST handleLocalizationAuthorityMode","marketplace.localization.translations.edit|marketplace.localization.translations.view|marketplace.localization.glossary.manage|marketplace.localization.glossary.view|marketplace.localization.memory.curate|marketplace.localization.memory.view|marketplace.localization.sources.manage|marketplace.localization.sources.view|marketplace.localization.seo.manage|marketplace.localization.seo.view|marketplace.localization.readiness.view|marketplace.localization.access","requireMarketplaceApiContext / source domain guard","app/api/angelcare-marketplace/localization/translations/route.ts","VISIBLE_ENABLED_OR_DISABLED_WITH_REASON","SOURCE_REVIEWED","STATIC_VERIFIED_RUNTIME_GATE","Server handler chain inspected; frontend behavior is represented by FrontendControlCommand."
"CAP-B07-001","Opérations","/angelcare-marketplace/admin/operations/today","/api/angelcare-marketplace/operations/check-events","POST handleCheckEvent","marketplace.operations.view|marketplace.operations.missions.create|marketplace.operations.missions.manage|marketplace.operations.dispatch.manage|marketplace.operations.assign|marketplace.providers.self.access|marketplace.operations.incidents.manage|marketplace.operations.closure.approve","requireMarketplaceApiContext / source domain guard","app/api/angelcare-marketplace/operations/check-events/route.ts","VISIBLE_ENABLED_OR_DISABLED_WITH_REASON","SOURCE_REVIEWED","STATIC_VERIFIED_RUNTIME_GATE","Server handler chain inspected; frontend behavior is represented by OperationsCommand."
"CAP-B07-001","Opérations","/angelcare-marketplace/admin/operations/today","/api/angelcare-marketplace/operations/daily-closures","POST handleDailyClosure","marketplace.operations.view|marketplace.operations.missions.create|marketplace.operations.missions.manage|marketplace.operations.dispatch.manage|marketplace.operations.assign|marketplace.providers.self.access|marketplace.operations.incidents.manage|marketplace.operations.closure.approve","requireMarketplaceApiContext / source domain guard","app/api/angelcare-marketplace/operations/daily-closures/route.ts","VISIBLE_ENABLED_OR_DISABLED_WITH_REASON","SOURCE_REVIEWED","STATIC_VERIFIED_RUNTIME_GATE","Server handler chain inspected; frontend behavior is represented by OperationsCommand."
"CAP-B07-001","Opérations","/angelcare-marketplace/admin/operations/today","/api/angelcare-marketplace/operations/disputes/:disputeId/transition","POST handleDisputeTransition","marketplace.operations.view|marketplace.operations.missions.manage|marketplace.providers.view|marketplace.finance.view|marketplace.operations.incidents.manage|marketplace.finance.reconciliation.manage|marketplace.operations.evidence.manage|marketplace.operations.returns.manage|marketplace.operations.disputes.manage|marketplace.operations.recovery.manage|marketplace.operations.reconciliation.approve","requireMarketplaceApiContext / source domain guard","app/api/angelcare-marketplace/operations/disputes/[disputeId]/transition/route.ts","VISIBLE_ENABLED_OR_DISABLED_WITH_REASON","SOURCE_REVIEWED","STATIC_VERIFIED_RUNTIME_GATE","Server handler chain inspected; frontend behavior is represented by OperationsCommand."
"CAP-B08-001","Prestataires & fournisseurs","/angelcare-marketplace/admin/supply-network","/api/angelcare-marketplace/operations/disputes/:disputeId/transition","POST handleDisputeTransition","marketplace.operations.view|marketplace.operations.missions.manage|marketplace.providers.view|marketplace.finance.view|marketplace.operations.incidents.manage|marketplace.finance.reconciliation.manage|marketplace.operations.evidence.manage|marketplace.operations.returns.manage|marketplace.operations.disputes.manage|marketplace.operations.recovery.manage|marketplace.operations.reconciliation.approve","requireMarketplaceApiContext / source domain guard","app/api/angelcare-marketplace/operations/disputes/[disputeId]/transition/route.ts","VISIBLE_ENABLED_OR_DISABLED_WITH_REASON","SOURCE_REVIEWED","STATIC_VERIFIED_RUNTIME_GATE","Server handler chain inspected; frontend behavior is represented by NetworkAreaPage."
"CAP-B07-001","Opérations","/angelcare-marketplace/admin/operations/today","/api/angelcare-marketplace/operations/disputes","POST handleDisputes","marketplace.operations.view|marketplace.operations.missions.manage|marketplace.providers.view|marketplace.finance.view|marketplace.operations.incidents.manage|marketplace.finance.reconciliation.manage|marketplace.operations.evidence.manage|marketplace.operations.returns.manage|marketplace.operations.disputes.manage|marketplace.operations.recovery.manage|marketplace.operations.reconciliation.approve","requireMarketplaceApiContext / source domain guard","app/api/angelcare-marketplace/operations/disputes/route.ts","VISIBLE_ENABLED_OR_DISABLED_WITH_REASON","SOURCE_REVIEWED","STATIC_VERIFIED_RUNTIME_GATE","Server handler chain inspected; frontend behavior is represented by OperationsCommand."
"CAP-B07-001","Opérations","/angelcare-marketplace/admin/operations/today","/api/angelcare-marketplace/operations/evidence/:evidenceId/review","POST handleFulfillmentEvidenceReview","marketplace.operations.view|marketplace.operations.missions.manage|marketplace.providers.view|marketplace.finance.view|marketplace.operations.incidents.manage|marketplace.finance.reconciliation.manage|marketplace.operations.evidence.manage|marketplace.operations.returns.manage|marketplace.operations.disputes.manage|marketplace.operations.recovery.manage|marketplace.operations.reconciliation.approve","requireMarketplaceApiContext / source domain guard","app/api/angelcare-marketplace/operations/evidence/[evidenceId]/review/route.ts","VISIBLE_ENABLED_OR_DISABLED_WITH_REASON","SOURCE_REVIEWED","STATIC_VERIFIED_RUNTIME_GATE","Server handler chain inspected; frontend behavior is represented by OperationsCommand."
"CAP-B08-001","Prestataires & fournisseurs","/angelcare-marketplace/admin/supply-network","/api/angelcare-marketplace/operations/evidence/:evidenceId/review","POST handleFulfillmentEvidenceReview","marketplace.operations.view|marketplace.operations.missions.manage|marketplace.providers.view|marketplace.finance.view|marketplace.operations.incidents.manage|marketplace.finance.reconciliation.manage|marketplace.operations.evidence.manage|marketplace.operations.returns.manage|marketplace.operations.disputes.manage|marketplace.operations.recovery.manage|marketplace.operations.reconciliation.approve","requireMarketplaceApiContext / source domain guard","app/api/angelcare-marketplace/operations/evidence/[evidenceId]/review/route.ts","VISIBLE_ENABLED_OR_DISABLED_WITH_REASON","SOURCE_REVIEWED","STATIC_VERIFIED_RUNTIME_GATE","Server handler chain inspected; frontend behavior is represented by NetworkAreaPage."
"CAP-B07-001","Opérations","/angelcare-marketplace/admin/operations/today","/api/angelcare-marketplace/operations/fulfillment/:caseId/evidence","POST handleFulfillmentEvidence","marketplace.operations.view|marketplace.operations.missions.manage|marketplace.providers.view|marketplace.finance.view|marketplace.operations.incidents.manage|marketplace.finance.reconciliation.manage|marketplace.operations.evidence.manage|marketplace.operations.returns.manage|marketplace.operations.disputes.manage|marketplace.operations.recovery.manage|marketplace.operations.reconciliation.approve","requireMarketplaceApiContext / source domain guard","app/api/angelcare-marketplace/operations/fulfillment/[caseId]/evidence/route.ts","VISIBLE_ENABLED_OR_DISABLED_WITH_REASON","SOURCE_REVIEWED","STATIC_VERIFIED_RUNTIME_GATE","Server handler chain inspected; frontend behavior is represented by OperationsCommand."
"CAP-B08-001","Prestataires & fournisseurs","/angelcare-marketplace/admin/supply-network","/api/angelcare-marketplace/operations/fulfillment/:caseId/evidence","POST handleFulfillmentEvidence","marketplace.operations.view|marketplace.operations.missions.manage|marketplace.providers.view|marketplace.finance.view|marketplace.operations.incidents.manage|marketplace.finance.reconciliation.manage|marketplace.operations.evidence.manage|marketplace.operations.returns.manage|marketplace.operations.disputes.manage|marketplace.operations.recovery.manage|marketplace.operations.reconciliation.approve","requireMarketplaceApiContext / source domain guard","app/api/angelcare-marketplace/operations/fulfillment/[caseId]/evidence/route.ts","VISIBLE_ENABLED_OR_DISABLED_WITH_REASON","SOURCE_REVIEWED","STATIC_VERIFIED_RUNTIME_GATE","Server handler chain inspected; frontend behavior is represented by NetworkAreaPage."
"CAP-B07-001","Opérations","/angelcare-marketplace/admin/operations/today","/api/angelcare-marketplace/operations/fulfillment/:caseId/transition","POST handleFulfillmentTransition","marketplace.operations.view|marketplace.operations.missions.manage|marketplace.providers.view|marketplace.finance.view|marketplace.operations.incidents.manage|marketplace.finance.reconciliation.manage|marketplace.operations.evidence.manage|marketplace.operations.returns.manage|marketplace.operations.disputes.manage|marketplace.operations.recovery.manage|marketplace.operations.reconciliation.approve","requireMarketplaceApiContext / source domain guard","app/api/angelcare-marketplace/operations/fulfillment/[caseId]/transition/route.ts","VISIBLE_ENABLED_OR_DISABLED_WITH_REASON","SOURCE_REVIEWED","STATIC_VERIFIED_RUNTIME_GATE","Server handler chain inspected; frontend behavior is represented by OperationsCommand."
"CAP-B08-001","Prestataires & fournisseurs","/angelcare-marketplace/admin/supply-network","/api/angelcare-marketplace/operations/fulfillment/:caseId/transition","POST handleFulfillmentTransition","marketplace.operations.view|marketplace.operations.missions.manage|marketplace.providers.view|marketplace.finance.view|marketplace.operations.incidents.manage|marketplace.finance.reconciliation.manage|marketplace.operations.evidence.manage|marketplace.operations.returns.manage|marketplace.operations.disputes.manage|marketplace.operations.recovery.manage|marketplace.operations.reconciliation.approve","requireMarketplaceApiContext / source domain guard","app/api/angelcare-marketplace/operations/fulfillment/[caseId]/transition/route.ts","VISIBLE_ENABLED_OR_DISABLED_WITH_REASON","SOURCE_REVIEWED","STATIC_VERIFIED_RUNTIME_GATE","Server handler chain inspected; frontend behavior is represented by NetworkAreaPage."
"CAP-B07-001","Opérations","/angelcare-marketplace/admin/operations/today","/api/angelcare-marketplace/operations/incidents/:incidentId/transition","POST handleIncidentTransition","marketplace.operations.view|marketplace.operations.missions.create|marketplace.operations.missions.manage|marketplace.operations.dispatch.manage|marketplace.operations.assign|marketplace.providers.self.access|marketplace.operations.incidents.manage|marketplace.operations.closure.approve","requireMarketplaceApiContext / source domain guard","app/api/angelcare-marketplace/operations/incidents/[incidentId]/transition/route.ts","VISIBLE_ENABLED_OR_DISABLED_WITH_REASON","SOURCE_REVIEWED","STATIC_VERIFIED_RUNTIME_GATE","Server handler chain inspected; frontend behavior is represented by OperationsCommand."
"CAP-B07-001","Opérations","/angelcare-marketplace/admin/operations/today","/api/angelcare-marketplace/operations/incidents","POST handleIncident|handleIncidentRegister","marketplace.operations.view|marketplace.operations.missions.create|marketplace.operations.missions.manage|marketplace.operations.dispatch.manage|marketplace.operations.assign|marketplace.providers.self.access|marketplace.operations.incidents.manage|marketplace.operations.closure.approve","requireMarketplaceApiContext / source domain guard","app/api/angelcare-marketplace/operations/incidents/route.ts","VISIBLE_ENABLED_OR_DISABLED_WITH_REASON","SOURCE_REVIEWED","STATIC_VERIFIED_RUNTIME_GATE","Server handler chain inspected; frontend behavior is represented by OperationsCommand."
"CAP-B07-001","Opérations","/angelcare-marketplace/admin/operations/today","/api/angelcare-marketplace/operations/missions/:missionId/dispatch","POST handleDispatchGenerate","marketplace.operations.view|marketplace.operations.missions.create|marketplace.operations.missions.manage|marketplace.operations.dispatch.manage|marketplace.operations.assign|marketplace.providers.self.access|marketplace.operations.incidents.manage|marketplace.operations.closure.approve","requireMarketplaceApiContext / source domain guard","app/api/angelcare-marketplace/operations/missions/[missionId]/dispatch/route.ts","VISIBLE_ENABLED_OR_DISABLED_WITH_REASON","SOURCE_REVIEWED","STATIC_VERIFIED_RUNTIME_GATE","Server handler chain inspected; frontend behavior is represented by OperationsCommand."
"CAP-B07-001","Opérations","/angelcare-marketplace/admin/operations/today","/api/angelcare-marketplace/operations/missions/:missionId/transition","POST handleMissionTransition","marketplace.operations.view|marketplace.operations.missions.create|marketplace.operations.missions.manage|marketplace.operations.dispatch.manage|marketplace.operations.assign|marketplace.providers.self.access|marketplace.operations.incidents.manage|marketplace.operations.closure.approve","requireMarketplaceApiContext / source domain guard","app/api/angelcare-marketplace/operations/missions/[missionId]/transition/route.ts","VISIBLE_ENABLED_OR_DISABLED_WITH_REASON","SOURCE_REVIEWED","STATIC_VERIFIED_RUNTIME_GATE","Server handler chain inspected; frontend behavior is represented by OperationsCommand."
"CAP-B07-001","Opérations","/angelcare-marketplace/admin/operations/today","/api/angelcare-marketplace/operations/missions","POST handleMissions","marketplace.operations.view|marketplace.operations.missions.create|marketplace.operations.missions.manage|marketplace.operations.dispatch.manage|marketplace.operations.assign|marketplace.providers.self.access|marketplace.operations.incidents.manage|marketplace.operations.closure.approve","requireMarketplaceApiContext / source domain guard","app/api/angelcare-marketplace/operations/missions/route.ts","VISIBLE_ENABLED_OR_DISABLED_WITH_REASON","SOURCE_REVIEWED","STATIC_VERIFIED_RUNTIME_GATE","Server handler chain inspected; frontend behavior is represented by OperationsCommand."
"CAP-B07-001","Opérations","/angelcare-marketplace/admin/operations/today","/api/angelcare-marketplace/operations/proposals/:proposalId/decision","POST handleProposalDecision","marketplace.operations.view|marketplace.operations.missions.create|marketplace.operations.missions.manage|marketplace.operations.dispatch.manage|marketplace.operations.assign|marketplace.providers.self.access|marketplace.operations.incidents.manage|marketplace.operations.closure.approve","requireMarketplaceApiContext / source domain guard","app/api/angelcare-marketplace/operations/proposals/[proposalId]/decision/route.ts","VISIBLE_ENABLED_OR_DISABLED_WITH_REASON","SOURCE_REVIEWED","STATIC_VERIFIED_RUNTIME_GATE","Server handler chain inspected; frontend behavior is represented by OperationsCommand."
"CAP-B07-001","Opérations","/angelcare-marketplace/admin/operations/today","/api/angelcare-marketplace/operations/reconciliation/:caseId/handover","POST handleReconciliationHandover","marketplace.operations.view|marketplace.operations.missions.manage|marketplace.providers.view|marketplace.finance.view|marketplace.operations.incidents.manage|marketplace.finance.reconciliation.manage|marketplace.operations.evidence.manage|marketplace.operations.returns.manage|marketplace.operations.disputes.manage|marketplace.operations.recovery.manage|marketplace.operations.reconciliation.approve","requireMarketplaceApiContext / source domain guard","app/api/angelcare-marketplace/operations/reconciliation/[caseId]/handover/route.ts","VISIBLE_ENABLED_OR_DISABLED_WITH_REASON","SOURCE_REVIEWED","STATIC_VERIFIED_RUNTIME_GATE","Server handler chain inspected; frontend behavior is represented by OperationsCommand."
"CAP-B08-001","Prestataires & fournisseurs","/angelcare-marketplace/admin/supply-network","/api/angelcare-marketplace/operations/reconciliation/:caseId/handover","POST handleReconciliationHandover","marketplace.operations.view|marketplace.operations.missions.manage|marketplace.providers.view|marketplace.finance.view|marketplace.operations.incidents.manage|marketplace.finance.reconciliation.manage|marketplace.operations.evidence.manage|marketplace.operations.returns.manage|marketplace.operations.disputes.manage|marketplace.operations.recovery.manage|marketplace.operations.reconciliation.approve","requireMarketplaceApiContext / source domain guard","app/api/angelcare-marketplace/operations/reconciliation/[caseId]/handover/route.ts","VISIBLE_ENABLED_OR_DISABLED_WITH_REASON","SOURCE_REVIEWED","STATIC_VERIFIED_RUNTIME_GATE","Server handler chain inspected; frontend behavior is represented by NetworkAreaPage."
"CAP-B07-001","Opérations","/angelcare-marketplace/admin/operations/today","/api/angelcare-marketplace/operations/reconciliation/:caseId/transition","POST handleReconciliationTransition","marketplace.operations.view|marketplace.operations.missions.manage|marketplace.providers.view|marketplace.finance.view|marketplace.operations.incidents.manage|marketplace.finance.reconciliation.manage|marketplace.operations.evidence.manage|marketplace.operations.returns.manage|marketplace.operations.disputes.manage|marketplace.operations.recovery.manage|marketplace.operations.reconciliation.approve","requireMarketplaceApiContext / source domain guard","app/api/angelcare-marketplace/operations/reconciliation/[caseId]/transition/route.ts","VISIBLE_ENABLED_OR_DISABLED_WITH_REASON","SOURCE_REVIEWED","STATIC_VERIFIED_RUNTIME_GATE","Server handler chain inspected; frontend behavior is represented by OperationsCommand."
"CAP-B08-001","Prestataires & fournisseurs","/angelcare-marketplace/admin/supply-network","/api/angelcare-marketplace/operations/reconciliation/:caseId/transition","POST handleReconciliationTransition","marketplace.operations.view|marketplace.operations.missions.manage|marketplace.providers.view|marketplace.finance.view|marketplace.operations.incidents.manage|marketplace.finance.reconciliation.manage|marketplace.operations.evidence.manage|marketplace.operations.returns.manage|marketplace.operations.disputes.manage|marketplace.operations.recovery.manage|marketplace.operations.reconciliation.approve","requireMarketplaceApiContext / source domain guard","app/api/angelcare-marketplace/operations/reconciliation/[caseId]/transition/route.ts","VISIBLE_ENABLED_OR_DISABLED_WITH_REASON","SOURCE_REVIEWED","STATIC_VERIFIED_RUNTIME_GATE","Server handler chain inspected; frontend behavior is represented by NetworkAreaPage."
"CAP-B07-001","Opérations","/angelcare-marketplace/admin/operations/today","/api/angelcare-marketplace/operations/reconciliation/lines/:lineId/decision","POST handleReconciliationLineDecision","marketplace.operations.view|marketplace.operations.missions.manage|marketplace.providers.view|marketplace.finance.view|marketplace.operations.incidents.manage|marketplace.finance.reconciliation.manage|marketplace.operations.evidence.manage|marketplace.operations.returns.manage|marketplace.operations.disputes.manage|marketplace.operations.recovery.manage|marketplace.operations.reconciliation.approve","requireMarketplaceApiContext / source domain guard","app/api/angelcare-marketplace/operations/reconciliation/lines/[lineId]/decision/route.ts","VISIBLE_ENABLED_OR_DISABLED_WITH_REASON","SOURCE_REVIEWED","STATIC_VERIFIED_RUNTIME_GATE","Server handler chain inspected; frontend behavior is represented by OperationsCommand."
"CAP-B08-001","Prestataires & fournisseurs","/angelcare-marketplace/admin/supply-network","/api/angelcare-marketplace/operations/reconciliation/lines/:lineId/decision","POST handleReconciliationLineDecision","marketplace.operations.view|marketplace.operations.missions.manage|marketplace.providers.view|marketplace.finance.view|marketplace.operations.incidents.manage|marketplace.finance.reconciliation.manage|marketplace.operations.evidence.manage|marketplace.operations.returns.manage|marketplace.operations.disputes.manage|marketplace.operations.recovery.manage|marketplace.operations.reconciliation.approve","requireMarketplaceApiContext / source domain guard","app/api/angelcare-marketplace/operations/reconciliation/lines/[lineId]/decision/route.ts","VISIBLE_ENABLED_OR_DISABLED_WITH_REASON","SOURCE_REVIEWED","STATIC_VERIFIED_RUNTIME_GATE","Server handler chain inspected; frontend behavior is represented by NetworkAreaPage."
"CAP-B07-001","Opérations","/angelcare-marketplace/admin/operations/today","/api/angelcare-marketplace/operations/recovery/:planId/transition","POST handleRecoveryTransition","marketplace.operations.view|marketplace.operations.missions.manage|marketplace.providers.view|marketplace.finance.view|marketplace.operations.incidents.manage|marketplace.finance.reconciliation.manage|marketplace.operations.evidence.manage|marketplace.operations.returns.manage|marketplace.operations.disputes.manage|marketplace.operations.recovery.manage|marketplace.operations.reconciliation.approve","requireMarketplaceApiContext / source domain guard","app/api/angelcare-marketplace/operations/recovery/[planId]/transition/route.ts","VISIBLE_ENABLED_OR_DISABLED_WITH_REASON","SOURCE_REVIEWED","STATIC_VERIFIED_RUNTIME_GATE","Server handler chain inspected; frontend behavior is represented by OperationsCommand."
"CAP-B08-001","Prestataires & fournisseurs","/angelcare-marketplace/admin/supply-network","/api/angelcare-marketplace/operations/recovery/:planId/transition","POST handleRecoveryTransition","marketplace.operations.view|marketplace.operations.missions.manage|marketplace.providers.view|marketplace.finance.view|marketplace.operations.incidents.manage|marketplace.finance.reconciliation.manage|marketplace.operations.evidence.manage|marketplace.operations.returns.manage|marketplace.operations.disputes.manage|marketplace.operations.recovery.manage|marketplace.operations.reconciliation.approve","requireMarketplaceApiContext / source domain guard","app/api/angelcare-marketplace/operations/recovery/[planId]/transition/route.ts","VISIBLE_ENABLED_OR_DISABLED_WITH_REASON","SOURCE_REVIEWED","STATIC_VERIFIED_RUNTIME_GATE","Server handler chain inspected; frontend behavior is represented by NetworkAreaPage."
"CAP-B07-001","Opérations","/angelcare-marketplace/admin/operations/today","/api/angelcare-marketplace/operations/recovery","POST handleRecovery","marketplace.operations.view|marketplace.operations.missions.manage|marketplace.providers.view|marketplace.finance.view|marketplace.operations.incidents.manage|marketplace.finance.reconciliation.manage|marketplace.operations.evidence.manage|marketplace.operations.returns.manage|marketplace.operations.disputes.manage|marketplace.operations.recovery.manage|marketplace.operations.reconciliation.approve","requireMarketplaceApiContext / source domain guard","app/api/angelcare-marketplace/operations/recovery/route.ts","VISIBLE_ENABLED_OR_DISABLED_WITH_REASON","SOURCE_REVIEWED","STATIC_VERIFIED_RUNTIME_GATE","Server handler chain inspected; frontend behavior is represented by OperationsCommand."
"CAP-B07-001","Opérations","/angelcare-marketplace/admin/operations/today","/api/angelcare-marketplace/operations/replacements/:caseId/transition","POST handleReplacementTransition","marketplace.operations.view|marketplace.operations.missions.manage|marketplace.providers.view|marketplace.finance.view|marketplace.operations.incidents.manage|marketplace.finance.reconciliation.manage|marketplace.operations.evidence.manage|marketplace.operations.returns.manage|marketplace.operations.disputes.manage|marketplace.operations.recovery.manage|marketplace.operations.reconciliation.approve","requireMarketplaceApiContext / source domain guard","app/api/angelcare-marketplace/operations/replacements/[caseId]/transition/route.ts","VISIBLE_ENABLED_OR_DISABLED_WITH_REASON","SOURCE_REVIEWED","STATIC_VERIFIED_RUNTIME_GATE","Server handler chain inspected; frontend behavior is represented by OperationsCommand."
"CAP-B08-001","Prestataires & fournisseurs","/angelcare-marketplace/admin/supply-network","/api/angelcare-marketplace/operations/replacements/:caseId/transition","POST handleReplacementTransition","marketplace.operations.view|marketplace.operations.missions.manage|marketplace.providers.view|marketplace.finance.view|marketplace.operations.incidents.manage|marketplace.finance.reconciliation.manage|marketplace.operations.evidence.manage|marketplace.operations.returns.manage|marketplace.operations.disputes.manage|marketplace.operations.recovery.manage|marketplace.operations.reconciliation.approve","requireMarketplaceApiContext / source domain guard","app/api/angelcare-marketplace/operations/replacements/[caseId]/transition/route.ts","VISIBLE_ENABLED_OR_DISABLED_WITH_REASON","SOURCE_REVIEWED","STATIC_VERIFIED_RUNTIME_GATE","Server handler chain inspected; frontend behavior is represented by NetworkAreaPage."
"CAP-B07-001","Opérations","/angelcare-marketplace/admin/operations/today","/api/angelcare-marketplace/operations/returns/:caseId/transition","POST handleReturnTransition","marketplace.operations.view|marketplace.operations.missions.manage|marketplace.providers.view|marketplace.finance.view|marketplace.operations.incidents.manage|marketplace.finance.reconciliation.manage|marketplace.operations.evidence.manage|marketplace.operations.returns.manage|marketplace.operations.disputes.manage|marketplace.operations.recovery.manage|marketplace.operations.reconciliation.approve","requireMarketplaceApiContext / source domain guard","app/api/angelcare-marketplace/operations/returns/[caseId]/transition/route.ts","VISIBLE_ENABLED_OR_DISABLED_WITH_REASON","SOURCE_REVIEWED","STATIC_VERIFIED_RUNTIME_GATE","Server handler chain inspected; frontend behavior is represented by OperationsCommand."
"CAP-B08-001","Prestataires & fournisseurs","/angelcare-marketplace/admin/supply-network","/api/angelcare-marketplace/operations/returns/:caseId/transition","POST handleReturnTransition","marketplace.operations.view|marketplace.operations.missions.manage|marketplace.providers.view|marketplace.finance.view|marketplace.operations.incidents.manage|marketplace.finance.reconciliation.manage|marketplace.operations.evidence.manage|marketplace.operations.returns.manage|marketplace.operations.disputes.manage|marketplace.operations.recovery.manage|marketplace.operations.reconciliation.approve","requireMarketplaceApiContext / source domain guard","app/api/angelcare-marketplace/operations/returns/[caseId]/transition/route.ts","VISIBLE_ENABLED_OR_DISABLED_WITH_REASON","SOURCE_REVIEWED","STATIC_VERIFIED_RUNTIME_GATE","Server handler chain inspected; frontend behavior is represented by NetworkAreaPage."
"CAP-B07-001","Opérations","/angelcare-marketplace/admin/operations/today","/api/angelcare-marketplace/operations/settlements/:settlementId/readiness","POST handleSettlementReadinessUpdate","marketplace.operations.view|marketplace.operations.missions.manage|marketplace.providers.view|marketplace.finance.view|marketplace.operations.incidents.manage|marketplace.finance.reconciliation.manage|marketplace.operations.evidence.manage|marketplace.operations.returns.manage|marketplace.operations.disputes.manage|marketplace.operations.recovery.manage|marketplace.operations.reconciliation.approve","requireMarketplaceApiContext / source domain guard","app/api/angelcare-marketplace/operations/settlements/[settlementId]/readiness/route.ts","VISIBLE_ENABLED_OR_DISABLED_WITH_REASON","SOURCE_REVIEWED","STATIC_VERIFIED_RUNTIME_GATE","Server handler chain inspected; frontend behavior is represented by OperationsCommand."
"CAP-B08-001","Prestataires & fournisseurs","/angelcare-marketplace/admin/supply-network","/api/angelcare-marketplace/operations/settlements/:settlementId/readiness","POST handleSettlementReadinessUpdate","marketplace.operations.view|marketplace.operations.missions.manage|marketplace.providers.view|marketplace.finance.view|marketplace.operations.incidents.manage|marketplace.finance.reconciliation.manage|marketplace.operations.evidence.manage|marketplace.operations.returns.manage|marketplace.operations.disputes.manage|marketplace.operations.recovery.manage|marketplace.operations.reconciliation.approve","requireMarketplaceApiContext / source domain guard","app/api/angelcare-marketplace/operations/settlements/[settlementId]/readiness/route.ts","VISIBLE_ENABLED_OR_DISABLED_WITH_REASON","SOURCE_REVIEWED","STATIC_VERIFIED_RUNTIME_GATE","Server handler chain inspected; frontend behavior is represented by NetworkAreaPage."
"CAP-B09-001","Academy / B2B & partenaires","/angelcare-marketplace/admin/academy","/api/angelcare-marketplace/partner-os/tenants/:tenantId/modules","POST handleTenantModuleUpsert","marketplace.partner_os.admin.view|marketplace.partner_os.tenants.create|marketplace.partner_os.tenants.manage|marketplace.partner_os.plans.view|marketplace.partner_os.subscriptions.view|marketplace.partner_os.tenant.access|marketplace.partner_os.onboarding.manage|marketplace.partner_os.subscriptions.manage|marketplace.partner_os.modules.manage","requireMarketplaceApiContext / source domain guard","app/api/angelcare-marketplace/partner-os/tenants/[tenantId]/modules/route.ts","VISIBLE_ENABLED_OR_DISABLED_WITH_REASON","SOURCE_REVIEWED","STATIC_VERIFIED_RUNTIME_GATE","Server handler chain inspected; frontend behavior is represented by AcademyCommand."
"CAP-B09-001","Academy / B2B & partenaires","/angelcare-marketplace/admin/academy","/api/angelcare-marketplace/partner-os/tenants/:tenantId/onboarding/:checkId","POST handleTenantOnboardingCheck","marketplace.partner_os.admin.view|marketplace.partner_os.tenants.create|marketplace.partner_os.tenants.manage|marketplace.partner_os.plans.view|marketplace.partner_os.subscriptions.view|marketplace.partner_os.tenant.access|marketplace.partner_os.onboarding.manage|marketplace.partner_os.subscriptions.manage|marketplace.partner_os.modules.manage","requireMarketplaceApiContext / source domain guard","app/api/angelcare-marketplace/partner-os/tenants/[tenantId]/onboarding/[checkId]/route.ts","VISIBLE_ENABLED_OR_DISABLED_WITH_REASON","SOURCE_REVIEWED","STATIC_VERIFIED_RUNTIME_GATE","Server handler chain inspected; frontend behavior is represented by AcademyCommand."
"CAP-B09-001","Academy / B2B & partenaires","/angelcare-marketplace/admin/academy","/api/angelcare-marketplace/partner-os/tenants/:tenantId/subscription","POST handleTenantSubscriptionAssign","marketplace.partner_os.admin.view|marketplace.partner_os.tenants.create|marketplace.partner_os.tenants.manage|marketplace.partner_os.plans.view|marketplace.partner_os.subscriptions.view|marketplace.partner_os.tenant.access|marketplace.partner_os.onboarding.manage|marketplace.partner_os.subscriptions.manage|marketplace.partner_os.modules.manage","requireMarketplaceApiContext / source domain guard","app/api/angelcare-marketplace/partner-os/tenants/[tenantId]/subscription/route.ts","VISIBLE_ENABLED_OR_DISABLED_WITH_REASON","SOURCE_REVIEWED","STATIC_VERIFIED_RUNTIME_GATE","Server handler chain inspected; frontend behavior is represented by AcademyCommand."
"CAP-B09-001","Academy / B2B & partenaires","/angelcare-marketplace/admin/academy","/api/angelcare-marketplace/partner-os/tenants/:tenantId/transition","POST handleTenantTransition","marketplace.partner_os.admin.view|marketplace.partner_os.tenants.create|marketplace.partner_os.tenants.manage|marketplace.partner_os.plans.view|marketplace.partner_os.subscriptions.view|marketplace.partner_os.tenant.access|marketplace.partner_os.onboarding.manage|marketplace.partner_os.subscriptions.manage|marketplace.partner_os.modules.manage","requireMarketplaceApiContext / source domain guard","app/api/angelcare-marketplace/partner-os/tenants/[tenantId]/transition/route.ts","VISIBLE_ENABLED_OR_DISABLED_WITH_REASON","SOURCE_REVIEWED","STATIC_VERIFIED_RUNTIME_GATE","Server handler chain inspected; frontend behavior is represented by AcademyCommand."
"CAP-B09-001","Academy / B2B & partenaires","/angelcare-marketplace/admin/academy","/api/angelcare-marketplace/partner-os/tenants","POST handleTenants","marketplace.partner_os.admin.view|marketplace.partner_os.tenants.create|marketplace.partner_os.tenants.manage|marketplace.partner_os.plans.view|marketplace.partner_os.subscriptions.view|marketplace.partner_os.tenant.access|marketplace.partner_os.onboarding.manage|marketplace.partner_os.subscriptions.manage|marketplace.partner_os.modules.manage","requireMarketplaceApiContext / source domain guard","app/api/angelcare-marketplace/partner-os/tenants/route.ts","VISIBLE_ENABLED_OR_DISABLED_WITH_REASON","SOURCE_REVIEWED","STATIC_VERIFIED_RUNTIME_GATE","Server handler chain inspected; frontend behavior is represented by AcademyCommand."
"CAP-GLOBAL-001","Accueil / cross-domain shell","/angelcare-marketplace/admin","/api/angelcare-marketplace/payments/intents","POST handlePaymentIntentCreate","marketplace.finance.view|marketplace.finance.reconciliation.manage|marketplace.finance.price_books.manage|marketplace.finance.exceptions.approve|marketplace.security.manage|marketplace.operations.view|marketplace.operations.missions.manage","requireMarketplaceApiContext / source domain guard","app/api/angelcare-marketplace/payments/intents/route.ts","VISIBLE_ENABLED_OR_DISABLED_WITH_REASON","SOURCE_REVIEWED","STATIC_VERIFIED_RUNTIME_GATE","Server handler chain inspected; frontend behavior is represented by AdminNavigation; AdminWorkspaceContextNav; GovernedActionProvider."
"CAP-GLOBAL-001","Accueil / cross-domain shell","/angelcare-marketplace/admin","/api/angelcare-marketplace/payments/webhooks/:provider","POST handlePaymentWebhook","marketplace.finance.view|marketplace.finance.reconciliation.manage|marketplace.finance.price_books.manage|marketplace.finance.exceptions.approve|marketplace.security.manage|marketplace.operations.view|marketplace.operations.missions.manage","requireMarketplaceApiContext / source domain guard","app/api/angelcare-marketplace/payments/webhooks/[provider]/route.ts","VISIBLE_ENABLED_OR_DISABLED_WITH_REASON","SOURCE_REVIEWED","STATIC_VERIFIED_RUNTIME_GATE","Server handler chain inspected; frontend behavior is represented by AdminNavigation; AdminWorkspaceContextNav; GovernedActionProvider."
"CAP-B08-001","Prestataires & fournisseurs","/angelcare-marketplace/admin/supply-network","/api/angelcare-marketplace/providers/:providerId/availability/:ruleId","PATCH handleProviderAvailabilityRule","marketplace.providers.view|marketplace.providers.create|marketplace.providers.manage|marketplace.providers.documents.review|marketplace.providers.eligibility.review|marketplace.providers.availability.manage|marketplace.providers.payable_eligibility.review|marketplace.providers.certifications.review|marketplace.providers.performance.view","requireMarketplaceApiContext / source domain guard","app/api/angelcare-marketplace/providers/[providerId]/availability/[ruleId]/route.ts","VISIBLE_ENABLED_OR_DISABLED_WITH_REASON","SOURCE_REVIEWED","STATIC_VERIFIED_RUNTIME_GATE","Server handler chain inspected; frontend behavior is represented by NetworkAreaPage."
"CAP-B08-001","Prestataires & fournisseurs","/angelcare-marketplace/admin/supply-network","/api/angelcare-marketplace/providers/:providerId/availability/:ruleId","DELETE handleProviderAvailabilityRule","marketplace.providers.view|marketplace.providers.create|marketplace.providers.manage|marketplace.providers.documents.review|marketplace.providers.eligibility.review|marketplace.providers.availability.manage|marketplace.providers.payable_eligibility.review|marketplace.providers.certifications.review|marketplace.providers.performance.view","requireMarketplaceApiContext / source domain guard","app/api/angelcare-marketplace/providers/[providerId]/availability/[ruleId]/route.ts","VISIBLE_ENABLED_OR_DISABLED_WITH_REASON","SOURCE_REVIEWED","STATIC_VERIFIED_RUNTIME_GATE","Server handler chain inspected; frontend behavior is represented by NetworkAreaPage."
"CAP-B08-001","Prestataires & fournisseurs","/angelcare-marketplace/admin/supply-network","/api/angelcare-marketplace/providers/:providerId/availability/exceptions","POST handleProviderAvailabilityException","marketplace.providers.view|marketplace.providers.create|marketplace.providers.manage|marketplace.providers.documents.review|marketplace.providers.eligibility.review|marketplace.providers.availability.manage|marketplace.providers.payable_eligibility.review|marketplace.providers.certifications.review|marketplace.providers.performance.view","requireMarketplaceApiContext / source domain guard","app/api/angelcare-marketplace/providers/[providerId]/availability/exceptions/route.ts","VISIBLE_ENABLED_OR_DISABLED_WITH_REASON","SOURCE_REVIEWED","STATIC_VERIFIED_RUNTIME_GATE","Server handler chain inspected; frontend behavior is represented by NetworkAreaPage."
"CAP-B08-001","Prestataires & fournisseurs","/angelcare-marketplace/admin/supply-network","/api/angelcare-marketplace/providers/:providerId/availability","POST handleAvailability","marketplace.providers.view|marketplace.providers.create|marketplace.providers.manage|marketplace.providers.documents.review|marketplace.providers.eligibility.review|marketplace.providers.availability.manage|marketplace.providers.payable_eligibility.review|marketplace.providers.certifications.review|marketplace.providers.performance.view","requireMarketplaceApiContext / source domain guard","app/api/angelcare-marketplace/providers/[providerId]/availability/route.ts","VISIBLE_ENABLED_OR_DISABLED_WITH_REASON","SOURCE_REVIEWED","STATIC_VERIFIED_RUNTIME_GATE","Server handler chain inspected; frontend behavior is represented by NetworkAreaPage."
"CAP-B08-001","Prestataires & fournisseurs","/angelcare-marketplace/admin/supply-network","/api/angelcare-marketplace/providers/:providerId/certifications/:certificationId/review","POST handleProviderCertificationReview","marketplace.providers.view|marketplace.providers.create|marketplace.providers.manage|marketplace.providers.documents.review|marketplace.providers.eligibility.review|marketplace.providers.availability.manage|marketplace.providers.payable_eligibility.review|marketplace.providers.certifications.review|marketplace.providers.performance.view","requireMarketplaceApiContext / source domain guard","app/api/angelcare-marketplace/providers/[providerId]/certifications/[certificationId]/review/route.ts","VISIBLE_ENABLED_OR_DISABLED_WITH_REASON","SOURCE_REVIEWED","STATIC_VERIFIED_RUNTIME_GATE","Server handler chain inspected; frontend behavior is represented by NetworkAreaPage."
"CAP-B08-001","Prestataires & fournisseurs","/angelcare-marketplace/admin/supply-network","/api/angelcare-marketplace/providers/:providerId/documents/:documentId/review","POST handleDocumentReview","marketplace.providers.view|marketplace.providers.create|marketplace.providers.manage|marketplace.providers.documents.review|marketplace.providers.eligibility.review|marketplace.providers.availability.manage|marketplace.providers.payable_eligibility.review|marketplace.providers.certifications.review|marketplace.providers.performance.view","requireMarketplaceApiContext / source domain guard","app/api/angelcare-marketplace/providers/[providerId]/documents/[documentId]/review/route.ts","VISIBLE_ENABLED_OR_DISABLED_WITH_REASON","SOURCE_REVIEWED","STATIC_VERIFIED_RUNTIME_GATE","Server handler chain inspected; frontend behavior is represented by NetworkAreaPage."
"CAP-B08-001","Prestataires & fournisseurs","/angelcare-marketplace/admin/supply-network","/api/angelcare-marketplace/providers/:providerId/documents/request","POST handleProviderDocumentRequest","marketplace.providers.view|marketplace.providers.create|marketplace.providers.manage|marketplace.providers.documents.review|marketplace.providers.eligibility.review|marketplace.providers.availability.manage|marketplace.providers.payable_eligibility.review|marketplace.providers.certifications.review|marketplace.providers.performance.view","requireMarketplaceApiContext / source domain guard","app/api/angelcare-marketplace/providers/[providerId]/documents/request/route.ts","VISIBLE_ENABLED_OR_DISABLED_WITH_REASON","SOURCE_REVIEWED","STATIC_VERIFIED_RUNTIME_GATE","Server handler chain inspected; frontend behavior is represented by NetworkAreaPage."
"CAP-B08-001","Prestataires & fournisseurs","/angelcare-marketplace/admin/supply-network","/api/angelcare-marketplace/providers/:providerId/eligibility/recalculate","POST handleEligibilityRecalculate","marketplace.providers.view|marketplace.providers.create|marketplace.providers.manage|marketplace.providers.documents.review|marketplace.providers.eligibility.review|marketplace.providers.availability.manage|marketplace.providers.payable_eligibility.review|marketplace.providers.certifications.review|marketplace.providers.performance.view","requireMarketplaceApiContext / source domain guard","app/api/angelcare-marketplace/providers/[providerId]/eligibility/recalculate/route.ts","VISIBLE_ENABLED_OR_DISABLED_WITH_REASON","SOURCE_REVIEWED","STATIC_VERIFIED_RUNTIME_GATE","Server handler chain inspected; frontend behavior is represented by NetworkAreaPage."
"CAP-B08-001","Prestataires & fournisseurs","/angelcare-marketplace/admin/supply-network","/api/angelcare-marketplace/providers/:providerId/lifecycle","POST handleProviderLifecycle","marketplace.providers.view|marketplace.providers.create|marketplace.providers.manage|marketplace.providers.documents.review|marketplace.providers.eligibility.review|marketplace.providers.availability.manage|marketplace.providers.payable_eligibility.review|marketplace.providers.certifications.review|marketplace.providers.performance.view","requireMarketplaceApiContext / source domain guard","app/api/angelcare-marketplace/providers/[providerId]/lifecycle/route.ts","VISIBLE_ENABLED_OR_DISABLED_WITH_REASON","SOURCE_REVIEWED","STATIC_VERIFIED_RUNTIME_GATE","Server handler chain inspected; frontend behavior is represented by NetworkAreaPage."
"CAP-B08-001","Prestataires & fournisseurs","/angelcare-marketplace/admin/supply-network","/api/angelcare-marketplace/providers/:providerId/performance","POST handleProviderPerformance","marketplace.providers.view|marketplace.providers.create|marketplace.providers.manage|marketplace.providers.documents.review|marketplace.providers.eligibility.review|marketplace.providers.availability.manage|marketplace.providers.payable_eligibility.review|marketplace.providers.certifications.review|marketplace.providers.performance.view","requireMarketplaceApiContext / source domain guard","app/api/angelcare-marketplace/providers/[providerId]/performance/route.ts","VISIBLE_ENABLED_OR_DISABLED_WITH_REASON","SOURCE_REVIEWED","STATIC_VERIFIED_RUNTIME_GATE","Server handler chain inspected; frontend behavior is represented by NetworkAreaPage."
"CAP-B08-001","Prestataires & fournisseurs","/angelcare-marketplace/admin/supply-network","/api/angelcare-marketplace/providers/:providerId/qualifications/:qualificationId","PATCH handleProviderQualification","marketplace.providers.view|marketplace.providers.create|marketplace.providers.manage|marketplace.providers.documents.review|marketplace.providers.eligibility.review|marketplace.providers.availability.manage|marketplace.providers.payable_eligibility.review|marketplace.providers.certifications.review|marketplace.providers.performance.view","requireMarketplaceApiContext / source domain guard","app/api/angelcare-marketplace/providers/[providerId]/qualifications/[qualificationId]/route.ts","VISIBLE_ENABLED_OR_DISABLED_WITH_REASON","SOURCE_REVIEWED","STATIC_VERIFIED_RUNTIME_GATE","Server handler chain inspected; frontend behavior is represented by NetworkAreaPage."
"CAP-B08-001","Prestataires & fournisseurs","/angelcare-marketplace/admin/supply-network","/api/angelcare-marketplace/providers/:providerId/qualifications/:qualificationId","DELETE handleProviderQualification","marketplace.providers.view|marketplace.providers.create|marketplace.providers.manage|marketplace.providers.documents.review|marketplace.providers.eligibility.review|marketplace.providers.availability.manage|marketplace.providers.payable_eligibility.review|marketplace.providers.certifications.review|marketplace.providers.performance.view","requireMarketplaceApiContext / source domain guard","app/api/angelcare-marketplace/providers/[providerId]/qualifications/[qualificationId]/route.ts","VISIBLE_ENABLED_OR_DISABLED_WITH_REASON","SOURCE_REVIEWED","STATIC_VERIFIED_RUNTIME_GATE","Server handler chain inspected; frontend behavior is represented by NetworkAreaPage."
"CAP-B08-001","Prestataires & fournisseurs","/angelcare-marketplace/admin/supply-network","/api/angelcare-marketplace/providers/:providerId/qualifications","POST handleProviderQualifications","marketplace.providers.view|marketplace.providers.create|marketplace.providers.manage|marketplace.providers.documents.review|marketplace.providers.eligibility.review|marketplace.providers.availability.manage|marketplace.providers.payable_eligibility.review|marketplace.providers.certifications.review|marketplace.providers.performance.view","requireMarketplaceApiContext / source domain guard","app/api/angelcare-marketplace/providers/[providerId]/qualifications/route.ts","VISIBLE_ENABLED_OR_DISABLED_WITH_REASON","SOURCE_REVIEWED","STATIC_VERIFIED_RUNTIME_GATE","Server handler chain inspected; frontend behavior is represented by NetworkAreaPage."
"CAP-B08-001","Prestataires & fournisseurs","/angelcare-marketplace/admin/supply-network","/api/angelcare-marketplace/providers/:providerId","PATCH handleProviderDossier","marketplace.providers.view|marketplace.providers.create|marketplace.providers.manage|marketplace.providers.documents.review|marketplace.providers.eligibility.review|marketplace.providers.availability.manage|marketplace.providers.payable_eligibility.review|marketplace.providers.certifications.review|marketplace.providers.performance.view","requireMarketplaceApiContext / source domain guard","app/api/angelcare-marketplace/providers/[providerId]/route.ts","VISIBLE_ENABLED_OR_DISABLED_WITH_REASON","SOURCE_REVIEWED","STATIC_VERIFIED_RUNTIME_GATE","Server handler chain inspected; frontend behavior is represented by NetworkAreaPage."
"CAP-B08-001","Prestataires & fournisseurs","/angelcare-marketplace/admin/supply-network","/api/angelcare-marketplace/providers/payable/:payableId/decision","POST handlePayableDecision","marketplace.providers.view|marketplace.providers.create|marketplace.providers.manage|marketplace.providers.documents.review|marketplace.providers.eligibility.review|marketplace.providers.availability.manage|marketplace.providers.payable_eligibility.review|marketplace.providers.certifications.review|marketplace.providers.performance.view","requireMarketplaceApiContext / source domain guard","app/api/angelcare-marketplace/providers/payable/[payableId]/decision/route.ts","VISIBLE_ENABLED_OR_DISABLED_WITH_REASON","SOURCE_REVIEWED","STATIC_VERIFIED_RUNTIME_GATE","Server handler chain inspected; frontend behavior is represented by NetworkAreaPage."
"CAP-B08-001","Prestataires & fournisseurs","/angelcare-marketplace/admin/supply-network","/api/angelcare-marketplace/providers","POST handleProviders","marketplace.providers.view|marketplace.providers.create|marketplace.providers.manage|marketplace.providers.documents.review|marketplace.providers.eligibility.review|marketplace.providers.availability.manage|marketplace.providers.payable_eligibility.review|marketplace.providers.certifications.review|marketplace.providers.performance.view","requireMarketplaceApiContext / source domain guard","app/api/angelcare-marketplace/providers/route.ts","VISIBLE_ENABLED_OR_DISABLED_WITH_REASON","SOURCE_REVIEWED","STATIC_VERIFIED_RUNTIME_GATE","Server handler chain inspected; frontend behavior is represented by NetworkAreaPage."
"CAP-B05-001","Boutique","/angelcare-marketplace/admin/boutique","/api/angelcare-marketplace/public/footer/events","POST handlePublicFooterEvent","marketplace.commerce.view|marketplace.publication.manage|marketplace.analytics.view","requireMarketplaceApiContext / source domain guard","app/api/angelcare-marketplace/public/footer/events/route.ts","VISIBLE_ENABLED_OR_DISABLED_WITH_REASON","SOURCE_REVIEWED","STATIC_VERIFIED_RUNTIME_GATE","Server handler chain inspected; frontend behavior is represented by FrontendControlCommand."
"CAP-B11-001","Trust & qualité","/angelcare-marketplace/admin/trust","/api/angelcare-marketplace/qa/defects/:defectId/transition","POST handleDefectTransition","marketplace.intelligence.view|marketplace.growth.view|marketplace.performance.view|marketplace.security.view|marketplace.qa.view|marketplace.launch.view|marketplace.launch.monitoring|marketplace.growth.experiments.manage|marketplace.qa.defects.manage|marketplace.launch.approve","requireMarketplaceApiContext / source domain guard","app/api/angelcare-marketplace/qa/defects/[defectId]/transition/route.ts","VISIBLE_ENABLED_OR_DISABLED_WITH_REASON","SOURCE_REVIEWED","STATIC_VERIFIED_RUNTIME_GATE","Server handler chain inspected; frontend behavior is represented by TrustCommand; AdminWorkspaceContextNav."
"CAP-B01-001","Accueil / Produits & services","/angelcare-marketplace/admin","/api/angelcare-marketplace/quote-baskets/:basketId/items","POST handleQuoteBasketItems","marketplace.catalog.view|marketplace.catalog.manage|marketplace.catalog.publish|marketplace.catalog.suppliers.view|marketplace.quote_basket.create|marketplace.quote_basket.view|marketplace.quote_basket.manage","requireMarketplaceApiContext / source domain guard","app/api/angelcare-marketplace/quote-baskets/[basketId]/items/route.ts","VISIBLE_ENABLED_OR_DISABLED_WITH_REASON","SOURCE_REVIEWED","STATIC_VERIFIED_RUNTIME_GATE","Server handler chain inspected; frontend behavior is represented by OperatorExcellenceCockpit."
"CAP-B04-001","Commandes & réservations","/angelcare-marketplace/admin/orders","/api/angelcare-marketplace/quote-baskets/:basketId/items","POST handleQuoteBasketItems","marketplace.catalog.view|marketplace.catalog.manage|marketplace.catalog.publish|marketplace.catalog.suppliers.view|marketplace.quote_basket.create|marketplace.quote_basket.view|marketplace.quote_basket.manage","requireMarketplaceApiContext / source domain guard","app/api/angelcare-marketplace/quote-baskets/[basketId]/items/route.ts","VISIBLE_ENABLED_OR_DISABLED_WITH_REASON","SOURCE_REVIEWED","STATIC_VERIFIED_RUNTIME_GATE","Server handler chain inspected; frontend behavior is represented by EnterpriseOrderCommand."
"CAP-B08-001","Prestataires & fournisseurs","/angelcare-marketplace/admin/supply-network","/api/angelcare-marketplace/quote-baskets/:basketId/items","POST handleQuoteBasketItems","marketplace.catalog.view|marketplace.catalog.manage|marketplace.catalog.publish|marketplace.catalog.suppliers.view|marketplace.quote_basket.create|marketplace.quote_basket.view|marketplace.quote_basket.manage","requireMarketplaceApiContext / source domain guard","app/api/angelcare-marketplace/quote-baskets/[basketId]/items/route.ts","VISIBLE_ENABLED_OR_DISABLED_WITH_REASON","SOURCE_REVIEWED","STATIC_VERIFIED_RUNTIME_GATE","Server handler chain inspected; frontend behavior is represented by NetworkAreaPage."
"CAP-B01-001","Accueil / Produits & services","/angelcare-marketplace/admin","/api/angelcare-marketplace/quote-baskets","POST handleQuoteBaskets","marketplace.catalog.view|marketplace.catalog.manage|marketplace.catalog.publish|marketplace.catalog.suppliers.view|marketplace.quote_basket.create|marketplace.quote_basket.view|marketplace.quote_basket.manage","requireMarketplaceApiContext / source domain guard","app/api/angelcare-marketplace/quote-baskets/route.ts","VISIBLE_ENABLED_OR_DISABLED_WITH_REASON","SOURCE_REVIEWED","STATIC_VERIFIED_RUNTIME_GATE","Server handler chain inspected; frontend behavior is represented by OperatorExcellenceCockpit."
"CAP-B04-001","Commandes & réservations","/angelcare-marketplace/admin/orders","/api/angelcare-marketplace/quote-baskets","POST handleQuoteBaskets","marketplace.catalog.view|marketplace.catalog.manage|marketplace.catalog.publish|marketplace.catalog.suppliers.view|marketplace.quote_basket.create|marketplace.quote_basket.view|marketplace.quote_basket.manage","requireMarketplaceApiContext / source domain guard","app/api/angelcare-marketplace/quote-baskets/route.ts","VISIBLE_ENABLED_OR_DISABLED_WITH_REASON","SOURCE_REVIEWED","STATIC_VERIFIED_RUNTIME_GATE","Server handler chain inspected; frontend behavior is represented by EnterpriseOrderCommand."
"CAP-B08-001","Prestataires & fournisseurs","/angelcare-marketplace/admin/supply-network","/api/angelcare-marketplace/quote-baskets","POST handleQuoteBaskets","marketplace.catalog.view|marketplace.catalog.manage|marketplace.catalog.publish|marketplace.catalog.suppliers.view|marketplace.quote_basket.create|marketplace.quote_basket.view|marketplace.quote_basket.manage","requireMarketplaceApiContext / source domain guard","app/api/angelcare-marketplace/quote-baskets/route.ts","VISIBLE_ENABLED_OR_DISABLED_WITH_REASON","SOURCE_REVIEWED","STATIC_VERIFIED_RUNTIME_GATE","Server handler chain inspected; frontend behavior is represented by NetworkAreaPage."
"CAP-B11-001","Trust & qualité","/angelcare-marketplace/admin/trust","/api/angelcare-marketplace/security/isolation-tests/:testId/execute","POST handleIsolationExecution","marketplace.analytics.view|marketplace.analytics.definitions.manage|marketplace.security.view|marketplace.security.access_review|marketplace.security.isolation.review|marketplace.security.events.view|marketplace.backup.view|marketplace.recovery_test.approve","requireMarketplaceApiContext / source domain guard","app/api/angelcare-marketplace/security/isolation-tests/[testId]/execute/route.ts","VISIBLE_ENABLED_OR_DISABLED_WITH_REASON","SOURCE_REVIEWED","STATIC_VERIFIED_RUNTIME_GATE","Server handler chain inspected; frontend behavior is represented by TrustCommand; AdminWorkspaceContextNav."
"CAP-B11-001","Trust & qualité","/angelcare-marketplace/admin/trust","/api/angelcare-marketplace/security/recovery-tests/:testId/transition","POST handleRecoveryTransition","marketplace.analytics.view|marketplace.analytics.definitions.manage|marketplace.security.view|marketplace.security.access_review|marketplace.security.isolation.review|marketplace.security.events.view|marketplace.backup.view|marketplace.recovery_test.approve","requireMarketplaceApiContext / source domain guard","app/api/angelcare-marketplace/security/recovery-tests/[testId]/transition/route.ts","VISIBLE_ENABLED_OR_DISABLED_WITH_REASON","SOURCE_REVIEWED","STATIC_VERIFIED_RUNTIME_GATE","Server handler chain inspected; frontend behavior is represented by TrustCommand; AdminWorkspaceContextNav."
"CAP-B07-001","Opérations","/angelcare-marketplace/admin/operations/today","/api/angelcare-marketplace/territories/:territoryCode/health","POST handleTerritoryHealthGet|handleTerritoryHealthPost","marketplace.territories.submit_review|marketplace.territories.approve_soft_launch|marketplace.territories.approve_live|marketplace.territories.pause|marketplace.territories.archive|marketplace.territories.update|marketplace.territories.resume|marketplace.territories.view|marketplace.territories.create|marketplace.territories.clone|marketplace.territory_settings.view|marketplace.territory_settings.manage|marketplace.territory_overrides.view|marketplace.territory_overrides.create|marketplace.territory_overrides.approve|marketplace.territory_overrides.reject|marketplace.territory_overrides.rollback|marketplace.territory_readiness.view|marketplace.territory_readiness.manage|marketplace.territory_readiness.review|marketplace.territory_readiness.sign_off|marketplace.territory_health.view|marketplace.territory_health.manage|marketplace.territories.preview|marketplace.territories.export","requireMarketplaceApiContext / source domain guard","app/api/angelcare-marketplace/territories/[territoryCode]/health/route.ts","VISIBLE_ENABLED_OR_DISABLED_WITH_REASON","SOURCE_REVIEWED","STATIC_VERIFIED_RUNTIME_GATE","Server handler chain inspected; frontend behavior is represented by OperationsCommand."
"CAP-B07-001","Opérations","/angelcare-marketplace/admin/operations/today","/api/angelcare-marketplace/territories/:territoryCode/overrides","POST handleTerritoryOverridesGet|handleTerritoryOverridesPost","marketplace.territories.submit_review|marketplace.territories.approve_soft_launch|marketplace.territories.approve_live|marketplace.territories.pause|marketplace.territories.archive|marketplace.territories.update|marketplace.territories.resume|marketplace.territories.view|marketplace.territories.create|marketplace.territories.clone|marketplace.territory_settings.view|marketplace.territory_settings.manage|marketplace.territory_overrides.view|marketplace.territory_overrides.create|marketplace.territory_overrides.approve|marketplace.territory_overrides.reject|marketplace.territory_overrides.rollback|marketplace.territory_readiness.view|marketplace.territory_readiness.manage|marketplace.territory_readiness.review|marketplace.territory_readiness.sign_off|marketplace.territory_health.view|marketplace.territory_health.manage|marketplace.territories.preview|marketplace.territories.export","requireMarketplaceApiContext / source domain guard","app/api/angelcare-marketplace/territories/[territoryCode]/overrides/route.ts","VISIBLE_ENABLED_OR_DISABLED_WITH_REASON","SOURCE_REVIEWED","STATIC_VERIFIED_RUNTIME_GATE","Server handler chain inspected; frontend behavior is represented by OperationsCommand."
"CAP-B07-001","Opérations","/angelcare-marketplace/admin/operations/today","/api/angelcare-marketplace/territories/:territoryCode/readiness/:gateKey","PATCH handleTerritoryReadinessPatch","marketplace.territories.submit_review|marketplace.territories.approve_soft_launch|marketplace.territories.approve_live|marketplace.territories.pause|marketplace.territories.archive|marketplace.territories.update|marketplace.territories.resume|marketplace.territories.view|marketplace.territories.create|marketplace.territories.clone|marketplace.territory_settings.view|marketplace.territory_settings.manage|marketplace.territory_overrides.view|marketplace.territory_overrides.create|marketplace.territory_overrides.approve|marketplace.territory_overrides.reject|marketplace.territory_overrides.rollback|marketplace.territory_readiness.view|marketplace.territory_readiness.manage|marketplace.territory_readiness.review|marketplace.territory_readiness.sign_off|marketplace.territory_health.view|marketplace.territory_health.manage|marketplace.territories.preview|marketplace.territories.export","requireMarketplaceApiContext / source domain guard","app/api/angelcare-marketplace/territories/[territoryCode]/readiness/[gateKey]/route.ts","VISIBLE_ENABLED_OR_DISABLED_WITH_REASON","SOURCE_REVIEWED","STATIC_VERIFIED_RUNTIME_GATE","Server handler chain inspected; frontend behavior is represented by OperationsCommand."
"CAP-B07-001","Opérations","/angelcare-marketplace/admin/operations/today","/api/angelcare-marketplace/territories/:territoryCode/readiness/sign-off","POST handleTerritoryReadinessSignOffPost","marketplace.territories.submit_review|marketplace.territories.approve_soft_launch|marketplace.territories.approve_live|marketplace.territories.pause|marketplace.territories.archive|marketplace.territories.update|marketplace.territories.resume|marketplace.territories.view|marketplace.territories.create|marketplace.territories.clone|marketplace.territory_settings.view|marketplace.territory_settings.manage|marketplace.territory_overrides.view|marketplace.territory_overrides.create|marketplace.territory_overrides.approve|marketplace.territory_overrides.reject|marketplace.territory_overrides.rollback|marketplace.territory_readiness.view|marketplace.territory_readiness.manage|marketplace.territory_readiness.review|marketplace.territory_readiness.sign_off|marketplace.territory_health.view|marketplace.territory_health.manage|marketplace.territories.preview|marketplace.territories.export","requireMarketplaceApiContext / source domain guard","app/api/angelcare-marketplace/territories/[territoryCode]/readiness/sign-off/route.ts","VISIBLE_ENABLED_OR_DISABLED_WITH_REASON","SOURCE_REVIEWED","STATIC_VERIFIED_RUNTIME_GATE","Server handler chain inspected; frontend behavior is represented by OperationsCommand."
"CAP-B07-001","Opérations","/angelcare-marketplace/admin/operations/today","/api/angelcare-marketplace/territories/:territoryCode/readiness/validate","POST handleTerritoryReadinessValidatePost","marketplace.territories.submit_review|marketplace.territories.approve_soft_launch|marketplace.territories.approve_live|marketplace.territories.pause|marketplace.territories.archive|marketplace.territories.update|marketplace.territories.resume|marketplace.territories.view|marketplace.territories.create|marketplace.territories.clone|marketplace.territory_settings.view|marketplace.territory_settings.manage|marketplace.territory_overrides.view|marketplace.territory_overrides.create|marketplace.territory_overrides.approve|marketplace.territory_overrides.reject|marketplace.territory_overrides.rollback|marketplace.territory_readiness.view|marketplace.territory_readiness.manage|marketplace.territory_readiness.review|marketplace.territory_readiness.sign_off|marketplace.territory_health.view|marketplace.territory_health.manage|marketplace.territories.preview|marketplace.territories.export","requireMarketplaceApiContext / source domain guard","app/api/angelcare-marketplace/territories/[territoryCode]/readiness/validate/route.ts","VISIBLE_ENABLED_OR_DISABLED_WITH_REASON","SOURCE_REVIEWED","STATIC_VERIFIED_RUNTIME_GATE","Server handler chain inspected; frontend behavior is represented by OperationsCommand."
"CAP-B07-001","Opérations","/angelcare-marketplace/admin/operations/today","/api/angelcare-marketplace/territories/:territoryCode","PATCH handleTerritoryGet|handleTerritoryPatch","marketplace.territories.submit_review|marketplace.territories.approve_soft_launch|marketplace.territories.approve_live|marketplace.territories.pause|marketplace.territories.archive|marketplace.territories.update|marketplace.territories.resume|marketplace.territories.view|marketplace.territories.create|marketplace.territories.clone|marketplace.territory_settings.view|marketplace.territory_settings.manage|marketplace.territory_overrides.view|marketplace.territory_overrides.create|marketplace.territory_overrides.approve|marketplace.territory_overrides.reject|marketplace.territory_overrides.rollback|marketplace.territory_readiness.view|marketplace.territory_readiness.manage|marketplace.territory_readiness.review|marketplace.territory_readiness.sign_off|marketplace.territory_health.view|marketplace.territory_health.manage|marketplace.territories.preview|marketplace.territories.export","requireMarketplaceApiContext / source domain guard","app/api/angelcare-marketplace/territories/[territoryCode]/route.ts","VISIBLE_ENABLED_OR_DISABLED_WITH_REASON","SOURCE_REVIEWED","STATIC_VERIFIED_RUNTIME_GATE","Server handler chain inspected; frontend behavior is represented by OperationsCommand."
"CAP-B07-001","Opérations","/angelcare-marketplace/admin/operations/today","/api/angelcare-marketplace/territories/:territoryCode/settings/:settingKey","PATCH handleTerritorySettingPatch","marketplace.territories.submit_review|marketplace.territories.approve_soft_launch|marketplace.territories.approve_live|marketplace.territories.pause|marketplace.territories.archive|marketplace.territories.update|marketplace.territories.resume|marketplace.territories.view|marketplace.territories.create|marketplace.territories.clone|marketplace.territory_settings.view|marketplace.territory_settings.manage|marketplace.territory_overrides.view|marketplace.territory_overrides.create|marketplace.territory_overrides.approve|marketplace.territory_overrides.reject|marketplace.territory_overrides.rollback|marketplace.territory_readiness.view|marketplace.territory_readiness.manage|marketplace.territory_readiness.review|marketplace.territory_readiness.sign_off|marketplace.territory_health.view|marketplace.territory_health.manage|marketplace.territories.preview|marketplace.territories.export","requireMarketplaceApiContext / source domain guard","app/api/angelcare-marketplace/territories/[territoryCode]/settings/[settingKey]/route.ts","VISIBLE_ENABLED_OR_DISABLED_WITH_REASON","SOURCE_REVIEWED","STATIC_VERIFIED_RUNTIME_GATE","Server handler chain inspected; frontend behavior is represented by OperationsCommand."
"CAP-B07-001","Opérations","/angelcare-marketplace/admin/operations/today","/api/angelcare-marketplace/territories/:territoryCode/transition","POST handleTerritoryTransitionPost","marketplace.territories.submit_review|marketplace.territories.approve_soft_launch|marketplace.territories.approve_live|marketplace.territories.pause|marketplace.territories.archive|marketplace.territories.update|marketplace.territories.resume|marketplace.territories.view|marketplace.territories.create|marketplace.territories.clone|marketplace.territory_settings.view|marketplace.territory_settings.manage|marketplace.territory_overrides.view|marketplace.territory_overrides.create|marketplace.territory_overrides.approve|marketplace.territory_overrides.reject|marketplace.territory_overrides.rollback|marketplace.territory_readiness.view|marketplace.territory_readiness.manage|marketplace.territory_readiness.review|marketplace.territory_readiness.sign_off|marketplace.territory_health.view|marketplace.territory_health.manage|marketplace.territories.preview|marketplace.territories.export","requireMarketplaceApiContext / source domain guard","app/api/angelcare-marketplace/territories/[territoryCode]/transition/route.ts","VISIBLE_ENABLED_OR_DISABLED_WITH_REASON","SOURCE_REVIEWED","STATIC_VERIFIED_RUNTIME_GATE","Server handler chain inspected; frontend behavior is represented by OperationsCommand."
"CAP-B07-001","Opérations","/angelcare-marketplace/admin/operations/today","/api/angelcare-marketplace/territory-overrides/:overrideId/review","POST handleTerritoryOverrideReviewPost","marketplace.territories.submit_review|marketplace.territories.approve_soft_launch|marketplace.territories.approve_live|marketplace.territories.pause|marketplace.territories.archive|marketplace.territories.update|marketplace.territories.resume|marketplace.territories.view|marketplace.territories.create|marketplace.territories.clone|marketplace.territory_settings.view|marketplace.territory_settings.manage|marketplace.territory_overrides.view|marketplace.territory_overrides.create|marketplace.territory_overrides.approve|marketplace.territory_overrides.reject|marketplace.territory_overrides.rollback|marketplace.territory_readiness.view|marketplace.territory_readiness.manage|marketplace.territory_readiness.review|marketplace.territory_readiness.sign_off|marketplace.territory_health.view|marketplace.territory_health.manage|marketplace.territories.preview|marketplace.territories.export","requireMarketplaceApiContext / source domain guard","app/api/angelcare-marketplace/territory-overrides/[overrideId]/review/route.ts","VISIBLE_ENABLED_OR_DISABLED_WITH_REASON","SOURCE_REVIEWED","STATIC_VERIFIED_RUNTIME_GATE","Server handler chain inspected; frontend behavior is represented by OperationsCommand."
"CAP-B07-001","Opérations","/angelcare-marketplace/admin/operations/today","/api/angelcare-marketplace/territory-overrides/:overrideId/rollback","POST handleTerritoryOverrideRollbackPost","marketplace.territories.submit_review|marketplace.territories.approve_soft_launch|marketplace.territories.approve_live|marketplace.territories.pause|marketplace.territories.archive|marketplace.territories.update|marketplace.territories.resume|marketplace.territories.view|marketplace.territories.create|marketplace.territories.clone|marketplace.territory_settings.view|marketplace.territory_settings.manage|marketplace.territory_overrides.view|marketplace.territory_overrides.create|marketplace.territory_overrides.approve|marketplace.territory_overrides.reject|marketplace.territory_overrides.rollback|marketplace.territory_readiness.view|marketplace.territory_readiness.manage|marketplace.territory_readiness.review|marketplace.territory_readiness.sign_off|marketplace.territory_health.view|marketplace.territory_health.manage|marketplace.territories.preview|marketplace.territories.export","requireMarketplaceApiContext / source domain guard","app/api/angelcare-marketplace/territory-overrides/[overrideId]/rollback/route.ts","VISIBLE_ENABLED_OR_DISABLED_WITH_REASON","SOURCE_REVIEWED","STATIC_VERIFIED_RUNTIME_GATE","Server handler chain inspected; frontend behavior is represented by OperationsCommand."
"CAP-B11-001","Trust & qualité","/angelcare-marketplace/admin/trust","/api/angelcare-marketplace/trust/assessments/:assessmentId/recalculate","POST handleAssessmentRecalculate","marketplace.trust.sops.manage|marketplace.quality.assessments.manage|marketplace.complaints.manage|marketplace.quality.corrective_actions.manage|marketplace.trust.view|marketplace.quality.view|marketplace.complaints.view|marketplace.sensitive_content.review|marketplace.sensitive_content.approve","requireMarketplaceApiContext / source domain guard","app/api/angelcare-marketplace/trust/assessments/[assessmentId]/recalculate/route.ts","VISIBLE_ENABLED_OR_DISABLED_WITH_REASON","SOURCE_REVIEWED","STATIC_VERIFIED_RUNTIME_GATE","Server handler chain inspected; frontend behavior is represented by TrustCommand; AdminWorkspaceContextNav."
"CAP-B11-001","Trust & qualité","/angelcare-marketplace/admin/trust","/api/angelcare-marketplace/trust/assessments/:assessmentId/transition","POST handleAssessmentTransition","marketplace.trust.sops.manage|marketplace.quality.assessments.manage|marketplace.complaints.manage|marketplace.quality.corrective_actions.manage|marketplace.trust.view|marketplace.quality.view|marketplace.complaints.view|marketplace.sensitive_content.review|marketplace.sensitive_content.approve","requireMarketplaceApiContext / source domain guard","app/api/angelcare-marketplace/trust/assessments/[assessmentId]/transition/route.ts","VISIBLE_ENABLED_OR_DISABLED_WITH_REASON","SOURCE_REVIEWED","STATIC_VERIFIED_RUNTIME_GATE","Server handler chain inspected; frontend behavior is represented by TrustCommand; AdminWorkspaceContextNav."
"CAP-B11-001","Trust & qualité","/angelcare-marketplace/admin/trust","/api/angelcare-marketplace/trust/capa/:actionId/transition","POST handleCapaTransition","marketplace.trust.sops.manage|marketplace.quality.assessments.manage|marketplace.complaints.manage|marketplace.quality.corrective_actions.manage|marketplace.trust.view|marketplace.quality.view|marketplace.complaints.view|marketplace.sensitive_content.review|marketplace.sensitive_content.approve","requireMarketplaceApiContext / source domain guard","app/api/angelcare-marketplace/trust/capa/[actionId]/transition/route.ts","VISIBLE_ENABLED_OR_DISABLED_WITH_REASON","SOURCE_REVIEWED","STATIC_VERIFIED_RUNTIME_GATE","Server handler chain inspected; frontend behavior is represented by TrustCommand; AdminWorkspaceContextNav."
"CAP-B11-001","Trust & qualité","/angelcare-marketplace/admin/trust","/api/angelcare-marketplace/trust/complaints/:complaintId/transition","POST handleComplaintTransition","marketplace.trust.sops.manage|marketplace.quality.assessments.manage|marketplace.complaints.manage|marketplace.quality.corrective_actions.manage|marketplace.trust.view|marketplace.quality.view|marketplace.complaints.view|marketplace.sensitive_content.review|marketplace.sensitive_content.approve","requireMarketplaceApiContext / source domain guard","app/api/angelcare-marketplace/trust/complaints/[complaintId]/transition/route.ts","VISIBLE_ENABLED_OR_DISABLED_WITH_REASON","SOURCE_REVIEWED","STATIC_VERIFIED_RUNTIME_GATE","Server handler chain inspected; frontend behavior is represented by TrustCommand; AdminWorkspaceContextNav."
"CAP-B11-001","Trust & qualité","/angelcare-marketplace/admin/trust","/api/angelcare-marketplace/trust/sensitive-reviews/:reviewId/approve","POST handleSensitiveApproval","marketplace.trust.sops.manage|marketplace.quality.assessments.manage|marketplace.complaints.manage|marketplace.quality.corrective_actions.manage|marketplace.trust.view|marketplace.quality.view|marketplace.complaints.view|marketplace.sensitive_content.review|marketplace.sensitive_content.approve","requireMarketplaceApiContext / source domain guard","app/api/angelcare-marketplace/trust/sensitive-reviews/[reviewId]/approve/route.ts","VISIBLE_ENABLED_OR_DISABLED_WITH_REASON","SOURCE_REVIEWED","STATIC_VERIFIED_RUNTIME_GATE","Server handler chain inspected; frontend behavior is represented by TrustCommand; AdminWorkspaceContextNav."
"CAP-B11-001","Trust & qualité","/angelcare-marketplace/admin/trust","/api/angelcare-marketplace/trust/sops/:sopId/transition","POST handleSopTransition","marketplace.trust.sops.manage|marketplace.quality.assessments.manage|marketplace.complaints.manage|marketplace.quality.corrective_actions.manage|marketplace.trust.view|marketplace.quality.view|marketplace.complaints.view|marketplace.sensitive_content.review|marketplace.sensitive_content.approve","requireMarketplaceApiContext / source domain guard","app/api/angelcare-marketplace/trust/sops/[sopId]/transition/route.ts","VISIBLE_ENABLED_OR_DISABLED_WITH_REASON","SOURCE_REVIEWED","STATIC_VERIFIED_RUNTIME_GATE","Server handler chain inspected; frontend behavior is represented by TrustCommand; AdminWorkspaceContextNav."
"CAP-B11-001","Trust & qualité","/angelcare-marketplace/admin/trust","/api/angelcare-marketplace/trust/sops","POST handleSops","marketplace.trust.sops.manage|marketplace.quality.assessments.manage|marketplace.complaints.manage|marketplace.quality.corrective_actions.manage|marketplace.trust.view|marketplace.quality.view|marketplace.complaints.view|marketplace.sensitive_content.review|marketplace.sensitive_content.approve","requireMarketplaceApiContext / source domain guard","app/api/angelcare-marketplace/trust/sops/route.ts","VISIBLE_ENABLED_OR_DISABLED_WITH_REASON","SOURCE_REVIEWED","STATIC_VERIFIED_RUNTIME_GATE","Server handler chain inspected; frontend behavior is represented by TrustCommand; AdminWorkspaceContextNav."
"CAP-B08-001","Prestataires & fournisseurs","/angelcare-marketplace/admin/supply-network","/api/angelcare-marketplace/vendors/:vendorId/contracts/:contractId/transition","POST handleVendorContractTransition","marketplace.operations.view|marketplace.vendors.manage|marketplace.vendors.contracts.manage|marketplace.vendors.orders.manage|marketplace.vendors.inventory.manage|marketplace.vendors.quality.manage|marketplace.vendors.settlements.manage","requireMarketplaceApiContext / source domain guard","app/api/angelcare-marketplace/vendors/[vendorId]/contracts/[contractId]/transition/route.ts","VISIBLE_ENABLED_OR_DISABLED_WITH_REASON","SOURCE_REVIEWED","STATIC_VERIFIED_RUNTIME_GATE","Server handler chain inspected; frontend behavior is represented by NetworkAreaPage."
"CAP-B08-001","Prestataires & fournisseurs","/angelcare-marketplace/admin/supply-network","/api/angelcare-marketplace/vendors/:vendorId/contracts","POST handleVendorContracts","marketplace.operations.view|marketplace.vendors.manage|marketplace.vendors.contracts.manage|marketplace.vendors.orders.manage|marketplace.vendors.inventory.manage|marketplace.vendors.quality.manage|marketplace.vendors.settlements.manage","requireMarketplaceApiContext / source domain guard","app/api/angelcare-marketplace/vendors/[vendorId]/contracts/route.ts","VISIBLE_ENABLED_OR_DISABLED_WITH_REASON","SOURCE_REVIEWED","STATIC_VERIFIED_RUNTIME_GATE","Server handler chain inspected; frontend behavior is represented by NetworkAreaPage."
"CAP-B08-001","Prestataires & fournisseurs","/angelcare-marketplace/admin/supply-network","/api/angelcare-marketplace/vendors/:vendorId/inventory","POST handleVendorInventory","marketplace.operations.view|marketplace.vendors.manage|marketplace.vendors.contracts.manage|marketplace.vendors.orders.manage|marketplace.vendors.inventory.manage|marketplace.vendors.quality.manage|marketplace.vendors.settlements.manage","requireMarketplaceApiContext / source domain guard","app/api/angelcare-marketplace/vendors/[vendorId]/inventory/route.ts","VISIBLE_ENABLED_OR_DISABLED_WITH_REASON","SOURCE_REVIEWED","STATIC_VERIFIED_RUNTIME_GATE","Server handler chain inspected; frontend behavior is represented by NetworkAreaPage."
"CAP-B08-001","Prestataires & fournisseurs","/angelcare-marketplace/admin/supply-network","/api/angelcare-marketplace/vendors/:vendorId/lifecycle","POST handleVendorLifecycle","marketplace.operations.view|marketplace.vendors.manage|marketplace.vendors.contracts.manage|marketplace.vendors.orders.manage|marketplace.vendors.inventory.manage|marketplace.vendors.quality.manage|marketplace.vendors.settlements.manage","requireMarketplaceApiContext / source domain guard","app/api/angelcare-marketplace/vendors/[vendorId]/lifecycle/route.ts","VISIBLE_ENABLED_OR_DISABLED_WITH_REASON","SOURCE_REVIEWED","STATIC_VERIFIED_RUNTIME_GATE","Server handler chain inspected; frontend behavior is represented by NetworkAreaPage."
"CAP-B08-001","Prestataires & fournisseurs","/angelcare-marketplace/admin/supply-network","/api/angelcare-marketplace/vendors/:vendorId/orders/:orderId/transition","POST handleVendorOrderTransition","marketplace.operations.view|marketplace.vendors.manage|marketplace.vendors.contracts.manage|marketplace.vendors.orders.manage|marketplace.vendors.inventory.manage|marketplace.vendors.quality.manage|marketplace.vendors.settlements.manage","requireMarketplaceApiContext / source domain guard","app/api/angelcare-marketplace/vendors/[vendorId]/orders/[orderId]/transition/route.ts","VISIBLE_ENABLED_OR_DISABLED_WITH_REASON","SOURCE_REVIEWED","STATIC_VERIFIED_RUNTIME_GATE","Server handler chain inspected; frontend behavior is represented by NetworkAreaPage."
"CAP-B08-001","Prestataires & fournisseurs","/angelcare-marketplace/admin/supply-network","/api/angelcare-marketplace/vendors/:vendorId/orders","POST handleVendorOrders","marketplace.operations.view|marketplace.vendors.manage|marketplace.vendors.contracts.manage|marketplace.vendors.orders.manage|marketplace.vendors.inventory.manage|marketplace.vendors.quality.manage|marketplace.vendors.settlements.manage","requireMarketplaceApiContext / source domain guard","app/api/angelcare-marketplace/vendors/[vendorId]/orders/route.ts","VISIBLE_ENABLED_OR_DISABLED_WITH_REASON","SOURCE_REVIEWED","STATIC_VERIFIED_RUNTIME_GATE","Server handler chain inspected; frontend behavior is represented by NetworkAreaPage."
"CAP-B08-001","Prestataires & fournisseurs","/angelcare-marketplace/admin/supply-network","/api/angelcare-marketplace/vendors/:vendorId/performance","POST handleVendorPerformance","marketplace.operations.view|marketplace.vendors.manage|marketplace.vendors.contracts.manage|marketplace.vendors.orders.manage|marketplace.vendors.inventory.manage|marketplace.vendors.quality.manage|marketplace.vendors.settlements.manage","requireMarketplaceApiContext / source domain guard","app/api/angelcare-marketplace/vendors/[vendorId]/performance/route.ts","VISIBLE_ENABLED_OR_DISABLED_WITH_REASON","SOURCE_REVIEWED","STATIC_VERIFIED_RUNTIME_GATE","Server handler chain inspected; frontend behavior is represented by NetworkAreaPage."
"CAP-B08-001","Prestataires & fournisseurs","/angelcare-marketplace/admin/supply-network","/api/angelcare-marketplace/vendors/:vendorId/quality/:reviewId/transition","POST handleVendorQualityTransition","marketplace.operations.view|marketplace.vendors.manage|marketplace.vendors.contracts.manage|marketplace.vendors.orders.manage|marketplace.vendors.inventory.manage|marketplace.vendors.quality.manage|marketplace.vendors.settlements.manage","requireMarketplaceApiContext / source domain guard","app/api/angelcare-marketplace/vendors/[vendorId]/quality/[reviewId]/transition/route.ts","VISIBLE_ENABLED_OR_DISABLED_WITH_REASON","SOURCE_REVIEWED","STATIC_VERIFIED_RUNTIME_GATE","Server handler chain inspected; frontend behavior is represented by NetworkAreaPage."
"CAP-B08-001","Prestataires & fournisseurs","/angelcare-marketplace/admin/supply-network","/api/angelcare-marketplace/vendors/:vendorId/quality","POST handleVendorQuality","marketplace.operations.view|marketplace.vendors.manage|marketplace.vendors.contracts.manage|marketplace.vendors.orders.manage|marketplace.vendors.inventory.manage|marketplace.vendors.quality.manage|marketplace.vendors.settlements.manage","requireMarketplaceApiContext / source domain guard","app/api/angelcare-marketplace/vendors/[vendorId]/quality/route.ts","VISIBLE_ENABLED_OR_DISABLED_WITH_REASON","SOURCE_REVIEWED","STATIC_VERIFIED_RUNTIME_GATE","Server handler chain inspected; frontend behavior is represented by NetworkAreaPage."
"CAP-B08-001","Prestataires & fournisseurs","/angelcare-marketplace/admin/supply-network","/api/angelcare-marketplace/vendors/settlements/:settlementId/decision","POST handleVendorSettlementDecision","marketplace.operations.view|marketplace.vendors.manage|marketplace.vendors.contracts.manage|marketplace.vendors.orders.manage|marketplace.vendors.inventory.manage|marketplace.vendors.quality.manage|marketplace.vendors.settlements.manage","requireMarketplaceApiContext / source domain guard","app/api/angelcare-marketplace/vendors/settlements/[settlementId]/decision/route.ts","VISIBLE_ENABLED_OR_DISABLED_WITH_REASON","SOURCE_REVIEWED","STATIC_VERIFIED_RUNTIME_GATE","Server handler chain inspected; frontend behavior is represented by NetworkAreaPage."
"CAP-GLOBAL-001","Accueil / cross-domain shell","/angelcare-marketplace/admin","/api/angelcare-marketplace/wallet/comparison","POST handleWalletComparison","marketplace.finance.view|marketplace.finance.reconciliation.manage|marketplace.finance.price_books.manage|marketplace.finance.exceptions.approve|marketplace.security.manage|marketplace.operations.view|marketplace.operations.missions.manage","requireMarketplaceApiContext / source domain guard","app/api/angelcare-marketplace/wallet/comparison/route.ts","VISIBLE_ENABLED_OR_DISABLED_WITH_REASON","SOURCE_REVIEWED","STATIC_VERIFIED_RUNTIME_GATE","Server handler chain inspected; frontend behavior is represented by AdminNavigation; AdminWorkspaceContextNav; GovernedActionProvider."
"CAP-GLOBAL-001","Accueil / cross-domain shell","/angelcare-marketplace/admin","/api/angelcare-marketplace/wallet/topups/quote","POST handleWalletTopUpQuote","marketplace.finance.view|marketplace.finance.reconciliation.manage|marketplace.finance.price_books.manage|marketplace.finance.exceptions.approve|marketplace.security.manage|marketplace.operations.view|marketplace.operations.missions.manage","requireMarketplaceApiContext / source domain guard","app/api/angelcare-marketplace/wallet/topups/quote/route.ts","VISIBLE_ENABLED_OR_DISABLED_WITH_REASON","SOURCE_REVIEWED","STATIC_VERIFIED_RUNTIME_GATE","Server handler chain inspected; frontend behavior is represented by AdminNavigation; AdminWorkspaceContextNav; GovernedActionProvider."
"CAP-GLOBAL-001","Accueil / cross-domain shell","/angelcare-marketplace/admin","/api/angelcare-marketplace/wallet/topups","POST handleWalletTopUpCreate","marketplace.finance.view|marketplace.finance.reconciliation.manage|marketplace.finance.price_books.manage|marketplace.finance.exceptions.approve|marketplace.security.manage|marketplace.operations.view|marketplace.operations.missions.manage","requireMarketplaceApiContext / source domain guard","app/api/angelcare-marketplace/wallet/topups/route.ts","VISIBLE_ENABLED_OR_DISABLED_WITH_REASON","SOURCE_REVIEWED","STATIC_VERIFIED_RUNTIME_GATE","Server handler chain inspected; frontend behavior is represented by AdminNavigation; AdminWorkspaceContextNav; GovernedActionProvider."
"CAP-B07-009","Opérations","/angelcare-marketplace/admin/orders-fulfillment","transaction-flight-deck snapshot","GET transactionFlightDeckSnapshot","marketplace.operations.view","requireMarketplaceApiContext","app/api/angelcare-marketplace/admin/transaction-flight-deck/snapshot/route.ts","VISIBLE_ENABLED_OR_PERMISSION_DENIED","SOURCE_REVIEWED","STATIC_VERIFIED_RUNTIME_GATE","Route-level authorization executes before transactionFlightDeckSnapshot; the canonical Flight Deck layout enforces the same marketplace.operations.view permission."
