"capability_id","workspace","canonical_route","object_type","action","backend_authority","permission","interaction_surface","current_frontend_exposure","required_final_exposure","source_review_status","implementation_status","verification_status","evidence"
"CAP-B03-009","Clients","/angelcare-marketplace/admin/customers/[customerId]/activity","crm_task","CREATE|EDIT|ASSIGN|REASSIGN|COMPLETE|REOPEN|CANCEL","crm-activity createCustomerCrmTask/updateCustomerCrmTask; angelcare_marketplace_crm_tasks","marketplace.crm.tasks.manage","Task registry and Customer 360 governed task modal","IMPLEMENTED","IMPLEMENTED","SOURCE_REVIEWED","IMPLEMENTED_RUNTIME_VERIFICATION_PENDING","STATIC_VERIFIED_RUNTIME_GATE","Existing persistence and lifecycle followed; targeted ESLint passed; authenticated canary pending."
"CAP-B03-009","Clients","/angelcare-marketplace/admin/customers/[customerId]/activity","crm_communication_log","CREATE_EVIDENCE_LOG","crm-activity logCustomerCrmCommunication; angelcare_marketplace_crm_communication_logs","marketplace.crm.communications.log","Customer 360 communication evidence modal and timeline","IMPLEMENTED","IMPLEMENTED","SOURCE_REVIEWED","IMPLEMENTED_RUNTIME_VERIFICATION_PENDING","STATIC_VERIFIED_RUNTIME_GATE","Append-only factual logging; no provider send claim."
"CAP-B05-006","Boutique","/angelcare-marketplace/admin/media/library","media_asset","UPLOAD|REPLACE|PREVIEW|TRANSFORM|DELETE","Marketplace Windows media gateway; media-storage-api; angelcare_marketplace_media_assets","marketplace.media.manage","Direct upload progress; asset inspector; usages; governed permanent deletion","IMPLEMENTED","IMPLEMENTED","SOURCE_REVIEWED","IMPLEMENTED_RUNTIME_VERIFICATION_PENDING","GATEWAY_CANARY_PASSED_APP_UAT_PENDING","Gateway canary passed binary upload/read/range/delete; authenticated application canary awaits runtime gateway variables."
"CAP-B06-003","Marketing & promotions","/angelcare-marketplace/admin/live-experience-command/proof-sources","truth_source","TEST|REFRESH|PAUSE|REACTIVATE|PREVIEW","live-experience-command refreshCanonicalSource/transitionCanonicalSource/public resolver","marketplace.live_experience.manage","Truth-source registry, safe preview and source inspector","IMPLEMENTED","IMPLEMENTED","SOURCE_REVIEWED","IMPLEMENTED_RUNTIME_VERIFICATION_PENDING","STATIC_VERIFIED_RUNTIME_GATE","Only five source adapters supported by the repository are exposed."
"CAP-B10-002","Finance","/angelcare-marketplace/admin/configuration/integrations/payments/paypal","payment_provider","SAFE_CONNECTIVITY_TEST|VIEW_HEALTH|VIEW_WEBHOOK_EVIDENCE","paypal adapter OAuth probe and paypalAdminHealth","marketplace.configuration.view|marketplace.configuration.manage","PayPal operations and health surface","IMPLEMENTED","IMPLEMENTED","SOURCE_REVIEWED","CONFIGURATION_REQUIRED","SAFE_CONNECTIVITY_VERIFIED_MARKETPLACE_INJECTION_PENDING","Adapter and all required monorepo credential values exist; credential-only live OAuth probe returned HTTP 200. Values are not injected into the Marketplace app runtime; no payment or refund executed and no secret printed."
"CAP-B05-010","Boutique","/angelcare-marketplace/admin/localization","localization_unit","SCAN|EDIT|SUBMIT|REVIEW|APPROVE|PUBLISH|GLOSSARY|MEMORY|SEO|READINESS","localization-intelligence final repository and mode-specific APIs","marketplace.localization.scans.run|marketplace.localization.translations.edit|marketplace.localization.translations.submit|marketplace.localization.translations.review|marketplace.localization.translations.approve|marketplace.localization.translations.publish","FR/EN/AR command, side-by-side editor, registries and publication runway","IMPLEMENTED","IMPLEMENTED","SOURCE_REVIEWED","PARTIALLY_RESOLVED_WITH_EXACT_GAP","STATIC_VERIFIED_PUBLIC_LINK_GAP","Admin authority is real; generic translation table is not consumed by public repositories."
"CAP-B09-001","Academy / B2B & partenaires","/angelcare-marketplace/admin/academy","/api/angelcare-marketplace/academy/assessment-results","POST handleAssessmentResult","/api/angelcare-marketplace/academy/assessment-results","marketplace.academy.view|marketplace.academy.cohorts.manage|marketplace.academy.attendance.manage|marketplace.academy.assessments.manage|marketplace.academy.certificates.issue","Academy contextual command links","AcademyCommand","Academy contextual command links","SOURCE_REVIEWED","IMPLEMENTED_RUNTIME_VERIFICATION_PENDING","STATIC_VERIFIED_RUNTIME_GATE","app/api/angelcare-marketplace/academy/assessment-results/route.ts; mutation method, imported handler and canonical exposure reconciled."
"CAP-B09-001","Academy / B2B & partenaires","/angelcare-marketplace/admin/academy","/api/angelcare-marketplace/academy/attendance","POST handleAttendance","/api/angelcare-marketplace/academy/attendance","marketplace.academy.view|marketplace.academy.cohorts.manage|marketplace.academy.attendance.manage|marketplace.academy.assessments.manage|marketplace.academy.certificates.issue","Academy contextual command links","AcademyCommand","Academy contextual command links","SOURCE_REVIEWED","IMPLEMENTED_RUNTIME_VERIFICATION_PENDING","STATIC_VERIFIED_RUNTIME_GATE","app/api/angelcare-marketplace/academy/attendance/route.ts; mutation method, imported handler and canonical exposure reconciled."
"CAP-B09-001","Academy / B2B & partenaires","/angelcare-marketplace/admin/academy","/api/angelcare-marketplace/academy/certificates/:certificateId/decision","POST handleCertificateDecision","/api/angelcare-marketplace/academy/certificates/:certificateId/decision","marketplace.academy.view|marketplace.academy.cohorts.manage|marketplace.academy.attendance.manage|marketplace.academy.assessments.manage|marketplace.academy.certificates.issue","Academy contextual command links","AcademyCommand","Academy contextual command links","SOURCE_REVIEWED","IMPLEMENTED_RUNTIME_VERIFICATION_PENDING","STATIC_VERIFIED_RUNTIME_GATE","app/api/angelcare-marketplace/academy/certificates/[certificateId]/decision/route.ts; mutation method, imported handler and canonical exposure reconciled."
"CAP-B09-001","Academy / B2B & partenaires","/angelcare-marketplace/admin/academy","/api/angelcare-marketplace/academy/cohorts","POST handleCohorts","/api/angelcare-marketplace/academy/cohorts","marketplace.academy.view|marketplace.academy.cohorts.manage|marketplace.academy.attendance.manage|marketplace.academy.assessments.manage|marketplace.academy.certificates.issue","Academy contextual command links","AcademyCommand","Academy contextual command links","SOURCE_REVIEWED","IMPLEMENTED_RUNTIME_VERIFICATION_PENDING","STATIC_VERIFIED_RUNTIME_GATE","app/api/angelcare-marketplace/academy/cohorts/route.ts; mutation method, imported handler and canonical exposure reconciled."
"CAP-B09-001","Academy / B2B & partenaires","/angelcare-marketplace/admin/academy","/api/angelcare-marketplace/academy/final/assessments","POST handleAcademyAssessmentCreate","/api/angelcare-marketplace/academy/final/assessments","marketplace.academy.view|marketplace.academy.sessions.manage|marketplace.academy.manage|marketplace.academy.assessments.manage|marketplace.academy.catalog.manage|marketplace.academy.cohorts.manage","Academy contextual command links","AcademyCommand","Academy contextual command links","SOURCE_REVIEWED","IMPLEMENTED_RUNTIME_VERIFICATION_PENDING","STATIC_VERIFIED_RUNTIME_GATE","app/api/angelcare-marketplace/academy/final/assessments/route.ts; mutation method, imported handler and canonical exposure reconciled."
"CAP-B09-001","Academy / B2B & partenaires","/angelcare-marketplace/admin/academy","/api/angelcare-marketplace/academy/final/b2b/:orderId/transition","POST handleAcademyB2BTransition","/api/angelcare-marketplace/academy/final/b2b/:orderId/transition","marketplace.academy.view|marketplace.academy.sessions.manage|marketplace.academy.manage|marketplace.academy.assessments.manage|marketplace.academy.catalog.manage|marketplace.academy.cohorts.manage","Academy contextual command links","AcademyCommand","Academy contextual command links","SOURCE_REVIEWED","IMPLEMENTED_RUNTIME_VERIFICATION_PENDING","STATIC_VERIFIED_RUNTIME_GATE","app/api/angelcare-marketplace/academy/final/b2b/[orderId]/transition/route.ts; mutation method, imported handler and canonical exposure reconciled."
"CAP-B09-001","Academy / B2B & partenaires","/angelcare-marketplace/admin/academy","/api/angelcare-marketplace/academy/final/cohorts/:cohortId/trainer","POST handleAcademyTrainerAssignment","/api/angelcare-marketplace/academy/final/cohorts/:cohortId/trainer","marketplace.academy.view|marketplace.academy.sessions.manage|marketplace.academy.manage|marketplace.academy.assessments.manage|marketplace.academy.catalog.manage|marketplace.academy.cohorts.manage","Academy contextual command links","AcademyCommand","Academy contextual command links","SOURCE_REVIEWED","IMPLEMENTED_RUNTIME_VERIFICATION_PENDING","STATIC_VERIFIED_RUNTIME_GATE","app/api/angelcare-marketplace/academy/final/cohorts/[cohortId]/trainer/route.ts; mutation method, imported handler and canonical exposure reconciled."
"CAP-B09-001","Academy / B2B & partenaires","/angelcare-marketplace/admin/academy","/api/angelcare-marketplace/academy/final/cohorts/:cohortId/transition","POST handleAcademyCohortTransition","/api/angelcare-marketplace/academy/final/cohorts/:cohortId/transition","marketplace.academy.view|marketplace.academy.sessions.manage|marketplace.academy.manage|marketplace.academy.assessments.manage|marketplace.academy.catalog.manage|marketplace.academy.cohorts.manage","Academy contextual command links","AcademyCommand","Academy contextual command links","SOURCE_REVIEWED","IMPLEMENTED_RUNTIME_VERIFICATION_PENDING","STATIC_VERIFIED_RUNTIME_GATE","app/api/angelcare-marketplace/academy/final/cohorts/[cohortId]/transition/route.ts; mutation method, imported handler and canonical exposure reconciled."
"CAP-B09-001","Academy / B2B & partenaires","/angelcare-marketplace/admin/academy","/api/angelcare-marketplace/academy/final/courses/:id/transition","POST handleAcademyPublicationTransition","/api/angelcare-marketplace/academy/final/courses/:id/transition","marketplace.academy.view|marketplace.academy.sessions.manage|marketplace.academy.manage|marketplace.academy.assessments.manage|marketplace.academy.catalog.manage|marketplace.academy.cohorts.manage","Academy contextual command links","AcademyCommand","Academy contextual command links","SOURCE_REVIEWED","IMPLEMENTED_RUNTIME_VERIFICATION_PENDING","STATIC_VERIFIED_RUNTIME_GATE","app/api/angelcare-marketplace/academy/final/courses/[id]/transition/route.ts; mutation method, imported handler and canonical exposure reconciled."
"CAP-B09-001","Academy / B2B & partenaires","/angelcare-marketplace/admin/academy","/api/angelcare-marketplace/academy/final/programs/:id/transition","POST handleAcademyPublicationTransition","/api/angelcare-marketplace/academy/final/programs/:id/transition","marketplace.academy.view|marketplace.academy.sessions.manage|marketplace.academy.manage|marketplace.academy.assessments.manage|marketplace.academy.catalog.manage|marketplace.academy.cohorts.manage","Academy contextual command links","AcademyCommand","Academy contextual command links","SOURCE_REVIEWED","IMPLEMENTED_RUNTIME_VERIFICATION_PENDING","STATIC_VERIFIED_RUNTIME_GATE","app/api/angelcare-marketplace/academy/final/programs/[id]/transition/route.ts; mutation method, imported handler and canonical exposure reconciled."
"CAP-B09-001","Academy / B2B & partenaires","/angelcare-marketplace/admin/academy","/api/angelcare-marketplace/academy/final/remediations/:remediationId/transition","POST handleAcademyRemediationTransition","/api/angelcare-marketplace/academy/final/remediations/:remediationId/transition","marketplace.academy.view|marketplace.academy.sessions.manage|marketplace.academy.manage|marketplace.academy.assessments.manage|marketplace.academy.catalog.manage|marketplace.academy.cohorts.manage","Academy contextual command links","AcademyCommand","Academy contextual command links","SOURCE_REVIEWED","IMPLEMENTED_RUNTIME_VERIFICATION_PENDING","STATIC_VERIFIED_RUNTIME_GATE","app/api/angelcare-marketplace/academy/final/remediations/[remediationId]/transition/route.ts; mutation method, imported handler and canonical exposure reconciled."
"CAP-B09-001","Academy / B2B & partenaires","/angelcare-marketplace/admin/academy","/api/angelcare-marketplace/academy/final/remediations","POST handleAcademyRemediationCreate","/api/angelcare-marketplace/academy/final/remediations","marketplace.academy.view|marketplace.academy.sessions.manage|marketplace.academy.manage|marketplace.academy.assessments.manage|marketplace.academy.catalog.manage|marketplace.academy.cohorts.manage","Academy contextual command links","AcademyCommand","Academy contextual command links","SOURCE_REVIEWED","IMPLEMENTED_RUNTIME_VERIFICATION_PENDING","STATIC_VERIFIED_RUNTIME_GATE","app/api/angelcare-marketplace/academy/final/remediations/route.ts; mutation method, imported handler and canonical exposure reconciled."
"CAP-B09-001","Academy / B2B & partenaires","/angelcare-marketplace/admin/academy","/api/angelcare-marketplace/academy/final/results/:resultId/review","POST handleAssessmentResultReview","/api/angelcare-marketplace/academy/final/results/:resultId/review","marketplace.academy.view|marketplace.academy.sessions.manage|marketplace.academy.manage|marketplace.academy.assessments.manage|marketplace.academy.catalog.manage|marketplace.academy.cohorts.manage","Academy contextual command links","AcademyCommand","Academy contextual command links","SOURCE_REVIEWED","IMPLEMENTED_RUNTIME_VERIFICATION_PENDING","STATIC_VERIFIED_RUNTIME_GATE","app/api/angelcare-marketplace/academy/final/results/[resultId]/review/route.ts; mutation method, imported handler and canonical exposure reconciled."
"CAP-B09-001","Academy / B2B & partenaires","/angelcare-marketplace/admin/academy","/api/angelcare-marketplace/academy/final/sessions/:sessionId/transition","POST handleAcademySessionTransition","/api/angelcare-marketplace/academy/final/sessions/:sessionId/transition","marketplace.academy.view|marketplace.academy.sessions.manage|marketplace.academy.manage|marketplace.academy.assessments.manage|marketplace.academy.catalog.manage|marketplace.academy.cohorts.manage","Academy contextual command links","AcademyCommand","Academy contextual command links","SOURCE_REVIEWED","IMPLEMENTED_RUNTIME_VERIFICATION_PENDING","STATIC_VERIFIED_RUNTIME_GATE","app/api/angelcare-marketplace/academy/final/sessions/[sessionId]/transition/route.ts; mutation method, imported handler and canonical exposure reconciled."
"CAP-B09-001","Academy / B2B & partenaires","/angelcare-marketplace/admin/academy","/api/angelcare-marketplace/academy/final/sessions","POST handleAcademySessionCreate","/api/angelcare-marketplace/academy/final/sessions","marketplace.academy.view|marketplace.academy.sessions.manage|marketplace.academy.manage|marketplace.academy.assessments.manage|marketplace.academy.catalog.manage|marketplace.academy.cohorts.manage","Academy contextual command links","AcademyCommand","Academy contextual command links","SOURCE_REVIEWED","IMPLEMENTED_RUNTIME_VERIFICATION_PENDING","STATIC_VERIFIED_RUNTIME_GATE","app/api/angelcare-marketplace/academy/final/sessions/route.ts; mutation method, imported handler and canonical exposure reconciled."
"CAP-B11-001","Trust & qualité","/angelcare-marketplace/admin/trust","/api/angelcare-marketplace/admin/activation/run","POST handleActivationRun","/api/angelcare-marketplace/admin/activation/run","marketplace.commerce.view|marketplace.publication.manage","Contextual lifecycle decision desks on linked authorities","TrustCommand; AdminWorkspaceContextNav","Contextual lifecycle decision desks on linked authorities","SOURCE_REVIEWED","IMPLEMENTED_RUNTIME_VERIFICATION_PENDING","STATIC_VERIFIED_RUNTIME_GATE","app/api/angelcare-marketplace/admin/activation/run/route.ts; mutation method, imported handler and canonical exposure reconciled."
"CAP-GLOBAL-001","Accueil / cross-domain shell","/angelcare-marketplace/admin","/api/angelcare-marketplace/admin/auth/login","POST INLINE_ROUTE_HANDLER","/api/angelcare-marketplace/admin/auth/login","marketplace.admin.access|marketplace.admin.login.failed|marketplace.admin.login.success|marketplace.foundation.view|marketplace.workspace.access|marketplace.modules.view|marketplace.modules.create|marketplace.modules.update|marketplace.modules.enable|marketplace.modules.disable|marketplace.modules.archive|marketplace.feature_flags.view|marketplace.feature_flags.manage|marketplace.configuration.view|marketplace.configuration.manage|marketplace.audit.view|marketplace.audit.export|marketplace.security.view|marketplace.security.manage|marketplace.readiness.view|marketplace.readiness.update|marketplace.readiness.review|marketplace.readiness.sign_off|marketplace.territories.view|marketplace.territories.create|marketplace.territories.update|marketplace.territories.clone|marketplace.territories.submit_review|marketplace.territories.approve_soft_launch|marketplace.territories.approve_live|marketplace.territories.pause|marketplace.territories.resume|marketplace.territories.archive|marketplace.territories.preview|marketplace.territories.export|marketplace.territory_settings.view|marketplace.territory_settings.manage|marketplace.territory_overrides.view|marketplace.territory_overrides.create|marketplace.territory_overrides.review|marketplace.territory_overrides.approve|marketplace.territory_overrides.reject|marketplace.territory_overrides.rollback|marketplace.territory_readiness.view|marketplace.territory_readiness.manage|marketplace.territory_readiness.review|marketplace.territory_readiness.sign_off|marketplace.territory_health.view|marketplace.territory_health.manage|marketplace.localization.access|marketplace.localization.scans.view|marketplace.localization.scans.run|marketplace.localization.scans.cancel|marketplace.localization.scans.configure|marketplace.localization.inventory.view|marketplace.localization.inventory.classify|marketplace.localization.inventory.export|marketplace.localization.translations.view|marketplace.localization.translations.create|marketplace.localization.translations.edit|marketplace.localization.translations.assign|marketplace.localization.translations.submit|marketplace.localization.translations.review|marketplace.localization.translations.approve|marketplace.localization.translations.publish|marketplace.localization.translations.archive|marketplace.localization.csv.export|marketplace.localization.csv.import|marketplace.localization.csv.validate|marketplace.localization.csv.apply|marketplace.localization.csv.rollback|marketplace.localization.glossary.view|marketplace.localization.glossary.manage|marketplace.localization.memory.view|marketplace.localization.memory.curate|marketplace.localization.sensitive.review|marketplace.localization.sensitive.approve|marketplace.localization.seo.view|marketplace.localization.seo.manage|marketplace.localization.rules.view|marketplace.localization.rules.manage|marketplace.localization.sources.view|marketplace.localization.sources.manage|marketplace.localization.readiness.view|marketplace.localization.audit.export|marketplace.backoffice.command.view|marketplace.backoffice.search|marketplace.backoffice.actions.view|marketplace.backoffice.actions.manage|marketplace.backoffice.approvals.view|marketplace.backoffice.approvals.create|marketplace.backoffice.approvals.review|marketplace.backoffice.approvals.decide|marketplace.backoffice.approvals.override|marketplace.backoffice.briefs.view|marketplace.backoffice.briefs.create|marketplace.backoffice.briefs.publish|marketplace.backoffice.objects.view|marketplace.backoffice.objects.comment|marketplace.backoffice.objects.export|marketplace.cms.view|marketplace.cms.create|marketplace.cms.edit|marketplace.cms.submit|marketplace.cms.review|marketplace.cms.approve|marketplace.cms.publish|marketplace.cms.schedule|marketplace.cms.rollback|marketplace.cms.archive|marketplace.cms.blocks.manage|marketplace.cms.menus.manage|marketplace.cms.ctas.manage|marketplace.cms.preview|marketplace.cms.redirects.manage|marketplace.public.inquiries.view|marketplace.public.inquiries.manage|marketplace.public.inquiries.export|marketplace.public.analytics.view|marketplace.family.dashboard|marketplace.family.profile.view|marketplace.family.profile.manage|marketplace.family.children.view|marketplace.family.children.manage|marketplace.family.diagnostics.create|marketplace.family.diagnostics.view|marketplace.family.requests.create|marketplace.family.requests.view|marketplace.family.requests.manage|marketplace.family.requests.qualify|marketplace.family.missions.view|marketplace.family.reports.view|marketplace.family.support.create|marketplace.family.support.view|marketplace.family.support.manage|marketplace.family.documents.view|marketplace.family.documents.manage|marketplace.family.feedback.create|marketplace.family.feedback.view|marketplace.commerce.view|marketplace.media.view|marketplace.media.manage|marketplace.homepage.view|marketplace.homepage.manage|marketplace.navigation.view|marketplace.navigation.manage|marketplace.categories.manage|marketplace.merchandising.view|marketplace.merchandising.manage|marketplace.publication.manage|marketplace.seo.manage|marketplace.commerce.export|marketplace.commerce.import|marketplace.live_experience.view|marketplace.live_experience.manage|marketplace.live_experience.publish|marketplace.popup.manage|marketplace.broadcast.manage|marketplace.proof_widget.manage|marketplace.audience.manage|marketplace.experiment.manage|marketplace.live_experience.analytics.view|marketplace.emergency_broadcast.manage|marketplace.experience_schema.view|marketplace.experience_schema.manage|marketplace.archetype.view|marketplace.archetype.manage|marketplace.category_native_import.view|marketplace.category_native_import.manage|marketplace.intelligence.view|marketplace.intelligence.metrics.manage|marketplace.growth.view|marketplace.growth.experiments.manage|marketplace.performance.view|marketplace.security.assess|marketplace.launch.approve|marketplace.launch.monitoring","Global command, search and governed-action foundations","AdminNavigation; AdminWorkspaceContextNav; GovernedActionProvider","Global command, search and governed-action foundations","SOURCE_REVIEWED","IMPLEMENTED_RUNTIME_VERIFICATION_PENDING","STATIC_VERIFIED_RUNTIME_GATE","app/api/angelcare-marketplace/admin/auth/login/route.ts; mutation method, imported handler and canonical exposure reconciled."
"CAP-GLOBAL-001","Accueil / cross-domain shell","/angelcare-marketplace/admin","/api/angelcare-marketplace/admin/auth/logout","POST INLINE_ROUTE_HANDLER","/api/angelcare-marketplace/admin/auth/logout","AUTHENTICATED_SESSION_REVOCATION","Global command, search and governed-action foundations","AdminNavigation; AdminWorkspaceContextNav; GovernedActionProvider","Global command, search and governed-action foundations","SOURCE_REVIEWED","IMPLEMENTED_RUNTIME_VERIFICATION_PENDING","STATIC_VERIFIED_RUNTIME_GATE","app/api/angelcare-marketplace/admin/auth/logout/route.ts; mutation method, imported handler and canonical exposure reconciled."
"CAP-GLOBAL-001","Accueil / cross-domain shell","/angelcare-marketplace/admin","/api/angelcare-marketplace/admin/bookings/:bookingId","PATCH handleBooking","/api/angelcare-marketplace/admin/bookings/:bookingId","marketplace.admin.access|marketplace.operations.view|marketplace.operations.missions.manage|marketplace.finance.view|marketplace.finance.manage|marketplace.merchandising.view|marketplace.merchandising.manage|marketplace.operations.missions.create|marketplace.family.admin.manage","Global command, search and governed-action foundations","AdminNavigation; AdminWorkspaceContextNav; GovernedActionProvider","Global command, search and governed-action foundations","SOURCE_REVIEWED","IMPLEMENTED_RUNTIME_VERIFICATION_PENDING","STATIC_VERIFIED_RUNTIME_GATE","app/api/angelcare-marketplace/admin/bookings/[bookingId]/route.ts; mutation method, imported handler and canonical exposure reconciled."
"CAP-B04-001","Commandes & réservations","/angelcare-marketplace/admin/orders","/api/angelcare-marketplace/admin/bookings","POST handleBookings","/api/angelcare-marketplace/admin/bookings","marketplace.admin.access|marketplace.operations.view|marketplace.operations.missions.manage|marketplace.finance.view|marketplace.finance.manage|marketplace.merchandising.view|marketplace.merchandising.manage|marketplace.operations.missions.create|marketplace.family.admin.manage","selected-order inspector and governed lifecycle modal","EnterpriseOrderCommand","selected-order inspector and governed lifecycle modal","SOURCE_REVIEWED","IMPLEMENTED_RUNTIME_VERIFICATION_PENDING","STATIC_VERIFIED_RUNTIME_GATE","app/api/angelcare-marketplace/admin/bookings/route.ts; mutation method, imported handler and canonical exposure reconciled."
"CAP-GLOBAL-001","Accueil / cross-domain shell","/angelcare-marketplace/admin","/api/angelcare-marketplace/admin/catalog/categories/:categoryId/items","POST handleCommerceAction","/api/angelcare-marketplace/admin/catalog/categories/:categoryId/items","marketplace.media.manage|marketplace.media.view|marketplace.homepage.manage|marketplace.homepage.view|marketplace.navigation.manage|marketplace.navigation.view|marketplace.categories.manage|marketplace.catalog.view|marketplace.catalog.manage|marketplace.merchandising.manage|marketplace.merchandising.view|marketplace.publication.manage|marketplace.commerce.view|marketplace.commerce.|marketplace.catalog.purge|marketplace.media.replaced|marketplace.media.uploaded|marketplace.media.transformed","Global command, search and governed-action foundations","AdminNavigation; AdminWorkspaceContextNav; GovernedActionProvider","Global command, search and governed-action foundations","SOURCE_REVIEWED","IMPLEMENTED_RUNTIME_VERIFICATION_PENDING","STATIC_VERIFIED_RUNTIME_GATE","app/api/angelcare-marketplace/admin/catalog/categories/[categoryId]/items/route.ts; mutation method, imported handler and canonical exposure reconciled."
"CAP-GLOBAL-001","Accueil / cross-domain shell","/angelcare-marketplace/admin","/api/angelcare-marketplace/admin/catalog/categories/:categoryId","PATCH handleCommerceResource","/api/angelcare-marketplace/admin/catalog/categories/:categoryId","marketplace.media.manage|marketplace.media.view|marketplace.homepage.manage|marketplace.homepage.view|marketplace.navigation.manage|marketplace.navigation.view|marketplace.categories.manage|marketplace.catalog.view|marketplace.catalog.manage|marketplace.merchandising.manage|marketplace.merchandising.view|marketplace.publication.manage|marketplace.commerce.view|marketplace.commerce.|marketplace.catalog.purge|marketplace.media.replaced|marketplace.media.uploaded|marketplace.media.transformed","Global command, search and governed-action foundations","AdminNavigation; AdminWorkspaceContextNav; GovernedActionProvider","Global command, search and governed-action foundations","SOURCE_REVIEWED","IMPLEMENTED_RUNTIME_VERIFICATION_PENDING","STATIC_VERIFIED_RUNTIME_GATE","app/api/angelcare-marketplace/admin/catalog/categories/[categoryId]/route.ts; mutation method, imported handler and canonical exposure reconciled."
"CAP-GLOBAL-001","Accueil / cross-domain shell","/angelcare-marketplace/admin","/api/angelcare-marketplace/admin/catalog/categories/:categoryId","DELETE handleCommerceResource","/api/angelcare-marketplace/admin/catalog/categories/:categoryId","marketplace.media.manage|marketplace.media.view|marketplace.homepage.manage|marketplace.homepage.view|marketplace.navigation.manage|marketplace.navigation.view|marketplace.categories.manage|marketplace.catalog.view|marketplace.catalog.manage|marketplace.merchandising.manage|marketplace.merchandising.view|marketplace.publication.manage|marketplace.commerce.view|marketplace.commerce.|marketplace.catalog.purge|marketplace.media.replaced|marketplace.media.uploaded|marketplace.media.transformed","Global command, search and governed-action foundations","AdminNavigation; AdminWorkspaceContextNav; GovernedActionProvider","Global command, search and governed-action foundations","SOURCE_REVIEWED","IMPLEMENTED_RUNTIME_VERIFICATION_PENDING","STATIC_VERIFIED_RUNTIME_GATE","app/api/angelcare-marketplace/admin/catalog/categories/[categoryId]/route.ts; mutation method, imported handler and canonical exposure reconciled."
"CAP-B02-001","Catégories & collections","/angelcare-marketplace/admin/catalog/categories","/api/angelcare-marketplace/admin/catalog/categories/reorder","POST handleCommerceAction","/api/angelcare-marketplace/admin/catalog/categories/reorder","marketplace.media.manage|marketplace.media.view|marketplace.homepage.manage|marketplace.homepage.view|marketplace.navigation.manage|marketplace.navigation.view|marketplace.categories.manage|marketplace.catalog.view|marketplace.catalog.manage|marketplace.merchandising.manage|marketplace.merchandising.view|marketplace.publication.manage|marketplace.commerce.view|marketplace.commerce.|marketplace.catalog.purge|marketplace.media.replaced|marketplace.media.uploaded|marketplace.media.transformed","create workspace and contextual category navigation","CategoryStudio","create workspace and contextual category navigation","SOURCE_REVIEWED","IMPLEMENTED_RUNTIME_VERIFICATION_PENDING","STATIC_VERIFIED_RUNTIME_GATE","app/api/angelcare-marketplace/admin/catalog/categories/reorder/route.ts; mutation method, imported handler and canonical exposure reconciled."
"CAP-B02-001","Catégories & collections","/angelcare-marketplace/admin/catalog/categories","/api/angelcare-marketplace/admin/catalog/categories","POST handleCommerceResource","/api/angelcare-marketplace/admin/catalog/categories","marketplace.media.manage|marketplace.media.view|marketplace.homepage.manage|marketplace.homepage.view|marketplace.navigation.manage|marketplace.navigation.view|marketplace.categories.manage|marketplace.catalog.view|marketplace.catalog.manage|marketplace.merchandising.manage|marketplace.merchandising.view|marketplace.publication.manage|marketplace.commerce.view|marketplace.commerce.|marketplace.catalog.purge|marketplace.media.replaced|marketplace.media.uploaded|marketplace.media.transformed","create workspace and contextual category navigation","CategoryStudio","create workspace and contextual category navigation","SOURCE_REVIEWED","IMPLEMENTED_RUNTIME_VERIFICATION_PENDING","STATIC_VERIFIED_RUNTIME_GATE","app/api/angelcare-marketplace/admin/catalog/categories/route.ts; mutation method, imported handler and canonical exposure reconciled."
"CAP-GLOBAL-001","Accueil / cross-domain shell","/angelcare-marketplace/admin","/api/angelcare-marketplace/admin/catalog/items/:itemId/availability","POST handleCommerceResource","/api/angelcare-marketplace/admin/catalog/items/:itemId/availability","marketplace.media.manage|marketplace.media.view|marketplace.homepage.manage|marketplace.homepage.view|marketplace.navigation.manage|marketplace.navigation.view|marketplace.categories.manage|marketplace.catalog.view|marketplace.catalog.manage|marketplace.merchandising.manage|marketplace.merchandising.view|marketplace.publication.manage|marketplace.commerce.view|marketplace.commerce.|marketplace.catalog.purge|marketplace.media.replaced|marketplace.media.uploaded|marketplace.media.transformed","Global command, search and governed-action foundations","AdminNavigation; AdminWorkspaceContextNav; GovernedActionProvider","Global command, search and governed-action foundations","SOURCE_REVIEWED","IMPLEMENTED_RUNTIME_VERIFICATION_PENDING","STATIC_VERIFIED_RUNTIME_GATE","app/api/angelcare-marketplace/admin/catalog/items/[itemId]/availability/route.ts; mutation method, imported handler and canonical exposure reconciled."
"CAP-GLOBAL-001","Accueil / cross-domain shell","/angelcare-marketplace/admin","/api/angelcare-marketplace/admin/catalog/items/:itemId/categories","POST handleCommerceResource","/api/angelcare-marketplace/admin/catalog/items/:itemId/categories","marketplace.media.manage|marketplace.media.view|marketplace.homepage.manage|marketplace.homepage.view|marketplace.navigation.manage|marketplace.navigation.view|marketplace.categories.manage|marketplace.catalog.view|marketplace.catalog.manage|marketplace.merchandising.manage|marketplace.merchandising.view|marketplace.publication.manage|marketplace.commerce.view|marketplace.commerce.|marketplace.catalog.purge|marketplace.media.replaced|marketplace.media.uploaded|marketplace.media.transformed","Global command, search and governed-action foundations","AdminNavigation; AdminWorkspaceContextNav; GovernedActionProvider","Global command, search and governed-action foundations","SOURCE_REVIEWED","IMPLEMENTED_RUNTIME_VERIFICATION_PENDING","STATIC_VERIFIED_RUNTIME_GATE","app/api/angelcare-marketplace/admin/catalog/items/[itemId]/categories/route.ts; mutation method, imported handler and canonical exposure reconciled."
"CAP-GLOBAL-001","Accueil / cross-domain shell","/angelcare-marketplace/admin","/api/angelcare-marketplace/admin/catalog/items/:itemId/media","POST handleCommerceResource","/api/angelcare-marketplace/admin/catalog/items/:itemId/media","marketplace.media.manage|marketplace.media.view|marketplace.homepage.manage|marketplace.homepage.view|marketplace.navigation.manage|marketplace.navigation.view|marketplace.categories.manage|marketplace.catalog.view|marketplace.catalog.manage|marketplace.merchandising.manage|marketplace.merchandising.view|marketplace.publication.manage|marketplace.commerce.view|marketplace.commerce.|marketplace.catalog.purge|marketplace.media.replaced|marketplace.media.uploaded|marketplace.media.transformed","Global command, search and governed-action foundations","AdminNavigation; AdminWorkspaceContextNav; GovernedActionProvider","Global command, search and governed-action foundations","SOURCE_REVIEWED","IMPLEMENTED_RUNTIME_VERIFICATION_PENDING","STATIC_VERIFIED_RUNTIME_GATE","app/api/angelcare-marketplace/admin/catalog/items/[itemId]/media/route.ts; mutation method, imported handler and canonical exposure reconciled."
"CAP-GLOBAL-001","Accueil / cross-domain shell","/angelcare-marketplace/admin","/api/angelcare-marketplace/admin/catalog/items/:itemId/pricing","POST handleCommerceResource","/api/angelcare-marketplace/admin/catalog/items/:itemId/pricing","marketplace.media.manage|marketplace.media.view|marketplace.homepage.manage|marketplace.homepage.view|marketplace.navigation.manage|marketplace.navigation.view|marketplace.categories.manage|marketplace.catalog.view|marketplace.catalog.manage|marketplace.merchandising.manage|marketplace.merchandising.view|marketplace.publication.manage|marketplace.commerce.view|marketplace.commerce.|marketplace.catalog.purge|marketplace.media.replaced|marketplace.media.uploaded|marketplace.media.transformed","Global command, search and governed-action foundations","AdminNavigation; AdminWorkspaceContextNav; GovernedActionProvider","Global command, search and governed-action foundations","SOURCE_REVIEWED","IMPLEMENTED_RUNTIME_VERIFICATION_PENDING","STATIC_VERIFIED_RUNTIME_GATE","app/api/angelcare-marketplace/admin/catalog/items/[itemId]/pricing/route.ts; mutation method, imported handler and canonical exposure reconciled."
"CAP-GLOBAL-001","Accueil / cross-domain shell","/angelcare-marketplace/admin","/api/angelcare-marketplace/admin/catalog/items/:itemId","PATCH handleCommerceResource","/api/angelcare-marketplace/admin/catalog/items/:itemId","marketplace.media.manage|marketplace.media.view|marketplace.homepage.manage|marketplace.homepage.view|marketplace.navigation.manage|marketplace.navigation.view|marketplace.categories.manage|marketplace.catalog.view|marketplace.catalog.manage|marketplace.merchandising.manage|marketplace.merchandising.view|marketplace.publication.manage|marketplace.commerce.view|marketplace.commerce.|marketplace.catalog.purge|marketplace.media.replaced|marketplace.media.uploaded|marketplace.media.transformed","Global command, search and governed-action foundations","AdminNavigation; AdminWorkspaceContextNav; GovernedActionProvider","Global command, search and governed-action foundations","SOURCE_REVIEWED","IMPLEMENTED_RUNTIME_VERIFICATION_PENDING","STATIC_VERIFIED_RUNTIME_GATE","app/api/angelcare-marketplace/admin/catalog/items/[itemId]/route.ts; mutation method, imported handler and canonical exposure reconciled."
"CAP-GLOBAL-001","Accueil / cross-domain shell","/angelcare-marketplace/admin","/api/angelcare-marketplace/admin/catalog/items/:itemId","DELETE handleCommerceResource","/api/angelcare-marketplace/admin/catalog/items/:itemId","marketplace.media.manage|marketplace.media.view|marketplace.homepage.manage|marketplace.homepage.view|marketplace.navigation.manage|marketplace.navigation.view|marketplace.categories.manage|marketplace.catalog.view|marketplace.catalog.manage|marketplace.merchandising.manage|marketplace.merchandising.view|marketplace.publication.manage|marketplace.commerce.view|marketplace.commerce.|marketplace.catalog.purge|marketplace.media.replaced|marketplace.media.uploaded|marketplace.media.transformed","Global command, search and governed-action foundations","AdminNavigation; AdminWorkspaceContextNav; GovernedActionProvider","Global command, search and governed-action foundations","SOURCE_REVIEWED","IMPLEMENTED_RUNTIME_VERIFICATION_PENDING","STATIC_VERIFIED_RUNTIME_GATE","app/api/angelcare-marketplace/admin/catalog/items/[itemId]/route.ts; mutation method, imported handler and canonical exposure reconciled."
"CAP-GLOBAL-001","Accueil / cross-domain shell","/angelcare-marketplace/admin","/api/angelcare-marketplace/admin/catalog/items/:itemId/variants","POST handleCommerceResource","/api/angelcare-marketplace/admin/catalog/items/:itemId/variants","marketplace.media.manage|marketplace.media.view|marketplace.homepage.manage|marketplace.homepage.view|marketplace.navigation.manage|marketplace.navigation.view|marketplace.categories.manage|marketplace.catalog.view|marketplace.catalog.manage|marketplace.merchandising.manage|marketplace.merchandising.view|marketplace.publication.manage|marketplace.commerce.view|marketplace.commerce.|marketplace.catalog.purge|marketplace.media.replaced|marketplace.media.uploaded|marketplace.media.transformed","Global command, search and governed-action foundations","AdminNavigation; AdminWorkspaceContextNav; GovernedActionProvider","Global command, search and governed-action foundations","SOURCE_REVIEWED","IMPLEMENTED_RUNTIME_VERIFICATION_PENDING","STATIC_VERIFIED_RUNTIME_GATE","app/api/angelcare-marketplace/admin/catalog/items/[itemId]/variants/route.ts; mutation method, imported handler and canonical exposure reconciled."
"CAP-GLOBAL-001","Accueil / cross-domain shell","/angelcare-marketplace/admin","/api/angelcare-marketplace/admin/catalog/items","POST handleCommerceResource","/api/angelcare-marketplace/admin/catalog/items","marketplace.media.manage|marketplace.media.view|marketplace.homepage.manage|marketplace.homepage.view|marketplace.navigation.manage|marketplace.navigation.view|marketplace.categories.manage|marketplace.catalog.view|marketplace.catalog.manage|marketplace.merchandising.manage|marketplace.merchandising.view|marketplace.publication.manage|marketplace.commerce.view|marketplace.commerce.|marketplace.catalog.purge|marketplace.media.replaced|marketplace.media.uploaded|marketplace.media.transformed","Global command, search and governed-action foundations","AdminNavigation; AdminWorkspaceContextNav; GovernedActionProvider","Global command, search and governed-action foundations","SOURCE_REVIEWED","IMPLEMENTED_RUNTIME_VERIFICATION_PENDING","STATIC_VERIFIED_RUNTIME_GATE","app/api/angelcare-marketplace/admin/catalog/items/route.ts; mutation method, imported handler and canonical exposure reconciled."
"CAP-B02-001","Catégories & collections","/angelcare-marketplace/admin/catalog/categories","/api/angelcare-marketplace/admin/category-native/imports/:jobId/:action","POST handleCategoryNativeImportAction","/api/angelcare-marketplace/admin/category-native/imports/:jobId/:action","marketplace.category_native_import.manage|marketplace.category_native_import.view|marketplace.homepage.manage|marketplace.homepage.view|marketplace.experience_schema.manage|marketplace.experience_schema.view|marketplace.category_native.schema.created|marketplace.category_native.schema.updated|marketplace.category_native.schema.|marketplace.category_native.import.validated|marketplace.category_native.import.","create workspace and contextual category navigation","CategoryStudio","create workspace and contextual category navigation","SOURCE_REVIEWED","IMPLEMENTED_RUNTIME_VERIFICATION_PENDING","STATIC_VERIFIED_RUNTIME_GATE","app/api/angelcare-marketplace/admin/category-native/imports/[jobId]/[action]/route.ts; mutation method, imported handler and canonical exposure reconciled."
"CAP-B02-001","Catégories & collections","/angelcare-marketplace/admin/catalog/categories","/api/angelcare-marketplace/admin/category-native/imports","POST handleCategoryNativeImports","/api/angelcare-marketplace/admin/category-native/imports","marketplace.category_native_import.manage|marketplace.category_native_import.view|marketplace.homepage.manage|marketplace.homepage.view|marketplace.experience_schema.manage|marketplace.experience_schema.view|marketplace.category_native.schema.created|marketplace.category_native.schema.updated|marketplace.category_native.schema.|marketplace.category_native.import.validated|marketplace.category_native.import.","create workspace and contextual category navigation","CategoryStudio","create workspace and contextual category navigation","SOURCE_REVIEWED","IMPLEMENTED_RUNTIME_VERIFICATION_PENDING","STATIC_VERIFIED_RUNTIME_GATE","app/api/angelcare-marketplace/admin/category-native/imports/route.ts; mutation method, imported handler and canonical exposure reconciled."
"CAP-B02-001","Catégories & collections","/angelcare-marketplace/admin/catalog/categories","/api/angelcare-marketplace/admin/category-native/schemas/:schemaKey/:action","POST handleExperienceSchemaAction","/api/angelcare-marketplace/admin/category-native/schemas/:schemaKey/:action","marketplace.category_native_import.manage|marketplace.category_native_import.view|marketplace.homepage.manage|marketplace.homepage.view|marketplace.experience_schema.manage|marketplace.experience_schema.view|marketplace.category_native.schema.created|marketplace.category_native.schema.updated|marketplace.category_native.schema.|marketplace.category_native.import.validated|marketplace.category_native.import.","create workspace and contextual category navigation","CategoryStudio","create workspace and contextual category navigation","SOURCE_REVIEWED","IMPLEMENTED_RUNTIME_VERIFICATION_PENDING","STATIC_VERIFIED_RUNTIME_GATE","app/api/angelcare-marketplace/admin/category-native/schemas/[schemaKey]/[action]/route.ts; mutation method, imported handler and canonical exposure reconciled."
"CAP-B02-001","Catégories & collections","/angelcare-marketplace/admin/catalog/categories","/api/angelcare-marketplace/admin/category-native/schemas/:schemaKey/fields/:fieldId","PATCH handleSchemaField","/api/angelcare-marketplace/admin/category-native/schemas/:schemaKey/fields/:fieldId","marketplace.category_native_import.manage|marketplace.category_native_import.view|marketplace.homepage.manage|marketplace.homepage.view|marketplace.experience_schema.manage|marketplace.experience_schema.view|marketplace.category_native.schema.created|marketplace.category_native.schema.updated|marketplace.category_native.schema.|marketplace.category_native.import.validated|marketplace.category_native.import.","create workspace and contextual category navigation","CategoryStudio","create workspace and contextual category navigation","SOURCE_REVIEWED","IMPLEMENTED_RUNTIME_VERIFICATION_PENDING","STATIC_VERIFIED_RUNTIME_GATE","app/api/angelcare-marketplace/admin/category-native/schemas/[schemaKey]/fields/[fieldId]/route.ts; mutation method, imported handler and canonical exposure reconciled."
"CAP-B02-001","Catégories & collections","/angelcare-marketplace/admin/catalog/categories","/api/angelcare-marketplace/admin/category-native/schemas/:schemaKey/fields/reorder","POST handleSchemaFieldReorder","/api/angelcare-marketplace/admin/category-native/schemas/:schemaKey/fields/reorder","marketplace.category_native_import.manage|marketplace.category_native_import.view|marketplace.homepage.manage|marketplace.homepage.view|marketplace.experience_schema.manage|marketplace.experience_schema.view|marketplace.category_native.schema.created|marketplace.category_native.schema.updated|marketplace.category_native.schema.|marketplace.category_native.import.validated|marketplace.category_native.import.","create workspace and contextual category navigation","CategoryStudio","create workspace and contextual category navigation","SOURCE_REVIEWED","IMPLEMENTED_RUNTIME_VERIFICATION_PENDING","STATIC_VERIFIED_RUNTIME_GATE","app/api/angelcare-marketplace/admin/category-native/schemas/[schemaKey]/fields/reorder/route.ts; mutation method, imported handler and canonical exposure reconciled."
"CAP-B02-001","Catégories & collections","/angelcare-marketplace/admin/catalog/categories","/api/angelcare-marketplace/admin/category-native/schemas/:schemaKey/fields","POST handleSchemaFields","/api/angelcare-marketplace/admin/category-native/schemas/:schemaKey/fields","marketplace.category_native_import.manage|marketplace.category_native_import.view|marketplace.homepage.manage|marketplace.homepage.view|marketplace.experience_schema.manage|marketplace.experience_schema.view|marketplace.category_native.schema.created|marketplace.category_native.schema.updated|marketplace.category_native.schema.|marketplace.category_native.import.validated|marketplace.category_native.import.","create workspace and contextual category navigation","CategoryStudio","create workspace and contextual category navigation","SOURCE_REVIEWED","IMPLEMENTED_RUNTIME_VERIFICATION_PENDING","STATIC_VERIFIED_RUNTIME_GATE","app/api/angelcare-marketplace/admin/category-native/schemas/[schemaKey]/fields/route.ts; mutation method, imported handler and canonical exposure reconciled."
"CAP-B02-001","Catégories & collections","/angelcare-marketplace/admin/catalog/categories","/api/angelcare-marketplace/admin/category-native/schemas/:schemaKey","PATCH handleExperienceSchema","/api/angelcare-marketplace/admin/category-native/schemas/:schemaKey","marketplace.category_native_import.manage|marketplace.category_native_import.view|marketplace.homepage.manage|marketplace.homepage.view|marketplace.experience_schema.manage|marketplace.experience_schema.view|marketplace.category_native.schema.created|marketplace.category_native.schema.updated|marketplace.category_native.schema.|marketplace.category_native.import.validated|marketplace.category_native.import.","create workspace and contextual category navigation","CategoryStudio","create workspace and contextual category navigation","SOURCE_REVIEWED","IMPLEMENTED_RUNTIME_VERIFICATION_PENDING","STATIC_VERIFIED_RUNTIME_GATE","app/api/angelcare-marketplace/admin/category-native/schemas/[schemaKey]/route.ts; mutation method, imported handler and canonical exposure reconciled."
"CAP-B02-001","Catégories & collections","/angelcare-marketplace/admin/catalog/categories","/api/angelcare-marketplace/admin/category-native/schemas","POST handleExperienceSchemas","/api/angelcare-marketplace/admin/category-native/schemas","marketplace.category_native_import.manage|marketplace.category_native_import.view|marketplace.homepage.manage|marketplace.homepage.view|marketplace.experience_schema.manage|marketplace.experience_schema.view|marketplace.category_native.schema.created|marketplace.category_native.schema.updated|marketplace.category_native.schema.|marketplace.category_native.import.validated|marketplace.category_native.import.","create workspace and contextual category navigation","CategoryStudio","create workspace and contextual category navigation","SOURCE_REVIEWED","IMPLEMENTED_RUNTIME_VERIFICATION_PENDING","STATIC_VERIFIED_RUNTIME_GATE","app/api/angelcare-marketplace/admin/category-native/schemas/route.ts; mutation method, imported handler and canonical exposure reconciled."
"CAP-GLOBAL-001","Accueil / cross-domain shell","/angelcare-marketplace/admin","/api/angelcare-marketplace/admin/commerce/:resource/:id/:action","POST handleCommerceAction","/api/angelcare-marketplace/admin/commerce/:resource/:id/:action","marketplace.media.manage|marketplace.media.view|marketplace.homepage.manage|marketplace.homepage.view|marketplace.navigation.manage|marketplace.navigation.view|marketplace.categories.manage|marketplace.catalog.view|marketplace.catalog.manage|marketplace.merchandising.manage|marketplace.merchandising.view|marketplace.publication.manage|marketplace.commerce.view|marketplace.commerce.|marketplace.catalog.purge|marketplace.media.replaced|marketplace.media.uploaded|marketplace.media.transformed","Global command, search and governed-action foundations","AdminNavigation; AdminWorkspaceContextNav; GovernedActionProvider","Global command, search and governed-action foundations","SOURCE_REVIEWED","IMPLEMENTED_RUNTIME_VERIFICATION_PENDING","STATIC_VERIFIED_RUNTIME_GATE","app/api/angelcare-marketplace/admin/commerce/[resource]/[id]/[action]/route.ts; mutation method, imported handler and canonical exposure reconciled."
"CAP-GLOBAL-001","Accueil / cross-domain shell","/angelcare-marketplace/admin","/api/angelcare-marketplace/admin/commerce/:resource/:id/:action","PATCH handleCommerceAction","/api/angelcare-marketplace/admin/commerce/:resource/:id/:action","marketplace.media.manage|marketplace.media.view|marketplace.homepage.manage|marketplace.homepage.view|marketplace.navigation.manage|marketplace.navigation.view|marketplace.categories.manage|marketplace.catalog.view|marketplace.catalog.manage|marketplace.merchandising.manage|marketplace.merchandising.view|marketplace.publication.manage|marketplace.commerce.view|marketplace.commerce.|marketplace.catalog.purge|marketplace.media.replaced|marketplace.media.uploaded|marketplace.media.transformed","Global command, search and governed-action foundations","AdminNavigation; AdminWorkspaceContextNav; GovernedActionProvider","Global command, search and governed-action foundations","SOURCE_REVIEWED","IMPLEMENTED_RUNTIME_VERIFICATION_PENDING","STATIC_VERIFIED_RUNTIME_GATE","app/api/angelcare-marketplace/admin/commerce/[resource]/[id]/[action]/route.ts; mutation method, imported handler and canonical exposure reconciled."
"CAP-GLOBAL-001","Accueil / cross-domain shell","/angelcare-marketplace/admin","/api/angelcare-marketplace/admin/commerce/:resource/:id","PATCH handleCommerceResource","/api/angelcare-marketplace/admin/commerce/:resource/:id","marketplace.media.manage|marketplace.media.view|marketplace.homepage.manage|marketplace.homepage.view|marketplace.navigation.manage|marketplace.navigation.view|marketplace.categories.manage|marketplace.catalog.view|marketplace.catalog.manage|marketplace.merchandising.manage|marketplace.merchandising.view|marketplace.publication.manage|marketplace.commerce.view|marketplace.commerce.|marketplace.catalog.purge|marketplace.media.replaced|marketplace.media.uploaded|marketplace.media.transformed","Global command, search and governed-action foundations","AdminNavigation; AdminWorkspaceContextNav; GovernedActionProvider","Global command, search and governed-action foundations","SOURCE_REVIEWED","IMPLEMENTED_RUNTIME_VERIFICATION_PENDING","STATIC_VERIFIED_RUNTIME_GATE","app/api/angelcare-marketplace/admin/commerce/[resource]/[id]/route.ts; mutation method, imported handler and canonical exposure reconciled."
"CAP-GLOBAL-001","Accueil / cross-domain shell","/angelcare-marketplace/admin","/api/angelcare-marketplace/admin/commerce/:resource/:id","DELETE handleCommerceResource","/api/angelcare-marketplace/admin/commerce/:resource/:id","marketplace.media.manage|marketplace.media.view|marketplace.homepage.manage|marketplace.homepage.view|marketplace.navigation.manage|marketplace.navigation.view|marketplace.categories.manage|marketplace.catalog.view|marketplace.catalog.manage|marketplace.merchandising.manage|marketplace.merchandising.view|marketplace.publication.manage|marketplace.commerce.view|marketplace.commerce.|marketplace.catalog.purge|marketplace.media.replaced|marketplace.media.uploaded|marketplace.media.transformed","Global command, search and governed-action foundations","AdminNavigation; AdminWorkspaceContextNav; GovernedActionProvider","Global command, search and governed-action foundations","SOURCE_REVIEWED","IMPLEMENTED_RUNTIME_VERIFICATION_PENDING","STATIC_VERIFIED_RUNTIME_GATE","app/api/angelcare-marketplace/admin/commerce/[resource]/[id]/route.ts; mutation method, imported handler and canonical exposure reconciled."
"CAP-GLOBAL-001","Accueil / cross-domain shell","/angelcare-marketplace/admin","/api/angelcare-marketplace/admin/commerce/:resource","POST handleCommerceResource","/api/angelcare-marketplace/admin/commerce/:resource","marketplace.media.manage|marketplace.media.view|marketplace.homepage.manage|marketplace.homepage.view|marketplace.navigation.manage|marketplace.navigation.view|marketplace.categories.manage|marketplace.catalog.view|marketplace.catalog.manage|marketplace.merchandising.manage|marketplace.merchandising.view|marketplace.publication.manage|marketplace.commerce.view|marketplace.commerce.|marketplace.catalog.purge|marketplace.media.replaced|marketplace.media.uploaded|marketplace.media.transformed","Global command, search and governed-action foundations","AdminNavigation; AdminWorkspaceContextNav; GovernedActionProvider","Global command, search and governed-action foundations","SOURCE_REVIEWED","IMPLEMENTED_RUNTIME_VERIFICATION_PENDING","STATIC_VERIFIED_RUNTIME_GATE","app/api/angelcare-marketplace/admin/commerce/[resource]/route.ts; mutation method, imported handler and canonical exposure reconciled."
"CAP-GLOBAL-001","Accueil / cross-domain shell","/angelcare-marketplace/admin","/api/angelcare-marketplace/admin/commerce/import/:resource","POST handleCommerceImport","/api/angelcare-marketplace/admin/commerce/import/:resource","marketplace.commerce.export|marketplace.commerce.import|marketplace.commerce.import.previewed|marketplace.commerce.import.executed","Global command, search and governed-action foundations","AdminNavigation; AdminWorkspaceContextNav; GovernedActionProvider","Global command, search and governed-action foundations","SOURCE_REVIEWED","IMPLEMENTED_RUNTIME_VERIFICATION_PENDING","STATIC_VERIFIED_RUNTIME_GATE","app/api/angelcare-marketplace/admin/commerce/import/[resource]/route.ts; mutation method, imported handler and canonical exposure reconciled."
"CAP-B11-001","Trust & qualité","/angelcare-marketplace/admin/trust","/api/angelcare-marketplace/admin/customers/:customerId/addresses/:addressId","PATCH handleAdminCustomerAddress","/api/angelcare-marketplace/admin/customers/:customerId/addresses/:addressId","marketplace.admin.access|marketplace.family.admin.view|marketplace.family.admin.manage|marketplace.finance.view|marketplace.finance.manage|marketplace.finance.exceptions.approve|marketplace.operations.missions.create|marketplace.operations.view|marketplace.catalog.suppliers.manage|marketplace.catalog.suppliers.view","Contextual lifecycle decision desks on linked authorities","TrustCommand; AdminWorkspaceContextNav","Contextual lifecycle decision desks on linked authorities","SOURCE_REVIEWED","IMPLEMENTED_RUNTIME_VERIFICATION_PENDING","STATIC_VERIFIED_RUNTIME_GATE","app/api/angelcare-marketplace/admin/customers/[customerId]/addresses/[addressId]/route.ts; mutation method, imported handler and canonical exposure reconciled."
"CAP-B11-001","Trust & qualité","/angelcare-marketplace/admin/trust","/api/angelcare-marketplace/admin/customers/:customerId/addresses","POST handleAdminCustomerAddresses","/api/angelcare-marketplace/admin/customers/:customerId/addresses","marketplace.admin.access|marketplace.family.admin.view|marketplace.family.admin.manage|marketplace.finance.view|marketplace.finance.manage|marketplace.finance.exceptions.approve|marketplace.operations.missions.create|marketplace.operations.view|marketplace.catalog.suppliers.manage|marketplace.catalog.suppliers.view","Contextual lifecycle decision desks on linked authorities","TrustCommand; AdminWorkspaceContextNav","Contextual lifecycle decision desks on linked authorities","SOURCE_REVIEWED","IMPLEMENTED_RUNTIME_VERIFICATION_PENDING","STATIC_VERIFIED_RUNTIME_GATE","app/api/angelcare-marketplace/admin/customers/[customerId]/addresses/route.ts; mutation method, imported handler and canonical exposure reconciled."
"CAP-B11-001","Trust & qualité","/angelcare-marketplace/admin/trust","/api/angelcare-marketplace/admin/customers/:customerId/family/children/:childId","PATCH handleAdminCustomerChild","/api/angelcare-marketplace/admin/customers/:customerId/family/children/:childId","marketplace.admin.access|marketplace.family.admin.view|marketplace.family.admin.manage|marketplace.finance.view|marketplace.finance.manage|marketplace.finance.exceptions.approve|marketplace.operations.missions.create|marketplace.operations.view|marketplace.catalog.suppliers.manage|marketplace.catalog.suppliers.view","Contextual lifecycle decision desks on linked authorities","TrustCommand; AdminWorkspaceContextNav","Contextual lifecycle decision desks on linked authorities","SOURCE_REVIEWED","IMPLEMENTED_RUNTIME_VERIFICATION_PENDING","STATIC_VERIFIED_RUNTIME_GATE","app/api/angelcare-marketplace/admin/customers/[customerId]/family/children/[childId]/route.ts; mutation method, imported handler and canonical exposure reconciled."
"CAP-B11-001","Trust & qualité","/angelcare-marketplace/admin/trust","/api/angelcare-marketplace/admin/customers/:customerId/family/children","POST handleAdminCustomerChildren","/api/angelcare-marketplace/admin/customers/:customerId/family/children","marketplace.admin.access|marketplace.family.admin.view|marketplace.family.admin.manage|marketplace.finance.view|marketplace.finance.manage|marketplace.finance.exceptions.approve|marketplace.operations.missions.create|marketplace.operations.view|marketplace.catalog.suppliers.manage|marketplace.catalog.suppliers.view","Contextual lifecycle decision desks on linked authorities","TrustCommand; AdminWorkspaceContextNav","Contextual lifecycle decision desks on linked authorities","SOURCE_REVIEWED","IMPLEMENTED_RUNTIME_VERIFICATION_PENDING","STATIC_VERIFIED_RUNTIME_GATE","app/api/angelcare-marketplace/admin/customers/[customerId]/family/children/route.ts; mutation method, imported handler and canonical exposure reconciled."
"CAP-B11-001","Trust & qualité","/angelcare-marketplace/admin/trust","/api/angelcare-marketplace/admin/customers/:customerId/family","PATCH handleAdminCustomerFamily","/api/angelcare-marketplace/admin/customers/:customerId/family","marketplace.admin.access|marketplace.family.admin.view|marketplace.family.admin.manage|marketplace.finance.view|marketplace.finance.manage|marketplace.finance.exceptions.approve|marketplace.operations.missions.create|marketplace.operations.view|marketplace.catalog.suppliers.manage|marketplace.catalog.suppliers.view","Contextual lifecycle decision desks on linked authorities","TrustCommand; AdminWorkspaceContextNav","Contextual lifecycle decision desks on linked authorities","SOURCE_REVIEWED","IMPLEMENTED_RUNTIME_VERIFICATION_PENDING","STATIC_VERIFIED_RUNTIME_GATE","app/api/angelcare-marketplace/admin/customers/[customerId]/family/route.ts; mutation method, imported handler and canonical exposure reconciled."
"CAP-B11-001","Trust & qualité","/angelcare-marketplace/admin/trust","/api/angelcare-marketplace/admin/customers/:customerId","PATCH handleAdminCustomer","/api/angelcare-marketplace/admin/customers/:customerId","marketplace.admin.access|marketplace.family.admin.view|marketplace.family.admin.manage|marketplace.finance.view|marketplace.finance.manage|marketplace.finance.exceptions.approve|marketplace.operations.missions.create|marketplace.operations.view|marketplace.catalog.suppliers.manage|marketplace.catalog.suppliers.view","Contextual lifecycle decision desks on linked authorities","TrustCommand; AdminWorkspaceContextNav","Contextual lifecycle decision desks on linked authorities","SOURCE_REVIEWED","IMPLEMENTED_RUNTIME_VERIFICATION_PENDING","STATIC_VERIFIED_RUNTIME_GATE","app/api/angelcare-marketplace/admin/customers/[customerId]/route.ts; mutation method, imported handler and canonical exposure reconciled."
"CAP-B11-001","Trust & qualité","/angelcare-marketplace/admin/trust","/api/angelcare-marketplace/admin/customers","POST handleAdminCustomers","/api/angelcare-marketplace/admin/customers","marketplace.admin.access|marketplace.family.admin.view|marketplace.family.admin.manage|marketplace.finance.view|marketplace.finance.manage|marketplace.finance.exceptions.approve|marketplace.operations.missions.create|marketplace.operations.view|marketplace.catalog.suppliers.manage|marketplace.catalog.suppliers.view","Contextual lifecycle decision desks on linked authorities","TrustCommand; AdminWorkspaceContextNav","Contextual lifecycle decision desks on linked authorities","SOURCE_REVIEWED","IMPLEMENTED_RUNTIME_VERIFICATION_PENDING","STATIC_VERIFIED_RUNTIME_GATE","app/api/angelcare-marketplace/admin/customers/route.ts; mutation method, imported handler and canonical exposure reconciled."
"CAP-B04-001","Commandes & réservations","/angelcare-marketplace/admin/orders","/api/angelcare-marketplace/admin/enterprise-command/documents/export","POST handleDocumentExport","/api/angelcare-marketplace/admin/enterprise-command/documents/export","AUTHENTICATED_MARKETPLACE_CONTEXT","selected-order inspector and governed lifecycle modal","EnterpriseOrderCommand","selected-order inspector and governed lifecycle modal","SOURCE_REVIEWED","IMPLEMENTED_RUNTIME_VERIFICATION_PENDING","STATIC_VERIFIED_RUNTIME_GATE","app/api/angelcare-marketplace/admin/enterprise-command/documents/export/route.ts; mutation method, imported handler and canonical exposure reconciled."
"CAP-B07-001","Opérations","/angelcare-marketplace/admin/operations/today","/api/angelcare-marketplace/admin/enterprise-command/documents/export","POST handleDocumentExport","/api/angelcare-marketplace/admin/enterprise-command/documents/export","AUTHENTICATED_MARKETPLACE_CONTEXT","Operations queue inspectors and contextual mission links","OperationsCommand","Operations queue inspectors and contextual mission links","SOURCE_REVIEWED","IMPLEMENTED_RUNTIME_VERIFICATION_PENDING","STATIC_VERIFIED_RUNTIME_GATE","app/api/angelcare-marketplace/admin/enterprise-command/documents/export/route.ts; mutation method, imported handler and canonical exposure reconciled."
"CAP-B07-001","Opérations","/angelcare-marketplace/admin/operations/today","/api/angelcare-marketplace/admin/enterprise-command/operator-workspace","PATCH handleOperatorWorkspace","/api/angelcare-marketplace/admin/enterprise-command/operator-workspace","marketplace.admin.access|marketplace.operations.missions.manage","Operations queue inspectors and contextual mission links","OperationsCommand","Operations queue inspectors and contextual mission links","SOURCE_REVIEWED","IMPLEMENTED_RUNTIME_VERIFICATION_PENDING","STATIC_VERIFIED_RUNTIME_GATE","app/api/angelcare-marketplace/admin/enterprise-command/operator-workspace/route.ts; mutation method, imported handler and canonical exposure reconciled."
"CAP-B07-001","Opérations","/angelcare-marketplace/admin/operations/today","/api/angelcare-marketplace/admin/enterprise-command/orders/:orderId/operate","PATCH handleOrderOperate","/api/angelcare-marketplace/admin/enterprise-command/orders/:orderId/operate","marketplace.admin.access|marketplace.operations.missions.manage","Operations queue inspectors and contextual mission links","OperationsCommand","Operations queue inspectors and contextual mission links","SOURCE_REVIEWED","IMPLEMENTED_RUNTIME_VERIFICATION_PENDING","STATIC_VERIFIED_RUNTIME_GATE","app/api/angelcare-marketplace/admin/enterprise-command/orders/[orderId]/operate/route.ts; mutation method, imported handler and canonical exposure reconciled."
"CAP-B07-001","Opérations","/angelcare-marketplace/admin/operations/today","/api/angelcare-marketplace/admin/enterprise-command/product-import/commit","POST handleProductImportCommit","/api/angelcare-marketplace/admin/enterprise-command/product-import/commit","AUTHENTICATED_MARKETPLACE_CONTEXT","Operations queue inspectors and contextual mission links","OperationsCommand","Operations queue inspectors and contextual mission links","SOURCE_REVIEWED","IMPLEMENTED_RUNTIME_VERIFICATION_PENDING","STATIC_VERIFIED_RUNTIME_GATE","app/api/angelcare-marketplace/admin/enterprise-command/product-import/commit/route.ts; mutation method, imported handler and canonical exposure reconciled."
"CAP-B07-001","Opérations","/angelcare-marketplace/admin/operations/today","/api/angelcare-marketplace/admin/enterprise-command/product-import/jobs/:jobId/retry","POST handleProductImportJobRetry","/api/angelcare-marketplace/admin/enterprise-command/product-import/jobs/:jobId/retry","AUTHENTICATED_MARKETPLACE_CONTEXT","Operations queue inspectors and contextual mission links","OperationsCommand","Operations queue inspectors and contextual mission links","SOURCE_REVIEWED","IMPLEMENTED_RUNTIME_VERIFICATION_PENDING","STATIC_VERIFIED_RUNTIME_GATE","app/api/angelcare-marketplace/admin/enterprise-command/product-import/jobs/[jobId]/retry/route.ts; mutation method, imported handler and canonical exposure reconciled."
"CAP-B07-001","Opérations","/angelcare-marketplace/admin/operations/today","/api/angelcare-marketplace/admin/enterprise-command/product-import/jobs/:jobId/run","POST handleProductImportJobRun","/api/angelcare-marketplace/admin/enterprise-command/product-import/jobs/:jobId/run","AUTHENTICATED_MARKETPLACE_CONTEXT","Operations queue inspectors and contextual mission links","OperationsCommand","Operations queue inspectors and contextual mission links","SOURCE_REVIEWED","IMPLEMENTED_RUNTIME_VERIFICATION_PENDING","STATIC_VERIFIED_RUNTIME_GATE","app/api/angelcare-marketplace/admin/enterprise-command/product-import/jobs/[jobId]/run/route.ts; mutation method, imported handler and canonical exposure reconciled."
"CAP-B07-001","Opérations","/angelcare-marketplace/admin/operations/today","/api/angelcare-marketplace/admin/enterprise-command/product-import/jobs","POST handleProductImportJobCreate","/api/angelcare-marketplace/admin/enterprise-command/product-import/jobs","AUTHENTICATED_MARKETPLACE_CONTEXT","Operations queue inspectors and contextual mission links","OperationsCommand","Operations queue inspectors and contextual mission links","SOURCE_REVIEWED","IMPLEMENTED_RUNTIME_VERIFICATION_PENDING","STATIC_VERIFIED_RUNTIME_GATE","app/api/angelcare-marketplace/admin/enterprise-command/product-import/jobs/route.ts; mutation method, imported handler and canonical exposure reconciled."
"CAP-B07-001","Opérations","/angelcare-marketplace/admin/operations/today","/api/angelcare-marketplace/admin/enterprise-command/product-import/preview","POST handleProductImportPreview","/api/angelcare-marketplace/admin/enterprise-command/product-import/preview","AUTHENTICATED_MARKETPLACE_CONTEXT","Operations queue inspectors and contextual mission links","OperationsCommand","Operations queue inspectors and contextual mission links","SOURCE_REVIEWED","IMPLEMENTED_RUNTIME_VERIFICATION_PENDING","STATIC_VERIFIED_RUNTIME_GATE","app/api/angelcare-marketplace/admin/enterprise-command/product-import/preview/route.ts; mutation method, imported handler and canonical exposure reconciled."
"CAP-B06-001","Marketing & promotions","/angelcare-marketplace/admin/growth-experience","/api/angelcare-marketplace/admin/enterprise-command/segments","POST handleSegments","/api/angelcare-marketplace/admin/enterprise-command/segments","AUTHENTICATED_MARKETPLACE_CONTEXT","Contextual command cards and source queues","GrowthExperienceCommand","Contextual command cards and source queues","SOURCE_REVIEWED","IMPLEMENTED_RUNTIME_VERIFICATION_PENDING","STATIC_VERIFIED_RUNTIME_GATE","app/api/angelcare-marketplace/admin/enterprise-command/segments/route.ts; mutation method, imported handler and canonical exposure reconciled."
"CAP-B07-001","Opérations","/angelcare-marketplace/admin/operations/today","/api/angelcare-marketplace/admin/enterprise-command/segments/saved/:segmentId","PATCH handleSavedSegment","/api/angelcare-marketplace/admin/enterprise-command/segments/saved/:segmentId","marketplace.admin.access|marketplace.operations.missions.manage","Operations queue inspectors and contextual mission links","OperationsCommand","Operations queue inspectors and contextual mission links","SOURCE_REVIEWED","IMPLEMENTED_RUNTIME_VERIFICATION_PENDING","STATIC_VERIFIED_RUNTIME_GATE","app/api/angelcare-marketplace/admin/enterprise-command/segments/saved/[segmentId]/route.ts; mutation method, imported handler and canonical exposure reconciled."
"CAP-B07-001","Opérations","/angelcare-marketplace/admin/operations/today","/api/angelcare-marketplace/admin/enterprise-command/segments/saved/:segmentId","DELETE handleSavedSegment","/api/angelcare-marketplace/admin/enterprise-command/segments/saved/:segmentId","marketplace.admin.access|marketplace.operations.missions.manage","Operations queue inspectors and contextual mission links","OperationsCommand","Operations queue inspectors and contextual mission links","SOURCE_REVIEWED","IMPLEMENTED_RUNTIME_VERIFICATION_PENDING","STATIC_VERIFIED_RUNTIME_GATE","app/api/angelcare-marketplace/admin/enterprise-command/segments/saved/[segmentId]/route.ts; mutation method, imported handler and canonical exposure reconciled."
"CAP-B06-001","Marketing & promotions","/angelcare-marketplace/admin/growth-experience","/api/angelcare-marketplace/admin/enterprise-command/segments/saved","POST handleSavedSegments","/api/angelcare-marketplace/admin/enterprise-command/segments/saved","marketplace.admin.access|marketplace.operations.missions.manage","Contextual command cards and source queues","GrowthExperienceCommand","Contextual command cards and source queues","SOURCE_REVIEWED","IMPLEMENTED_RUNTIME_VERIFICATION_PENDING","STATIC_VERIFIED_RUNTIME_GATE","app/api/angelcare-marketplace/admin/enterprise-command/segments/saved/route.ts; mutation method, imported handler and canonical exposure reconciled."
"CAP-B07-001","Opérations","/angelcare-marketplace/admin/operations/today","/api/angelcare-marketplace/admin/enterprise-command/templates/:templateKey/versions","POST handleTemplateVersions","/api/angelcare-marketplace/admin/enterprise-command/templates/:templateKey/versions","AUTHENTICATED_MARKETPLACE_CONTEXT","Operations queue inspectors and contextual mission links","OperationsCommand","Operations queue inspectors and contextual mission links","SOURCE_REVIEWED","IMPLEMENTED_RUNTIME_VERIFICATION_PENDING","STATIC_VERIFIED_RUNTIME_GATE","app/api/angelcare-marketplace/admin/enterprise-command/templates/[templateKey]/versions/route.ts; mutation method, imported handler and canonical exposure reconciled."
"CAP-B07-001","Opérations","/angelcare-marketplace/admin/operations/today","/api/angelcare-marketplace/admin/enterprise-command/templates","POST handleTemplates","/api/angelcare-marketplace/admin/enterprise-command/templates","AUTHENTICATED_MARKETPLACE_CONTEXT","Operations queue inspectors and contextual mission links","OperationsCommand","Operations queue inspectors and contextual mission links","SOURCE_REVIEWED","IMPLEMENTED_RUNTIME_VERIFICATION_PENDING","STATIC_VERIFIED_RUNTIME_GATE","app/api/angelcare-marketplace/admin/enterprise-command/templates/route.ts; mutation method, imported handler and canonical exposure reconciled."
"CAP-GLOBAL-001","Accueil / cross-domain shell","/angelcare-marketplace/admin","/api/angelcare-marketplace/admin/enterprise/orders/:orderId/lines/:lineId","PATCH handleEnterpriseOrderLine","/api/angelcare-marketplace/admin/enterprise/orders/:orderId/lines/:lineId","marketplace.admin.access|marketplace.operations.view|marketplace.operations.missions.manage|marketplace.finance.view|marketplace.finance.manage|marketplace.merchandising.view|marketplace.merchandising.manage|marketplace.operations.missions.create|marketplace.family.admin.manage","Global command, search and governed-action foundations","AdminNavigation; AdminWorkspaceContextNav; GovernedActionProvider","Global command, search and governed-action foundations","SOURCE_REVIEWED","IMPLEMENTED_RUNTIME_VERIFICATION_PENDING","STATIC_VERIFIED_RUNTIME_GATE","app/api/angelcare-marketplace/admin/enterprise/orders/[orderId]/lines/[lineId]/route.ts; mutation method, imported handler and canonical exposure reconciled."
"CAP-GLOBAL-001","Accueil / cross-domain shell","/angelcare-marketplace/admin","/api/angelcare-marketplace/admin/enterprise/orders/:orderId/lines","POST handleEnterpriseOrderLines","/api/angelcare-marketplace/admin/enterprise/orders/:orderId/lines","marketplace.admin.access|marketplace.operations.view|marketplace.operations.missions.manage|marketplace.finance.view|marketplace.finance.manage|marketplace.merchandising.view|marketplace.merchandising.manage|marketplace.operations.missions.create|marketplace.family.admin.manage","Global command, search and governed-action foundations","AdminNavigation; AdminWorkspaceContextNav; GovernedActionProvider","Global command, search and governed-action foundations","SOURCE_REVIEWED","IMPLEMENTED_RUNTIME_VERIFICATION_PENDING","STATIC_VERIFIED_RUNTIME_GATE","app/api/angelcare-marketplace/admin/enterprise/orders/[orderId]/lines/route.ts; mutation method, imported handler and canonical exposure reconciled."
"CAP-GLOBAL-001","Accueil / cross-domain shell","/angelcare-marketplace/admin","/api/angelcare-marketplace/admin/families/:familyId/guardians/:guardianId","PATCH handleFamilyGuardian","/api/angelcare-marketplace/admin/families/:familyId/guardians/:guardianId","marketplace.admin.access|marketplace.operations.view|marketplace.operations.missions.manage|marketplace.finance.view|marketplace.finance.manage|marketplace.merchandising.view|marketplace.merchandising.manage|marketplace.operations.missions.create|marketplace.family.admin.manage","Global command, search and governed-action foundations","AdminNavigation; AdminWorkspaceContextNav; GovernedActionProvider","Global command, search and governed-action foundations","SOURCE_REVIEWED","IMPLEMENTED_RUNTIME_VERIFICATION_PENDING","STATIC_VERIFIED_RUNTIME_GATE","app/api/angelcare-marketplace/admin/families/[familyId]/guardians/[guardianId]/route.ts; mutation method, imported handler and canonical exposure reconciled."
"CAP-GLOBAL-001","Accueil / cross-domain shell","/angelcare-marketplace/admin","/api/angelcare-marketplace/admin/families/:familyId/guardians","POST handleFamilyGuardians","/api/angelcare-marketplace/admin/families/:familyId/guardians","marketplace.admin.access|marketplace.operations.view|marketplace.operations.missions.manage|marketplace.finance.view|marketplace.finance.manage|marketplace.merchandising.view|marketplace.merchandising.manage|marketplace.operations.missions.create|marketplace.family.admin.manage","Global command, search and governed-action foundations","AdminNavigation; AdminWorkspaceContextNav; GovernedActionProvider","Global command, search and governed-action foundations","SOURCE_REVIEWED","IMPLEMENTED_RUNTIME_VERIFICATION_PENDING","STATIC_VERIFIED_RUNTIME_GATE","app/api/angelcare-marketplace/admin/families/[familyId]/guardians/route.ts; mutation method, imported handler and canonical exposure reconciled."
"CAP-B03-001","Clients","/angelcare-marketplace/admin/customers","/api/angelcare-marketplace/admin/family-requests/:requestId/qualify","POST handleQualifyRequest","/api/angelcare-marketplace/admin/family-requests/:requestId/qualify","marketplace.family.dashboard|marketplace.family.profile.view|marketplace.family.profile.manage|marketplace.family.children.view|marketplace.family.children.manage|marketplace.family.diagnostics.view|marketplace.family.diagnostics.create|marketplace.family.requests.view|marketplace.family.requests.create|marketplace.family.missions.view|marketplace.family.support.view|marketplace.family.support.create|marketplace.family.admin.view|marketplace.family.requests.manage|marketplace.family.requests.qualify","large Customer 360 inspector","CustomerRegistryWorkspace","large Customer 360 inspector","SOURCE_REVIEWED","IMPLEMENTED_RUNTIME_VERIFICATION_PENDING","STATIC_VERIFIED_RUNTIME_GATE","app/api/angelcare-marketplace/admin/family-requests/[requestId]/qualify/route.ts; mutation method, imported handler and canonical exposure reconciled."
"CAP-B05-001","Boutique","/angelcare-marketplace/admin/boutique","/api/angelcare-marketplace/admin/footer-studio/contacts","POST handleFooterContacts","/api/angelcare-marketplace/admin/footer-studio/contacts","marketplace.commerce.view|marketplace.publication.manage|marketplace.analytics.view","CONTEXTUAL_PRIORITY_RAIL","FrontendControlCommand","CONTEXTUAL_PRIORITY_RAIL","SOURCE_REVIEWED","IMPLEMENTED_RUNTIME_VERIFICATION_PENDING","STATIC_VERIFIED_RUNTIME_GATE","app/api/angelcare-marketplace/admin/footer-studio/contacts/route.ts; mutation method, imported handler and canonical exposure reconciled."
"CAP-B05-001","Boutique","/angelcare-marketplace/admin/boutique","/api/angelcare-marketplace/admin/footer-studio/profiles","POST handleFooterProfiles","/api/angelcare-marketplace/admin/footer-studio/profiles","marketplace.commerce.view|marketplace.publication.manage|marketplace.analytics.view","CONTEXTUAL_PRIORITY_RAIL","FrontendControlCommand","CONTEXTUAL_PRIORITY_RAIL","SOURCE_REVIEWED","IMPLEMENTED_RUNTIME_VERIFICATION_PENDING","STATIC_VERIFIED_RUNTIME_GATE","app/api/angelcare-marketplace/admin/footer-studio/profiles/route.ts; mutation method, imported handler and canonical exposure reconciled."
"CAP-B05-001","Boutique","/angelcare-marketplace/admin/boutique","/api/angelcare-marketplace/admin/footer-studio/schedules","POST handleFooterSchedules","/api/angelcare-marketplace/admin/footer-studio/schedules","marketplace.commerce.view|marketplace.publication.manage|marketplace.analytics.view","CONTEXTUAL_PRIORITY_RAIL","FrontendControlCommand","CONTEXTUAL_PRIORITY_RAIL","SOURCE_REVIEWED","IMPLEMENTED_RUNTIME_VERIFICATION_PENDING","STATIC_VERIFIED_RUNTIME_GATE","app/api/angelcare-marketplace/admin/footer-studio/schedules/route.ts; mutation method, imported handler and canonical exposure reconciled."
"CAP-B05-001","Boutique","/angelcare-marketplace/admin/boutique","/api/angelcare-marketplace/admin/footer-studio/schedules/run","POST handleFooterSchedulesRun","/api/angelcare-marketplace/admin/footer-studio/schedules/run","marketplace.commerce.view|marketplace.publication.manage|marketplace.analytics.view","CONTEXTUAL_PRIORITY_RAIL","FrontendControlCommand","CONTEXTUAL_PRIORITY_RAIL","SOURCE_REVIEWED","IMPLEMENTED_RUNTIME_VERIFICATION_PENDING","STATIC_VERIFIED_RUNTIME_GATE","app/api/angelcare-marketplace/admin/footer-studio/schedules/run/route.ts; mutation method, imported handler and canonical exposure reconciled."
"CAP-B05-001","Boutique","/angelcare-marketplace/admin/boutique","/api/angelcare-marketplace/admin/footer-studio/targeting","POST handleFooterTargeting","/api/angelcare-marketplace/admin/footer-studio/targeting","marketplace.commerce.view|marketplace.publication.manage|marketplace.analytics.view","CONTEXTUAL_PRIORITY_RAIL","FrontendControlCommand","CONTEXTUAL_PRIORITY_RAIL","SOURCE_REVIEWED","IMPLEMENTED_RUNTIME_VERIFICATION_PENDING","STATIC_VERIFIED_RUNTIME_GATE","app/api/angelcare-marketplace/admin/footer-studio/targeting/route.ts; mutation method, imported handler and canonical exposure reconciled."
"CAP-B05-001","Boutique","/angelcare-marketplace/admin/boutique","/api/angelcare-marketplace/admin/footer-studio/themes","POST handleFooterThemes","/api/angelcare-marketplace/admin/footer-studio/themes","marketplace.commerce.view|marketplace.publication.manage|marketplace.analytics.view","CONTEXTUAL_PRIORITY_RAIL","FrontendControlCommand","CONTEXTUAL_PRIORITY_RAIL","SOURCE_REVIEWED","IMPLEMENTED_RUNTIME_VERIFICATION_PENDING","STATIC_VERIFIED_RUNTIME_GATE","app/api/angelcare-marketplace/admin/footer-studio/themes/route.ts; mutation method, imported handler and canonical exposure reconciled."
"CAP-B05-001","Boutique","/angelcare-marketplace/admin/boutique","/api/angelcare-marketplace/admin/frontend-surfaces/:surfaceKey/publish","POST handlePublishFrontendSurface","/api/angelcare-marketplace/admin/frontend-surfaces/:surfaceKey/publish","marketplace.commerce.view|marketplace.publication.manage|marketplace.merchandising.view|marketplace.merchandising.manage|marketplace.operations.view|marketplace.operations.missions.manage|marketplace.public.inquiries.manage","CONTEXTUAL_PRIORITY_RAIL","FrontendControlCommand","CONTEXTUAL_PRIORITY_RAIL","SOURCE_REVIEWED","IMPLEMENTED_RUNTIME_VERIFICATION_PENDING","STATIC_VERIFIED_RUNTIME_GATE","app/api/angelcare-marketplace/admin/frontend-surfaces/[surfaceKey]/publish/route.ts; mutation method, imported handler and canonical exposure reconciled."
"CAP-B05-001","Boutique","/angelcare-marketplace/admin/boutique","/api/angelcare-marketplace/admin/frontend-surfaces/:surfaceKey","PATCH handleFrontendSurface","/api/angelcare-marketplace/admin/frontend-surfaces/:surfaceKey","marketplace.commerce.view|marketplace.publication.manage|marketplace.merchandising.view|marketplace.merchandising.manage|marketplace.operations.view|marketplace.operations.missions.manage|marketplace.public.inquiries.manage","CONTEXTUAL_PRIORITY_RAIL","FrontendControlCommand","CONTEXTUAL_PRIORITY_RAIL","SOURCE_REVIEWED","IMPLEMENTED_RUNTIME_VERIFICATION_PENDING","STATIC_VERIFIED_RUNTIME_GATE","app/api/angelcare-marketplace/admin/frontend-surfaces/[surfaceKey]/route.ts; mutation method, imported handler and canonical exposure reconciled."
"CAP-B05-001","Boutique","/angelcare-marketplace/admin/boutique","/api/angelcare-marketplace/admin/frontend-surfaces/:surfaceKey/sections","PUT handleFrontendSurfaceSections","/api/angelcare-marketplace/admin/frontend-surfaces/:surfaceKey/sections","marketplace.commerce.view|marketplace.publication.manage|marketplace.merchandising.view|marketplace.merchandising.manage|marketplace.operations.view|marketplace.operations.missions.manage|marketplace.public.inquiries.manage","CONTEXTUAL_PRIORITY_RAIL","FrontendControlCommand","CONTEXTUAL_PRIORITY_RAIL","SOURCE_REVIEWED","IMPLEMENTED_RUNTIME_VERIFICATION_PENDING","STATIC_VERIFIED_RUNTIME_GATE","app/api/angelcare-marketplace/admin/frontend-surfaces/[surfaceKey]/sections/route.ts; mutation method, imported handler and canonical exposure reconciled."
"CAP-B05-001","Boutique","/angelcare-marketplace/admin/boutique","/api/angelcare-marketplace/admin/frontend-surfaces","POST handleFrontendSurfaces","/api/angelcare-marketplace/admin/frontend-surfaces","marketplace.commerce.view|marketplace.publication.manage|marketplace.merchandising.view|marketplace.merchandising.manage|marketplace.operations.view|marketplace.operations.missions.manage|marketplace.public.inquiries.manage","CONTEXTUAL_PRIORITY_RAIL","FrontendControlCommand","CONTEXTUAL_PRIORITY_RAIL","SOURCE_REVIEWED","IMPLEMENTED_RUNTIME_VERIFICATION_PENDING","STATIC_VERIFIED_RUNTIME_GATE","app/api/angelcare-marketplace/admin/frontend-surfaces/route.ts; mutation method, imported handler and canonical exposure reconciled."
"CAP-B05-001","Boutique","/angelcare-marketplace/admin/boutique","/api/angelcare-marketplace/admin/homepage/campaigns","POST handleCommerceResource","/api/angelcare-marketplace/admin/homepage/campaigns","marketplace.media.manage|marketplace.media.view|marketplace.homepage.manage|marketplace.homepage.view|marketplace.navigation.manage|marketplace.navigation.view|marketplace.categories.manage|marketplace.catalog.view|marketplace.catalog.manage|marketplace.merchandising.manage|marketplace.merchandising.view|marketplace.publication.manage|marketplace.commerce.view|marketplace.commerce.|marketplace.catalog.purge|marketplace.media.replaced|marketplace.media.uploaded|marketplace.media.transformed","CONTEXTUAL_PRIORITY_RAIL","FrontendControlCommand","CONTEXTUAL_PRIORITY_RAIL","SOURCE_REVIEWED","IMPLEMENTED_RUNTIME_VERIFICATION_PENDING","STATIC_VERIFIED_RUNTIME_GATE","app/api/angelcare-marketplace/admin/homepage/campaigns/route.ts; mutation method, imported handler and canonical exposure reconciled."
"CAP-B02-001","Catégories & collections","/angelcare-marketplace/admin/catalog/categories","/api/angelcare-marketplace/admin/homepage/collections","POST handleCommerceResource","/api/angelcare-marketplace/admin/homepage/collections","marketplace.media.manage|marketplace.media.view|marketplace.homepage.manage|marketplace.homepage.view|marketplace.navigation.manage|marketplace.navigation.view|marketplace.categories.manage|marketplace.catalog.view|marketplace.catalog.manage|marketplace.merchandising.manage|marketplace.merchandising.view|marketplace.publication.manage|marketplace.commerce.view|marketplace.commerce.|marketplace.catalog.purge|marketplace.media.replaced|marketplace.media.uploaded|marketplace.media.transformed","create workspace and contextual category navigation","CategoryStudio","create workspace and contextual category navigation","SOURCE_REVIEWED","IMPLEMENTED_RUNTIME_VERIFICATION_PENDING","STATIC_VERIFIED_RUNTIME_GATE","app/api/angelcare-marketplace/admin/homepage/collections/route.ts; mutation method, imported handler and canonical exposure reconciled."
"CAP-B05-001","Boutique","/angelcare-marketplace/admin/boutique","/api/angelcare-marketplace/admin/homepage/collections","POST handleCommerceResource","/api/angelcare-marketplace/admin/homepage/collections","marketplace.media.manage|marketplace.media.view|marketplace.homepage.manage|marketplace.homepage.view|marketplace.navigation.manage|marketplace.navigation.view|marketplace.categories.manage|marketplace.catalog.view|marketplace.catalog.manage|marketplace.merchandising.manage|marketplace.merchandising.view|marketplace.publication.manage|marketplace.commerce.view|marketplace.commerce.|marketplace.catalog.purge|marketplace.media.replaced|marketplace.media.uploaded|marketplace.media.transformed","CONTEXTUAL_PRIORITY_RAIL","FrontendControlCommand","CONTEXTUAL_PRIORITY_RAIL","SOURCE_REVIEWED","IMPLEMENTED_RUNTIME_VERIFICATION_PENDING","STATIC_VERIFIED_RUNTIME_GATE","app/api/angelcare-marketplace/admin/homepage/collections/route.ts; mutation method, imported handler and canonical exposure reconciled."
"CAP-B05-001","Boutique","/angelcare-marketplace/admin/boutique","/api/angelcare-marketplace/admin/homepage/placements","POST handleCommerceResource","/api/angelcare-marketplace/admin/homepage/placements","marketplace.media.manage|marketplace.media.view|marketplace.homepage.manage|marketplace.homepage.view|marketplace.navigation.manage|marketplace.navigation.view|marketplace.categories.manage|marketplace.catalog.view|marketplace.catalog.manage|marketplace.merchandising.manage|marketplace.merchandising.view|marketplace.publication.manage|marketplace.commerce.view|marketplace.commerce.|marketplace.catalog.purge|marketplace.media.replaced|marketplace.media.uploaded|marketplace.media.transformed","CONTEXTUAL_PRIORITY_RAIL","FrontendControlCommand","CONTEXTUAL_PRIORITY_RAIL","SOURCE_REVIEWED","IMPLEMENTED_RUNTIME_VERIFICATION_PENDING","STATIC_VERIFIED_RUNTIME_GATE","app/api/angelcare-marketplace/admin/homepage/placements/route.ts; mutation method, imported handler and canonical exposure reconciled."
"CAP-B05-001","Boutique","/angelcare-marketplace/admin/boutique","/api/angelcare-marketplace/admin/homepage/publish","POST handleCommerceAction","/api/angelcare-marketplace/admin/homepage/publish","marketplace.media.manage|marketplace.media.view|marketplace.homepage.manage|marketplace.homepage.view|marketplace.navigation.manage|marketplace.navigation.view|marketplace.categories.manage|marketplace.catalog.view|marketplace.catalog.manage|marketplace.merchandising.manage|marketplace.merchandising.view|marketplace.publication.manage|marketplace.commerce.view|marketplace.commerce.|marketplace.catalog.purge|marketplace.media.replaced|marketplace.media.uploaded|marketplace.media.transformed","CONTEXTUAL_PRIORITY_RAIL","FrontendControlCommand","CONTEXTUAL_PRIORITY_RAIL","SOURCE_REVIEWED","IMPLEMENTED_RUNTIME_VERIFICATION_PENDING","STATIC_VERIFIED_RUNTIME_GATE","app/api/angelcare-marketplace/admin/homepage/publish/route.ts; mutation method, imported handler and canonical exposure reconciled."
"CAP-B05-001","Boutique","/angelcare-marketplace/admin/boutique","/api/angelcare-marketplace/admin/homepage/releases","POST handleHomepageReleases","/api/angelcare-marketplace/admin/homepage/releases","marketplace.homepage.view|marketplace.homepage.manage","CONTEXTUAL_PRIORITY_RAIL","FrontendControlCommand","CONTEXTUAL_PRIORITY_RAIL","SOURCE_REVIEWED","IMPLEMENTED_RUNTIME_VERIFICATION_PENDING","STATIC_VERIFIED_RUNTIME_GATE","app/api/angelcare-marketplace/admin/homepage/releases/route.ts; mutation method, imported handler and canonical exposure reconciled."
"CAP-B05-001","Boutique","/angelcare-marketplace/admin/boutique","/api/angelcare-marketplace/admin/homepage/reorder","POST handleCommerceAction","/api/angelcare-marketplace/admin/homepage/reorder","marketplace.media.manage|marketplace.media.view|marketplace.homepage.manage|marketplace.homepage.view|marketplace.navigation.manage|marketplace.navigation.view|marketplace.categories.manage|marketplace.catalog.view|marketplace.catalog.manage|marketplace.merchandising.manage|marketplace.merchandising.view|marketplace.publication.manage|marketplace.commerce.view|marketplace.commerce.|marketplace.catalog.purge|marketplace.media.replaced|marketplace.media.uploaded|marketplace.media.transformed","CONTEXTUAL_PRIORITY_RAIL","FrontendControlCommand","CONTEXTUAL_PRIORITY_RAIL","SOURCE_REVIEWED","IMPLEMENTED_RUNTIME_VERIFICATION_PENDING","STATIC_VERIFIED_RUNTIME_GATE","app/api/angelcare-marketplace/admin/homepage/reorder/route.ts; mutation method, imported handler and canonical exposure reconciled."
"CAP-GLOBAL-001","Accueil / cross-domain shell","/angelcare-marketplace/admin","/api/angelcare-marketplace/admin/homepage/sections/:sectionId","PATCH handleCommerceResource","/api/angelcare-marketplace/admin/homepage/sections/:sectionId","marketplace.media.manage|marketplace.media.view|marketplace.homepage.manage|marketplace.homepage.view|marketplace.navigation.manage|marketplace.navigation.view|marketplace.categories.manage|marketplace.catalog.view|marketplace.catalog.manage|marketplace.merchandising.manage|marketplace.merchandising.view|marketplace.publication.manage|marketplace.commerce.view|marketplace.commerce.|marketplace.catalog.purge|marketplace.media.replaced|marketplace.media.uploaded|marketplace.media.transformed","Global command, search and governed-action foundations","AdminNavigation; AdminWorkspaceContextNav; GovernedActionProvider","Global command, search and governed-action foundations","SOURCE_REVIEWED","IMPLEMENTED_RUNTIME_VERIFICATION_PENDING","STATIC_VERIFIED_RUNTIME_GATE","app/api/angelcare-marketplace/admin/homepage/sections/[sectionId]/route.ts; mutation method, imported handler and canonical exposure reconciled."
"CAP-GLOBAL-001","Accueil / cross-domain shell","/angelcare-marketplace/admin","/api/angelcare-marketplace/admin/homepage/sections/:sectionId","DELETE handleCommerceResource","/api/angelcare-marketplace/admin/homepage/sections/:sectionId","marketplace.media.manage|marketplace.media.view|marketplace.homepage.manage|marketplace.homepage.view|marketplace.navigation.manage|marketplace.navigation.view|marketplace.categories.manage|marketplace.catalog.view|marketplace.catalog.manage|marketplace.merchandising.manage|marketplace.merchandising.view|marketplace.publication.manage|marketplace.commerce.view|marketplace.commerce.|marketplace.catalog.purge|marketplace.media.replaced|marketplace.media.uploaded|marketplace.media.transformed","Global command, search and governed-action foundations","AdminNavigation; AdminWorkspaceContextNav; GovernedActionProvider","Global command, search and governed-action foundations","SOURCE_REVIEWED","IMPLEMENTED_RUNTIME_VERIFICATION_PENDING","STATIC_VERIFIED_RUNTIME_GATE","app/api/angelcare-marketplace/admin/homepage/sections/[sectionId]/route.ts; mutation method, imported handler and canonical exposure reconciled."
"CAP-B05-001","Boutique","/angelcare-marketplace/admin/boutique","/api/angelcare-marketplace/admin/homepage/sections","POST handleCommerceResource","/api/angelcare-marketplace/admin/homepage/sections","marketplace.media.manage|marketplace.media.view|marketplace.homepage.manage|marketplace.homepage.view|marketplace.navigation.manage|marketplace.navigation.view|marketplace.categories.manage|marketplace.catalog.view|marketplace.catalog.manage|marketplace.merchandising.manage|marketplace.merchandising.view|marketplace.publication.manage|marketplace.commerce.view|marketplace.commerce.|marketplace.catalog.purge|marketplace.media.replaced|marketplace.media.uploaded|marketplace.media.transformed","CONTEXTUAL_PRIORITY_RAIL","FrontendControlCommand","CONTEXTUAL_PRIORITY_RAIL","SOURCE_REVIEWED","IMPLEMENTED_RUNTIME_VERIFICATION_PENDING","STATIC_VERIFIED_RUNTIME_GATE","app/api/angelcare-marketplace/admin/homepage/sections/route.ts; mutation method, imported handler and canonical exposure reconciled."
"CAP-GLOBAL-001","Accueil / cross-domain shell","/angelcare-marketplace/admin","/api/angelcare-marketplace/admin/invoices/:invoiceId","PATCH handleInvoice","/api/angelcare-marketplace/admin/invoices/:invoiceId","marketplace.admin.access|marketplace.operations.view|marketplace.operations.missions.manage|marketplace.finance.view|marketplace.finance.manage|marketplace.merchandising.view|marketplace.merchandising.manage|marketplace.operations.missions.create|marketplace.family.admin.manage","Global command, search and governed-action foundations","AdminNavigation; AdminWorkspaceContextNav; GovernedActionProvider","Global command, search and governed-action foundations","SOURCE_REVIEWED","IMPLEMENTED_RUNTIME_VERIFICATION_PENDING","STATIC_VERIFIED_RUNTIME_GATE","app/api/angelcare-marketplace/admin/invoices/[invoiceId]/route.ts; mutation method, imported handler and canonical exposure reconciled."
"CAP-B10-001","Finance","/angelcare-marketplace/admin/finance","/api/angelcare-marketplace/admin/invoices","POST handleInvoices","/api/angelcare-marketplace/admin/invoices","marketplace.admin.access|marketplace.operations.view|marketplace.operations.missions.manage|marketplace.finance.view|marketplace.finance.manage|marketplace.merchandising.view|marketplace.merchandising.manage|marketplace.operations.missions.create|marketplace.family.admin.manage","Payment invoice Wallet subscription reconciliation and exception inspectors","FinanceControlLedger","Payment invoice Wallet subscription reconciliation and exception inspectors","SOURCE_REVIEWED","IMPLEMENTED_RUNTIME_VERIFICATION_PENDING","STATIC_VERIFIED_RUNTIME_GATE","app/api/angelcare-marketplace/admin/invoices/route.ts; mutation method, imported handler and canonical exposure reconciled."
"CAP-B06-001","Marketing & promotions","/angelcare-marketplace/admin/growth-experience","/api/angelcare-marketplace/admin/live-experience/audiences","POST handleLiveGovernance","/api/angelcare-marketplace/admin/live-experience/audiences","marketplace.live_experience.view","Contextual command cards and source queues","GrowthExperienceCommand","Contextual command cards and source queues","SOURCE_REVIEWED","IMPLEMENTED_RUNTIME_VERIFICATION_PENDING","STATIC_VERIFIED_RUNTIME_GATE","app/api/angelcare-marketplace/admin/live-experience/audiences/route.ts; mutation method, imported handler and canonical exposure reconciled."
"CAP-B06-001","Marketing & promotions","/angelcare-marketplace/admin/growth-experience","/api/angelcare-marketplace/admin/live-experience/audiences","PATCH handleLiveGovernance","/api/angelcare-marketplace/admin/live-experience/audiences","marketplace.live_experience.view","Contextual command cards and source queues","GrowthExperienceCommand","Contextual command cards and source queues","SOURCE_REVIEWED","IMPLEMENTED_RUNTIME_VERIFICATION_PENDING","STATIC_VERIFIED_RUNTIME_GATE","app/api/angelcare-marketplace/admin/live-experience/audiences/route.ts; mutation method, imported handler and canonical exposure reconciled."
"CAP-B06-001","Marketing & promotions","/angelcare-marketplace/admin/growth-experience","/api/angelcare-marketplace/admin/live-experience/broadcasts","POST handleLiveCampaigns","/api/angelcare-marketplace/admin/live-experience/broadcasts","marketplace.live_experience.view|marketplace.live_experience.manage|marketplace.emergency_broadcast.manage|marketplace.live_experience.publish|marketplace.proof_widget.manage","Contextual command cards and source queues","GrowthExperienceCommand","Contextual command cards and source queues","SOURCE_REVIEWED","IMPLEMENTED_RUNTIME_VERIFICATION_PENDING","STATIC_VERIFIED_RUNTIME_GATE","app/api/angelcare-marketplace/admin/live-experience/broadcasts/route.ts; mutation method, imported handler and canonical exposure reconciled."
"CAP-B06-001","Marketing & promotions","/angelcare-marketplace/admin/growth-experience","/api/angelcare-marketplace/admin/live-experience/campaigns/:campaignId/actions/:action","POST handleLiveCampaignAction","/api/angelcare-marketplace/admin/live-experience/campaigns/:campaignId/actions/:action","marketplace.live_experience.view|marketplace.live_experience.manage|marketplace.emergency_broadcast.manage|marketplace.live_experience.publish|marketplace.proof_widget.manage","Contextual command cards and source queues","GrowthExperienceCommand","Contextual command cards and source queues","SOURCE_REVIEWED","IMPLEMENTED_RUNTIME_VERIFICATION_PENDING","STATIC_VERIFIED_RUNTIME_GATE","app/api/angelcare-marketplace/admin/live-experience/campaigns/[campaignId]/actions/[action]/route.ts; mutation method, imported handler and canonical exposure reconciled."
"CAP-B06-001","Marketing & promotions","/angelcare-marketplace/admin/growth-experience","/api/angelcare-marketplace/admin/live-experience/campaigns/:campaignId","PATCH handleLiveCampaign","/api/angelcare-marketplace/admin/live-experience/campaigns/:campaignId","marketplace.live_experience.view|marketplace.live_experience.manage|marketplace.emergency_broadcast.manage|marketplace.live_experience.publish|marketplace.proof_widget.manage","Contextual command cards and source queues","GrowthExperienceCommand","Contextual command cards and source queues","SOURCE_REVIEWED","IMPLEMENTED_RUNTIME_VERIFICATION_PENDING","STATIC_VERIFIED_RUNTIME_GATE","app/api/angelcare-marketplace/admin/live-experience/campaigns/[campaignId]/route.ts; mutation method, imported handler and canonical exposure reconciled."
"CAP-B06-001","Marketing & promotions","/angelcare-marketplace/admin/growth-experience","/api/angelcare-marketplace/admin/live-experience/campaigns","POST handleLiveCampaigns","/api/angelcare-marketplace/admin/live-experience/campaigns","marketplace.live_experience.view|marketplace.live_experience.manage|marketplace.emergency_broadcast.manage|marketplace.live_experience.publish|marketplace.proof_widget.manage","Contextual command cards and source queues","GrowthExperienceCommand","Contextual command cards and source queues","SOURCE_REVIEWED","IMPLEMENTED_RUNTIME_VERIFICATION_PENDING","STATIC_VERIFIED_RUNTIME_GATE","app/api/angelcare-marketplace/admin/live-experience/campaigns/route.ts; mutation method, imported handler and canonical exposure reconciled."
"CAP-B06-001","Marketing & promotions","/angelcare-marketplace/admin/growth-experience","/api/angelcare-marketplace/admin/live-experience/experiments","POST handleLiveGovernance","/api/angelcare-marketplace/admin/live-experience/experiments","marketplace.live_experience.view","Contextual command cards and source queues","GrowthExperienceCommand","Contextual command cards and source queues","SOURCE_REVIEWED","IMPLEMENTED_RUNTIME_VERIFICATION_PENDING","STATIC_VERIFIED_RUNTIME_GATE","app/api/angelcare-marketplace/admin/live-experience/experiments/route.ts; mutation method, imported handler and canonical exposure reconciled."
"CAP-B06-001","Marketing & promotions","/angelcare-marketplace/admin/growth-experience","/api/angelcare-marketplace/admin/live-experience/experiments","PATCH handleLiveGovernance","/api/angelcare-marketplace/admin/live-experience/experiments","marketplace.live_experience.view","Contextual command cards and source queues","GrowthExperienceCommand","Contextual command cards and source queues","SOURCE_REVIEWED","IMPLEMENTED_RUNTIME_VERIFICATION_PENDING","STATIC_VERIFIED_RUNTIME_GATE","app/api/angelcare-marketplace/admin/live-experience/experiments/route.ts; mutation method, imported handler and canonical exposure reconciled."
"CAP-B06-001","Marketing & promotions","/angelcare-marketplace/admin/growth-experience","/api/angelcare-marketplace/admin/live-experience/placements","POST handleLiveGovernance","/api/angelcare-marketplace/admin/live-experience/placements","marketplace.live_experience.view","Contextual command cards and source queues","GrowthExperienceCommand","Contextual command cards and source queues","SOURCE_REVIEWED","IMPLEMENTED_RUNTIME_VERIFICATION_PENDING","STATIC_VERIFIED_RUNTIME_GATE","app/api/angelcare-marketplace/admin/live-experience/placements/route.ts; mutation method, imported handler and canonical exposure reconciled."
"CAP-B06-001","Marketing & promotions","/angelcare-marketplace/admin/growth-experience","/api/angelcare-marketplace/admin/live-experience/placements","PATCH handleLiveGovernance","/api/angelcare-marketplace/admin/live-experience/placements","marketplace.live_experience.view","Contextual command cards and source queues","GrowthExperienceCommand","Contextual command cards and source queues","SOURCE_REVIEWED","IMPLEMENTED_RUNTIME_VERIFICATION_PENDING","STATIC_VERIFIED_RUNTIME_GATE","app/api/angelcare-marketplace/admin/live-experience/placements/route.ts; mutation method, imported handler and canonical exposure reconciled."
"CAP-B06-001","Marketing & promotions","/angelcare-marketplace/admin/growth-experience","/api/angelcare-marketplace/admin/live-experience/popups","POST handleLiveCampaigns","/api/angelcare-marketplace/admin/live-experience/popups","marketplace.live_experience.view|marketplace.live_experience.manage|marketplace.emergency_broadcast.manage|marketplace.live_experience.publish|marketplace.proof_widget.manage","Contextual command cards and source queues","GrowthExperienceCommand","Contextual command cards and source queues","SOURCE_REVIEWED","IMPLEMENTED_RUNTIME_VERIFICATION_PENDING","STATIC_VERIFIED_RUNTIME_GATE","app/api/angelcare-marketplace/admin/live-experience/popups/route.ts; mutation method, imported handler and canonical exposure reconciled."
"CAP-B06-001","Marketing & promotions","/angelcare-marketplace/admin/growth-experience","/api/angelcare-marketplace/admin/live-experience/proof-widgets","POST handleLiveCampaigns","/api/angelcare-marketplace/admin/live-experience/proof-widgets","marketplace.live_experience.view|marketplace.live_experience.manage|marketplace.emergency_broadcast.manage|marketplace.live_experience.publish|marketplace.proof_widget.manage","Contextual command cards and source queues","GrowthExperienceCommand","Contextual command cards and source queues","SOURCE_REVIEWED","IMPLEMENTED_RUNTIME_VERIFICATION_PENDING","STATIC_VERIFIED_RUNTIME_GATE","app/api/angelcare-marketplace/admin/live-experience/proof-widgets/route.ts; mutation method, imported handler and canonical exposure reconciled."
"CAP-B06-001","Marketing & promotions","/angelcare-marketplace/admin/growth-experience","/api/angelcare-marketplace/admin/live-experience/schedules","POST handleLiveGovernance","/api/angelcare-marketplace/admin/live-experience/schedules","marketplace.live_experience.view","Contextual command cards and source queues","GrowthExperienceCommand","Contextual command cards and source queues","SOURCE_REVIEWED","IMPLEMENTED_RUNTIME_VERIFICATION_PENDING","STATIC_VERIFIED_RUNTIME_GATE","app/api/angelcare-marketplace/admin/live-experience/schedules/route.ts; mutation method, imported handler and canonical exposure reconciled."
"CAP-B06-001","Marketing & promotions","/angelcare-marketplace/admin/growth-experience","/api/angelcare-marketplace/admin/live-experience/schedules","PATCH handleLiveGovernance","/api/angelcare-marketplace/admin/live-experience/schedules","marketplace.live_experience.view","Contextual command cards and source queues","GrowthExperienceCommand","Contextual command cards and source queues","SOURCE_REVIEWED","IMPLEMENTED_RUNTIME_VERIFICATION_PENDING","STATIC_VERIFIED_RUNTIME_GATE","app/api/angelcare-marketplace/admin/live-experience/schedules/route.ts; mutation method, imported handler and canonical exposure reconciled."
"CAP-B06-001","Marketing & promotions","/angelcare-marketplace/admin/growth-experience","/api/angelcare-marketplace/admin/live-experience/settings","POST handleLiveGovernance","/api/angelcare-marketplace/admin/live-experience/settings","marketplace.live_experience.view","Contextual command cards and source queues","GrowthExperienceCommand","Contextual command cards and source queues","SOURCE_REVIEWED","IMPLEMENTED_RUNTIME_VERIFICATION_PENDING","STATIC_VERIFIED_RUNTIME_GATE","app/api/angelcare-marketplace/admin/live-experience/settings/route.ts; mutation method, imported handler and canonical exposure reconciled."
"CAP-B06-001","Marketing & promotions","/angelcare-marketplace/admin/growth-experience","/api/angelcare-marketplace/admin/live-experience/settings","PATCH handleLiveGovernance","/api/angelcare-marketplace/admin/live-experience/settings","marketplace.live_experience.view","Contextual command cards and source queues","GrowthExperienceCommand","Contextual command cards and source queues","SOURCE_REVIEWED","IMPLEMENTED_RUNTIME_VERIFICATION_PENDING","STATIC_VERIFIED_RUNTIME_GATE","app/api/angelcare-marketplace/admin/live-experience/settings/route.ts; mutation method, imported handler and canonical exposure reconciled."
"CAP-B06-001","Marketing & promotions","/angelcare-marketplace/admin/growth-experience","/api/angelcare-marketplace/admin/live-experience/simulate","POST handleLiveSimulate","/api/angelcare-marketplace/admin/live-experience/simulate","marketplace.live_experience.view|marketplace.live_experience.manage|marketplace.emergency_broadcast.manage|marketplace.live_experience.publish|marketplace.proof_widget.manage","Contextual command cards and source queues","GrowthExperienceCommand","Contextual command cards and source queues","SOURCE_REVIEWED","IMPLEMENTED_RUNTIME_VERIFICATION_PENDING","STATIC_VERIFIED_RUNTIME_GATE","app/api/angelcare-marketplace/admin/live-experience/simulate/route.ts; mutation method, imported handler and canonical exposure reconciled."
"CAP-B06-001","Marketing & promotions","/angelcare-marketplace/admin/growth-experience","/api/angelcare-marketplace/admin/live-experience/sources/refresh","POST handleLiveSourceRefresh","/api/angelcare-marketplace/admin/live-experience/sources/refresh","marketplace.live_experience.view|marketplace.live_experience.manage|marketplace.emergency_broadcast.manage|marketplace.live_experience.publish|marketplace.proof_widget.manage","Contextual command cards and source queues","GrowthExperienceCommand","Contextual command cards and source queues","SOURCE_REVIEWED","IMPLEMENTED_RUNTIME_VERIFICATION_PENDING","STATIC_VERIFIED_RUNTIME_GATE","app/api/angelcare-marketplace/admin/live-experience/sources/refresh/route.ts; mutation method, imported handler and canonical exposure reconciled."
"CAP-GLOBAL-001","Accueil / cross-domain shell","/angelcare-marketplace/admin","/api/angelcare-marketplace/admin/media/:mediaId","PATCH handleCommerceResource","/api/angelcare-marketplace/admin/media/:mediaId","marketplace.media.manage|marketplace.media.view|marketplace.homepage.manage|marketplace.homepage.view|marketplace.navigation.manage|marketplace.navigation.view|marketplace.categories.manage|marketplace.catalog.view|marketplace.catalog.manage|marketplace.merchandising.manage|marketplace.merchandising.view|marketplace.publication.manage|marketplace.commerce.view|marketplace.commerce.|marketplace.catalog.purge|marketplace.media.replaced|marketplace.media.uploaded|marketplace.media.transformed","Global command, search and governed-action foundations","AdminNavigation; AdminWorkspaceContextNav; GovernedActionProvider","Global command, search and governed-action foundations","SOURCE_REVIEWED","IMPLEMENTED_RUNTIME_VERIFICATION_PENDING","STATIC_VERIFIED_RUNTIME_GATE","app/api/angelcare-marketplace/admin/media/[mediaId]/route.ts; mutation method, imported handler and canonical exposure reconciled."
"CAP-GLOBAL-001","Accueil / cross-domain shell","/angelcare-marketplace/admin","/api/angelcare-marketplace/admin/media/:mediaId","DELETE handleCommerceResource","/api/angelcare-marketplace/admin/media/:mediaId","marketplace.media.manage|marketplace.media.view|marketplace.homepage.manage|marketplace.homepage.view|marketplace.navigation.manage|marketplace.navigation.view|marketplace.categories.manage|marketplace.catalog.view|marketplace.catalog.manage|marketplace.merchandising.manage|marketplace.merchandising.view|marketplace.publication.manage|marketplace.commerce.view|marketplace.commerce.|marketplace.catalog.purge|marketplace.media.replaced|marketplace.media.uploaded|marketplace.media.transformed","Global command, search and governed-action foundations","AdminNavigation; AdminWorkspaceContextNav; GovernedActionProvider","Global command, search and governed-action foundations","SOURCE_REVIEWED","IMPLEMENTED_RUNTIME_VERIFICATION_PENDING","STATIC_VERIFIED_RUNTIME_GATE","app/api/angelcare-marketplace/admin/media/[mediaId]/route.ts; mutation method, imported handler and canonical exposure reconciled."
"CAP-GLOBAL-001","Accueil / cross-domain shell","/angelcare-marketplace/admin","/api/angelcare-marketplace/admin/media/:mediaId/transform","POST handleMediaTransform","/api/angelcare-marketplace/admin/media/:mediaId/transform","marketplace.media.manage|marketplace.media.view|marketplace.homepage.manage|marketplace.homepage.view|marketplace.navigation.manage|marketplace.navigation.view|marketplace.categories.manage|marketplace.catalog.view|marketplace.catalog.manage|marketplace.merchandising.manage|marketplace.merchandising.view|marketplace.publication.manage|marketplace.commerce.view|marketplace.commerce.|marketplace.catalog.purge|marketplace.media.replaced|marketplace.media.uploaded|marketplace.media.transformed","Global command, search and governed-action foundations","AdminNavigation; AdminWorkspaceContextNav; GovernedActionProvider","Global command, search and governed-action foundations","SOURCE_REVIEWED","IMPLEMENTED_RUNTIME_VERIFICATION_PENDING","STATIC_VERIFIED_RUNTIME_GATE","app/api/angelcare-marketplace/admin/media/[mediaId]/transform/route.ts; mutation method, imported handler and canonical exposure reconciled."
"CAP-B05-001","Boutique","/angelcare-marketplace/admin/boutique","/api/angelcare-marketplace/admin/media","POST handleCommerceResource","/api/angelcare-marketplace/admin/media","marketplace.media.manage|marketplace.media.view|marketplace.homepage.manage|marketplace.homepage.view|marketplace.navigation.manage|marketplace.navigation.view|marketplace.categories.manage|marketplace.catalog.view|marketplace.catalog.manage|marketplace.merchandising.manage|marketplace.merchandising.view|marketplace.publication.manage|marketplace.commerce.view|marketplace.commerce.|marketplace.catalog.purge|marketplace.media.replaced|marketplace.media.uploaded|marketplace.media.transformed","CONTEXTUAL_PRIORITY_RAIL","FrontendControlCommand","CONTEXTUAL_PRIORITY_RAIL","SOURCE_REVIEWED","IMPLEMENTED_RUNTIME_VERIFICATION_PENDING","STATIC_VERIFIED_RUNTIME_GATE","app/api/angelcare-marketplace/admin/media/route.ts; mutation method, imported handler and canonical exposure reconciled."
"CAP-B05-001","Boutique","/angelcare-marketplace/admin/boutique","/api/angelcare-marketplace/admin/media/upload","POST handleMediaUpload","/api/angelcare-marketplace/admin/media/upload","marketplace.media.manage|marketplace.media.view|marketplace.homepage.manage|marketplace.homepage.view|marketplace.navigation.manage|marketplace.navigation.view|marketplace.categories.manage|marketplace.catalog.view|marketplace.catalog.manage|marketplace.merchandising.manage|marketplace.merchandising.view|marketplace.publication.manage|marketplace.commerce.view|marketplace.commerce.|marketplace.catalog.purge|marketplace.media.replaced|marketplace.media.uploaded|marketplace.media.transformed","CONTEXTUAL_PRIORITY_RAIL","FrontendControlCommand","CONTEXTUAL_PRIORITY_RAIL","SOURCE_REVIEWED","IMPLEMENTED_RUNTIME_VERIFICATION_PENDING","STATIC_VERIFIED_RUNTIME_GATE","app/api/angelcare-marketplace/admin/media/upload/route.ts; mutation method, imported handler and canonical exposure reconciled."
"CAP-B02-001","Catégories & collections","/angelcare-marketplace/admin/catalog/categories","/api/angelcare-marketplace/admin/merchandising/collections","POST handleCommerceResource","/api/angelcare-marketplace/admin/merchandising/collections","marketplace.media.manage|marketplace.media.view|marketplace.homepage.manage|marketplace.homepage.view|marketplace.navigation.manage|marketplace.navigation.view|marketplace.categories.manage|marketplace.catalog.view|marketplace.catalog.manage|marketplace.merchandising.manage|marketplace.merchandising.view|marketplace.publication.manage|marketplace.commerce.view|marketplace.commerce.|marketplace.catalog.purge|marketplace.media.replaced|marketplace.media.uploaded|marketplace.media.transformed","create workspace and contextual category navigation","CategoryStudio","create workspace and contextual category navigation","SOURCE_REVIEWED","IMPLEMENTED_RUNTIME_VERIFICATION_PENDING","STATIC_VERIFIED_RUNTIME_GATE","app/api/angelcare-marketplace/admin/merchandising/collections/route.ts; mutation method, imported handler and canonical exposure reconciled."
"CAP-B06-001","Marketing & promotions","/angelcare-marketplace/admin/growth-experience","/api/angelcare-marketplace/admin/merchandising/collections","POST handleCommerceResource","/api/angelcare-marketplace/admin/merchandising/collections","marketplace.media.manage|marketplace.media.view|marketplace.homepage.manage|marketplace.homepage.view|marketplace.navigation.manage|marketplace.navigation.view|marketplace.categories.manage|marketplace.catalog.view|marketplace.catalog.manage|marketplace.merchandising.manage|marketplace.merchandising.view|marketplace.publication.manage|marketplace.commerce.view|marketplace.commerce.|marketplace.catalog.purge|marketplace.media.replaced|marketplace.media.uploaded|marketplace.media.transformed","Contextual command cards and source queues","GrowthExperienceCommand","Contextual command cards and source queues","SOURCE_REVIEWED","IMPLEMENTED_RUNTIME_VERIFICATION_PENDING","STATIC_VERIFIED_RUNTIME_GATE","app/api/angelcare-marketplace/admin/merchandising/collections/route.ts; mutation method, imported handler and canonical exposure reconciled."
"CAP-B06-001","Marketing & promotions","/angelcare-marketplace/admin/growth-experience","/api/angelcare-marketplace/admin/merchandising/placements","POST handleCommerceResource","/api/angelcare-marketplace/admin/merchandising/placements","marketplace.media.manage|marketplace.media.view|marketplace.homepage.manage|marketplace.homepage.view|marketplace.navigation.manage|marketplace.navigation.view|marketplace.categories.manage|marketplace.catalog.view|marketplace.catalog.manage|marketplace.merchandising.manage|marketplace.merchandising.view|marketplace.publication.manage|marketplace.commerce.view|marketplace.commerce.|marketplace.catalog.purge|marketplace.media.replaced|marketplace.media.uploaded|marketplace.media.transformed","Contextual command cards and source queues","GrowthExperienceCommand","Contextual command cards and source queues","SOURCE_REVIEWED","IMPLEMENTED_RUNTIME_VERIFICATION_PENDING","STATIC_VERIFIED_RUNTIME_GATE","app/api/angelcare-marketplace/admin/merchandising/placements/route.ts; mutation method, imported handler and canonical exposure reconciled."
"CAP-B06-001","Marketing & promotions","/angelcare-marketplace/admin/growth-experience","/api/angelcare-marketplace/admin/merchandising/publish","POST handleCommerceAction","/api/angelcare-marketplace/admin/merchandising/publish","marketplace.media.manage|marketplace.media.view|marketplace.homepage.manage|marketplace.homepage.view|marketplace.navigation.manage|marketplace.navigation.view|marketplace.categories.manage|marketplace.catalog.view|marketplace.catalog.manage|marketplace.merchandising.manage|marketplace.merchandising.view|marketplace.publication.manage|marketplace.commerce.view|marketplace.commerce.|marketplace.catalog.purge|marketplace.media.replaced|marketplace.media.uploaded|marketplace.media.transformed","Contextual command cards and source queues","GrowthExperienceCommand","Contextual command cards and source queues","SOURCE_REVIEWED","IMPLEMENTED_RUNTIME_VERIFICATION_PENDING","STATIC_VERIFIED_RUNTIME_GATE","app/api/angelcare-marketplace/admin/merchandising/publish/route.ts; mutation method, imported handler and canonical exposure reconciled."
"CAP-B06-001","Marketing & promotions","/angelcare-marketplace/admin/growth-experience","/api/angelcare-marketplace/admin/merchandising/reorder","POST handleCommerceAction","/api/angelcare-marketplace/admin/merchandising/reorder","marketplace.media.manage|marketplace.media.view|marketplace.homepage.manage|marketplace.homepage.view|marketplace.navigation.manage|marketplace.navigation.view|marketplace.categories.manage|marketplace.catalog.view|marketplace.catalog.manage|marketplace.merchandising.manage|marketplace.merchandising.view|marketplace.publication.manage|marketplace.commerce.view|marketplace.commerce.|marketplace.catalog.purge|marketplace.media.replaced|marketplace.media.uploaded|marketplace.media.transformed","Contextual command cards and source queues","GrowthExperienceCommand","Contextual command cards and source queues","SOURCE_REVIEWED","IMPLEMENTED_RUNTIME_VERIFICATION_PENDING","STATIC_VERIFIED_RUNTIME_GATE","app/api/angelcare-marketplace/admin/merchandising/reorder/route.ts; mutation method, imported handler and canonical exposure reconciled."
"CAP-B06-001","Marketing & promotions","/angelcare-marketplace/admin/growth-experience","/api/angelcare-marketplace/admin/merchandising/rules","POST handleCommerceResource","/api/angelcare-marketplace/admin/merchandising/rules","marketplace.media.manage|marketplace.media.view|marketplace.homepage.manage|marketplace.homepage.view|marketplace.navigation.manage|marketplace.navigation.view|marketplace.categories.manage|marketplace.catalog.view|marketplace.catalog.manage|marketplace.merchandising.manage|marketplace.merchandising.view|marketplace.publication.manage|marketplace.commerce.view|marketplace.commerce.|marketplace.catalog.purge|marketplace.media.replaced|marketplace.media.uploaded|marketplace.media.transformed","Contextual command cards and source queues","GrowthExperienceCommand","Contextual command cards and source queues","SOURCE_REVIEWED","IMPLEMENTED_RUNTIME_VERIFICATION_PENDING","STATIC_VERIFIED_RUNTIME_GATE","app/api/angelcare-marketplace/admin/merchandising/rules/route.ts; mutation method, imported handler and canonical exposure reconciled."
"CAP-GLOBAL-001","Accueil / cross-domain shell","/angelcare-marketplace/admin","/api/angelcare-marketplace/admin/navigation/items/:itemId","PATCH handleCommerceResource","/api/angelcare-marketplace/admin/navigation/items/:itemId","marketplace.media.manage|marketplace.media.view|marketplace.homepage.manage|marketplace.homepage.view|marketplace.navigation.manage|marketplace.navigation.view|marketplace.categories.manage|marketplace.catalog.view|marketplace.catalog.manage|marketplace.merchandising.manage|marketplace.merchandising.view|marketplace.publication.manage|marketplace.commerce.view|marketplace.commerce.|marketplace.catalog.purge|marketplace.media.replaced|marketplace.media.uploaded|marketplace.media.transformed","Global command, search and governed-action foundations","AdminNavigation; AdminWorkspaceContextNav; GovernedActionProvider","Global command, search and governed-action foundations","SOURCE_REVIEWED","IMPLEMENTED_RUNTIME_VERIFICATION_PENDING","STATIC_VERIFIED_RUNTIME_GATE","app/api/angelcare-marketplace/admin/navigation/items/[itemId]/route.ts; mutation method, imported handler and canonical exposure reconciled."
"CAP-GLOBAL-001","Accueil / cross-domain shell","/angelcare-marketplace/admin","/api/angelcare-marketplace/admin/navigation/items/:itemId","DELETE handleCommerceResource","/api/angelcare-marketplace/admin/navigation/items/:itemId","marketplace.media.manage|marketplace.media.view|marketplace.homepage.manage|marketplace.homepage.view|marketplace.navigation.manage|marketplace.navigation.view|marketplace.categories.manage|marketplace.catalog.view|marketplace.catalog.manage|marketplace.merchandising.manage|marketplace.merchandising.view|marketplace.publication.manage|marketplace.commerce.view|marketplace.commerce.|marketplace.catalog.purge|marketplace.media.replaced|marketplace.media.uploaded|marketplace.media.transformed","Global command, search and governed-action foundations","AdminNavigation; AdminWorkspaceContextNav; GovernedActionProvider","Global command, search and governed-action foundations","SOURCE_REVIEWED","IMPLEMENTED_RUNTIME_VERIFICATION_PENDING","STATIC_VERIFIED_RUNTIME_GATE","app/api/angelcare-marketplace/admin/navigation/items/[itemId]/route.ts; mutation method, imported handler and canonical exposure reconciled."
"CAP-B05-001","Boutique","/angelcare-marketplace/admin/boutique","/api/angelcare-marketplace/admin/navigation/items","POST handleCommerceResource","/api/angelcare-marketplace/admin/navigation/items","marketplace.media.manage|marketplace.media.view|marketplace.homepage.manage|marketplace.homepage.view|marketplace.navigation.manage|marketplace.navigation.view|marketplace.categories.manage|marketplace.catalog.view|marketplace.catalog.manage|marketplace.merchandising.manage|marketplace.merchandising.view|marketplace.publication.manage|marketplace.commerce.view|marketplace.commerce.|marketplace.catalog.purge|marketplace.media.replaced|marketplace.media.uploaded|marketplace.media.transformed","CONTEXTUAL_PRIORITY_RAIL","FrontendControlCommand","CONTEXTUAL_PRIORITY_RAIL","SOURCE_REVIEWED","IMPLEMENTED_RUNTIME_VERIFICATION_PENDING","STATIC_VERIFIED_RUNTIME_GATE","app/api/angelcare-marketplace/admin/navigation/items/route.ts; mutation method, imported handler and canonical exposure reconciled."
"CAP-B05-001","Boutique","/angelcare-marketplace/admin/boutique","/api/angelcare-marketplace/admin/navigation/publish","POST handleCommerceAction","/api/angelcare-marketplace/admin/navigation/publish","marketplace.media.manage|marketplace.media.view|marketplace.homepage.manage|marketplace.homepage.view|marketplace.navigation.manage|marketplace.navigation.view|marketplace.categories.manage|marketplace.catalog.view|marketplace.catalog.manage|marketplace.merchandising.manage|marketplace.merchandising.view|marketplace.publication.manage|marketplace.commerce.view|marketplace.commerce.|marketplace.catalog.purge|marketplace.media.replaced|marketplace.media.uploaded|marketplace.media.transformed","CONTEXTUAL_PRIORITY_RAIL","FrontendControlCommand","CONTEXTUAL_PRIORITY_RAIL","SOURCE_REVIEWED","IMPLEMENTED_RUNTIME_VERIFICATION_PENDING","STATIC_VERIFIED_RUNTIME_GATE","app/api/angelcare-marketplace/admin/navigation/publish/route.ts; mutation method, imported handler and canonical exposure reconciled."
"CAP-B05-001","Boutique","/angelcare-marketplace/admin/boutique","/api/angelcare-marketplace/admin/navigation/reorder","POST handleCommerceAction","/api/angelcare-marketplace/admin/navigation/reorder","marketplace.media.manage|marketplace.media.view|marketplace.homepage.manage|marketplace.homepage.view|marketplace.navigation.manage|marketplace.navigation.view|marketplace.categories.manage|marketplace.catalog.view|marketplace.catalog.manage|marketplace.merchandising.manage|marketplace.merchandising.view|marketplace.publication.manage|marketplace.commerce.view|marketplace.commerce.|marketplace.catalog.purge|marketplace.media.replaced|marketplace.media.uploaded|marketplace.media.transformed","CONTEXTUAL_PRIORITY_RAIL","FrontendControlCommand","CONTEXTUAL_PRIORITY_RAIL","SOURCE_REVIEWED","IMPLEMENTED_RUNTIME_VERIFICATION_PENDING","STATIC_VERIFIED_RUNTIME_GATE","app/api/angelcare-marketplace/admin/navigation/reorder/route.ts; mutation method, imported handler and canonical exposure reconciled."
"CAP-B05-001","Boutique","/angelcare-marketplace/admin/boutique","/api/angelcare-marketplace/admin/navigation","POST handleCommerceResource","/api/angelcare-marketplace/admin/navigation","marketplace.media.manage|marketplace.media.view|marketplace.homepage.manage|marketplace.homepage.view|marketplace.navigation.manage|marketplace.navigation.view|marketplace.categories.manage|marketplace.catalog.view|marketplace.catalog.manage|marketplace.merchandising.manage|marketplace.merchandising.view|marketplace.publication.manage|marketplace.commerce.view|marketplace.commerce.|marketplace.catalog.purge|marketplace.media.replaced|marketplace.media.uploaded|marketplace.media.transformed","CONTEXTUAL_PRIORITY_RAIL","FrontendControlCommand","CONTEXTUAL_PRIORITY_RAIL","SOURCE_REVIEWED","IMPLEMENTED_RUNTIME_VERIFICATION_PENDING","STATIC_VERIFIED_RUNTIME_GATE","app/api/angelcare-marketplace/admin/navigation/route.ts; mutation method, imported handler and canonical exposure reconciled."
"CAP-B07-001","Opérations","/angelcare-marketplace/admin/operations/today","/api/angelcare-marketplace/admin/operating/approvals/:approvalId/decision","POST handleOperatingApprovalDecision","/api/angelcare-marketplace/admin/operating/approvals/:approvalId/decision","marketplace.operating_kernel.manage|marketplace.operating_kernel.view|marketplace.operating_kernel.approve","Operations queue inspectors and contextual mission links","OperationsCommand","Operations queue inspectors and contextual mission links","SOURCE_REVIEWED","IMPLEMENTED_RUNTIME_VERIFICATION_PENDING","STATIC_VERIFIED_RUNTIME_GATE","app/api/angelcare-marketplace/admin/operating/approvals/[approvalId]/decision/route.ts; mutation method, imported handler and canonical exposure reconciled."
"CAP-B07-001","Opérations","/angelcare-marketplace/admin/operations/today","/api/angelcare-marketplace/admin/operating/cases/:caseId/approvals","POST handleOperatingApprovals","/api/angelcare-marketplace/admin/operating/cases/:caseId/approvals","marketplace.operating_kernel.manage|marketplace.operating_kernel.view|marketplace.operating_kernel.approve","Operations queue inspectors and contextual mission links","OperationsCommand","Operations queue inspectors and contextual mission links","SOURCE_REVIEWED","IMPLEMENTED_RUNTIME_VERIFICATION_PENDING","STATIC_VERIFIED_RUNTIME_GATE","app/api/angelcare-marketplace/admin/operating/cases/[caseId]/approvals/route.ts; mutation method, imported handler and canonical exposure reconciled."
"CAP-B07-001","Opérations","/angelcare-marketplace/admin/operations/today","/api/angelcare-marketplace/admin/operating/cases/:caseId/assignments","POST handleOperatingCaseAssignment","/api/angelcare-marketplace/admin/operating/cases/:caseId/assignments","marketplace.operating_kernel.manage|marketplace.operating_kernel.view|marketplace.operating_kernel.approve","Operations queue inspectors and contextual mission links","OperationsCommand","Operations queue inspectors and contextual mission links","SOURCE_REVIEWED","IMPLEMENTED_RUNTIME_VERIFICATION_PENDING","STATIC_VERIFIED_RUNTIME_GATE","app/api/angelcare-marketplace/admin/operating/cases/[caseId]/assignments/route.ts; mutation method, imported handler and canonical exposure reconciled."
"CAP-B07-001","Opérations","/angelcare-marketplace/admin/operations/today","/api/angelcare-marketplace/admin/operating/cases/:caseId/comments","POST handleOperatingComment","/api/angelcare-marketplace/admin/operating/cases/:caseId/comments","marketplace.operating_kernel.manage|marketplace.operating_kernel.view|marketplace.operating_kernel.approve","Operations queue inspectors and contextual mission links","OperationsCommand","Operations queue inspectors and contextual mission links","SOURCE_REVIEWED","IMPLEMENTED_RUNTIME_VERIFICATION_PENDING","STATIC_VERIFIED_RUNTIME_GATE","app/api/angelcare-marketplace/admin/operating/cases/[caseId]/comments/route.ts; mutation method, imported handler and canonical exposure reconciled."
"CAP-B07-001","Opérations","/angelcare-marketplace/admin/operations/today","/api/angelcare-marketplace/admin/operating/cases/:caseId/evidence","POST handleOperatingEvidence","/api/angelcare-marketplace/admin/operating/cases/:caseId/evidence","marketplace.operating_kernel.manage|marketplace.operating_kernel.view|marketplace.operating_kernel.approve","Operations queue inspectors and contextual mission links","OperationsCommand","Operations queue inspectors and contextual mission links","SOURCE_REVIEWED","IMPLEMENTED_RUNTIME_VERIFICATION_PENDING","STATIC_VERIFIED_RUNTIME_GATE","app/api/angelcare-marketplace/admin/operating/cases/[caseId]/evidence/route.ts; mutation method, imported handler and canonical exposure reconciled."
"CAP-B07-001","Opérations","/angelcare-marketplace/admin/operations/today","/api/angelcare-marketplace/admin/operating/cases/:caseId/exceptions","POST handleOperatingExceptions","/api/angelcare-marketplace/admin/operating/cases/:caseId/exceptions","marketplace.operating_kernel.manage|marketplace.operating_kernel.view|marketplace.operating_kernel.approve","Operations queue inspectors and contextual mission links","OperationsCommand","Operations queue inspectors and contextual mission links","SOURCE_REVIEWED","IMPLEMENTED_RUNTIME_VERIFICATION_PENDING","STATIC_VERIFIED_RUNTIME_GATE","app/api/angelcare-marketplace/admin/operating/cases/[caseId]/exceptions/route.ts; mutation method, imported handler and canonical exposure reconciled."
"CAP-B07-001","Opérations","/angelcare-marketplace/admin/operations/today","/api/angelcare-marketplace/admin/operating/cases/:caseId/recovery","POST handleOperatingRecovery","/api/angelcare-marketplace/admin/operating/cases/:caseId/recovery","marketplace.operating_kernel.manage|marketplace.operating_kernel.view|marketplace.operating_kernel.approve","Operations queue inspectors and contextual mission links","OperationsCommand","Operations queue inspectors and contextual mission links","SOURCE_REVIEWED","IMPLEMENTED_RUNTIME_VERIFICATION_PENDING","STATIC_VERIFIED_RUNTIME_GATE","app/api/angelcare-marketplace/admin/operating/cases/[caseId]/recovery/route.ts; mutation method, imported handler and canonical exposure reconciled."
"CAP-B07-001","Opérations","/angelcare-marketplace/admin/operations/today","/api/angelcare-marketplace/admin/operating/cases/:caseId/transition","POST handleOperatingCaseTransition","/api/angelcare-marketplace/admin/operating/cases/:caseId/transition","marketplace.operating_kernel.manage|marketplace.operating_kernel.view|marketplace.operating_kernel.approve","Operations queue inspectors and contextual mission links","OperationsCommand","Operations queue inspectors and contextual mission links","SOURCE_REVIEWED","IMPLEMENTED_RUNTIME_VERIFICATION_PENDING","STATIC_VERIFIED_RUNTIME_GATE","app/api/angelcare-marketplace/admin/operating/cases/[caseId]/transition/route.ts; mutation method, imported handler and canonical exposure reconciled."
"CAP-B07-001","Opérations","/angelcare-marketplace/admin/operations/today","/api/angelcare-marketplace/admin/operating/cases","POST handleOperatingCases","/api/angelcare-marketplace/admin/operating/cases","marketplace.operating_kernel.manage|marketplace.operating_kernel.view|marketplace.operating_kernel.approve","Operations queue inspectors and contextual mission links","OperationsCommand","Operations queue inspectors and contextual mission links","SOURCE_REVIEWED","IMPLEMENTED_RUNTIME_VERIFICATION_PENDING","STATIC_VERIFIED_RUNTIME_GATE","app/api/angelcare-marketplace/admin/operating/cases/route.ts; mutation method, imported handler and canonical exposure reconciled."
"CAP-B07-001","Opérations","/angelcare-marketplace/admin/operations/today","/api/angelcare-marketplace/admin/operating/evidence/:evidenceId/review","POST handleOperatingEvidenceReview","/api/angelcare-marketplace/admin/operating/evidence/:evidenceId/review","marketplace.operating_kernel.manage|marketplace.operating_kernel.view|marketplace.operating_kernel.approve","Operations queue inspectors and contextual mission links","OperationsCommand","Operations queue inspectors and contextual mission links","SOURCE_REVIEWED","IMPLEMENTED_RUNTIME_VERIFICATION_PENDING","STATIC_VERIFIED_RUNTIME_GATE","app/api/angelcare-marketplace/admin/operating/evidence/[evidenceId]/review/route.ts; mutation method, imported handler and canonical exposure reconciled."
"CAP-B07-001","Opérations","/angelcare-marketplace/admin/operations/today","/api/angelcare-marketplace/admin/operating/exceptions/:exceptionId/transition","POST handleOperatingExceptionTransition","/api/angelcare-marketplace/admin/operating/exceptions/:exceptionId/transition","marketplace.operating_kernel.manage|marketplace.operating_kernel.view|marketplace.operating_kernel.approve","Operations queue inspectors and contextual mission links","OperationsCommand","Operations queue inspectors and contextual mission links","SOURCE_REVIEWED","IMPLEMENTED_RUNTIME_VERIFICATION_PENDING","STATIC_VERIFIED_RUNTIME_GATE","app/api/angelcare-marketplace/admin/operating/exceptions/[exceptionId]/transition/route.ts; mutation method, imported handler and canonical exposure reconciled."
"CAP-GLOBAL-001","Accueil / cross-domain shell","/angelcare-marketplace/admin","/api/angelcare-marketplace/admin/orders/:orderId/lines","POST handleAdminOrderLineEvent","/api/angelcare-marketplace/admin/orders/:orderId/lines","marketplace.finance.view|marketplace.finance.reconciliation.manage|marketplace.finance.price_books.manage|marketplace.finance.exceptions.approve|marketplace.security.manage|marketplace.operations.view|marketplace.operations.missions.manage","Global command, search and governed-action foundations","AdminNavigation; AdminWorkspaceContextNav; GovernedActionProvider","Global command, search and governed-action foundations","SOURCE_REVIEWED","IMPLEMENTED_RUNTIME_VERIFICATION_PENDING","STATIC_VERIFIED_RUNTIME_GATE","app/api/angelcare-marketplace/admin/orders/[orderId]/lines/route.ts; mutation method, imported handler and canonical exposure reconciled."
"CAP-GLOBAL-001","Accueil / cross-domain shell","/angelcare-marketplace/admin","/api/angelcare-marketplace/admin/orders/:orderId","PATCH handleAdminEnterpriseOrder","/api/angelcare-marketplace/admin/orders/:orderId","marketplace.finance.view|marketplace.finance.reconciliation.manage|marketplace.finance.price_books.manage|marketplace.finance.exceptions.approve|marketplace.security.manage|marketplace.operations.view|marketplace.operations.missions.manage","Global command, search and governed-action foundations","AdminNavigation; AdminWorkspaceContextNav; GovernedActionProvider","Global command, search and governed-action foundations","SOURCE_REVIEWED","IMPLEMENTED_RUNTIME_VERIFICATION_PENDING","STATIC_VERIFIED_RUNTIME_GATE","app/api/angelcare-marketplace/admin/orders/[orderId]/route.ts; mutation method, imported handler and canonical exposure reconciled."
"CAP-B04-001","Commandes & réservations","/angelcare-marketplace/admin/orders","/api/angelcare-marketplace/admin/orders","POST handleAdminOrders","/api/angelcare-marketplace/admin/orders","marketplace.admin.access|marketplace.family.admin.view|marketplace.family.admin.manage|marketplace.finance.view|marketplace.finance.manage|marketplace.finance.exceptions.approve|marketplace.operations.missions.create|marketplace.operations.view|marketplace.catalog.suppliers.manage|marketplace.catalog.suppliers.view","selected-order inspector and governed lifecycle modal","EnterpriseOrderCommand","selected-order inspector and governed lifecycle modal","SOURCE_REVIEWED","IMPLEMENTED_RUNTIME_VERIFICATION_PENDING","STATIC_VERIFIED_RUNTIME_GATE","app/api/angelcare-marketplace/admin/orders/route.ts; mutation method, imported handler and canonical exposure reconciled."
"CAP-GLOBAL-001","Accueil / cross-domain shell","/angelcare-marketplace/admin","/api/angelcare-marketplace/admin/payments/:paymentIntentId/refund","POST handleAdminPaymentRefund","/api/angelcare-marketplace/admin/payments/:paymentIntentId/refund","marketplace.finance.view|marketplace.finance.reconciliation.manage|marketplace.finance.price_books.manage|marketplace.finance.exceptions.approve|marketplace.security.manage|marketplace.operations.view|marketplace.operations.missions.manage","Global command, search and governed-action foundations","AdminNavigation; AdminWorkspaceContextNav; GovernedActionProvider","Global command, search and governed-action foundations","SOURCE_REVIEWED","IMPLEMENTED_RUNTIME_VERIFICATION_PENDING","STATIC_VERIFIED_RUNTIME_GATE","app/api/angelcare-marketplace/admin/payments/[paymentIntentId]/refund/route.ts; mutation method, imported handler and canonical exposure reconciled."
"CAP-B11-001","Trust & qualité","/angelcare-marketplace/admin/trust","/api/angelcare-marketplace/admin/payments/:paymentIntentId","PATCH handleAdminPayment","/api/angelcare-marketplace/admin/payments/:paymentIntentId","marketplace.admin.access|marketplace.family.admin.view|marketplace.family.admin.manage|marketplace.finance.view|marketplace.finance.manage|marketplace.finance.exceptions.approve|marketplace.operations.missions.create|marketplace.operations.view|marketplace.catalog.suppliers.manage|marketplace.catalog.suppliers.view","Contextual lifecycle decision desks on linked authorities","TrustCommand; AdminWorkspaceContextNav","Contextual lifecycle decision desks on linked authorities","SOURCE_REVIEWED","IMPLEMENTED_RUNTIME_VERIFICATION_PENDING","STATIC_VERIFIED_RUNTIME_GATE","app/api/angelcare-marketplace/admin/payments/[paymentIntentId]/route.ts; mutation method, imported handler and canonical exposure reconciled."
"CAP-GLOBAL-001","Accueil / cross-domain shell","/angelcare-marketplace/admin","/api/angelcare-marketplace/admin/payments/reconciliation/:itemId/transition","POST handleAdminPaymentReconciliationTransition","/api/angelcare-marketplace/admin/payments/reconciliation/:itemId/transition","marketplace.finance.view|marketplace.finance.reconciliation.manage|marketplace.finance.price_books.manage|marketplace.finance.exceptions.approve|marketplace.security.manage|marketplace.operations.view|marketplace.operations.missions.manage","Global command, search and governed-action foundations","AdminNavigation; AdminWorkspaceContextNav; GovernedActionProvider","Global command, search and governed-action foundations","SOURCE_REVIEWED","IMPLEMENTED_RUNTIME_VERIFICATION_PENDING","STATIC_VERIFIED_RUNTIME_GATE","app/api/angelcare-marketplace/admin/payments/reconciliation/[itemId]/transition/route.ts; mutation method, imported handler and canonical exposure reconciled."
"CAP-B10-001","Finance","/angelcare-marketplace/admin/finance","/api/angelcare-marketplace/admin/payments","POST handleAdminPayments","/api/angelcare-marketplace/admin/payments","marketplace.admin.access|marketplace.family.admin.view|marketplace.family.admin.manage|marketplace.finance.view|marketplace.finance.manage|marketplace.finance.exceptions.approve|marketplace.operations.missions.create|marketplace.operations.view|marketplace.catalog.suppliers.manage|marketplace.catalog.suppliers.view","Payment invoice Wallet subscription reconciliation and exception inspectors","FinanceControlLedger","Payment invoice Wallet subscription reconciliation and exception inspectors","SOURCE_REVIEWED","IMPLEMENTED_RUNTIME_VERIFICATION_PENDING","STATIC_VERIFIED_RUNTIME_GATE","app/api/angelcare-marketplace/admin/payments/route.ts; mutation method, imported handler and canonical exposure reconciled."
"CAP-GLOBAL-001","Accueil / cross-domain shell","/angelcare-marketplace/admin","/api/angelcare-marketplace/admin/promotions/:promotionId","PATCH handlePromotion","/api/angelcare-marketplace/admin/promotions/:promotionId","marketplace.admin.access|marketplace.operations.view|marketplace.operations.missions.manage|marketplace.finance.view|marketplace.finance.manage|marketplace.merchandising.view|marketplace.merchandising.manage|marketplace.operations.missions.create|marketplace.family.admin.manage","Global command, search and governed-action foundations","AdminNavigation; AdminWorkspaceContextNav; GovernedActionProvider","Global command, search and governed-action foundations","SOURCE_REVIEWED","IMPLEMENTED_RUNTIME_VERIFICATION_PENDING","STATIC_VERIFIED_RUNTIME_GATE","app/api/angelcare-marketplace/admin/promotions/[promotionId]/route.ts; mutation method, imported handler and canonical exposure reconciled."
"CAP-B06-001","Marketing & promotions","/angelcare-marketplace/admin/growth-experience","/api/angelcare-marketplace/admin/promotions","POST handlePromotions","/api/angelcare-marketplace/admin/promotions","marketplace.admin.access|marketplace.operations.view|marketplace.operations.missions.manage|marketplace.finance.view|marketplace.finance.manage|marketplace.merchandising.view|marketplace.merchandising.manage|marketplace.operations.missions.create|marketplace.family.admin.manage","Contextual command cards and source queues","GrowthExperienceCommand","Contextual command cards and source queues","SOURCE_REVIEWED","IMPLEMENTED_RUNTIME_VERIFICATION_PENDING","STATIC_VERIFIED_RUNTIME_GATE","app/api/angelcare-marketplace/admin/promotions/route.ts; mutation method, imported handler and canonical exposure reconciled."
"CAP-B05-001","Boutique","/angelcare-marketplace/admin/boutique","/api/angelcare-marketplace/admin/public-inquiries/:inquiryId","PATCH handlePublicInquiryAdmin","/api/angelcare-marketplace/admin/public-inquiries/:inquiryId","marketplace.commerce.view|marketplace.publication.manage|marketplace.merchandising.view|marketplace.merchandising.manage|marketplace.operations.view|marketplace.operations.missions.manage|marketplace.public.inquiries.manage","CONTEXTUAL_PRIORITY_RAIL","FrontendControlCommand","CONTEXTUAL_PRIORITY_RAIL","SOURCE_REVIEWED","IMPLEMENTED_RUNTIME_VERIFICATION_PENDING","STATIC_VERIFIED_RUNTIME_GATE","app/api/angelcare-marketplace/admin/public-inquiries/[inquiryId]/route.ts; mutation method, imported handler and canonical exposure reconciled."
"CAP-GLOBAL-001","Accueil / cross-domain shell","/angelcare-marketplace/admin","/api/angelcare-marketplace/admin/publication/history","POST handleCommerceResource","/api/angelcare-marketplace/admin/publication/history","marketplace.media.manage|marketplace.media.view|marketplace.homepage.manage|marketplace.homepage.view|marketplace.navigation.manage|marketplace.navigation.view|marketplace.categories.manage|marketplace.catalog.view|marketplace.catalog.manage|marketplace.merchandising.manage|marketplace.merchandising.view|marketplace.publication.manage|marketplace.commerce.view|marketplace.commerce.|marketplace.catalog.purge|marketplace.media.replaced|marketplace.media.uploaded|marketplace.media.transformed","Global command, search and governed-action foundations","AdminNavigation; AdminWorkspaceContextNav; GovernedActionProvider","Global command, search and governed-action foundations","SOURCE_REVIEWED","IMPLEMENTED_RUNTIME_VERIFICATION_PENDING","STATIC_VERIFIED_RUNTIME_GATE","app/api/angelcare-marketplace/admin/publication/history/route.ts; mutation method, imported handler and canonical exposure reconciled."
"CAP-GLOBAL-001","Accueil / cross-domain shell","/angelcare-marketplace/admin","/api/angelcare-marketplace/admin/publication/refresh","POST INLINE_ROUTE_HANDLER","/api/angelcare-marketplace/admin/publication/refresh","marketplace.publication.manage","Global command, search and governed-action foundations","AdminNavigation; AdminWorkspaceContextNav; GovernedActionProvider","Global command, search and governed-action foundations","SOURCE_REVIEWED","IMPLEMENTED_RUNTIME_VERIFICATION_PENDING","STATIC_VERIFIED_RUNTIME_GATE","app/api/angelcare-marketplace/admin/publication/refresh/route.ts; mutation method, imported handler and canonical exposure reconciled."
"CAP-GLOBAL-001","Accueil / cross-domain shell","/angelcare-marketplace/admin","/api/angelcare-marketplace/admin/publication/rollback","POST handleCommerceAction","/api/angelcare-marketplace/admin/publication/rollback","marketplace.media.manage|marketplace.media.view|marketplace.homepage.manage|marketplace.homepage.view|marketplace.navigation.manage|marketplace.navigation.view|marketplace.categories.manage|marketplace.catalog.view|marketplace.catalog.manage|marketplace.merchandising.manage|marketplace.merchandising.view|marketplace.publication.manage|marketplace.commerce.view|marketplace.commerce.|marketplace.catalog.purge|marketplace.media.replaced|marketplace.media.uploaded|marketplace.media.transformed","Global command, search and governed-action foundations","AdminNavigation; AdminWorkspaceContextNav; GovernedActionProvider","Global command, search and governed-action foundations","SOURCE_REVIEWED","IMPLEMENTED_RUNTIME_VERIFICATION_PENDING","STATIC_VERIFIED_RUNTIME_GATE","app/api/angelcare-marketplace/admin/publication/rollback/route.ts; mutation method, imported handler and canonical exposure reconciled."
"CAP-B11-001","Trust & qualité","/angelcare-marketplace/admin/trust","/api/angelcare-marketplace/admin/reality/:domain/:recordId","PATCH handleRealityRecordCommand","/api/angelcare-marketplace/admin/reality/:domain/:recordId","WORKSPACE_ACCESS_AUTHORITY","Contextual lifecycle decision desks on linked authorities","TrustCommand; AdminWorkspaceContextNav","Contextual lifecycle decision desks on linked authorities","SOURCE_REVIEWED","IMPLEMENTED_RUNTIME_VERIFICATION_PENDING","STATIC_VERIFIED_RUNTIME_GATE","app/api/angelcare-marketplace/admin/reality/[domain]/[recordId]/route.ts; mutation method, imported handler and canonical exposure reconciled."
"CAP-B11-001","Trust & qualité","/angelcare-marketplace/admin/trust","/api/angelcare-marketplace/admin/reality/:domain","POST handleRealityCollection","/api/angelcare-marketplace/admin/reality/:domain","WORKSPACE_ACCESS_AUTHORITY","Contextual lifecycle decision desks on linked authorities","TrustCommand; AdminWorkspaceContextNav","Contextual lifecycle decision desks on linked authorities","SOURCE_REVIEWED","IMPLEMENTED_RUNTIME_VERIFICATION_PENDING","STATIC_VERIFIED_RUNTIME_GATE","app/api/angelcare-marketplace/admin/reality/[domain]/route.ts; mutation method, imported handler and canonical exposure reconciled."
"CAP-B10-001","Finance","/angelcare-marketplace/admin/finance","/api/angelcare-marketplace/admin/receipts","POST handleReceipts","/api/angelcare-marketplace/admin/receipts","marketplace.admin.access|marketplace.operations.view|marketplace.operations.missions.manage|marketplace.finance.view|marketplace.finance.manage|marketplace.merchandising.view|marketplace.merchandising.manage|marketplace.operations.missions.create|marketplace.family.admin.manage","Payment invoice Wallet subscription reconciliation and exception inspectors","FinanceControlLedger","Payment invoice Wallet subscription reconciliation and exception inspectors","SOURCE_REVIEWED","IMPLEMENTED_RUNTIME_VERIFICATION_PENDING","STATIC_VERIFIED_RUNTIME_GATE","app/api/angelcare-marketplace/admin/receipts/route.ts; mutation method, imported handler and canonical exposure reconciled."
"CAP-B06-001","Marketing & promotions","/angelcare-marketplace/admin/growth-experience","/api/angelcare-marketplace/admin/search-rules","POST handleSearchRules","/api/angelcare-marketplace/admin/search-rules","marketplace.commerce.view|marketplace.publication.manage|marketplace.merchandising.view|marketplace.merchandising.manage|marketplace.operations.view|marketplace.operations.missions.manage|marketplace.public.inquiries.manage","Contextual command cards and source queues","GrowthExperienceCommand","Contextual command cards and source queues","SOURCE_REVIEWED","IMPLEMENTED_RUNTIME_VERIFICATION_PENDING","STATIC_VERIFIED_RUNTIME_GATE","app/api/angelcare-marketplace/admin/search-rules/route.ts; mutation method, imported handler and canonical exposure reconciled."
"CAP-GLOBAL-001","Accueil / cross-domain shell","/angelcare-marketplace/admin","/api/angelcare-marketplace/admin/subscriptions/:subscriptionId","PATCH handleSubscription","/api/angelcare-marketplace/admin/subscriptions/:subscriptionId","marketplace.admin.access|marketplace.operations.view|marketplace.operations.missions.manage|marketplace.finance.view|marketplace.finance.manage|marketplace.merchandising.view|marketplace.merchandising.manage|marketplace.operations.missions.create|marketplace.family.admin.manage","Global command, search and governed-action foundations","AdminNavigation; AdminWorkspaceContextNav; GovernedActionProvider","Global command, search and governed-action foundations","SOURCE_REVIEWED","IMPLEMENTED_RUNTIME_VERIFICATION_PENDING","STATIC_VERIFIED_RUNTIME_GATE","app/api/angelcare-marketplace/admin/subscriptions/[subscriptionId]/route.ts; mutation method, imported handler and canonical exposure reconciled."
"CAP-B04-001","Commandes & réservations","/angelcare-marketplace/admin/orders","/api/angelcare-marketplace/admin/subscriptions","POST handleSubscriptions","/api/angelcare-marketplace/admin/subscriptions","marketplace.admin.access|marketplace.operations.view|marketplace.operations.missions.manage|marketplace.finance.view|marketplace.finance.manage|marketplace.merchandising.view|marketplace.merchandising.manage|marketplace.operations.missions.create|marketplace.family.admin.manage","selected-order inspector and governed lifecycle modal","EnterpriseOrderCommand","selected-order inspector and governed lifecycle modal","SOURCE_REVIEWED","IMPLEMENTED_RUNTIME_VERIFICATION_PENDING","STATIC_VERIFIED_RUNTIME_GATE","app/api/angelcare-marketplace/admin/subscriptions/route.ts; mutation method, imported handler and canonical exposure reconciled."
"CAP-B10-001","Finance","/angelcare-marketplace/admin/finance","/api/angelcare-marketplace/admin/subscriptions","POST handleSubscriptions","/api/angelcare-marketplace/admin/subscriptions","marketplace.admin.access|marketplace.operations.view|marketplace.operations.missions.manage|marketplace.finance.view|marketplace.finance.manage|marketplace.merchandising.view|marketplace.merchandising.manage|marketplace.operations.missions.create|marketplace.family.admin.manage","Payment invoice Wallet subscription reconciliation and exception inspectors","FinanceControlLedger","Payment invoice Wallet subscription reconciliation and exception inspectors","SOURCE_REVIEWED","IMPLEMENTED_RUNTIME_VERIFICATION_PENDING","STATIC_VERIFIED_RUNTIME_GATE","app/api/angelcare-marketplace/admin/subscriptions/route.ts; mutation method, imported handler and canonical exposure reconciled."
"CAP-B11-001","Trust & qualité","/angelcare-marketplace/admin/trust","/api/angelcare-marketplace/admin/suppliers/:supplierId","PATCH handleAdminSupplier","/api/angelcare-marketplace/admin/suppliers/:supplierId","marketplace.admin.access|marketplace.family.admin.view|marketplace.family.admin.manage|marketplace.finance.view|marketplace.finance.manage|marketplace.finance.exceptions.approve|marketplace.operations.missions.create|marketplace.operations.view|marketplace.catalog.suppliers.manage|marketplace.catalog.suppliers.view","Contextual lifecycle decision desks on linked authorities","TrustCommand; AdminWorkspaceContextNav","Contextual lifecycle decision desks on linked authorities","SOURCE_REVIEWED","IMPLEMENTED_RUNTIME_VERIFICATION_PENDING","STATIC_VERIFIED_RUNTIME_GATE","app/api/angelcare-marketplace/admin/suppliers/[supplierId]/route.ts; mutation method, imported handler and canonical exposure reconciled."
"CAP-B08-001","Prestataires & fournisseurs","/angelcare-marketplace/admin/supply-network","/api/angelcare-marketplace/admin/suppliers","POST handleAdminSuppliers","/api/angelcare-marketplace/admin/suppliers","marketplace.admin.access|marketplace.family.admin.view|marketplace.family.admin.manage|marketplace.finance.view|marketplace.finance.manage|marketplace.finance.exceptions.approve|marketplace.operations.missions.create|marketplace.operations.view|marketplace.catalog.suppliers.manage|marketplace.catalog.suppliers.view","Network contextual inspectors","NetworkAreaPage","Network contextual inspectors","SOURCE_REVIEWED","IMPLEMENTED_RUNTIME_VERIFICATION_PENDING","STATIC_VERIFIED_RUNTIME_GATE","app/api/angelcare-marketplace/admin/suppliers/route.ts; mutation method, imported handler and canonical exposure reconciled."
"CAP-GLOBAL-001","Accueil / cross-domain shell","/angelcare-marketplace/admin","/api/angelcare-marketplace/admin/wallet/accounts/:walletId/adjustment","POST handleAdminWalletAdjustment","/api/angelcare-marketplace/admin/wallet/accounts/:walletId/adjustment","marketplace.finance.view|marketplace.finance.reconciliation.manage|marketplace.finance.price_books.manage|marketplace.finance.exceptions.approve|marketplace.security.manage|marketplace.operations.view|marketplace.operations.missions.manage","Global command, search and governed-action foundations","AdminNavigation; AdminWorkspaceContextNav; GovernedActionProvider","Global command, search and governed-action foundations","SOURCE_REVIEWED","IMPLEMENTED_RUNTIME_VERIFICATION_PENDING","STATIC_VERIFIED_RUNTIME_GATE","app/api/angelcare-marketplace/admin/wallet/accounts/[walletId]/adjustment/route.ts; mutation method, imported handler and canonical exposure reconciled."
"CAP-GLOBAL-001","Accueil / cross-domain shell","/angelcare-marketplace/admin","/api/angelcare-marketplace/admin/wallet/accounts/:walletId/restriction","PATCH handleAdminWalletRestriction","/api/angelcare-marketplace/admin/wallet/accounts/:walletId/restriction","marketplace.finance.view|marketplace.finance.reconciliation.manage|marketplace.finance.price_books.manage|marketplace.finance.exceptions.approve|marketplace.security.manage|marketplace.operations.view|marketplace.operations.missions.manage","Global command, search and governed-action foundations","AdminNavigation; AdminWorkspaceContextNav; GovernedActionProvider","Global command, search and governed-action foundations","SOURCE_REVIEWED","IMPLEMENTED_RUNTIME_VERIFICATION_PENDING","STATIC_VERIFIED_RUNTIME_GATE","app/api/angelcare-marketplace/admin/wallet/accounts/[walletId]/restriction/route.ts; mutation method, imported handler and canonical exposure reconciled."
"CAP-B10-001","Finance","/angelcare-marketplace/admin/finance","/api/angelcare-marketplace/admin/wallet/imports","POST handleAdminWalletPolicyImport","/api/angelcare-marketplace/admin/wallet/imports","marketplace.finance.view|marketplace.finance.reconciliation.manage|marketplace.finance.price_books.manage|marketplace.finance.exceptions.approve|marketplace.security.manage|marketplace.operations.view|marketplace.operations.missions.manage","Payment invoice Wallet subscription reconciliation and exception inspectors","FinanceControlLedger","Payment invoice Wallet subscription reconciliation and exception inspectors","SOURCE_REVIEWED","IMPLEMENTED_RUNTIME_VERIFICATION_PENDING","STATIC_VERIFIED_RUNTIME_GATE","app/api/angelcare-marketplace/admin/wallet/imports/route.ts; mutation method, imported handler and canonical exposure reconciled."
"CAP-GLOBAL-001","Accueil / cross-domain shell","/angelcare-marketplace/admin","/api/angelcare-marketplace/admin/wallet/policies/:policyId","PATCH handleAdminWalletPolicy","/api/angelcare-marketplace/admin/wallet/policies/:policyId","marketplace.finance.view|marketplace.finance.reconciliation.manage|marketplace.finance.price_books.manage|marketplace.finance.exceptions.approve|marketplace.security.manage|marketplace.operations.view|marketplace.operations.missions.manage","Global command, search and governed-action foundations","AdminNavigation; AdminWorkspaceContextNav; GovernedActionProvider","Global command, search and governed-action foundations","SOURCE_REVIEWED","IMPLEMENTED_RUNTIME_VERIFICATION_PENDING","STATIC_VERIFIED_RUNTIME_GATE","app/api/angelcare-marketplace/admin/wallet/policies/[policyId]/route.ts; mutation method, imported handler and canonical exposure reconciled."
"CAP-B10-001","Finance","/angelcare-marketplace/admin/finance","/api/angelcare-marketplace/admin/wallet/policies","POST handleAdminWalletPolicies","/api/angelcare-marketplace/admin/wallet/policies","marketplace.finance.view|marketplace.finance.reconciliation.manage|marketplace.finance.price_books.manage|marketplace.finance.exceptions.approve|marketplace.security.manage|marketplace.operations.view|marketplace.operations.missions.manage","Payment invoice Wallet subscription reconciliation and exception inspectors","FinanceControlLedger","Payment invoice Wallet subscription reconciliation and exception inspectors","SOURCE_REVIEWED","IMPLEMENTED_RUNTIME_VERIFICATION_PENDING","STATIC_VERIFIED_RUNTIME_GATE","app/api/angelcare-marketplace/admin/wallet/policies/route.ts; mutation method, imported handler and canonical exposure reconciled."
"CAP-GLOBAL-001","Accueil / cross-domain shell","/angelcare-marketplace/admin","/api/angelcare-marketplace/admin/wallet/reconciliation/:itemId/transition","POST handleAdminWalletReconciliationTransition","/api/angelcare-marketplace/admin/wallet/reconciliation/:itemId/transition","marketplace.finance.view|marketplace.finance.reconciliation.manage|marketplace.finance.price_books.manage|marketplace.finance.exceptions.approve|marketplace.security.manage|marketplace.operations.view|marketplace.operations.missions.manage","Global command, search and governed-action foundations","AdminNavigation; AdminWorkspaceContextNav; GovernedActionProvider","Global command, search and governed-action foundations","SOURCE_REVIEWED","IMPLEMENTED_RUNTIME_VERIFICATION_PENDING","STATIC_VERIFIED_RUNTIME_GATE","app/api/angelcare-marketplace/admin/wallet/reconciliation/[itemId]/transition/route.ts; mutation method, imported handler and canonical exposure reconciled."
"CAP-B10-001","Finance","/angelcare-marketplace/admin/finance","/api/angelcare-marketplace/admin/wallet/simulations","POST handleAdminWalletSimulation","/api/angelcare-marketplace/admin/wallet/simulations","marketplace.finance.view|marketplace.finance.reconciliation.manage|marketplace.finance.price_books.manage|marketplace.finance.exceptions.approve|marketplace.security.manage|marketplace.operations.view|marketplace.operations.missions.manage","Payment invoice Wallet subscription reconciliation and exception inspectors","FinanceControlLedger","Payment invoice Wallet subscription reconciliation and exception inspectors","SOURCE_REVIEWED","IMPLEMENTED_RUNTIME_VERIFICATION_PENDING","STATIC_VERIFIED_RUNTIME_GATE","app/api/angelcare-marketplace/admin/wallet/simulations/route.ts; mutation method, imported handler and canonical exposure reconciled."
"CAP-B11-001","Trust & qualité","/angelcare-marketplace/admin/trust","/api/angelcare-marketplace/admin/workspace-access","POST handleWorkspaceAccess","/api/angelcare-marketplace/admin/workspace-access","marketplace.admin.access","Contextual lifecycle decision desks on linked authorities","TrustCommand; AdminWorkspaceContextNav","Contextual lifecycle decision desks on linked authorities","SOURCE_REVIEWED","IMPLEMENTED_RUNTIME_VERIFICATION_PENDING","STATIC_VERIFIED_RUNTIME_GATE","app/api/angelcare-marketplace/admin/workspace-access/route.ts; mutation method, imported handler and canonical exposure reconciled."
"CAP-B11-001","Trust & qualité","/angelcare-marketplace/admin/trust","/api/angelcare-marketplace/analytics/refresh","POST handleAnalyticsRefresh","/api/angelcare-marketplace/analytics/refresh","marketplace.analytics.view|marketplace.analytics.definitions.manage|marketplace.security.view|marketplace.security.access_review|marketplace.security.isolation.review|marketplace.security.events.view|marketplace.backup.view|marketplace.recovery_test.approve","Contextual lifecycle decision desks on linked authorities","TrustCommand; AdminWorkspaceContextNav","Contextual lifecycle decision desks on linked authorities","SOURCE_REVIEWED","IMPLEMENTED_RUNTIME_VERIFICATION_PENDING","STATIC_VERIFIED_RUNTIME_GATE","app/api/angelcare-marketplace/analytics/refresh/route.ts; mutation method, imported handler and canonical exposure reconciled."
"CAP-B09-001","Academy / B2B & partenaires","/angelcare-marketplace/admin/academy","/api/angelcare-marketplace/b2b/corporates/quotas/:quotaId/consume","POST handleCorporateUsage","/api/angelcare-marketplace/b2b/corporates/quotas/:quotaId/consume","marketplace.b2b.view|marketplace.b2b.create|marketplace.b2b.diagnostics.manage|marketplace.b2b.diagnostics.view|marketplace.b2b.diagnostics.review|marketplace.b2b.conversions.manage|marketplace.b2b.programs.view|marketplace.b2b.programs.manage|marketplace.b2b.establishments.quality_review|marketplace.b2b.hospitality.view|marketplace.b2b.health_partners.view|marketplace.b2b.corporates.view|marketplace.b2b.corporates.impact_view|marketplace.b2b.corporates.eligibility_manage","Academy contextual command links","AcademyCommand","Academy contextual command links","SOURCE_REVIEWED","IMPLEMENTED_RUNTIME_VERIFICATION_PENDING","STATIC_VERIFIED_RUNTIME_GATE","app/api/angelcare-marketplace/b2b/corporates/quotas/[quotaId]/consume/route.ts; mutation method, imported handler and canonical exposure reconciled."
"CAP-B09-001","Academy / B2B & partenaires","/angelcare-marketplace/admin/academy","/api/angelcare-marketplace/b2b/diagnostics/:diagnosticId/convert","POST handleDiagnosticConversion","/api/angelcare-marketplace/b2b/diagnostics/:diagnosticId/convert","marketplace.b2b.view|marketplace.b2b.create|marketplace.b2b.diagnostics.manage|marketplace.b2b.diagnostics.view|marketplace.b2b.diagnostics.review|marketplace.b2b.conversions.manage|marketplace.b2b.programs.view|marketplace.b2b.programs.manage|marketplace.b2b.establishments.quality_review|marketplace.b2b.hospitality.view|marketplace.b2b.health_partners.view|marketplace.b2b.corporates.view|marketplace.b2b.corporates.impact_view|marketplace.b2b.corporates.eligibility_manage","Academy contextual command links","AcademyCommand","Academy contextual command links","SOURCE_REVIEWED","IMPLEMENTED_RUNTIME_VERIFICATION_PENDING","STATIC_VERIFIED_RUNTIME_GATE","app/api/angelcare-marketplace/b2b/diagnostics/[diagnosticId]/convert/route.ts; mutation method, imported handler and canonical exposure reconciled."
"CAP-B09-001","Academy / B2B & partenaires","/angelcare-marketplace/admin/academy","/api/angelcare-marketplace/b2b/diagnostics/:diagnosticId/transition","POST handleDiagnosticTransition","/api/angelcare-marketplace/b2b/diagnostics/:diagnosticId/transition","marketplace.b2b.view|marketplace.b2b.create|marketplace.b2b.diagnostics.manage|marketplace.b2b.diagnostics.view|marketplace.b2b.diagnostics.review|marketplace.b2b.conversions.manage|marketplace.b2b.programs.view|marketplace.b2b.programs.manage|marketplace.b2b.establishments.quality_review|marketplace.b2b.hospitality.view|marketplace.b2b.health_partners.view|marketplace.b2b.corporates.view|marketplace.b2b.corporates.impact_view|marketplace.b2b.corporates.eligibility_manage","Academy contextual command links","AcademyCommand","Academy contextual command links","SOURCE_REVIEWED","IMPLEMENTED_RUNTIME_VERIFICATION_PENDING","STATIC_VERIFIED_RUNTIME_GATE","app/api/angelcare-marketplace/b2b/diagnostics/[diagnosticId]/transition/route.ts; mutation method, imported handler and canonical exposure reconciled."
"CAP-B09-001","Academy / B2B & partenaires","/angelcare-marketplace/admin/academy","/api/angelcare-marketplace/b2b/diagnostics","POST handleDiagnostics","/api/angelcare-marketplace/b2b/diagnostics","marketplace.b2b.view|marketplace.b2b.create|marketplace.b2b.diagnostics.manage|marketplace.b2b.diagnostics.view|marketplace.b2b.diagnostics.review|marketplace.b2b.conversions.manage|marketplace.b2b.programs.view|marketplace.b2b.programs.manage|marketplace.b2b.establishments.quality_review|marketplace.b2b.hospitality.view|marketplace.b2b.health_partners.view|marketplace.b2b.corporates.view|marketplace.b2b.corporates.impact_view|marketplace.b2b.corporates.eligibility_manage","Academy contextual command links","AcademyCommand","Academy contextual command links","SOURCE_REVIEWED","IMPLEMENTED_RUNTIME_VERIFICATION_PENDING","STATIC_VERIFIED_RUNTIME_GATE","app/api/angelcare-marketplace/b2b/diagnostics/route.ts; mutation method, imported handler and canonical exposure reconciled."
"CAP-B09-001","Academy / B2B & partenaires","/angelcare-marketplace/admin/academy","/api/angelcare-marketplace/b2b/organizations","POST handleOrganizations","/api/angelcare-marketplace/b2b/organizations","marketplace.b2b.view|marketplace.b2b.create|marketplace.b2b.diagnostics.manage|marketplace.b2b.diagnostics.view|marketplace.b2b.diagnostics.review|marketplace.b2b.conversions.manage|marketplace.b2b.programs.view|marketplace.b2b.programs.manage|marketplace.b2b.establishments.quality_review|marketplace.b2b.hospitality.view|marketplace.b2b.health_partners.view|marketplace.b2b.corporates.view|marketplace.b2b.corporates.impact_view|marketplace.b2b.corporates.eligibility_manage","Academy contextual command links","AcademyCommand","Academy contextual command links","SOURCE_REVIEWED","IMPLEMENTED_RUNTIME_VERIFICATION_PENDING","STATIC_VERIFIED_RUNTIME_GATE","app/api/angelcare-marketplace/b2b/organizations/route.ts; mutation method, imported handler and canonical exposure reconciled."
"CAP-B09-001","Academy / B2B & partenaires","/angelcare-marketplace/admin/academy","/api/angelcare-marketplace/b2b/programs/:programId/transition","POST handleProgramTransition","/api/angelcare-marketplace/b2b/programs/:programId/transition","marketplace.b2b.view|marketplace.b2b.create|marketplace.b2b.diagnostics.manage|marketplace.b2b.diagnostics.view|marketplace.b2b.diagnostics.review|marketplace.b2b.conversions.manage|marketplace.b2b.programs.view|marketplace.b2b.programs.manage|marketplace.b2b.establishments.quality_review|marketplace.b2b.hospitality.view|marketplace.b2b.health_partners.view|marketplace.b2b.corporates.view|marketplace.b2b.corporates.impact_view|marketplace.b2b.corporates.eligibility_manage","Academy contextual command links","AcademyCommand","Academy contextual command links","SOURCE_REVIEWED","IMPLEMENTED_RUNTIME_VERIFICATION_PENDING","STATIC_VERIFIED_RUNTIME_GATE","app/api/angelcare-marketplace/b2b/programs/[programId]/transition/route.ts; mutation method, imported handler and canonical exposure reconciled."
"CAP-B09-001","Academy / B2B & partenaires","/angelcare-marketplace/admin/academy","/api/angelcare-marketplace/b2b/public/diagnostics","POST handlePublicDiagnostic","/api/angelcare-marketplace/b2b/public/diagnostics","marketplace.b2b.view|marketplace.b2b.create|marketplace.b2b.diagnostics.manage|marketplace.b2b.diagnostics.view|marketplace.b2b.diagnostics.review|marketplace.b2b.conversions.manage|marketplace.b2b.programs.view|marketplace.b2b.programs.manage|marketplace.b2b.establishments.quality_review|marketplace.b2b.hospitality.view|marketplace.b2b.health_partners.view|marketplace.b2b.corporates.view|marketplace.b2b.corporates.impact_view|marketplace.b2b.corporates.eligibility_manage","Academy contextual command links","AcademyCommand","Academy contextual command links","SOURCE_REVIEWED","IMPLEMENTED_RUNTIME_VERIFICATION_PENDING","STATIC_VERIFIED_RUNTIME_GATE","app/api/angelcare-marketplace/b2b/public/diagnostics/route.ts; mutation method, imported handler and canonical exposure reconciled."
"CAP-B11-001","Trust & qualité","/angelcare-marketplace/admin/trust","/api/angelcare-marketplace/backoffice/actions/:actionId","PATCH handleActionUpdate","/api/angelcare-marketplace/backoffice/actions/:actionId","marketplace.backoffice.command.view|marketplace.backoffice.search|marketplace.backoffice.approvals.view|marketplace.backoffice.approvals.create|marketplace.backoffice.approvals.decide|marketplace.backoffice.actions.view|marketplace.backoffice.actions.manage|marketplace.backoffice.objects.view|marketplace.backoffice.objects.comment|marketplace.backoffice.briefs.view","Contextual lifecycle decision desks on linked authorities","TrustCommand; AdminWorkspaceContextNav","Contextual lifecycle decision desks on linked authorities","SOURCE_REVIEWED","IMPLEMENTED_RUNTIME_VERIFICATION_PENDING","STATIC_VERIFIED_RUNTIME_GATE","app/api/angelcare-marketplace/backoffice/actions/[actionId]/route.ts; mutation method, imported handler and canonical exposure reconciled."
"CAP-B11-001","Trust & qualité","/angelcare-marketplace/admin/trust","/api/angelcare-marketplace/backoffice/approvals/:approvalId/decision","POST handleApprovalDecision","/api/angelcare-marketplace/backoffice/approvals/:approvalId/decision","marketplace.backoffice.command.view|marketplace.backoffice.search|marketplace.backoffice.approvals.view|marketplace.backoffice.approvals.create|marketplace.backoffice.approvals.decide|marketplace.backoffice.actions.view|marketplace.backoffice.actions.manage|marketplace.backoffice.objects.view|marketplace.backoffice.objects.comment|marketplace.backoffice.briefs.view","Contextual lifecycle decision desks on linked authorities","TrustCommand; AdminWorkspaceContextNav","Contextual lifecycle decision desks on linked authorities","SOURCE_REVIEWED","IMPLEMENTED_RUNTIME_VERIFICATION_PENDING","STATIC_VERIFIED_RUNTIME_GATE","app/api/angelcare-marketplace/backoffice/approvals/[approvalId]/decision/route.ts; mutation method, imported handler and canonical exposure reconciled."
"CAP-B11-001","Trust & qualité","/angelcare-marketplace/admin/trust","/api/angelcare-marketplace/backoffice/objects/:objectType/:objectId/comments","POST handleObjectComment","/api/angelcare-marketplace/backoffice/objects/:objectType/:objectId/comments","marketplace.backoffice.command.view|marketplace.backoffice.search|marketplace.backoffice.approvals.view|marketplace.backoffice.approvals.create|marketplace.backoffice.approvals.decide|marketplace.backoffice.actions.view|marketplace.backoffice.actions.manage|marketplace.backoffice.objects.view|marketplace.backoffice.objects.comment|marketplace.backoffice.briefs.view","Contextual lifecycle decision desks on linked authorities","TrustCommand; AdminWorkspaceContextNav","Contextual lifecycle decision desks on linked authorities","SOURCE_REVIEWED","IMPLEMENTED_RUNTIME_VERIFICATION_PENDING","STATIC_VERIFIED_RUNTIME_GATE","app/api/angelcare-marketplace/backoffice/objects/[objectType]/[objectId]/comments/route.ts; mutation method, imported handler and canonical exposure reconciled."
"CAP-B11-001","Trust & qualité","/angelcare-marketplace/admin/trust","/api/angelcare-marketplace/backoffice/objects/:objectType/:objectId","POST handleObjectComment|handleObjectDossier","/api/angelcare-marketplace/backoffice/objects/:objectType/:objectId","marketplace.backoffice.command.view|marketplace.backoffice.search|marketplace.backoffice.approvals.view|marketplace.backoffice.approvals.create|marketplace.backoffice.approvals.decide|marketplace.backoffice.actions.view|marketplace.backoffice.actions.manage|marketplace.backoffice.objects.view|marketplace.backoffice.objects.comment|marketplace.backoffice.briefs.view","Contextual lifecycle decision desks on linked authorities","TrustCommand; AdminWorkspaceContextNav","Contextual lifecycle decision desks on linked authorities","SOURCE_REVIEWED","IMPLEMENTED_RUNTIME_VERIFICATION_PENDING","STATIC_VERIFIED_RUNTIME_GATE","app/api/angelcare-marketplace/backoffice/objects/[objectType]/[objectId]/route.ts; mutation method, imported handler and canonical exposure reconciled."
"CAP-B01-001","Accueil / Produits & services","/angelcare-marketplace/admin","/api/angelcare-marketplace/catalog/:itemId/transition","POST handleCatalogTransition","/api/angelcare-marketplace/catalog/:itemId/transition","marketplace.catalog.view|marketplace.catalog.manage|marketplace.catalog.publish|marketplace.catalog.suppliers.view|marketplace.quote_basket.create|marketplace.quote_basket.view|marketplace.quote_basket.manage","SOURCE_REVIEWED","OperatorExcellenceCockpit","SOURCE_REVIEWED","SOURCE_REVIEWED","IMPLEMENTED_RUNTIME_VERIFICATION_PENDING","STATIC_VERIFIED_RUNTIME_GATE","app/api/angelcare-marketplace/catalog/[itemId]/transition/route.ts; mutation method, imported handler and canonical exposure reconciled."
"CAP-B04-001","Commandes & réservations","/angelcare-marketplace/admin/orders","/api/angelcare-marketplace/catalog/:itemId/transition","POST handleCatalogTransition","/api/angelcare-marketplace/catalog/:itemId/transition","marketplace.catalog.view|marketplace.catalog.manage|marketplace.catalog.publish|marketplace.catalog.suppliers.view|marketplace.quote_basket.create|marketplace.quote_basket.view|marketplace.quote_basket.manage","selected-order inspector and governed lifecycle modal","EnterpriseOrderCommand","selected-order inspector and governed lifecycle modal","SOURCE_REVIEWED","IMPLEMENTED_RUNTIME_VERIFICATION_PENDING","STATIC_VERIFIED_RUNTIME_GATE","app/api/angelcare-marketplace/catalog/[itemId]/transition/route.ts; mutation method, imported handler and canonical exposure reconciled."
"CAP-B08-001","Prestataires & fournisseurs","/angelcare-marketplace/admin/supply-network","/api/angelcare-marketplace/catalog/:itemId/transition","POST handleCatalogTransition","/api/angelcare-marketplace/catalog/:itemId/transition","marketplace.catalog.view|marketplace.catalog.manage|marketplace.catalog.publish|marketplace.catalog.suppliers.view|marketplace.quote_basket.create|marketplace.quote_basket.view|marketplace.quote_basket.manage","Network contextual inspectors","NetworkAreaPage","Network contextual inspectors","SOURCE_REVIEWED","IMPLEMENTED_RUNTIME_VERIFICATION_PENDING","STATIC_VERIFIED_RUNTIME_GATE","app/api/angelcare-marketplace/catalog/[itemId]/transition/route.ts; mutation method, imported handler and canonical exposure reconciled."
"CAP-B01-001","Accueil / Produits & services","/angelcare-marketplace/admin","/api/angelcare-marketplace/catalog","POST handleCatalog","/api/angelcare-marketplace/catalog","marketplace.catalog.view|marketplace.catalog.manage|marketplace.catalog.publish|marketplace.catalog.suppliers.view|marketplace.quote_basket.create|marketplace.quote_basket.view|marketplace.quote_basket.manage","SOURCE_REVIEWED","OperatorExcellenceCockpit","SOURCE_REVIEWED","SOURCE_REVIEWED","IMPLEMENTED_RUNTIME_VERIFICATION_PENDING","STATIC_VERIFIED_RUNTIME_GATE","app/api/angelcare-marketplace/catalog/route.ts; mutation method, imported handler and canonical exposure reconciled."
"CAP-B04-001","Commandes & réservations","/angelcare-marketplace/admin/orders","/api/angelcare-marketplace/catalog","POST handleCatalog","/api/angelcare-marketplace/catalog","marketplace.catalog.view|marketplace.catalog.manage|marketplace.catalog.publish|marketplace.catalog.suppliers.view|marketplace.quote_basket.create|marketplace.quote_basket.view|marketplace.quote_basket.manage","selected-order inspector and governed lifecycle modal","EnterpriseOrderCommand","selected-order inspector and governed lifecycle modal","SOURCE_REVIEWED","IMPLEMENTED_RUNTIME_VERIFICATION_PENDING","STATIC_VERIFIED_RUNTIME_GATE","app/api/angelcare-marketplace/catalog/route.ts; mutation method, imported handler and canonical exposure reconciled."
"CAP-B08-001","Prestataires & fournisseurs","/angelcare-marketplace/admin/supply-network","/api/angelcare-marketplace/catalog","POST handleCatalog","/api/angelcare-marketplace/catalog","marketplace.catalog.view|marketplace.catalog.manage|marketplace.catalog.publish|marketplace.catalog.suppliers.view|marketplace.quote_basket.create|marketplace.quote_basket.view|marketplace.quote_basket.manage","Network contextual inspectors","NetworkAreaPage","Network contextual inspectors","SOURCE_REVIEWED","IMPLEMENTED_RUNTIME_VERIFICATION_PENDING","STATIC_VERIFIED_RUNTIME_GATE","app/api/angelcare-marketplace/catalog/route.ts; mutation method, imported handler and canonical exposure reconciled."
"CAP-GLOBAL-001","Accueil / cross-domain shell","/angelcare-marketplace/admin","/api/angelcare-marketplace/checkout/payment-methods","POST handleCheckoutPaymentMethods","/api/angelcare-marketplace/checkout/payment-methods","marketplace.finance.view|marketplace.finance.reconciliation.manage|marketplace.finance.price_books.manage|marketplace.finance.exceptions.approve|marketplace.security.manage|marketplace.operations.view|marketplace.operations.missions.manage","Global command, search and governed-action foundations","AdminNavigation; AdminWorkspaceContextNav; GovernedActionProvider","Global command, search and governed-action foundations","SOURCE_REVIEWED","IMPLEMENTED_RUNTIME_VERIFICATION_PENDING","STATIC_VERIFIED_RUNTIME_GATE","app/api/angelcare-marketplace/checkout/payment-methods/route.ts; mutation method, imported handler and canonical exposure reconciled."
"CAP-B05-001","Boutique","/angelcare-marketplace/admin/boutique","/api/angelcare-marketplace/cms/pages/:pageId/blocks","PUT handleBlocks","/api/angelcare-marketplace/cms/pages/:pageId/blocks","marketplace.cms.edit|marketplace.cms.submit|marketplace.cms.review|marketplace.cms.approve|marketplace.cms.schedule|marketplace.cms.publish|marketplace.cms.archive|marketplace.cms.view|marketplace.cms.create|marketplace.cms.blocks.manage|marketplace.cms.rollback|marketplace.cms.preview","CONTEXTUAL_PRIORITY_RAIL","FrontendControlCommand","CONTEXTUAL_PRIORITY_RAIL","SOURCE_REVIEWED","IMPLEMENTED_RUNTIME_VERIFICATION_PENDING","STATIC_VERIFIED_RUNTIME_GATE","app/api/angelcare-marketplace/cms/pages/[pageId]/blocks/route.ts; mutation method, imported handler and canonical exposure reconciled."
"CAP-B05-001","Boutique","/angelcare-marketplace/admin/boutique","/api/angelcare-marketplace/cms/pages/:pageId/preview","POST handlePreview","/api/angelcare-marketplace/cms/pages/:pageId/preview","marketplace.cms.edit|marketplace.cms.submit|marketplace.cms.review|marketplace.cms.approve|marketplace.cms.schedule|marketplace.cms.publish|marketplace.cms.archive|marketplace.cms.view|marketplace.cms.create|marketplace.cms.blocks.manage|marketplace.cms.rollback|marketplace.cms.preview","CONTEXTUAL_PRIORITY_RAIL","FrontendControlCommand","CONTEXTUAL_PRIORITY_RAIL","SOURCE_REVIEWED","IMPLEMENTED_RUNTIME_VERIFICATION_PENDING","STATIC_VERIFIED_RUNTIME_GATE","app/api/angelcare-marketplace/cms/pages/[pageId]/preview/route.ts; mutation method, imported handler and canonical exposure reconciled."
"CAP-B05-001","Boutique","/angelcare-marketplace/admin/boutique","/api/angelcare-marketplace/cms/pages/:pageId/rollback","POST handlePageRollback","/api/angelcare-marketplace/cms/pages/:pageId/rollback","marketplace.cms.edit|marketplace.cms.submit|marketplace.cms.review|marketplace.cms.approve|marketplace.cms.schedule|marketplace.cms.publish|marketplace.cms.archive|marketplace.cms.view|marketplace.cms.create|marketplace.cms.blocks.manage|marketplace.cms.rollback|marketplace.cms.preview","CONTEXTUAL_PRIORITY_RAIL","FrontendControlCommand","CONTEXTUAL_PRIORITY_RAIL","SOURCE_REVIEWED","IMPLEMENTED_RUNTIME_VERIFICATION_PENDING","STATIC_VERIFIED_RUNTIME_GATE","app/api/angelcare-marketplace/cms/pages/[pageId]/rollback/route.ts; mutation method, imported handler and canonical exposure reconciled."
"CAP-B05-001","Boutique","/angelcare-marketplace/admin/boutique","/api/angelcare-marketplace/cms/pages/:pageId","PATCH handlePage","/api/angelcare-marketplace/cms/pages/:pageId","marketplace.cms.edit|marketplace.cms.submit|marketplace.cms.review|marketplace.cms.approve|marketplace.cms.schedule|marketplace.cms.publish|marketplace.cms.archive|marketplace.cms.view|marketplace.cms.create|marketplace.cms.blocks.manage|marketplace.cms.rollback|marketplace.cms.preview","CONTEXTUAL_PRIORITY_RAIL","FrontendControlCommand","CONTEXTUAL_PRIORITY_RAIL","SOURCE_REVIEWED","IMPLEMENTED_RUNTIME_VERIFICATION_PENDING","STATIC_VERIFIED_RUNTIME_GATE","app/api/angelcare-marketplace/cms/pages/[pageId]/route.ts; mutation method, imported handler and canonical exposure reconciled."
"CAP-B05-001","Boutique","/angelcare-marketplace/admin/boutique","/api/angelcare-marketplace/cms/pages/:pageId/transition","POST handlePageTransition","/api/angelcare-marketplace/cms/pages/:pageId/transition","marketplace.cms.edit|marketplace.cms.submit|marketplace.cms.review|marketplace.cms.approve|marketplace.cms.schedule|marketplace.cms.publish|marketplace.cms.archive|marketplace.cms.view|marketplace.cms.create|marketplace.cms.blocks.manage|marketplace.cms.rollback|marketplace.cms.preview","CONTEXTUAL_PRIORITY_RAIL","FrontendControlCommand","CONTEXTUAL_PRIORITY_RAIL","SOURCE_REVIEWED","IMPLEMENTED_RUNTIME_VERIFICATION_PENDING","STATIC_VERIFIED_RUNTIME_GATE","app/api/angelcare-marketplace/cms/pages/[pageId]/transition/route.ts; mutation method, imported handler and canonical exposure reconciled."
"CAP-B04-001","Commandes & réservations","/angelcare-marketplace/admin/orders","/api/angelcare-marketplace/conversion/admin/sessions/:sessionId/recover","POST handleConversionRecovery","/api/angelcare-marketplace/conversion/admin/sessions/:sessionId/recover","marketplace.conversion.view|marketplace.conversion.recover","selected-order inspector and governed lifecycle modal","EnterpriseOrderCommand","selected-order inspector and governed lifecycle modal","SOURCE_REVIEWED","IMPLEMENTED_RUNTIME_VERIFICATION_PENDING","STATIC_VERIFIED_RUNTIME_GATE","app/api/angelcare-marketplace/conversion/admin/sessions/[sessionId]/recover/route.ts; mutation method, imported handler and canonical exposure reconciled."
"CAP-B04-001","Commandes & réservations","/angelcare-marketplace/admin/orders","/api/angelcare-marketplace/conversion/basket/:basketId/checkout","POST handleBasketCheckout","/api/angelcare-marketplace/conversion/basket/:basketId/checkout","marketplace.conversion.view|marketplace.conversion.recover","selected-order inspector and governed lifecycle modal","EnterpriseOrderCommand","selected-order inspector and governed lifecycle modal","SOURCE_REVIEWED","IMPLEMENTED_RUNTIME_VERIFICATION_PENDING","STATIC_VERIFIED_RUNTIME_GATE","app/api/angelcare-marketplace/conversion/basket/[basketId]/checkout/route.ts; mutation method, imported handler and canonical exposure reconciled."
"CAP-B04-001","Commandes & réservations","/angelcare-marketplace/admin/orders","/api/angelcare-marketplace/conversion/basket/:basketId/items","POST handlePublicBasketItems","/api/angelcare-marketplace/conversion/basket/:basketId/items","marketplace.conversion.view|marketplace.conversion.recover","selected-order inspector and governed lifecycle modal","EnterpriseOrderCommand","selected-order inspector and governed lifecycle modal","SOURCE_REVIEWED","IMPLEMENTED_RUNTIME_VERIFICATION_PENDING","STATIC_VERIFIED_RUNTIME_GATE","app/api/angelcare-marketplace/conversion/basket/[basketId]/items/route.ts; mutation method, imported handler and canonical exposure reconciled."
"CAP-B04-001","Commandes & réservations","/angelcare-marketplace/admin/orders","/api/angelcare-marketplace/conversion/basket/:basketId/items","DELETE handlePublicBasketItems","/api/angelcare-marketplace/conversion/basket/:basketId/items","marketplace.conversion.view|marketplace.conversion.recover","selected-order inspector and governed lifecycle modal","EnterpriseOrderCommand","selected-order inspector and governed lifecycle modal","SOURCE_REVIEWED","IMPLEMENTED_RUNTIME_VERIFICATION_PENDING","STATIC_VERIFIED_RUNTIME_GATE","app/api/angelcare-marketplace/conversion/basket/[basketId]/items/route.ts; mutation method, imported handler and canonical exposure reconciled."
"CAP-B04-001","Commandes & réservations","/angelcare-marketplace/admin/orders","/api/angelcare-marketplace/conversion/basket","POST handlePublicBasket","/api/angelcare-marketplace/conversion/basket","marketplace.conversion.view|marketplace.conversion.recover","selected-order inspector and governed lifecycle modal","EnterpriseOrderCommand","selected-order inspector and governed lifecycle modal","SOURCE_REVIEWED","IMPLEMENTED_RUNTIME_VERIFICATION_PENDING","STATIC_VERIFIED_RUNTIME_GATE","app/api/angelcare-marketplace/conversion/basket/route.ts; mutation method, imported handler and canonical exposure reconciled."
"CAP-B02-001","Catégories & collections","/angelcare-marketplace/admin/catalog/categories","/api/angelcare-marketplace/conversion/category-native/session/:sessionKey/commit","POST handleCategoryNativeCommit","/api/angelcare-marketplace/conversion/category-native/session/:sessionKey/commit","marketplace.journeys.view","create workspace and contextual category navigation","CategoryStudio","create workspace and contextual category navigation","SOURCE_REVIEWED","IMPLEMENTED_RUNTIME_VERIFICATION_PENDING","STATIC_VERIFIED_RUNTIME_GATE","app/api/angelcare-marketplace/conversion/category-native/session/[sessionKey]/commit/route.ts; mutation method, imported handler and canonical exposure reconciled."
"CAP-B02-001","Catégories & collections","/angelcare-marketplace/admin/catalog/categories","/api/angelcare-marketplace/conversion/category-native/session/:sessionKey/configuration","PATCH handleCategoryNativeConfigurationUpdate","/api/angelcare-marketplace/conversion/category-native/session/:sessionKey/configuration","marketplace.journeys.view","create workspace and contextual category navigation","CategoryStudio","create workspace and contextual category navigation","SOURCE_REVIEWED","IMPLEMENTED_RUNTIME_VERIFICATION_PENDING","STATIC_VERIFIED_RUNTIME_GATE","app/api/angelcare-marketplace/conversion/category-native/session/[sessionKey]/configuration/route.ts; mutation method, imported handler and canonical exposure reconciled."
"CAP-B02-001","Catégories & collections","/angelcare-marketplace/admin/catalog/categories","/api/angelcare-marketplace/conversion/category-native/session/:sessionKey/revalidate","POST handleCategoryNativeRevalidate","/api/angelcare-marketplace/conversion/category-native/session/:sessionKey/revalidate","marketplace.journeys.view","create workspace and contextual category navigation","CategoryStudio","create workspace and contextual category navigation","SOURCE_REVIEWED","IMPLEMENTED_RUNTIME_VERIFICATION_PENDING","STATIC_VERIFIED_RUNTIME_GATE","app/api/angelcare-marketplace/conversion/category-native/session/[sessionKey]/revalidate/route.ts; mutation method, imported handler and canonical exposure reconciled."
"CAP-B02-001","Catégories & collections","/angelcare-marketplace/admin/catalog/categories","/api/angelcare-marketplace/conversion/category-native/session","POST handleCategoryNativeSessionCreate","/api/angelcare-marketplace/conversion/category-native/session","marketplace.journeys.view","create workspace and contextual category navigation","CategoryStudio","create workspace and contextual category navigation","SOURCE_REVIEWED","IMPLEMENTED_RUNTIME_VERIFICATION_PENDING","STATIC_VERIFIED_RUNTIME_GATE","app/api/angelcare-marketplace/conversion/category-native/session/route.ts; mutation method, imported handler and canonical exposure reconciled."
"CAP-B04-001","Commandes & réservations","/angelcare-marketplace/admin/orders","/api/angelcare-marketplace/conversion/sessions/:sessionKey/availability","POST handleAvailabilityRevalidation","/api/angelcare-marketplace/conversion/sessions/:sessionKey/availability","marketplace.conversion.view|marketplace.conversion.recover","selected-order inspector and governed lifecycle modal","EnterpriseOrderCommand","selected-order inspector and governed lifecycle modal","SOURCE_REVIEWED","IMPLEMENTED_RUNTIME_VERIFICATION_PENDING","STATIC_VERIFIED_RUNTIME_GATE","app/api/angelcare-marketplace/conversion/sessions/[sessionKey]/availability/route.ts; mutation method, imported handler and canonical exposure reconciled."
"CAP-B04-001","Commandes & réservations","/angelcare-marketplace/admin/orders","/api/angelcare-marketplace/conversion/sessions/:sessionKey/confirm","POST handleConversionConfirmation","/api/angelcare-marketplace/conversion/sessions/:sessionKey/confirm","marketplace.conversion.view|marketplace.conversion.recover","selected-order inspector and governed lifecycle modal","EnterpriseOrderCommand","selected-order inspector and governed lifecycle modal","SOURCE_REVIEWED","IMPLEMENTED_RUNTIME_VERIFICATION_PENDING","STATIC_VERIFIED_RUNTIME_GATE","app/api/angelcare-marketplace/conversion/sessions/[sessionKey]/confirm/route.ts; mutation method, imported handler and canonical exposure reconciled."
"CAP-B04-001","Commandes & réservations","/angelcare-marketplace/admin/orders","/api/angelcare-marketplace/conversion/sessions/:sessionKey/consent","POST handleConversionConsent","/api/angelcare-marketplace/conversion/sessions/:sessionKey/consent","marketplace.conversion.view|marketplace.conversion.recover","selected-order inspector and governed lifecycle modal","EnterpriseOrderCommand","selected-order inspector and governed lifecycle modal","SOURCE_REVIEWED","IMPLEMENTED_RUNTIME_VERIFICATION_PENDING","STATIC_VERIFIED_RUNTIME_GATE","app/api/angelcare-marketplace/conversion/sessions/[sessionKey]/consent/route.ts; mutation method, imported handler and canonical exposure reconciled."
"CAP-B04-001","Commandes & réservations","/angelcare-marketplace/admin/orders","/api/angelcare-marketplace/conversion/sessions/:sessionKey/price","POST handlePriceRevalidation","/api/angelcare-marketplace/conversion/sessions/:sessionKey/price","marketplace.conversion.view|marketplace.conversion.recover","selected-order inspector and governed lifecycle modal","EnterpriseOrderCommand","selected-order inspector and governed lifecycle modal","SOURCE_REVIEWED","IMPLEMENTED_RUNTIME_VERIFICATION_PENDING","STATIC_VERIFIED_RUNTIME_GATE","app/api/angelcare-marketplace/conversion/sessions/[sessionKey]/price/route.ts; mutation method, imported handler and canonical exposure reconciled."
"CAP-B04-001","Commandes & réservations","/angelcare-marketplace/admin/orders","/api/angelcare-marketplace/conversion/sessions/:sessionKey","PATCH handleConversionSession","/api/angelcare-marketplace/conversion/sessions/:sessionKey","marketplace.conversion.view|marketplace.conversion.recover","selected-order inspector and governed lifecycle modal","EnterpriseOrderCommand","selected-order inspector and governed lifecycle modal","SOURCE_REVIEWED","IMPLEMENTED_RUNTIME_VERIFICATION_PENDING","STATIC_VERIFIED_RUNTIME_GATE","app/api/angelcare-marketplace/conversion/sessions/[sessionKey]/route.ts; mutation method, imported handler and canonical exposure reconciled."
"CAP-B04-001","Commandes & réservations","/angelcare-marketplace/admin/orders","/api/angelcare-marketplace/conversion/sessions","POST handleConversionSessions","/api/angelcare-marketplace/conversion/sessions","marketplace.conversion.view|marketplace.conversion.recover","selected-order inspector and governed lifecycle modal","EnterpriseOrderCommand","selected-order inspector and governed lifecycle modal","SOURCE_REVIEWED","IMPLEMENTED_RUNTIME_VERIFICATION_PENDING","STATIC_VERIFIED_RUNTIME_GATE","app/api/angelcare-marketplace/conversion/sessions/route.ts; mutation method, imported handler and canonical exposure reconciled."
"CAP-B04-001","Commandes & réservations","/angelcare-marketplace/admin/orders","/api/angelcare-marketplace/crm/leads","POST handleLeads","/api/angelcare-marketplace/crm/leads","marketplace.crm.view|marketplace.crm.leads.manage|marketplace.crm.accounts.manage|marketplace.crm.opportunities.manage|marketplace.crm.opportunities.transition|marketplace.crm.quotes.manage|marketplace.crm.quotes.view|marketplace.crm.quotes.approve","selected-order inspector and governed lifecycle modal","EnterpriseOrderCommand","selected-order inspector and governed lifecycle modal","SOURCE_REVIEWED","IMPLEMENTED_RUNTIME_VERIFICATION_PENDING","STATIC_VERIFIED_RUNTIME_GATE","app/api/angelcare-marketplace/crm/leads/route.ts; mutation method, imported handler and canonical exposure reconciled."
"CAP-B04-001","Commandes & réservations","/angelcare-marketplace/admin/orders","/api/angelcare-marketplace/crm/opportunities/:opportunityId/transition","POST handleOpportunityTransition","/api/angelcare-marketplace/crm/opportunities/:opportunityId/transition","marketplace.crm.view|marketplace.crm.leads.manage|marketplace.crm.accounts.manage|marketplace.crm.opportunities.manage|marketplace.crm.opportunities.transition|marketplace.crm.quotes.manage|marketplace.crm.quotes.view|marketplace.crm.quotes.approve","selected-order inspector and governed lifecycle modal","EnterpriseOrderCommand","selected-order inspector and governed lifecycle modal","SOURCE_REVIEWED","IMPLEMENTED_RUNTIME_VERIFICATION_PENDING","STATIC_VERIFIED_RUNTIME_GATE","app/api/angelcare-marketplace/crm/opportunities/[opportunityId]/transition/route.ts; mutation method, imported handler and canonical exposure reconciled."
"CAP-B04-001","Commandes & réservations","/angelcare-marketplace/admin/orders","/api/angelcare-marketplace/crm/opportunities","POST handleOpportunities","/api/angelcare-marketplace/crm/opportunities","marketplace.crm.view|marketplace.crm.leads.manage|marketplace.crm.accounts.manage|marketplace.crm.opportunities.manage|marketplace.crm.opportunities.transition|marketplace.crm.quotes.manage|marketplace.crm.quotes.view|marketplace.crm.quotes.approve","selected-order inspector and governed lifecycle modal","EnterpriseOrderCommand","selected-order inspector and governed lifecycle modal","SOURCE_REVIEWED","IMPLEMENTED_RUNTIME_VERIFICATION_PENDING","STATIC_VERIFIED_RUNTIME_GATE","app/api/angelcare-marketplace/crm/opportunities/route.ts; mutation method, imported handler and canonical exposure reconciled."
"CAP-B04-001","Commandes & réservations","/angelcare-marketplace/admin/orders","/api/angelcare-marketplace/crm/quotes/:quoteId/approval","POST handleQuoteApproval","/api/angelcare-marketplace/crm/quotes/:quoteId/approval","marketplace.crm.view|marketplace.crm.leads.manage|marketplace.crm.accounts.manage|marketplace.crm.opportunities.manage|marketplace.crm.opportunities.transition|marketplace.crm.quotes.manage|marketplace.crm.quotes.view|marketplace.crm.quotes.approve","selected-order inspector and governed lifecycle modal","EnterpriseOrderCommand","selected-order inspector and governed lifecycle modal","SOURCE_REVIEWED","IMPLEMENTED_RUNTIME_VERIFICATION_PENDING","STATIC_VERIFIED_RUNTIME_GATE","app/api/angelcare-marketplace/crm/quotes/[quoteId]/approval/route.ts; mutation method, imported handler and canonical exposure reconciled."
"CAP-B04-001","Commandes & réservations","/angelcare-marketplace/admin/orders","/api/angelcare-marketplace/crm/quotes/:quoteId/transition","POST handleQuoteTransition","/api/angelcare-marketplace/crm/quotes/:quoteId/transition","marketplace.crm.view|marketplace.crm.leads.manage|marketplace.crm.accounts.manage|marketplace.crm.opportunities.manage|marketplace.crm.opportunities.transition|marketplace.crm.quotes.manage|marketplace.crm.quotes.view|marketplace.crm.quotes.approve","selected-order inspector and governed lifecycle modal","EnterpriseOrderCommand","selected-order inspector and governed lifecycle modal","SOURCE_REVIEWED","IMPLEMENTED_RUNTIME_VERIFICATION_PENDING","STATIC_VERIFIED_RUNTIME_GATE","app/api/angelcare-marketplace/crm/quotes/[quoteId]/transition/route.ts; mutation method, imported handler and canonical exposure reconciled."
"CAP-B04-001","Commandes & réservations","/angelcare-marketplace/admin/orders","/api/angelcare-marketplace/crm/quotes","POST handleQuotes","/api/angelcare-marketplace/crm/quotes","marketplace.crm.view|marketplace.crm.leads.manage|marketplace.crm.accounts.manage|marketplace.crm.opportunities.manage|marketplace.crm.opportunities.transition|marketplace.crm.quotes.manage|marketplace.crm.quotes.view|marketplace.crm.quotes.approve","selected-order inspector and governed lifecycle modal","EnterpriseOrderCommand","selected-order inspector and governed lifecycle modal","SOURCE_REVIEWED","IMPLEMENTED_RUNTIME_VERIFICATION_PENDING","STATIC_VERIFIED_RUNTIME_GATE","app/api/angelcare-marketplace/crm/quotes/route.ts; mutation method, imported handler and canonical exposure reconciled."
"CAP-GLOBAL-001","Accueil / cross-domain shell","/angelcare-marketplace/admin","/api/angelcare-marketplace/customer/auth/login","POST handleCustomerLogin","/api/angelcare-marketplace/customer/auth/login","marketplace.finance.view|marketplace.finance.reconciliation.manage|marketplace.finance.price_books.manage|marketplace.finance.exceptions.approve|marketplace.security.manage|marketplace.operations.view|marketplace.operations.missions.manage","Global command, search and governed-action foundations","AdminNavigation; AdminWorkspaceContextNav; GovernedActionProvider","Global command, search and governed-action foundations","SOURCE_REVIEWED","IMPLEMENTED_RUNTIME_VERIFICATION_PENDING","STATIC_VERIFIED_RUNTIME_GATE","app/api/angelcare-marketplace/customer/auth/login/route.ts; mutation method, imported handler and canonical exposure reconciled."
"CAP-GLOBAL-001","Accueil / cross-domain shell","/angelcare-marketplace/admin","/api/angelcare-marketplace/customer/auth/logout","POST handleCustomerLogout","/api/angelcare-marketplace/customer/auth/logout","marketplace.finance.view|marketplace.finance.reconciliation.manage|marketplace.finance.price_books.manage|marketplace.finance.exceptions.approve|marketplace.security.manage|marketplace.operations.view|marketplace.operations.missions.manage","Global command, search and governed-action foundations","AdminNavigation; AdminWorkspaceContextNav; GovernedActionProvider","Global command, search and governed-action foundations","SOURCE_REVIEWED","IMPLEMENTED_RUNTIME_VERIFICATION_PENDING","STATIC_VERIFIED_RUNTIME_GATE","app/api/angelcare-marketplace/customer/auth/logout/route.ts; mutation method, imported handler and canonical exposure reconciled."
"CAP-GLOBAL-001","Accueil / cross-domain shell","/angelcare-marketplace/admin","/api/angelcare-marketplace/customer/auth/magic-link","POST handleCustomerMagicLink","/api/angelcare-marketplace/customer/auth/magic-link","marketplace.finance.view|marketplace.finance.reconciliation.manage|marketplace.finance.price_books.manage|marketplace.finance.exceptions.approve|marketplace.security.manage|marketplace.operations.view|marketplace.operations.missions.manage","Global command, search and governed-action foundations","AdminNavigation; AdminWorkspaceContextNav; GovernedActionProvider","Global command, search and governed-action foundations","SOURCE_REVIEWED","IMPLEMENTED_RUNTIME_VERIFICATION_PENDING","STATIC_VERIFIED_RUNTIME_GATE","app/api/angelcare-marketplace/customer/auth/magic-link/route.ts; mutation method, imported handler and canonical exposure reconciled."
"CAP-GLOBAL-001","Accueil / cross-domain shell","/angelcare-marketplace/admin","/api/angelcare-marketplace/customer/auth/password","PATCH handleCustomerPasswordReset","/api/angelcare-marketplace/customer/auth/password","marketplace.finance.view|marketplace.finance.reconciliation.manage|marketplace.finance.price_books.manage|marketplace.finance.exceptions.approve|marketplace.security.manage|marketplace.operations.view|marketplace.operations.missions.manage","Global command, search and governed-action foundations","AdminNavigation; AdminWorkspaceContextNav; GovernedActionProvider","Global command, search and governed-action foundations","SOURCE_REVIEWED","IMPLEMENTED_RUNTIME_VERIFICATION_PENDING","STATIC_VERIFIED_RUNTIME_GATE","app/api/angelcare-marketplace/customer/auth/password/route.ts; mutation method, imported handler and canonical exposure reconciled."
"CAP-GLOBAL-001","Accueil / cross-domain shell","/angelcare-marketplace/admin","/api/angelcare-marketplace/customer/auth/phone-otp","POST handleCustomerPhoneOtp","/api/angelcare-marketplace/customer/auth/phone-otp","marketplace.finance.view|marketplace.finance.reconciliation.manage|marketplace.finance.price_books.manage|marketplace.finance.exceptions.approve|marketplace.security.manage|marketplace.operations.view|marketplace.operations.missions.manage","Global command, search and governed-action foundations","AdminNavigation; AdminWorkspaceContextNav; GovernedActionProvider","Global command, search and governed-action foundations","SOURCE_REVIEWED","IMPLEMENTED_RUNTIME_VERIFICATION_PENDING","STATIC_VERIFIED_RUNTIME_GATE","app/api/angelcare-marketplace/customer/auth/phone-otp/route.ts; mutation method, imported handler and canonical exposure reconciled."
"CAP-GLOBAL-001","Accueil / cross-domain shell","/angelcare-marketplace/admin","/api/angelcare-marketplace/customer/auth/recover","POST handleCustomerRecovery","/api/angelcare-marketplace/customer/auth/recover","marketplace.finance.view|marketplace.finance.reconciliation.manage|marketplace.finance.price_books.manage|marketplace.finance.exceptions.approve|marketplace.security.manage|marketplace.operations.view|marketplace.operations.missions.manage","Global command, search and governed-action foundations","AdminNavigation; AdminWorkspaceContextNav; GovernedActionProvider","Global command, search and governed-action foundations","SOURCE_REVIEWED","IMPLEMENTED_RUNTIME_VERIFICATION_PENDING","STATIC_VERIFIED_RUNTIME_GATE","app/api/angelcare-marketplace/customer/auth/recover/route.ts; mutation method, imported handler and canonical exposure reconciled."
"CAP-GLOBAL-001","Accueil / cross-domain shell","/angelcare-marketplace/admin","/api/angelcare-marketplace/customer/auth/register","POST handleCustomerRegister","/api/angelcare-marketplace/customer/auth/register","marketplace.finance.view|marketplace.finance.reconciliation.manage|marketplace.finance.price_books.manage|marketplace.finance.exceptions.approve|marketplace.security.manage|marketplace.operations.view|marketplace.operations.missions.manage","Global command, search and governed-action foundations","AdminNavigation; AdminWorkspaceContextNav; GovernedActionProvider","Global command, search and governed-action foundations","SOURCE_REVIEWED","IMPLEMENTED_RUNTIME_VERIFICATION_PENDING","STATIC_VERIFIED_RUNTIME_GATE","app/api/angelcare-marketplace/customer/auth/register/route.ts; mutation method, imported handler and canonical exposure reconciled."
"CAP-GLOBAL-001","Accueil / cross-domain shell","/angelcare-marketplace/admin","/api/angelcare-marketplace/customer/sessions","DELETE handleCustomerSessions","/api/angelcare-marketplace/customer/sessions","marketplace.finance.view|marketplace.finance.reconciliation.manage|marketplace.finance.price_books.manage|marketplace.finance.exceptions.approve|marketplace.security.manage|marketplace.operations.view|marketplace.operations.missions.manage","Global command, search and governed-action foundations","AdminNavigation; AdminWorkspaceContextNav; GovernedActionProvider","Global command, search and governed-action foundations","SOURCE_REVIEWED","IMPLEMENTED_RUNTIME_VERIFICATION_PENDING","STATIC_VERIFIED_RUNTIME_GATE","app/api/angelcare-marketplace/customer/sessions/route.ts; mutation method, imported handler and canonical exposure reconciled."
"CAP-B08-001","Prestataires & fournisseurs","/angelcare-marketplace/admin/supply-network","/api/angelcare-marketplace/development/activities/:activityId/transition","POST handleDevelopmentActivityTransition","/api/angelcare-marketplace/development/activities/:activityId/transition","marketplace.development.view|marketplace.development.manage|marketplace.development.publish|marketplace.development.kits.view|marketplace.development.supplier_specs.view","Network contextual inspectors","NetworkAreaPage","Network contextual inspectors","SOURCE_REVIEWED","IMPLEMENTED_RUNTIME_VERIFICATION_PENDING","STATIC_VERIFIED_RUNTIME_GATE","app/api/angelcare-marketplace/development/activities/[activityId]/transition/route.ts; mutation method, imported handler and canonical exposure reconciled."
"CAP-B08-001","Prestataires & fournisseurs","/angelcare-marketplace/admin/supply-network","/api/angelcare-marketplace/development/activities","POST handleDevelopmentActivities","/api/angelcare-marketplace/development/activities","marketplace.development.view|marketplace.development.manage|marketplace.development.publish|marketplace.development.kits.view|marketplace.development.supplier_specs.view","Network contextual inspectors","NetworkAreaPage","Network contextual inspectors","SOURCE_REVIEWED","IMPLEMENTED_RUNTIME_VERIFICATION_PENDING","STATIC_VERIFIED_RUNTIME_GATE","app/api/angelcare-marketplace/development/activities/route.ts; mutation method, imported handler and canonical exposure reconciled."
"CAP-B10-001","Finance","/angelcare-marketplace/admin/finance","/api/angelcare-marketplace/finance/invoice-readiness/evaluate","POST handleInvoiceReadinessEvaluation","/api/angelcare-marketplace/finance/invoice-readiness/evaluate","marketplace.finance.view|marketplace.finance.price_books.manage|marketplace.finance.revenue.view|marketplace.finance.margins.view|marketplace.finance.price_books.approve|marketplace.finance.exceptions.approve|marketplace.finance.reconciliation.manage","Payment invoice Wallet subscription reconciliation and exception inspectors","FinanceControlLedger","Payment invoice Wallet subscription reconciliation and exception inspectors","SOURCE_REVIEWED","IMPLEMENTED_RUNTIME_VERIFICATION_PENDING","STATIC_VERIFIED_RUNTIME_GATE","app/api/angelcare-marketplace/finance/invoice-readiness/evaluate/route.ts; mutation method, imported handler and canonical exposure reconciled."
"CAP-B10-001","Finance","/angelcare-marketplace/admin/finance","/api/angelcare-marketplace/finance/margin-exceptions/:exceptionId/decision","POST handleMarginDecision","/api/angelcare-marketplace/finance/margin-exceptions/:exceptionId/decision","marketplace.finance.view|marketplace.finance.price_books.manage|marketplace.finance.revenue.view|marketplace.finance.margins.view|marketplace.finance.price_books.approve|marketplace.finance.exceptions.approve|marketplace.finance.reconciliation.manage","Payment invoice Wallet subscription reconciliation and exception inspectors","FinanceControlLedger","Payment invoice Wallet subscription reconciliation and exception inspectors","SOURCE_REVIEWED","IMPLEMENTED_RUNTIME_VERIFICATION_PENDING","STATIC_VERIFIED_RUNTIME_GATE","app/api/angelcare-marketplace/finance/margin-exceptions/[exceptionId]/decision/route.ts; mutation method, imported handler and canonical exposure reconciled."
"CAP-B10-001","Finance","/angelcare-marketplace/admin/finance","/api/angelcare-marketplace/finance/price-books/:priceBookId/transition","POST handlePriceBookTransition","/api/angelcare-marketplace/finance/price-books/:priceBookId/transition","marketplace.finance.view|marketplace.finance.price_books.manage|marketplace.finance.revenue.view|marketplace.finance.margins.view|marketplace.finance.price_books.approve|marketplace.finance.exceptions.approve|marketplace.finance.reconciliation.manage","Payment invoice Wallet subscription reconciliation and exception inspectors","FinanceControlLedger","Payment invoice Wallet subscription reconciliation and exception inspectors","SOURCE_REVIEWED","IMPLEMENTED_RUNTIME_VERIFICATION_PENDING","STATIC_VERIFIED_RUNTIME_GATE","app/api/angelcare-marketplace/finance/price-books/[priceBookId]/transition/route.ts; mutation method, imported handler and canonical exposure reconciled."
"CAP-B10-001","Finance","/angelcare-marketplace/admin/finance","/api/angelcare-marketplace/finance/price-books","POST handlePriceBooks","/api/angelcare-marketplace/finance/price-books","marketplace.finance.view|marketplace.finance.price_books.manage|marketplace.finance.revenue.view|marketplace.finance.margins.view|marketplace.finance.price_books.approve|marketplace.finance.exceptions.approve|marketplace.finance.reconciliation.manage","Payment invoice Wallet subscription reconciliation and exception inspectors","FinanceControlLedger","Payment invoice Wallet subscription reconciliation and exception inspectors","SOURCE_REVIEWED","IMPLEMENTED_RUNTIME_VERIFICATION_PENDING","STATIC_VERIFIED_RUNTIME_GATE","app/api/angelcare-marketplace/finance/price-books/route.ts; mutation method, imported handler and canonical exposure reconciled."
"CAP-B10-001","Finance","/angelcare-marketplace/admin/finance","/api/angelcare-marketplace/finance/price-rules/:priceRuleId/evaluate","POST handleFinancialRuleEvaluation","/api/angelcare-marketplace/finance/price-rules/:priceRuleId/evaluate","marketplace.finance.view|marketplace.finance.price_books.manage|marketplace.finance.revenue.view|marketplace.finance.margins.view|marketplace.finance.price_books.approve|marketplace.finance.exceptions.approve|marketplace.finance.reconciliation.manage","Payment invoice Wallet subscription reconciliation and exception inspectors","FinanceControlLedger","Payment invoice Wallet subscription reconciliation and exception inspectors","SOURCE_REVIEWED","IMPLEMENTED_RUNTIME_VERIFICATION_PENDING","STATIC_VERIFIED_RUNTIME_GATE","app/api/angelcare-marketplace/finance/price-rules/[priceRuleId]/evaluate/route.ts; mutation method, imported handler and canonical exposure reconciled."
"CAP-B10-001","Finance","/angelcare-marketplace/admin/finance","/api/angelcare-marketplace/finance/reconciliation/:eventId/resolve","POST handleReconciliationResolution","/api/angelcare-marketplace/finance/reconciliation/:eventId/resolve","marketplace.finance.view|marketplace.finance.price_books.manage|marketplace.finance.revenue.view|marketplace.finance.margins.view|marketplace.finance.price_books.approve|marketplace.finance.exceptions.approve|marketplace.finance.reconciliation.manage","Payment invoice Wallet subscription reconciliation and exception inspectors","FinanceControlLedger","Payment invoice Wallet subscription reconciliation and exception inspectors","SOURCE_REVIEWED","IMPLEMENTED_RUNTIME_VERIFICATION_PENDING","STATIC_VERIFIED_RUNTIME_GATE","app/api/angelcare-marketplace/finance/reconciliation/[eventId]/resolve/route.ts; mutation method, imported handler and canonical exposure reconciled."
"CAP-GLOBAL-001","Accueil / cross-domain shell","/angelcare-marketplace/admin","/api/angelcare-marketplace/foundation/configuration/:key","PATCH handleConfigurationPatch","/api/angelcare-marketplace/foundation/configuration/:key","marketplace.modules.view|marketplace.modules.create|marketplace.modules.update|marketplace.modules.enable|marketplace.modules.disable|marketplace.modules.archive|marketplace.feature_flags.view|marketplace.feature_flags.manage|marketplace.configuration.view|marketplace.configuration.manage|marketplace.audit.view|marketplace.audit.export|marketplace.audit.exported|marketplace.readiness.view|marketplace.readiness.update|marketplace.readiness.sign_off","Global command, search and governed-action foundations","AdminNavigation; AdminWorkspaceContextNav; GovernedActionProvider","Global command, search and governed-action foundations","SOURCE_REVIEWED","IMPLEMENTED_RUNTIME_VERIFICATION_PENDING","STATIC_VERIFIED_RUNTIME_GATE","app/api/angelcare-marketplace/foundation/configuration/[key]/route.ts; mutation method, imported handler and canonical exposure reconciled."
"CAP-GLOBAL-001","Accueil / cross-domain shell","/angelcare-marketplace/admin","/api/angelcare-marketplace/foundation/feature-flags/:flagKey","PATCH handleFeatureFlagPatch","/api/angelcare-marketplace/foundation/feature-flags/:flagKey","marketplace.modules.view|marketplace.modules.create|marketplace.modules.update|marketplace.modules.enable|marketplace.modules.disable|marketplace.modules.archive|marketplace.feature_flags.view|marketplace.feature_flags.manage|marketplace.configuration.view|marketplace.configuration.manage|marketplace.audit.view|marketplace.audit.export|marketplace.audit.exported|marketplace.readiness.view|marketplace.readiness.update|marketplace.readiness.sign_off","Global command, search and governed-action foundations","AdminNavigation; AdminWorkspaceContextNav; GovernedActionProvider","Global command, search and governed-action foundations","SOURCE_REVIEWED","IMPLEMENTED_RUNTIME_VERIFICATION_PENDING","STATIC_VERIFIED_RUNTIME_GATE","app/api/angelcare-marketplace/foundation/feature-flags/[flagKey]/route.ts; mutation method, imported handler and canonical exposure reconciled."
"CAP-GLOBAL-001","Accueil / cross-domain shell","/angelcare-marketplace/admin","/api/angelcare-marketplace/foundation/modules/:moduleKey","PATCH handleModuleGet|handleModulePatch","/api/angelcare-marketplace/foundation/modules/:moduleKey","marketplace.modules.view|marketplace.modules.create|marketplace.modules.update|marketplace.modules.enable|marketplace.modules.disable|marketplace.modules.archive|marketplace.feature_flags.view|marketplace.feature_flags.manage|marketplace.configuration.view|marketplace.configuration.manage|marketplace.audit.view|marketplace.audit.export|marketplace.audit.exported|marketplace.readiness.view|marketplace.readiness.update|marketplace.readiness.sign_off","Global command, search and governed-action foundations","AdminNavigation; AdminWorkspaceContextNav; GovernedActionProvider","Global command, search and governed-action foundations","SOURCE_REVIEWED","IMPLEMENTED_RUNTIME_VERIFICATION_PENDING","STATIC_VERIFIED_RUNTIME_GATE","app/api/angelcare-marketplace/foundation/modules/[moduleKey]/route.ts; mutation method, imported handler and canonical exposure reconciled."
"CAP-GLOBAL-001","Accueil / cross-domain shell","/angelcare-marketplace/admin","/api/angelcare-marketplace/foundation/modules/:moduleKey/transition","POST handleModuleTransitionPost","/api/angelcare-marketplace/foundation/modules/:moduleKey/transition","marketplace.modules.view|marketplace.modules.create|marketplace.modules.update|marketplace.modules.enable|marketplace.modules.disable|marketplace.modules.archive|marketplace.feature_flags.view|marketplace.feature_flags.manage|marketplace.configuration.view|marketplace.configuration.manage|marketplace.audit.view|marketplace.audit.export|marketplace.audit.exported|marketplace.readiness.view|marketplace.readiness.update|marketplace.readiness.sign_off","Global command, search and governed-action foundations","AdminNavigation; AdminWorkspaceContextNav; GovernedActionProvider","Global command, search and governed-action foundations","SOURCE_REVIEWED","IMPLEMENTED_RUNTIME_VERIFICATION_PENDING","STATIC_VERIFIED_RUNTIME_GATE","app/api/angelcare-marketplace/foundation/modules/[moduleKey]/transition/route.ts; mutation method, imported handler and canonical exposure reconciled."
"CAP-GLOBAL-001","Accueil / cross-domain shell","/angelcare-marketplace/admin","/api/angelcare-marketplace/foundation/readiness/:checkKey","PATCH handleReadinessPatch","/api/angelcare-marketplace/foundation/readiness/:checkKey","marketplace.modules.view|marketplace.modules.create|marketplace.modules.update|marketplace.modules.enable|marketplace.modules.disable|marketplace.modules.archive|marketplace.feature_flags.view|marketplace.feature_flags.manage|marketplace.configuration.view|marketplace.configuration.manage|marketplace.audit.view|marketplace.audit.export|marketplace.audit.exported|marketplace.readiness.view|marketplace.readiness.update|marketplace.readiness.sign_off","Global command, search and governed-action foundations","AdminNavigation; AdminWorkspaceContextNav; GovernedActionProvider","Global command, search and governed-action foundations","SOURCE_REVIEWED","IMPLEMENTED_RUNTIME_VERIFICATION_PENDING","STATIC_VERIFIED_RUNTIME_GATE","app/api/angelcare-marketplace/foundation/readiness/[checkKey]/route.ts; mutation method, imported handler and canonical exposure reconciled."
"CAP-B11-001","Trust & qualité","/angelcare-marketplace/admin/trust","/api/angelcare-marketplace/growth/experiments/:experimentId/transition","POST handleExperimentTransition","/api/angelcare-marketplace/growth/experiments/:experimentId/transition","marketplace.intelligence.view|marketplace.growth.view|marketplace.performance.view|marketplace.security.view|marketplace.qa.view|marketplace.launch.view|marketplace.launch.monitoring|marketplace.growth.experiments.manage|marketplace.qa.defects.manage|marketplace.launch.approve","Contextual lifecycle decision desks on linked authorities","TrustCommand; AdminWorkspaceContextNav","Contextual lifecycle decision desks on linked authorities","SOURCE_REVIEWED","IMPLEMENTED_RUNTIME_VERIFICATION_PENDING","STATIC_VERIFIED_RUNTIME_GATE","app/api/angelcare-marketplace/growth/experiments/[experimentId]/transition/route.ts; mutation method, imported handler and canonical exposure reconciled."
"CAP-B05-001","Boutique","/angelcare-marketplace/admin/boutique","/api/angelcare-marketplace/homepage/:kind","POST handleHomepageAdmin","/api/angelcare-marketplace/homepage/:kind","marketplace.cms.pages.manage","CONTEXTUAL_PRIORITY_RAIL","FrontendControlCommand","CONTEXTUAL_PRIORITY_RAIL","SOURCE_REVIEWED","IMPLEMENTED_RUNTIME_VERIFICATION_PENDING","STATIC_VERIFIED_RUNTIME_GATE","app/api/angelcare-marketplace/homepage/[kind]/route.ts; mutation method, imported handler and canonical exposure reconciled."
"CAP-B05-001","Boutique","/angelcare-marketplace/admin/boutique","/api/angelcare-marketplace/homepage/:kind","PATCH handleHomepageAdmin","/api/angelcare-marketplace/homepage/:kind","marketplace.cms.pages.manage","CONTEXTUAL_PRIORITY_RAIL","FrontendControlCommand","CONTEXTUAL_PRIORITY_RAIL","SOURCE_REVIEWED","IMPLEMENTED_RUNTIME_VERIFICATION_PENDING","STATIC_VERIFIED_RUNTIME_GATE","app/api/angelcare-marketplace/homepage/[kind]/route.ts; mutation method, imported handler and canonical exposure reconciled."
"CAP-B05-001","Boutique","/angelcare-marketplace/admin/boutique","/api/angelcare-marketplace/homepage/:kind","DELETE handleHomepageAdmin","/api/angelcare-marketplace/homepage/:kind","marketplace.cms.pages.manage","CONTEXTUAL_PRIORITY_RAIL","FrontendControlCommand","CONTEXTUAL_PRIORITY_RAIL","SOURCE_REVIEWED","IMPLEMENTED_RUNTIME_VERIFICATION_PENDING","STATIC_VERIFIED_RUNTIME_GATE","app/api/angelcare-marketplace/homepage/[kind]/route.ts; mutation method, imported handler and canonical exposure reconciled."
"CAP-B05-001","Boutique","/angelcare-marketplace/admin/boutique","/api/angelcare-marketplace/homepage/engagement","POST handleHomepageEngagement","/api/angelcare-marketplace/homepage/engagement","marketplace.cms.pages.manage","CONTEXTUAL_PRIORITY_RAIL","FrontendControlCommand","CONTEXTUAL_PRIORITY_RAIL","SOURCE_REVIEWED","IMPLEMENTED_RUNTIME_VERIFICATION_PENDING","STATIC_VERIFIED_RUNTIME_GATE","app/api/angelcare-marketplace/homepage/engagement/route.ts; mutation method, imported handler and canonical exposure reconciled."
"CAP-B07-001","Opérations","/angelcare-marketplace/admin/operations/today","/api/angelcare-marketplace/journeys/:journeyId/actions/:actionId/complete","POST handleCompleteCustomerAction","/api/angelcare-marketplace/journeys/:journeyId/actions/:actionId/complete","marketplace.journeys.view|marketplace.journeys.manage","Operations queue inspectors and contextual mission links","OperationsCommand","Operations queue inspectors and contextual mission links","SOURCE_REVIEWED","IMPLEMENTED_RUNTIME_VERIFICATION_PENDING","STATIC_VERIFIED_RUNTIME_GATE","app/api/angelcare-marketplace/journeys/[journeyId]/actions/[actionId]/complete/route.ts; mutation method, imported handler and canonical exposure reconciled."
"CAP-B07-001","Opérations","/angelcare-marketplace/admin/operations/today","/api/angelcare-marketplace/journeys/:journeyId/change-requests","POST handleCreateChangeRequest","/api/angelcare-marketplace/journeys/:journeyId/change-requests","marketplace.journeys.view|marketplace.journeys.manage","Operations queue inspectors and contextual mission links","OperationsCommand","Operations queue inspectors and contextual mission links","SOURCE_REVIEWED","IMPLEMENTED_RUNTIME_VERIFICATION_PENDING","STATIC_VERIFIED_RUNTIME_GATE","app/api/angelcare-marketplace/journeys/[journeyId]/change-requests/route.ts; mutation method, imported handler and canonical exposure reconciled."
"CAP-B07-001","Opérations","/angelcare-marketplace/admin/operations/today","/api/angelcare-marketplace/journeys/:journeyId/recovery","POST handleCreateRecovery","/api/angelcare-marketplace/journeys/:journeyId/recovery","marketplace.journeys.view|marketplace.journeys.manage","Operations queue inspectors and contextual mission links","OperationsCommand","Operations queue inspectors and contextual mission links","SOURCE_REVIEWED","IMPLEMENTED_RUNTIME_VERIFICATION_PENDING","STATIC_VERIFIED_RUNTIME_GATE","app/api/angelcare-marketplace/journeys/[journeyId]/recovery/route.ts; mutation method, imported handler and canonical exposure reconciled."
"CAP-B07-001","Opérations","/angelcare-marketplace/admin/operations/today","/api/angelcare-marketplace/journeys/admin/:journeyId","PATCH handleAdminJourney","/api/angelcare-marketplace/journeys/admin/:journeyId","marketplace.journeys.view|marketplace.journeys.manage","Operations queue inspectors and contextual mission links","OperationsCommand","Operations queue inspectors and contextual mission links","SOURCE_REVIEWED","IMPLEMENTED_RUNTIME_VERIFICATION_PENDING","STATIC_VERIFIED_RUNTIME_GATE","app/api/angelcare-marketplace/journeys/admin/[journeyId]/route.ts; mutation method, imported handler and canonical exposure reconciled."
"CAP-B07-001","Opérations","/angelcare-marketplace/admin/operations/today","/api/angelcare-marketplace/journeys/notifications/:notificationId/acknowledge","POST handleAcknowledgeNotification","/api/angelcare-marketplace/journeys/notifications/:notificationId/acknowledge","marketplace.journeys.view|marketplace.journeys.manage","Operations queue inspectors and contextual mission links","OperationsCommand","Operations queue inspectors and contextual mission links","SOURCE_REVIEWED","IMPLEMENTED_RUNTIME_VERIFICATION_PENDING","STATIC_VERIFIED_RUNTIME_GATE","app/api/angelcare-marketplace/journeys/notifications/[notificationId]/acknowledge/route.ts; mutation method, imported handler and canonical exposure reconciled."
"CAP-B11-001","Trust & qualité","/angelcare-marketplace/admin/trust","/api/angelcare-marketplace/launch/gates/:gateId/update","POST handleGateUpdate","/api/angelcare-marketplace/launch/gates/:gateId/update","marketplace.qa.view|marketplace.launch.view|marketplace.qa.defects.manage|marketplace.launch.gates.manage|marketplace.launch.release.approve","Contextual lifecycle decision desks on linked authorities","TrustCommand; AdminWorkspaceContextNav","Contextual lifecycle decision desks on linked authorities","SOURCE_REVIEWED","IMPLEMENTED_RUNTIME_VERIFICATION_PENDING","STATIC_VERIFIED_RUNTIME_GATE","app/api/angelcare-marketplace/launch/gates/[gateId]/update/route.ts; mutation method, imported handler and canonical exposure reconciled."
"CAP-B06-001","Marketing & promotions","/angelcare-marketplace/admin/growth-experience","/api/angelcare-marketplace/live-experience/conversions","POST handlePublicLiveInteraction","/api/angelcare-marketplace/live-experience/conversions","marketplace.live_experience.view|marketplace.live_experience.manage|marketplace.emergency_broadcast.manage|marketplace.live_experience.publish|marketplace.proof_widget.manage","Contextual command cards and source queues","GrowthExperienceCommand","Contextual command cards and source queues","SOURCE_REVIEWED","IMPLEMENTED_RUNTIME_VERIFICATION_PENDING","STATIC_VERIFIED_RUNTIME_GATE","app/api/angelcare-marketplace/live-experience/conversions/route.ts; mutation method, imported handler and canonical exposure reconciled."
"CAP-B06-001","Marketing & promotions","/angelcare-marketplace/admin/growth-experience","/api/angelcare-marketplace/live-experience/interactions","POST handlePublicLiveInteraction","/api/angelcare-marketplace/live-experience/interactions","marketplace.live_experience.view|marketplace.live_experience.manage|marketplace.emergency_broadcast.manage|marketplace.live_experience.publish|marketplace.proof_widget.manage","Contextual command cards and source queues","GrowthExperienceCommand","Contextual command cards and source queues","SOURCE_REVIEWED","IMPLEMENTED_RUNTIME_VERIFICATION_PENDING","STATIC_VERIFIED_RUNTIME_GATE","app/api/angelcare-marketplace/live-experience/interactions/route.ts; mutation method, imported handler and canonical exposure reconciled."
"CAP-B06-001","Marketing & promotions","/angelcare-marketplace/admin/growth-experience","/api/angelcare-marketplace/live-experience/resolve","POST handlePublicLiveResolve","/api/angelcare-marketplace/live-experience/resolve","marketplace.live_experience.view|marketplace.live_experience.manage|marketplace.emergency_broadcast.manage|marketplace.live_experience.publish|marketplace.proof_widget.manage","Contextual command cards and source queues","GrowthExperienceCommand","Contextual command cards and source queues","SOURCE_REVIEWED","IMPLEMENTED_RUNTIME_VERIFICATION_PENDING","STATIC_VERIFIED_RUNTIME_GATE","app/api/angelcare-marketplace/live-experience/resolve/route.ts; mutation method, imported handler and canonical exposure reconciled."
"CAP-B05-001","Boutique","/angelcare-marketplace/admin/boutique","/api/angelcare-marketplace/localization/final","POST handleLocalizationAuthority","/api/angelcare-marketplace/localization/final","marketplace.localization.translations.edit|marketplace.localization.translations.view|marketplace.localization.glossary.manage|marketplace.localization.glossary.view|marketplace.localization.memory.curate|marketplace.localization.memory.view|marketplace.localization.sources.manage|marketplace.localization.sources.view|marketplace.localization.seo.manage|marketplace.localization.seo.view|marketplace.localization.readiness.view|marketplace.localization.access","CONTEXTUAL_PRIORITY_RAIL","FrontendControlCommand","CONTEXTUAL_PRIORITY_RAIL","SOURCE_REVIEWED","IMPLEMENTED_RUNTIME_VERIFICATION_PENDING","STATIC_VERIFIED_RUNTIME_GATE","app/api/angelcare-marketplace/localization/final/route.ts; mutation method, imported handler and canonical exposure reconciled."
"CAP-B05-001","Boutique","/angelcare-marketplace/admin/boutique","/api/angelcare-marketplace/localization/glossary","POST handleLocalizationAuthorityMode","/api/angelcare-marketplace/localization/glossary","marketplace.localization.translations.edit|marketplace.localization.translations.view|marketplace.localization.glossary.manage|marketplace.localization.glossary.view|marketplace.localization.memory.curate|marketplace.localization.memory.view|marketplace.localization.sources.manage|marketplace.localization.sources.view|marketplace.localization.seo.manage|marketplace.localization.seo.view|marketplace.localization.readiness.view|marketplace.localization.access","CONTEXTUAL_PRIORITY_RAIL","FrontendControlCommand","CONTEXTUAL_PRIORITY_RAIL","SOURCE_REVIEWED","IMPLEMENTED_RUNTIME_VERIFICATION_PENDING","STATIC_VERIFIED_RUNTIME_GATE","app/api/angelcare-marketplace/localization/glossary/route.ts; mutation method, imported handler and canonical exposure reconciled."
"CAP-B05-001","Boutique","/angelcare-marketplace/admin/boutique","/api/angelcare-marketplace/localization/memory","POST handleLocalizationAuthorityMode","/api/angelcare-marketplace/localization/memory","marketplace.localization.translations.edit|marketplace.localization.translations.view|marketplace.localization.glossary.manage|marketplace.localization.glossary.view|marketplace.localization.memory.curate|marketplace.localization.memory.view|marketplace.localization.sources.manage|marketplace.localization.sources.view|marketplace.localization.seo.manage|marketplace.localization.seo.view|marketplace.localization.readiness.view|marketplace.localization.access","CONTEXTUAL_PRIORITY_RAIL","FrontendControlCommand","CONTEXTUAL_PRIORITY_RAIL","SOURCE_REVIEWED","IMPLEMENTED_RUNTIME_VERIFICATION_PENDING","STATIC_VERIFIED_RUNTIME_GATE","app/api/angelcare-marketplace/localization/memory/route.ts; mutation method, imported handler and canonical exposure reconciled."
"CAP-B05-001","Boutique","/angelcare-marketplace/admin/boutique","/api/angelcare-marketplace/localization/readiness","POST handleLocalizationAuthorityMode","/api/angelcare-marketplace/localization/readiness","marketplace.localization.translations.edit|marketplace.localization.translations.view|marketplace.localization.glossary.manage|marketplace.localization.glossary.view|marketplace.localization.memory.curate|marketplace.localization.memory.view|marketplace.localization.sources.manage|marketplace.localization.sources.view|marketplace.localization.seo.manage|marketplace.localization.seo.view|marketplace.localization.readiness.view|marketplace.localization.access","CONTEXTUAL_PRIORITY_RAIL","FrontendControlCommand","CONTEXTUAL_PRIORITY_RAIL","SOURCE_REVIEWED","IMPLEMENTED_RUNTIME_VERIFICATION_PENDING","STATIC_VERIFIED_RUNTIME_GATE","app/api/angelcare-marketplace/localization/readiness/route.ts; mutation method, imported handler and canonical exposure reconciled."
"CAP-B05-001","Boutique","/angelcare-marketplace/admin/boutique","/api/angelcare-marketplace/localization/scans","POST handleCreateScan","/api/angelcare-marketplace/localization/scans","marketplace.localization.access|marketplace.localization.scans.run|marketplace.localization.inventory.view","CONTEXTUAL_PRIORITY_RAIL","FrontendControlCommand","CONTEXTUAL_PRIORITY_RAIL","SOURCE_REVIEWED","IMPLEMENTED_RUNTIME_VERIFICATION_PENDING","STATIC_VERIFIED_RUNTIME_GATE","app/api/angelcare-marketplace/localization/scans/route.ts; mutation method, imported handler and canonical exposure reconciled."
"CAP-B05-001","Boutique","/angelcare-marketplace/admin/boutique","/api/angelcare-marketplace/localization/seo","POST handleLocalizationAuthorityMode","/api/angelcare-marketplace/localization/seo","marketplace.localization.translations.edit|marketplace.localization.translations.view|marketplace.localization.glossary.manage|marketplace.localization.glossary.view|marketplace.localization.memory.curate|marketplace.localization.memory.view|marketplace.localization.sources.manage|marketplace.localization.sources.view|marketplace.localization.seo.manage|marketplace.localization.seo.view|marketplace.localization.readiness.view|marketplace.localization.access","CONTEXTUAL_PRIORITY_RAIL","FrontendControlCommand","CONTEXTUAL_PRIORITY_RAIL","SOURCE_REVIEWED","IMPLEMENTED_RUNTIME_VERIFICATION_PENDING","STATIC_VERIFIED_RUNTIME_GATE","app/api/angelcare-marketplace/localization/seo/route.ts; mutation method, imported handler and canonical exposure reconciled."
"CAP-B05-001","Boutique","/angelcare-marketplace/admin/boutique","/api/angelcare-marketplace/localization/translations","POST handleLocalizationAuthorityMode","/api/angelcare-marketplace/localization/translations","marketplace.localization.translations.edit|marketplace.localization.translations.view|marketplace.localization.glossary.manage|marketplace.localization.glossary.view|marketplace.localization.memory.curate|marketplace.localization.memory.view|marketplace.localization.sources.manage|marketplace.localization.sources.view|marketplace.localization.seo.manage|marketplace.localization.seo.view|marketplace.localization.readiness.view|marketplace.localization.access","CONTEXTUAL_PRIORITY_RAIL","FrontendControlCommand","CONTEXTUAL_PRIORITY_RAIL","SOURCE_REVIEWED","IMPLEMENTED_RUNTIME_VERIFICATION_PENDING","STATIC_VERIFIED_RUNTIME_GATE","app/api/angelcare-marketplace/localization/translations/route.ts; mutation method, imported handler and canonical exposure reconciled."
"CAP-B07-001","Opérations","/angelcare-marketplace/admin/operations/today","/api/angelcare-marketplace/operations/check-events","POST handleCheckEvent","/api/angelcare-marketplace/operations/check-events","marketplace.operations.view|marketplace.operations.missions.create|marketplace.operations.missions.manage|marketplace.operations.dispatch.manage|marketplace.operations.assign|marketplace.providers.self.access|marketplace.operations.incidents.manage|marketplace.operations.closure.approve","Operations queue inspectors and contextual mission links","OperationsCommand","Operations queue inspectors and contextual mission links","SOURCE_REVIEWED","IMPLEMENTED_RUNTIME_VERIFICATION_PENDING","STATIC_VERIFIED_RUNTIME_GATE","app/api/angelcare-marketplace/operations/check-events/route.ts; mutation method, imported handler and canonical exposure reconciled."
"CAP-B07-001","Opérations","/angelcare-marketplace/admin/operations/today","/api/angelcare-marketplace/operations/daily-closures","POST handleDailyClosure","/api/angelcare-marketplace/operations/daily-closures","marketplace.operations.view|marketplace.operations.missions.create|marketplace.operations.missions.manage|marketplace.operations.dispatch.manage|marketplace.operations.assign|marketplace.providers.self.access|marketplace.operations.incidents.manage|marketplace.operations.closure.approve","Operations queue inspectors and contextual mission links","OperationsCommand","Operations queue inspectors and contextual mission links","SOURCE_REVIEWED","IMPLEMENTED_RUNTIME_VERIFICATION_PENDING","STATIC_VERIFIED_RUNTIME_GATE","app/api/angelcare-marketplace/operations/daily-closures/route.ts; mutation method, imported handler and canonical exposure reconciled."
"CAP-B07-001","Opérations","/angelcare-marketplace/admin/operations/today","/api/angelcare-marketplace/operations/disputes/:disputeId/transition","POST handleDisputeTransition","/api/angelcare-marketplace/operations/disputes/:disputeId/transition","marketplace.operations.view|marketplace.operations.missions.manage|marketplace.providers.view|marketplace.finance.view|marketplace.operations.incidents.manage|marketplace.finance.reconciliation.manage|marketplace.operations.evidence.manage|marketplace.operations.returns.manage|marketplace.operations.disputes.manage|marketplace.operations.recovery.manage|marketplace.operations.reconciliation.approve","Operations queue inspectors and contextual mission links","OperationsCommand","Operations queue inspectors and contextual mission links","SOURCE_REVIEWED","IMPLEMENTED_RUNTIME_VERIFICATION_PENDING","STATIC_VERIFIED_RUNTIME_GATE","app/api/angelcare-marketplace/operations/disputes/[disputeId]/transition/route.ts; mutation method, imported handler and canonical exposure reconciled."
"CAP-B08-001","Prestataires & fournisseurs","/angelcare-marketplace/admin/supply-network","/api/angelcare-marketplace/operations/disputes/:disputeId/transition","POST handleDisputeTransition","/api/angelcare-marketplace/operations/disputes/:disputeId/transition","marketplace.operations.view|marketplace.operations.missions.manage|marketplace.providers.view|marketplace.finance.view|marketplace.operations.incidents.manage|marketplace.finance.reconciliation.manage|marketplace.operations.evidence.manage|marketplace.operations.returns.manage|marketplace.operations.disputes.manage|marketplace.operations.recovery.manage|marketplace.operations.reconciliation.approve","Network contextual inspectors","NetworkAreaPage","Network contextual inspectors","SOURCE_REVIEWED","IMPLEMENTED_RUNTIME_VERIFICATION_PENDING","STATIC_VERIFIED_RUNTIME_GATE","app/api/angelcare-marketplace/operations/disputes/[disputeId]/transition/route.ts; mutation method, imported handler and canonical exposure reconciled."
"CAP-B07-001","Opérations","/angelcare-marketplace/admin/operations/today","/api/angelcare-marketplace/operations/disputes","POST handleDisputes","/api/angelcare-marketplace/operations/disputes","marketplace.operations.view|marketplace.operations.missions.manage|marketplace.providers.view|marketplace.finance.view|marketplace.operations.incidents.manage|marketplace.finance.reconciliation.manage|marketplace.operations.evidence.manage|marketplace.operations.returns.manage|marketplace.operations.disputes.manage|marketplace.operations.recovery.manage|marketplace.operations.reconciliation.approve","Operations queue inspectors and contextual mission links","OperationsCommand","Operations queue inspectors and contextual mission links","SOURCE_REVIEWED","IMPLEMENTED_RUNTIME_VERIFICATION_PENDING","STATIC_VERIFIED_RUNTIME_GATE","app/api/angelcare-marketplace/operations/disputes/route.ts; mutation method, imported handler and canonical exposure reconciled."
"CAP-B07-001","Opérations","/angelcare-marketplace/admin/operations/today","/api/angelcare-marketplace/operations/evidence/:evidenceId/review","POST handleFulfillmentEvidenceReview","/api/angelcare-marketplace/operations/evidence/:evidenceId/review","marketplace.operations.view|marketplace.operations.missions.manage|marketplace.providers.view|marketplace.finance.view|marketplace.operations.incidents.manage|marketplace.finance.reconciliation.manage|marketplace.operations.evidence.manage|marketplace.operations.returns.manage|marketplace.operations.disputes.manage|marketplace.operations.recovery.manage|marketplace.operations.reconciliation.approve","Operations queue inspectors and contextual mission links","OperationsCommand","Operations queue inspectors and contextual mission links","SOURCE_REVIEWED","IMPLEMENTED_RUNTIME_VERIFICATION_PENDING","STATIC_VERIFIED_RUNTIME_GATE","app/api/angelcare-marketplace/operations/evidence/[evidenceId]/review/route.ts; mutation method, imported handler and canonical exposure reconciled."
"CAP-B08-001","Prestataires & fournisseurs","/angelcare-marketplace/admin/supply-network","/api/angelcare-marketplace/operations/evidence/:evidenceId/review","POST handleFulfillmentEvidenceReview","/api/angelcare-marketplace/operations/evidence/:evidenceId/review","marketplace.operations.view|marketplace.operations.missions.manage|marketplace.providers.view|marketplace.finance.view|marketplace.operations.incidents.manage|marketplace.finance.reconciliation.manage|marketplace.operations.evidence.manage|marketplace.operations.returns.manage|marketplace.operations.disputes.manage|marketplace.operations.recovery.manage|marketplace.operations.reconciliation.approve","Network contextual inspectors","NetworkAreaPage","Network contextual inspectors","SOURCE_REVIEWED","IMPLEMENTED_RUNTIME_VERIFICATION_PENDING","STATIC_VERIFIED_RUNTIME_GATE","app/api/angelcare-marketplace/operations/evidence/[evidenceId]/review/route.ts; mutation method, imported handler and canonical exposure reconciled."
"CAP-B07-001","Opérations","/angelcare-marketplace/admin/operations/today","/api/angelcare-marketplace/operations/fulfillment/:caseId/evidence","POST handleFulfillmentEvidence","/api/angelcare-marketplace/operations/fulfillment/:caseId/evidence","marketplace.operations.view|marketplace.operations.missions.manage|marketplace.providers.view|marketplace.finance.view|marketplace.operations.incidents.manage|marketplace.finance.reconciliation.manage|marketplace.operations.evidence.manage|marketplace.operations.returns.manage|marketplace.operations.disputes.manage|marketplace.operations.recovery.manage|marketplace.operations.reconciliation.approve","Operations queue inspectors and contextual mission links","OperationsCommand","Operations queue inspectors and contextual mission links","SOURCE_REVIEWED","IMPLEMENTED_RUNTIME_VERIFICATION_PENDING","STATIC_VERIFIED_RUNTIME_GATE","app/api/angelcare-marketplace/operations/fulfillment/[caseId]/evidence/route.ts; mutation method, imported handler and canonical exposure reconciled."
"CAP-B08-001","Prestataires & fournisseurs","/angelcare-marketplace/admin/supply-network","/api/angelcare-marketplace/operations/fulfillment/:caseId/evidence","POST handleFulfillmentEvidence","/api/angelcare-marketplace/operations/fulfillment/:caseId/evidence","marketplace.operations.view|marketplace.operations.missions.manage|marketplace.providers.view|marketplace.finance.view|marketplace.operations.incidents.manage|marketplace.finance.reconciliation.manage|marketplace.operations.evidence.manage|marketplace.operations.returns.manage|marketplace.operations.disputes.manage|marketplace.operations.recovery.manage|marketplace.operations.reconciliation.approve","Network contextual inspectors","NetworkAreaPage","Network contextual inspectors","SOURCE_REVIEWED","IMPLEMENTED_RUNTIME_VERIFICATION_PENDING","STATIC_VERIFIED_RUNTIME_GATE","app/api/angelcare-marketplace/operations/fulfillment/[caseId]/evidence/route.ts; mutation method, imported handler and canonical exposure reconciled."
"CAP-B07-001","Opérations","/angelcare-marketplace/admin/operations/today","/api/angelcare-marketplace/operations/fulfillment/:caseId/transition","POST handleFulfillmentTransition","/api/angelcare-marketplace/operations/fulfillment/:caseId/transition","marketplace.operations.view|marketplace.operations.missions.manage|marketplace.providers.view|marketplace.finance.view|marketplace.operations.incidents.manage|marketplace.finance.reconciliation.manage|marketplace.operations.evidence.manage|marketplace.operations.returns.manage|marketplace.operations.disputes.manage|marketplace.operations.recovery.manage|marketplace.operations.reconciliation.approve","Operations queue inspectors and contextual mission links","OperationsCommand","Operations queue inspectors and contextual mission links","SOURCE_REVIEWED","IMPLEMENTED_RUNTIME_VERIFICATION_PENDING","STATIC_VERIFIED_RUNTIME_GATE","app/api/angelcare-marketplace/operations/fulfillment/[caseId]/transition/route.ts; mutation method, imported handler and canonical exposure reconciled."
"CAP-B08-001","Prestataires & fournisseurs","/angelcare-marketplace/admin/supply-network","/api/angelcare-marketplace/operations/fulfillment/:caseId/transition","POST handleFulfillmentTransition","/api/angelcare-marketplace/operations/fulfillment/:caseId/transition","marketplace.operations.view|marketplace.operations.missions.manage|marketplace.providers.view|marketplace.finance.view|marketplace.operations.incidents.manage|marketplace.finance.reconciliation.manage|marketplace.operations.evidence.manage|marketplace.operations.returns.manage|marketplace.operations.disputes.manage|marketplace.operations.recovery.manage|marketplace.operations.reconciliation.approve","Network contextual inspectors","NetworkAreaPage","Network contextual inspectors","SOURCE_REVIEWED","IMPLEMENTED_RUNTIME_VERIFICATION_PENDING","STATIC_VERIFIED_RUNTIME_GATE","app/api/angelcare-marketplace/operations/fulfillment/[caseId]/transition/route.ts; mutation method, imported handler and canonical exposure reconciled."
"CAP-B07-001","Opérations","/angelcare-marketplace/admin/operations/today","/api/angelcare-marketplace/operations/incidents/:incidentId/transition","POST handleIncidentTransition","/api/angelcare-marketplace/operations/incidents/:incidentId/transition","marketplace.operations.view|marketplace.operations.missions.create|marketplace.operations.missions.manage|marketplace.operations.dispatch.manage|marketplace.operations.assign|marketplace.providers.self.access|marketplace.operations.incidents.manage|marketplace.operations.closure.approve","Operations queue inspectors and contextual mission links","OperationsCommand","Operations queue inspectors and contextual mission links","SOURCE_REVIEWED","IMPLEMENTED_RUNTIME_VERIFICATION_PENDING","STATIC_VERIFIED_RUNTIME_GATE","app/api/angelcare-marketplace/operations/incidents/[incidentId]/transition/route.ts; mutation method, imported handler and canonical exposure reconciled."
"CAP-B07-001","Opérations","/angelcare-marketplace/admin/operations/today","/api/angelcare-marketplace/operations/incidents","POST handleIncident|handleIncidentRegister","/api/angelcare-marketplace/operations/incidents","marketplace.operations.view|marketplace.operations.missions.create|marketplace.operations.missions.manage|marketplace.operations.dispatch.manage|marketplace.operations.assign|marketplace.providers.self.access|marketplace.operations.incidents.manage|marketplace.operations.closure.approve","Operations queue inspectors and contextual mission links","OperationsCommand","Operations queue inspectors and contextual mission links","SOURCE_REVIEWED","IMPLEMENTED_RUNTIME_VERIFICATION_PENDING","STATIC_VERIFIED_RUNTIME_GATE","app/api/angelcare-marketplace/operations/incidents/route.ts; mutation method, imported handler and canonical exposure reconciled."
"CAP-B07-001","Opérations","/angelcare-marketplace/admin/operations/today","/api/angelcare-marketplace/operations/missions/:missionId/dispatch","POST handleDispatchGenerate","/api/angelcare-marketplace/operations/missions/:missionId/dispatch","marketplace.operations.view|marketplace.operations.missions.create|marketplace.operations.missions.manage|marketplace.operations.dispatch.manage|marketplace.operations.assign|marketplace.providers.self.access|marketplace.operations.incidents.manage|marketplace.operations.closure.approve","Operations queue inspectors and contextual mission links","OperationsCommand","Operations queue inspectors and contextual mission links","SOURCE_REVIEWED","IMPLEMENTED_RUNTIME_VERIFICATION_PENDING","STATIC_VERIFIED_RUNTIME_GATE","app/api/angelcare-marketplace/operations/missions/[missionId]/dispatch/route.ts; mutation method, imported handler and canonical exposure reconciled."
"CAP-B07-001","Opérations","/angelcare-marketplace/admin/operations/today","/api/angelcare-marketplace/operations/missions/:missionId/transition","POST handleMissionTransition","/api/angelcare-marketplace/operations/missions/:missionId/transition","marketplace.operations.view|marketplace.operations.missions.create|marketplace.operations.missions.manage|marketplace.operations.dispatch.manage|marketplace.operations.assign|marketplace.providers.self.access|marketplace.operations.incidents.manage|marketplace.operations.closure.approve","Operations queue inspectors and contextual mission links","OperationsCommand","Operations queue inspectors and contextual mission links","SOURCE_REVIEWED","IMPLEMENTED_RUNTIME_VERIFICATION_PENDING","STATIC_VERIFIED_RUNTIME_GATE","app/api/angelcare-marketplace/operations/missions/[missionId]/transition/route.ts; mutation method, imported handler and canonical exposure reconciled."
"CAP-B07-001","Opérations","/angelcare-marketplace/admin/operations/today","/api/angelcare-marketplace/operations/missions","POST handleMissions","/api/angelcare-marketplace/operations/missions","marketplace.operations.view|marketplace.operations.missions.create|marketplace.operations.missions.manage|marketplace.operations.dispatch.manage|marketplace.operations.assign|marketplace.providers.self.access|marketplace.operations.incidents.manage|marketplace.operations.closure.approve","Operations queue inspectors and contextual mission links","OperationsCommand","Operations queue inspectors and contextual mission links","SOURCE_REVIEWED","IMPLEMENTED_RUNTIME_VERIFICATION_PENDING","STATIC_VERIFIED_RUNTIME_GATE","app/api/angelcare-marketplace/operations/missions/route.ts; mutation method, imported handler and canonical exposure reconciled."
"CAP-B07-001","Opérations","/angelcare-marketplace/admin/operations/today","/api/angelcare-marketplace/operations/proposals/:proposalId/decision","POST handleProposalDecision","/api/angelcare-marketplace/operations/proposals/:proposalId/decision","marketplace.operations.view|marketplace.operations.missions.create|marketplace.operations.missions.manage|marketplace.operations.dispatch.manage|marketplace.operations.assign|marketplace.providers.self.access|marketplace.operations.incidents.manage|marketplace.operations.closure.approve","Operations queue inspectors and contextual mission links","OperationsCommand","Operations queue inspectors and contextual mission links","SOURCE_REVIEWED","IMPLEMENTED_RUNTIME_VERIFICATION_PENDING","STATIC_VERIFIED_RUNTIME_GATE","app/api/angelcare-marketplace/operations/proposals/[proposalId]/decision/route.ts; mutation method, imported handler and canonical exposure reconciled."
"CAP-B07-001","Opérations","/angelcare-marketplace/admin/operations/today","/api/angelcare-marketplace/operations/reconciliation/:caseId/handover","POST handleReconciliationHandover","/api/angelcare-marketplace/operations/reconciliation/:caseId/handover","marketplace.operations.view|marketplace.operations.missions.manage|marketplace.providers.view|marketplace.finance.view|marketplace.operations.incidents.manage|marketplace.finance.reconciliation.manage|marketplace.operations.evidence.manage|marketplace.operations.returns.manage|marketplace.operations.disputes.manage|marketplace.operations.recovery.manage|marketplace.operations.reconciliation.approve","Operations queue inspectors and contextual mission links","OperationsCommand","Operations queue inspectors and contextual mission links","SOURCE_REVIEWED","IMPLEMENTED_RUNTIME_VERIFICATION_PENDING","STATIC_VERIFIED_RUNTIME_GATE","app/api/angelcare-marketplace/operations/reconciliation/[caseId]/handover/route.ts; mutation method, imported handler and canonical exposure reconciled."
"CAP-B08-001","Prestataires & fournisseurs","/angelcare-marketplace/admin/supply-network","/api/angelcare-marketplace/operations/reconciliation/:caseId/handover","POST handleReconciliationHandover","/api/angelcare-marketplace/operations/reconciliation/:caseId/handover","marketplace.operations.view|marketplace.operations.missions.manage|marketplace.providers.view|marketplace.finance.view|marketplace.operations.incidents.manage|marketplace.finance.reconciliation.manage|marketplace.operations.evidence.manage|marketplace.operations.returns.manage|marketplace.operations.disputes.manage|marketplace.operations.recovery.manage|marketplace.operations.reconciliation.approve","Network contextual inspectors","NetworkAreaPage","Network contextual inspectors","SOURCE_REVIEWED","IMPLEMENTED_RUNTIME_VERIFICATION_PENDING","STATIC_VERIFIED_RUNTIME_GATE","app/api/angelcare-marketplace/operations/reconciliation/[caseId]/handover/route.ts; mutation method, imported handler and canonical exposure reconciled."
"CAP-B07-001","Opérations","/angelcare-marketplace/admin/operations/today","/api/angelcare-marketplace/operations/reconciliation/:caseId/transition","POST handleReconciliationTransition","/api/angelcare-marketplace/operations/reconciliation/:caseId/transition","marketplace.operations.view|marketplace.operations.missions.manage|marketplace.providers.view|marketplace.finance.view|marketplace.operations.incidents.manage|marketplace.finance.reconciliation.manage|marketplace.operations.evidence.manage|marketplace.operations.returns.manage|marketplace.operations.disputes.manage|marketplace.operations.recovery.manage|marketplace.operations.reconciliation.approve","Operations queue inspectors and contextual mission links","OperationsCommand","Operations queue inspectors and contextual mission links","SOURCE_REVIEWED","IMPLEMENTED_RUNTIME_VERIFICATION_PENDING","STATIC_VERIFIED_RUNTIME_GATE","app/api/angelcare-marketplace/operations/reconciliation/[caseId]/transition/route.ts; mutation method, imported handler and canonical exposure reconciled."
"CAP-B08-001","Prestataires & fournisseurs","/angelcare-marketplace/admin/supply-network","/api/angelcare-marketplace/operations/reconciliation/:caseId/transition","POST handleReconciliationTransition","/api/angelcare-marketplace/operations/reconciliation/:caseId/transition","marketplace.operations.view|marketplace.operations.missions.manage|marketplace.providers.view|marketplace.finance.view|marketplace.operations.incidents.manage|marketplace.finance.reconciliation.manage|marketplace.operations.evidence.manage|marketplace.operations.returns.manage|marketplace.operations.disputes.manage|marketplace.operations.recovery.manage|marketplace.operations.reconciliation.approve","Network contextual inspectors","NetworkAreaPage","Network contextual inspectors","SOURCE_REVIEWED","IMPLEMENTED_RUNTIME_VERIFICATION_PENDING","STATIC_VERIFIED_RUNTIME_GATE","app/api/angelcare-marketplace/operations/reconciliation/[caseId]/transition/route.ts; mutation method, imported handler and canonical exposure reconciled."
"CAP-B07-001","Opérations","/angelcare-marketplace/admin/operations/today","/api/angelcare-marketplace/operations/reconciliation/lines/:lineId/decision","POST handleReconciliationLineDecision","/api/angelcare-marketplace/operations/reconciliation/lines/:lineId/decision","marketplace.operations.view|marketplace.operations.missions.manage|marketplace.providers.view|marketplace.finance.view|marketplace.operations.incidents.manage|marketplace.finance.reconciliation.manage|marketplace.operations.evidence.manage|marketplace.operations.returns.manage|marketplace.operations.disputes.manage|marketplace.operations.recovery.manage|marketplace.operations.reconciliation.approve","Operations queue inspectors and contextual mission links","OperationsCommand","Operations queue inspectors and contextual mission links","SOURCE_REVIEWED","IMPLEMENTED_RUNTIME_VERIFICATION_PENDING","STATIC_VERIFIED_RUNTIME_GATE","app/api/angelcare-marketplace/operations/reconciliation/lines/[lineId]/decision/route.ts; mutation method, imported handler and canonical exposure reconciled."
"CAP-B08-001","Prestataires & fournisseurs","/angelcare-marketplace/admin/supply-network","/api/angelcare-marketplace/operations/reconciliation/lines/:lineId/decision","POST handleReconciliationLineDecision","/api/angelcare-marketplace/operations/reconciliation/lines/:lineId/decision","marketplace.operations.view|marketplace.operations.missions.manage|marketplace.providers.view|marketplace.finance.view|marketplace.operations.incidents.manage|marketplace.finance.reconciliation.manage|marketplace.operations.evidence.manage|marketplace.operations.returns.manage|marketplace.operations.disputes.manage|marketplace.operations.recovery.manage|marketplace.operations.reconciliation.approve","Network contextual inspectors","NetworkAreaPage","Network contextual inspectors","SOURCE_REVIEWED","IMPLEMENTED_RUNTIME_VERIFICATION_PENDING","STATIC_VERIFIED_RUNTIME_GATE","app/api/angelcare-marketplace/operations/reconciliation/lines/[lineId]/decision/route.ts; mutation method, imported handler and canonical exposure reconciled."
"CAP-B07-001","Opérations","/angelcare-marketplace/admin/operations/today","/api/angelcare-marketplace/operations/recovery/:planId/transition","POST handleRecoveryTransition","/api/angelcare-marketplace/operations/recovery/:planId/transition","marketplace.operations.view|marketplace.operations.missions.manage|marketplace.providers.view|marketplace.finance.view|marketplace.operations.incidents.manage|marketplace.finance.reconciliation.manage|marketplace.operations.evidence.manage|marketplace.operations.returns.manage|marketplace.operations.disputes.manage|marketplace.operations.recovery.manage|marketplace.operations.reconciliation.approve","Operations queue inspectors and contextual mission links","OperationsCommand","Operations queue inspectors and contextual mission links","SOURCE_REVIEWED","IMPLEMENTED_RUNTIME_VERIFICATION_PENDING","STATIC_VERIFIED_RUNTIME_GATE","app/api/angelcare-marketplace/operations/recovery/[planId]/transition/route.ts; mutation method, imported handler and canonical exposure reconciled."
"CAP-B08-001","Prestataires & fournisseurs","/angelcare-marketplace/admin/supply-network","/api/angelcare-marketplace/operations/recovery/:planId/transition","POST handleRecoveryTransition","/api/angelcare-marketplace/operations/recovery/:planId/transition","marketplace.operations.view|marketplace.operations.missions.manage|marketplace.providers.view|marketplace.finance.view|marketplace.operations.incidents.manage|marketplace.finance.reconciliation.manage|marketplace.operations.evidence.manage|marketplace.operations.returns.manage|marketplace.operations.disputes.manage|marketplace.operations.recovery.manage|marketplace.operations.reconciliation.approve","Network contextual inspectors","NetworkAreaPage","Network contextual inspectors","SOURCE_REVIEWED","IMPLEMENTED_RUNTIME_VERIFICATION_PENDING","STATIC_VERIFIED_RUNTIME_GATE","app/api/angelcare-marketplace/operations/recovery/[planId]/transition/route.ts; mutation method, imported handler and canonical exposure reconciled."
"CAP-B07-001","Opérations","/angelcare-marketplace/admin/operations/today","/api/angelcare-marketplace/operations/recovery","POST handleRecovery","/api/angelcare-marketplace/operations/recovery","marketplace.operations.view|marketplace.operations.missions.manage|marketplace.providers.view|marketplace.finance.view|marketplace.operations.incidents.manage|marketplace.finance.reconciliation.manage|marketplace.operations.evidence.manage|marketplace.operations.returns.manage|marketplace.operations.disputes.manage|marketplace.operations.recovery.manage|marketplace.operations.reconciliation.approve","Operations queue inspectors and contextual mission links","OperationsCommand","Operations queue inspectors and contextual mission links","SOURCE_REVIEWED","IMPLEMENTED_RUNTIME_VERIFICATION_PENDING","STATIC_VERIFIED_RUNTIME_GATE","app/api/angelcare-marketplace/operations/recovery/route.ts; mutation method, imported handler and canonical exposure reconciled."
"CAP-B07-001","Opérations","/angelcare-marketplace/admin/operations/today","/api/angelcare-marketplace/operations/replacements/:caseId/transition","POST handleReplacementTransition","/api/angelcare-marketplace/operations/replacements/:caseId/transition","marketplace.operations.view|marketplace.operations.missions.manage|marketplace.providers.view|marketplace.finance.view|marketplace.operations.incidents.manage|marketplace.finance.reconciliation.manage|marketplace.operations.evidence.manage|marketplace.operations.returns.manage|marketplace.operations.disputes.manage|marketplace.operations.recovery.manage|marketplace.operations.reconciliation.approve","Operations queue inspectors and contextual mission links","OperationsCommand","Operations queue inspectors and contextual mission links","SOURCE_REVIEWED","IMPLEMENTED_RUNTIME_VERIFICATION_PENDING","STATIC_VERIFIED_RUNTIME_GATE","app/api/angelcare-marketplace/operations/replacements/[caseId]/transition/route.ts; mutation method, imported handler and canonical exposure reconciled."
"CAP-B08-001","Prestataires & fournisseurs","/angelcare-marketplace/admin/supply-network","/api/angelcare-marketplace/operations/replacements/:caseId/transition","POST handleReplacementTransition","/api/angelcare-marketplace/operations/replacements/:caseId/transition","marketplace.operations.view|marketplace.operations.missions.manage|marketplace.providers.view|marketplace.finance.view|marketplace.operations.incidents.manage|marketplace.finance.reconciliation.manage|marketplace.operations.evidence.manage|marketplace.operations.returns.manage|marketplace.operations.disputes.manage|marketplace.operations.recovery.manage|marketplace.operations.reconciliation.approve","Network contextual inspectors","NetworkAreaPage","Network contextual inspectors","SOURCE_REVIEWED","IMPLEMENTED_RUNTIME_VERIFICATION_PENDING","STATIC_VERIFIED_RUNTIME_GATE","app/api/angelcare-marketplace/operations/replacements/[caseId]/transition/route.ts; mutation method, imported handler and canonical exposure reconciled."
"CAP-B07-001","Opérations","/angelcare-marketplace/admin/operations/today","/api/angelcare-marketplace/operations/returns/:caseId/transition","POST handleReturnTransition","/api/angelcare-marketplace/operations/returns/:caseId/transition","marketplace.operations.view|marketplace.operations.missions.manage|marketplace.providers.view|marketplace.finance.view|marketplace.operations.incidents.manage|marketplace.finance.reconciliation.manage|marketplace.operations.evidence.manage|marketplace.operations.returns.manage|marketplace.operations.disputes.manage|marketplace.operations.recovery.manage|marketplace.operations.reconciliation.approve","Operations queue inspectors and contextual mission links","OperationsCommand","Operations queue inspectors and contextual mission links","SOURCE_REVIEWED","IMPLEMENTED_RUNTIME_VERIFICATION_PENDING","STATIC_VERIFIED_RUNTIME_GATE","app/api/angelcare-marketplace/operations/returns/[caseId]/transition/route.ts; mutation method, imported handler and canonical exposure reconciled."
"CAP-B08-001","Prestataires & fournisseurs","/angelcare-marketplace/admin/supply-network","/api/angelcare-marketplace/operations/returns/:caseId/transition","POST handleReturnTransition","/api/angelcare-marketplace/operations/returns/:caseId/transition","marketplace.operations.view|marketplace.operations.missions.manage|marketplace.providers.view|marketplace.finance.view|marketplace.operations.incidents.manage|marketplace.finance.reconciliation.manage|marketplace.operations.evidence.manage|marketplace.operations.returns.manage|marketplace.operations.disputes.manage|marketplace.operations.recovery.manage|marketplace.operations.reconciliation.approve","Network contextual inspectors","NetworkAreaPage","Network contextual inspectors","SOURCE_REVIEWED","IMPLEMENTED_RUNTIME_VERIFICATION_PENDING","STATIC_VERIFIED_RUNTIME_GATE","app/api/angelcare-marketplace/operations/returns/[caseId]/transition/route.ts; mutation method, imported handler and canonical exposure reconciled."
"CAP-B07-001","Opérations","/angelcare-marketplace/admin/operations/today","/api/angelcare-marketplace/operations/settlements/:settlementId/readiness","POST handleSettlementReadinessUpdate","/api/angelcare-marketplace/operations/settlements/:settlementId/readiness","marketplace.operations.view|marketplace.operations.missions.manage|marketplace.providers.view|marketplace.finance.view|marketplace.operations.incidents.manage|marketplace.finance.reconciliation.manage|marketplace.operations.evidence.manage|marketplace.operations.returns.manage|marketplace.operations.disputes.manage|marketplace.operations.recovery.manage|marketplace.operations.reconciliation.approve","Operations queue inspectors and contextual mission links","OperationsCommand","Operations queue inspectors and contextual mission links","SOURCE_REVIEWED","IMPLEMENTED_RUNTIME_VERIFICATION_PENDING","STATIC_VERIFIED_RUNTIME_GATE","app/api/angelcare-marketplace/operations/settlements/[settlementId]/readiness/route.ts; mutation method, imported handler and canonical exposure reconciled."
"CAP-B08-001","Prestataires & fournisseurs","/angelcare-marketplace/admin/supply-network","/api/angelcare-marketplace/operations/settlements/:settlementId/readiness","POST handleSettlementReadinessUpdate","/api/angelcare-marketplace/operations/settlements/:settlementId/readiness","marketplace.operations.view|marketplace.operations.missions.manage|marketplace.providers.view|marketplace.finance.view|marketplace.operations.incidents.manage|marketplace.finance.reconciliation.manage|marketplace.operations.evidence.manage|marketplace.operations.returns.manage|marketplace.operations.disputes.manage|marketplace.operations.recovery.manage|marketplace.operations.reconciliation.approve","Network contextual inspectors","NetworkAreaPage","Network contextual inspectors","SOURCE_REVIEWED","IMPLEMENTED_RUNTIME_VERIFICATION_PENDING","STATIC_VERIFIED_RUNTIME_GATE","app/api/angelcare-marketplace/operations/settlements/[settlementId]/readiness/route.ts; mutation method, imported handler and canonical exposure reconciled."
"CAP-B09-001","Academy / B2B & partenaires","/angelcare-marketplace/admin/academy","/api/angelcare-marketplace/partner-os/tenants/:tenantId/modules","POST handleTenantModuleUpsert","/api/angelcare-marketplace/partner-os/tenants/:tenantId/modules","marketplace.partner_os.admin.view|marketplace.partner_os.tenants.create|marketplace.partner_os.tenants.manage|marketplace.partner_os.plans.view|marketplace.partner_os.subscriptions.view|marketplace.partner_os.tenant.access|marketplace.partner_os.onboarding.manage|marketplace.partner_os.subscriptions.manage|marketplace.partner_os.modules.manage","Academy contextual command links","AcademyCommand","Academy contextual command links","SOURCE_REVIEWED","IMPLEMENTED_RUNTIME_VERIFICATION_PENDING","STATIC_VERIFIED_RUNTIME_GATE","app/api/angelcare-marketplace/partner-os/tenants/[tenantId]/modules/route.ts; mutation method, imported handler and canonical exposure reconciled."
"CAP-B09-001","Academy / B2B & partenaires","/angelcare-marketplace/admin/academy","/api/angelcare-marketplace/partner-os/tenants/:tenantId/onboarding/:checkId","POST handleTenantOnboardingCheck","/api/angelcare-marketplace/partner-os/tenants/:tenantId/onboarding/:checkId","marketplace.partner_os.admin.view|marketplace.partner_os.tenants.create|marketplace.partner_os.tenants.manage|marketplace.partner_os.plans.view|marketplace.partner_os.subscriptions.view|marketplace.partner_os.tenant.access|marketplace.partner_os.onboarding.manage|marketplace.partner_os.subscriptions.manage|marketplace.partner_os.modules.manage","Academy contextual command links","AcademyCommand","Academy contextual command links","SOURCE_REVIEWED","IMPLEMENTED_RUNTIME_VERIFICATION_PENDING","STATIC_VERIFIED_RUNTIME_GATE","app/api/angelcare-marketplace/partner-os/tenants/[tenantId]/onboarding/[checkId]/route.ts; mutation method, imported handler and canonical exposure reconciled."
"CAP-B09-001","Academy / B2B & partenaires","/angelcare-marketplace/admin/academy","/api/angelcare-marketplace/partner-os/tenants/:tenantId/subscription","POST handleTenantSubscriptionAssign","/api/angelcare-marketplace/partner-os/tenants/:tenantId/subscription","marketplace.partner_os.admin.view|marketplace.partner_os.tenants.create|marketplace.partner_os.tenants.manage|marketplace.partner_os.plans.view|marketplace.partner_os.subscriptions.view|marketplace.partner_os.tenant.access|marketplace.partner_os.onboarding.manage|marketplace.partner_os.subscriptions.manage|marketplace.partner_os.modules.manage","Academy contextual command links","AcademyCommand","Academy contextual command links","SOURCE_REVIEWED","IMPLEMENTED_RUNTIME_VERIFICATION_PENDING","STATIC_VERIFIED_RUNTIME_GATE","app/api/angelcare-marketplace/partner-os/tenants/[tenantId]/subscription/route.ts; mutation method, imported handler and canonical exposure reconciled."
"CAP-B09-001","Academy / B2B & partenaires","/angelcare-marketplace/admin/academy","/api/angelcare-marketplace/partner-os/tenants/:tenantId/transition","POST handleTenantTransition","/api/angelcare-marketplace/partner-os/tenants/:tenantId/transition","marketplace.partner_os.admin.view|marketplace.partner_os.tenants.create|marketplace.partner_os.tenants.manage|marketplace.partner_os.plans.view|marketplace.partner_os.subscriptions.view|marketplace.partner_os.tenant.access|marketplace.partner_os.onboarding.manage|marketplace.partner_os.subscriptions.manage|marketplace.partner_os.modules.manage","Academy contextual command links","AcademyCommand","Academy contextual command links","SOURCE_REVIEWED","IMPLEMENTED_RUNTIME_VERIFICATION_PENDING","STATIC_VERIFIED_RUNTIME_GATE","app/api/angelcare-marketplace/partner-os/tenants/[tenantId]/transition/route.ts; mutation method, imported handler and canonical exposure reconciled."
"CAP-B09-001","Academy / B2B & partenaires","/angelcare-marketplace/admin/academy","/api/angelcare-marketplace/partner-os/tenants","POST handleTenants","/api/angelcare-marketplace/partner-os/tenants","marketplace.partner_os.admin.view|marketplace.partner_os.tenants.create|marketplace.partner_os.tenants.manage|marketplace.partner_os.plans.view|marketplace.partner_os.subscriptions.view|marketplace.partner_os.tenant.access|marketplace.partner_os.onboarding.manage|marketplace.partner_os.subscriptions.manage|marketplace.partner_os.modules.manage","Academy contextual command links","AcademyCommand","Academy contextual command links","SOURCE_REVIEWED","IMPLEMENTED_RUNTIME_VERIFICATION_PENDING","STATIC_VERIFIED_RUNTIME_GATE","app/api/angelcare-marketplace/partner-os/tenants/route.ts; mutation method, imported handler and canonical exposure reconciled."
"CAP-GLOBAL-001","Accueil / cross-domain shell","/angelcare-marketplace/admin","/api/angelcare-marketplace/payments/intents","POST handlePaymentIntentCreate","/api/angelcare-marketplace/payments/intents","marketplace.finance.view|marketplace.finance.reconciliation.manage|marketplace.finance.price_books.manage|marketplace.finance.exceptions.approve|marketplace.security.manage|marketplace.operations.view|marketplace.operations.missions.manage","Global command, search and governed-action foundations","AdminNavigation; AdminWorkspaceContextNav; GovernedActionProvider","Global command, search and governed-action foundations","SOURCE_REVIEWED","IMPLEMENTED_RUNTIME_VERIFICATION_PENDING","STATIC_VERIFIED_RUNTIME_GATE","app/api/angelcare-marketplace/payments/intents/route.ts; mutation method, imported handler and canonical exposure reconciled."
"CAP-GLOBAL-001","Accueil / cross-domain shell","/angelcare-marketplace/admin","/api/angelcare-marketplace/payments/webhooks/:provider","POST handlePaymentWebhook","/api/angelcare-marketplace/payments/webhooks/:provider","marketplace.finance.view|marketplace.finance.reconciliation.manage|marketplace.finance.price_books.manage|marketplace.finance.exceptions.approve|marketplace.security.manage|marketplace.operations.view|marketplace.operations.missions.manage","Global command, search and governed-action foundations","AdminNavigation; AdminWorkspaceContextNav; GovernedActionProvider","Global command, search and governed-action foundations","SOURCE_REVIEWED","IMPLEMENTED_RUNTIME_VERIFICATION_PENDING","STATIC_VERIFIED_RUNTIME_GATE","app/api/angelcare-marketplace/payments/webhooks/[provider]/route.ts; mutation method, imported handler and canonical exposure reconciled."
"CAP-B08-001","Prestataires & fournisseurs","/angelcare-marketplace/admin/supply-network","/api/angelcare-marketplace/providers/:providerId/availability/:ruleId","PATCH handleProviderAvailabilityRule","/api/angelcare-marketplace/providers/:providerId/availability/:ruleId","marketplace.providers.view|marketplace.providers.create|marketplace.providers.manage|marketplace.providers.documents.review|marketplace.providers.eligibility.review|marketplace.providers.availability.manage|marketplace.providers.payable_eligibility.review|marketplace.providers.certifications.review|marketplace.providers.performance.view","Network contextual inspectors","NetworkAreaPage","Network contextual inspectors","SOURCE_REVIEWED","IMPLEMENTED_RUNTIME_VERIFICATION_PENDING","STATIC_VERIFIED_RUNTIME_GATE","app/api/angelcare-marketplace/providers/[providerId]/availability/[ruleId]/route.ts; mutation method, imported handler and canonical exposure reconciled."
"CAP-B08-001","Prestataires & fournisseurs","/angelcare-marketplace/admin/supply-network","/api/angelcare-marketplace/providers/:providerId/availability/:ruleId","DELETE handleProviderAvailabilityRule","/api/angelcare-marketplace/providers/:providerId/availability/:ruleId","marketplace.providers.view|marketplace.providers.create|marketplace.providers.manage|marketplace.providers.documents.review|marketplace.providers.eligibility.review|marketplace.providers.availability.manage|marketplace.providers.payable_eligibility.review|marketplace.providers.certifications.review|marketplace.providers.performance.view","Network contextual inspectors","NetworkAreaPage","Network contextual inspectors","SOURCE_REVIEWED","IMPLEMENTED_RUNTIME_VERIFICATION_PENDING","STATIC_VERIFIED_RUNTIME_GATE","app/api/angelcare-marketplace/providers/[providerId]/availability/[ruleId]/route.ts; mutation method, imported handler and canonical exposure reconciled."
"CAP-B08-001","Prestataires & fournisseurs","/angelcare-marketplace/admin/supply-network","/api/angelcare-marketplace/providers/:providerId/availability/exceptions","POST handleProviderAvailabilityException","/api/angelcare-marketplace/providers/:providerId/availability/exceptions","marketplace.providers.view|marketplace.providers.create|marketplace.providers.manage|marketplace.providers.documents.review|marketplace.providers.eligibility.review|marketplace.providers.availability.manage|marketplace.providers.payable_eligibility.review|marketplace.providers.certifications.review|marketplace.providers.performance.view","Network contextual inspectors","NetworkAreaPage","Network contextual inspectors","SOURCE_REVIEWED","IMPLEMENTED_RUNTIME_VERIFICATION_PENDING","STATIC_VERIFIED_RUNTIME_GATE","app/api/angelcare-marketplace/providers/[providerId]/availability/exceptions/route.ts; mutation method, imported handler and canonical exposure reconciled."
"CAP-B08-001","Prestataires & fournisseurs","/angelcare-marketplace/admin/supply-network","/api/angelcare-marketplace/providers/:providerId/availability","POST handleAvailability","/api/angelcare-marketplace/providers/:providerId/availability","marketplace.providers.view|marketplace.providers.create|marketplace.providers.manage|marketplace.providers.documents.review|marketplace.providers.eligibility.review|marketplace.providers.availability.manage|marketplace.providers.payable_eligibility.review|marketplace.providers.certifications.review|marketplace.providers.performance.view","Network contextual inspectors","NetworkAreaPage","Network contextual inspectors","SOURCE_REVIEWED","IMPLEMENTED_RUNTIME_VERIFICATION_PENDING","STATIC_VERIFIED_RUNTIME_GATE","app/api/angelcare-marketplace/providers/[providerId]/availability/route.ts; mutation method, imported handler and canonical exposure reconciled."
"CAP-B08-001","Prestataires & fournisseurs","/angelcare-marketplace/admin/supply-network","/api/angelcare-marketplace/providers/:providerId/certifications/:certificationId/review","POST handleProviderCertificationReview","/api/angelcare-marketplace/providers/:providerId/certifications/:certificationId/review","marketplace.providers.view|marketplace.providers.create|marketplace.providers.manage|marketplace.providers.documents.review|marketplace.providers.eligibility.review|marketplace.providers.availability.manage|marketplace.providers.payable_eligibility.review|marketplace.providers.certifications.review|marketplace.providers.performance.view","Network contextual inspectors","NetworkAreaPage","Network contextual inspectors","SOURCE_REVIEWED","IMPLEMENTED_RUNTIME_VERIFICATION_PENDING","STATIC_VERIFIED_RUNTIME_GATE","app/api/angelcare-marketplace/providers/[providerId]/certifications/[certificationId]/review/route.ts; mutation method, imported handler and canonical exposure reconciled."
"CAP-B08-001","Prestataires & fournisseurs","/angelcare-marketplace/admin/supply-network","/api/angelcare-marketplace/providers/:providerId/documents/:documentId/review","POST handleDocumentReview","/api/angelcare-marketplace/providers/:providerId/documents/:documentId/review","marketplace.providers.view|marketplace.providers.create|marketplace.providers.manage|marketplace.providers.documents.review|marketplace.providers.eligibility.review|marketplace.providers.availability.manage|marketplace.providers.payable_eligibility.review|marketplace.providers.certifications.review|marketplace.providers.performance.view","Network contextual inspectors","NetworkAreaPage","Network contextual inspectors","SOURCE_REVIEWED","IMPLEMENTED_RUNTIME_VERIFICATION_PENDING","STATIC_VERIFIED_RUNTIME_GATE","app/api/angelcare-marketplace/providers/[providerId]/documents/[documentId]/review/route.ts; mutation method, imported handler and canonical exposure reconciled."
"CAP-B08-001","Prestataires & fournisseurs","/angelcare-marketplace/admin/supply-network","/api/angelcare-marketplace/providers/:providerId/documents/request","POST handleProviderDocumentRequest","/api/angelcare-marketplace/providers/:providerId/documents/request","marketplace.providers.view|marketplace.providers.create|marketplace.providers.manage|marketplace.providers.documents.review|marketplace.providers.eligibility.review|marketplace.providers.availability.manage|marketplace.providers.payable_eligibility.review|marketplace.providers.certifications.review|marketplace.providers.performance.view","Network contextual inspectors","NetworkAreaPage","Network contextual inspectors","SOURCE_REVIEWED","IMPLEMENTED_RUNTIME_VERIFICATION_PENDING","STATIC_VERIFIED_RUNTIME_GATE","app/api/angelcare-marketplace/providers/[providerId]/documents/request/route.ts; mutation method, imported handler and canonical exposure reconciled."
"CAP-B08-001","Prestataires & fournisseurs","/angelcare-marketplace/admin/supply-network","/api/angelcare-marketplace/providers/:providerId/eligibility/recalculate","POST handleEligibilityRecalculate","/api/angelcare-marketplace/providers/:providerId/eligibility/recalculate","marketplace.providers.view|marketplace.providers.create|marketplace.providers.manage|marketplace.providers.documents.review|marketplace.providers.eligibility.review|marketplace.providers.availability.manage|marketplace.providers.payable_eligibility.review|marketplace.providers.certifications.review|marketplace.providers.performance.view","Network contextual inspectors","NetworkAreaPage","Network contextual inspectors","SOURCE_REVIEWED","IMPLEMENTED_RUNTIME_VERIFICATION_PENDING","STATIC_VERIFIED_RUNTIME_GATE","app/api/angelcare-marketplace/providers/[providerId]/eligibility/recalculate/route.ts; mutation method, imported handler and canonical exposure reconciled."
"CAP-B08-001","Prestataires & fournisseurs","/angelcare-marketplace/admin/supply-network","/api/angelcare-marketplace/providers/:providerId/lifecycle","POST handleProviderLifecycle","/api/angelcare-marketplace/providers/:providerId/lifecycle","marketplace.providers.view|marketplace.providers.create|marketplace.providers.manage|marketplace.providers.documents.review|marketplace.providers.eligibility.review|marketplace.providers.availability.manage|marketplace.providers.payable_eligibility.review|marketplace.providers.certifications.review|marketplace.providers.performance.view","Network contextual inspectors","NetworkAreaPage","Network contextual inspectors","SOURCE_REVIEWED","IMPLEMENTED_RUNTIME_VERIFICATION_PENDING","STATIC_VERIFIED_RUNTIME_GATE","app/api/angelcare-marketplace/providers/[providerId]/lifecycle/route.ts; mutation method, imported handler and canonical exposure reconciled."
"CAP-B08-001","Prestataires & fournisseurs","/angelcare-marketplace/admin/supply-network","/api/angelcare-marketplace/providers/:providerId/performance","POST handleProviderPerformance","/api/angelcare-marketplace/providers/:providerId/performance","marketplace.providers.view|marketplace.providers.create|marketplace.providers.manage|marketplace.providers.documents.review|marketplace.providers.eligibility.review|marketplace.providers.availability.manage|marketplace.providers.payable_eligibility.review|marketplace.providers.certifications.review|marketplace.providers.performance.view","Network contextual inspectors","NetworkAreaPage","Network contextual inspectors","SOURCE_REVIEWED","IMPLEMENTED_RUNTIME_VERIFICATION_PENDING","STATIC_VERIFIED_RUNTIME_GATE","app/api/angelcare-marketplace/providers/[providerId]/performance/route.ts; mutation method, imported handler and canonical exposure reconciled."
"CAP-B08-001","Prestataires & fournisseurs","/angelcare-marketplace/admin/supply-network","/api/angelcare-marketplace/providers/:providerId/qualifications/:qualificationId","PATCH handleProviderQualification","/api/angelcare-marketplace/providers/:providerId/qualifications/:qualificationId","marketplace.providers.view|marketplace.providers.create|marketplace.providers.manage|marketplace.providers.documents.review|marketplace.providers.eligibility.review|marketplace.providers.availability.manage|marketplace.providers.payable_eligibility.review|marketplace.providers.certifications.review|marketplace.providers.performance.view","Network contextual inspectors","NetworkAreaPage","Network contextual inspectors","SOURCE_REVIEWED","IMPLEMENTED_RUNTIME_VERIFICATION_PENDING","STATIC_VERIFIED_RUNTIME_GATE","app/api/angelcare-marketplace/providers/[providerId]/qualifications/[qualificationId]/route.ts; mutation method, imported handler and canonical exposure reconciled."
"CAP-B08-001","Prestataires & fournisseurs","/angelcare-marketplace/admin/supply-network","/api/angelcare-marketplace/providers/:providerId/qualifications/:qualificationId","DELETE handleProviderQualification","/api/angelcare-marketplace/providers/:providerId/qualifications/:qualificationId","marketplace.providers.view|marketplace.providers.create|marketplace.providers.manage|marketplace.providers.documents.review|marketplace.providers.eligibility.review|marketplace.providers.availability.manage|marketplace.providers.payable_eligibility.review|marketplace.providers.certifications.review|marketplace.providers.performance.view","Network contextual inspectors","NetworkAreaPage","Network contextual inspectors","SOURCE_REVIEWED","IMPLEMENTED_RUNTIME_VERIFICATION_PENDING","STATIC_VERIFIED_RUNTIME_GATE","app/api/angelcare-marketplace/providers/[providerId]/qualifications/[qualificationId]/route.ts; mutation method, imported handler and canonical exposure reconciled."
"CAP-B08-001","Prestataires & fournisseurs","/angelcare-marketplace/admin/supply-network","/api/angelcare-marketplace/providers/:providerId/qualifications","POST handleProviderQualifications","/api/angelcare-marketplace/providers/:providerId/qualifications","marketplace.providers.view|marketplace.providers.create|marketplace.providers.manage|marketplace.providers.documents.review|marketplace.providers.eligibility.review|marketplace.providers.availability.manage|marketplace.providers.payable_eligibility.review|marketplace.providers.certifications.review|marketplace.providers.performance.view","Network contextual inspectors","NetworkAreaPage","Network contextual inspectors","SOURCE_REVIEWED","IMPLEMENTED_RUNTIME_VERIFICATION_PENDING","STATIC_VERIFIED_RUNTIME_GATE","app/api/angelcare-marketplace/providers/[providerId]/qualifications/route.ts; mutation method, imported handler and canonical exposure reconciled."
"CAP-B08-001","Prestataires & fournisseurs","/angelcare-marketplace/admin/supply-network","/api/angelcare-marketplace/providers/:providerId","PATCH handleProviderDossier","/api/angelcare-marketplace/providers/:providerId","marketplace.providers.view|marketplace.providers.create|marketplace.providers.manage|marketplace.providers.documents.review|marketplace.providers.eligibility.review|marketplace.providers.availability.manage|marketplace.providers.payable_eligibility.review|marketplace.providers.certifications.review|marketplace.providers.performance.view","Network contextual inspectors","NetworkAreaPage","Network contextual inspectors","SOURCE_REVIEWED","IMPLEMENTED_RUNTIME_VERIFICATION_PENDING","STATIC_VERIFIED_RUNTIME_GATE","app/api/angelcare-marketplace/providers/[providerId]/route.ts; mutation method, imported handler and canonical exposure reconciled."
"CAP-B08-001","Prestataires & fournisseurs","/angelcare-marketplace/admin/supply-network","/api/angelcare-marketplace/providers/payable/:payableId/decision","POST handlePayableDecision","/api/angelcare-marketplace/providers/payable/:payableId/decision","marketplace.providers.view|marketplace.providers.create|marketplace.providers.manage|marketplace.providers.documents.review|marketplace.providers.eligibility.review|marketplace.providers.availability.manage|marketplace.providers.payable_eligibility.review|marketplace.providers.certifications.review|marketplace.providers.performance.view","Network contextual inspectors","NetworkAreaPage","Network contextual inspectors","SOURCE_REVIEWED","IMPLEMENTED_RUNTIME_VERIFICATION_PENDING","STATIC_VERIFIED_RUNTIME_GATE","app/api/angelcare-marketplace/providers/payable/[payableId]/decision/route.ts; mutation method, imported handler and canonical exposure reconciled."
"CAP-B08-001","Prestataires & fournisseurs","/angelcare-marketplace/admin/supply-network","/api/angelcare-marketplace/providers","POST handleProviders","/api/angelcare-marketplace/providers","marketplace.providers.view|marketplace.providers.create|marketplace.providers.manage|marketplace.providers.documents.review|marketplace.providers.eligibility.review|marketplace.providers.availability.manage|marketplace.providers.payable_eligibility.review|marketplace.providers.certifications.review|marketplace.providers.performance.view","Network contextual inspectors","NetworkAreaPage","Network contextual inspectors","SOURCE_REVIEWED","IMPLEMENTED_RUNTIME_VERIFICATION_PENDING","STATIC_VERIFIED_RUNTIME_GATE","app/api/angelcare-marketplace/providers/route.ts; mutation method, imported handler and canonical exposure reconciled."
"CAP-B05-001","Boutique","/angelcare-marketplace/admin/boutique","/api/angelcare-marketplace/public/footer/events","POST handlePublicFooterEvent","/api/angelcare-marketplace/public/footer/events","marketplace.commerce.view|marketplace.publication.manage|marketplace.analytics.view","CONTEXTUAL_PRIORITY_RAIL","FrontendControlCommand","CONTEXTUAL_PRIORITY_RAIL","SOURCE_REVIEWED","IMPLEMENTED_RUNTIME_VERIFICATION_PENDING","STATIC_VERIFIED_RUNTIME_GATE","app/api/angelcare-marketplace/public/footer/events/route.ts; mutation method, imported handler and canonical exposure reconciled."
"CAP-B11-001","Trust & qualité","/angelcare-marketplace/admin/trust","/api/angelcare-marketplace/qa/defects/:defectId/transition","POST handleDefectTransition","/api/angelcare-marketplace/qa/defects/:defectId/transition","marketplace.intelligence.view|marketplace.growth.view|marketplace.performance.view|marketplace.security.view|marketplace.qa.view|marketplace.launch.view|marketplace.launch.monitoring|marketplace.growth.experiments.manage|marketplace.qa.defects.manage|marketplace.launch.approve","Contextual lifecycle decision desks on linked authorities","TrustCommand; AdminWorkspaceContextNav","Contextual lifecycle decision desks on linked authorities","SOURCE_REVIEWED","IMPLEMENTED_RUNTIME_VERIFICATION_PENDING","STATIC_VERIFIED_RUNTIME_GATE","app/api/angelcare-marketplace/qa/defects/[defectId]/transition/route.ts; mutation method, imported handler and canonical exposure reconciled."
"CAP-B01-001","Accueil / Produits & services","/angelcare-marketplace/admin","/api/angelcare-marketplace/quote-baskets/:basketId/items","POST handleQuoteBasketItems","/api/angelcare-marketplace/quote-baskets/:basketId/items","marketplace.catalog.view|marketplace.catalog.manage|marketplace.catalog.publish|marketplace.catalog.suppliers.view|marketplace.quote_basket.create|marketplace.quote_basket.view|marketplace.quote_basket.manage","SOURCE_REVIEWED","OperatorExcellenceCockpit","SOURCE_REVIEWED","SOURCE_REVIEWED","IMPLEMENTED_RUNTIME_VERIFICATION_PENDING","STATIC_VERIFIED_RUNTIME_GATE","app/api/angelcare-marketplace/quote-baskets/[basketId]/items/route.ts; mutation method, imported handler and canonical exposure reconciled."
"CAP-B04-001","Commandes & réservations","/angelcare-marketplace/admin/orders","/api/angelcare-marketplace/quote-baskets/:basketId/items","POST handleQuoteBasketItems","/api/angelcare-marketplace/quote-baskets/:basketId/items","marketplace.catalog.view|marketplace.catalog.manage|marketplace.catalog.publish|marketplace.catalog.suppliers.view|marketplace.quote_basket.create|marketplace.quote_basket.view|marketplace.quote_basket.manage","selected-order inspector and governed lifecycle modal","EnterpriseOrderCommand","selected-order inspector and governed lifecycle modal","SOURCE_REVIEWED","IMPLEMENTED_RUNTIME_VERIFICATION_PENDING","STATIC_VERIFIED_RUNTIME_GATE","app/api/angelcare-marketplace/quote-baskets/[basketId]/items/route.ts; mutation method, imported handler and canonical exposure reconciled."
"CAP-B08-001","Prestataires & fournisseurs","/angelcare-marketplace/admin/supply-network","/api/angelcare-marketplace/quote-baskets/:basketId/items","POST handleQuoteBasketItems","/api/angelcare-marketplace/quote-baskets/:basketId/items","marketplace.catalog.view|marketplace.catalog.manage|marketplace.catalog.publish|marketplace.catalog.suppliers.view|marketplace.quote_basket.create|marketplace.quote_basket.view|marketplace.quote_basket.manage","Network contextual inspectors","NetworkAreaPage","Network contextual inspectors","SOURCE_REVIEWED","IMPLEMENTED_RUNTIME_VERIFICATION_PENDING","STATIC_VERIFIED_RUNTIME_GATE","app/api/angelcare-marketplace/quote-baskets/[basketId]/items/route.ts; mutation method, imported handler and canonical exposure reconciled."
"CAP-B01-001","Accueil / Produits & services","/angelcare-marketplace/admin","/api/angelcare-marketplace/quote-baskets","POST handleQuoteBaskets","/api/angelcare-marketplace/quote-baskets","marketplace.catalog.view|marketplace.catalog.manage|marketplace.catalog.publish|marketplace.catalog.suppliers.view|marketplace.quote_basket.create|marketplace.quote_basket.view|marketplace.quote_basket.manage","SOURCE_REVIEWED","OperatorExcellenceCockpit","SOURCE_REVIEWED","SOURCE_REVIEWED","IMPLEMENTED_RUNTIME_VERIFICATION_PENDING","STATIC_VERIFIED_RUNTIME_GATE","app/api/angelcare-marketplace/quote-baskets/route.ts; mutation method, imported handler and canonical exposure reconciled."
"CAP-B04-001","Commandes & réservations","/angelcare-marketplace/admin/orders","/api/angelcare-marketplace/quote-baskets","POST handleQuoteBaskets","/api/angelcare-marketplace/quote-baskets","marketplace.catalog.view|marketplace.catalog.manage|marketplace.catalog.publish|marketplace.catalog.suppliers.view|marketplace.quote_basket.create|marketplace.quote_basket.view|marketplace.quote_basket.manage","selected-order inspector and governed lifecycle modal","EnterpriseOrderCommand","selected-order inspector and governed lifecycle modal","SOURCE_REVIEWED","IMPLEMENTED_RUNTIME_VERIFICATION_PENDING","STATIC_VERIFIED_RUNTIME_GATE","app/api/angelcare-marketplace/quote-baskets/route.ts; mutation method, imported handler and canonical exposure reconciled."
"CAP-B08-001","Prestataires & fournisseurs","/angelcare-marketplace/admin/supply-network","/api/angelcare-marketplace/quote-baskets","POST handleQuoteBaskets","/api/angelcare-marketplace/quote-baskets","marketplace.catalog.view|marketplace.catalog.manage|marketplace.catalog.publish|marketplace.catalog.suppliers.view|marketplace.quote_basket.create|marketplace.quote_basket.view|marketplace.quote_basket.manage","Network contextual inspectors","NetworkAreaPage","Network contextual inspectors","SOURCE_REVIEWED","IMPLEMENTED_RUNTIME_VERIFICATION_PENDING","STATIC_VERIFIED_RUNTIME_GATE","app/api/angelcare-marketplace/quote-baskets/route.ts; mutation method, imported handler and canonical exposure reconciled."
"CAP-B11-001","Trust & qualité","/angelcare-marketplace/admin/trust","/api/angelcare-marketplace/security/isolation-tests/:testId/execute","POST handleIsolationExecution","/api/angelcare-marketplace/security/isolation-tests/:testId/execute","marketplace.analytics.view|marketplace.analytics.definitions.manage|marketplace.security.view|marketplace.security.access_review|marketplace.security.isolation.review|marketplace.security.events.view|marketplace.backup.view|marketplace.recovery_test.approve","Contextual lifecycle decision desks on linked authorities","TrustCommand; AdminWorkspaceContextNav","Contextual lifecycle decision desks on linked authorities","SOURCE_REVIEWED","IMPLEMENTED_RUNTIME_VERIFICATION_PENDING","STATIC_VERIFIED_RUNTIME_GATE","app/api/angelcare-marketplace/security/isolation-tests/[testId]/execute/route.ts; mutation method, imported handler and canonical exposure reconciled."
"CAP-B11-001","Trust & qualité","/angelcare-marketplace/admin/trust","/api/angelcare-marketplace/security/recovery-tests/:testId/transition","POST handleRecoveryTransition","/api/angelcare-marketplace/security/recovery-tests/:testId/transition","marketplace.analytics.view|marketplace.analytics.definitions.manage|marketplace.security.view|marketplace.security.access_review|marketplace.security.isolation.review|marketplace.security.events.view|marketplace.backup.view|marketplace.recovery_test.approve","Contextual lifecycle decision desks on linked authorities","TrustCommand; AdminWorkspaceContextNav","Contextual lifecycle decision desks on linked authorities","SOURCE_REVIEWED","IMPLEMENTED_RUNTIME_VERIFICATION_PENDING","STATIC_VERIFIED_RUNTIME_GATE","app/api/angelcare-marketplace/security/recovery-tests/[testId]/transition/route.ts; mutation method, imported handler and canonical exposure reconciled."
"CAP-B07-001","Opérations","/angelcare-marketplace/admin/operations/today","/api/angelcare-marketplace/territories/:territoryCode/health","POST handleTerritoryHealthGet|handleTerritoryHealthPost","/api/angelcare-marketplace/territories/:territoryCode/health","marketplace.territories.submit_review|marketplace.territories.approve_soft_launch|marketplace.territories.approve_live|marketplace.territories.pause|marketplace.territories.archive|marketplace.territories.update|marketplace.territories.resume|marketplace.territories.view|marketplace.territories.create|marketplace.territories.clone|marketplace.territory_settings.view|marketplace.territory_settings.manage|marketplace.territory_overrides.view|marketplace.territory_overrides.create|marketplace.territory_overrides.approve|marketplace.territory_overrides.reject|marketplace.territory_overrides.rollback|marketplace.territory_readiness.view|marketplace.territory_readiness.manage|marketplace.territory_readiness.review|marketplace.territory_readiness.sign_off|marketplace.territory_health.view|marketplace.territory_health.manage|marketplace.territories.preview|marketplace.territories.export","Operations queue inspectors and contextual mission links","OperationsCommand","Operations queue inspectors and contextual mission links","SOURCE_REVIEWED","IMPLEMENTED_RUNTIME_VERIFICATION_PENDING","STATIC_VERIFIED_RUNTIME_GATE","app/api/angelcare-marketplace/territories/[territoryCode]/health/route.ts; mutation method, imported handler and canonical exposure reconciled."
"CAP-B07-001","Opérations","/angelcare-marketplace/admin/operations/today","/api/angelcare-marketplace/territories/:territoryCode/overrides","POST handleTerritoryOverridesGet|handleTerritoryOverridesPost","/api/angelcare-marketplace/territories/:territoryCode/overrides","marketplace.territories.submit_review|marketplace.territories.approve_soft_launch|marketplace.territories.approve_live|marketplace.territories.pause|marketplace.territories.archive|marketplace.territories.update|marketplace.territories.resume|marketplace.territories.view|marketplace.territories.create|marketplace.territories.clone|marketplace.territory_settings.view|marketplace.territory_settings.manage|marketplace.territory_overrides.view|marketplace.territory_overrides.create|marketplace.territory_overrides.approve|marketplace.territory_overrides.reject|marketplace.territory_overrides.rollback|marketplace.territory_readiness.view|marketplace.territory_readiness.manage|marketplace.territory_readiness.review|marketplace.territory_readiness.sign_off|marketplace.territory_health.view|marketplace.territory_health.manage|marketplace.territories.preview|marketplace.territories.export","Operations queue inspectors and contextual mission links","OperationsCommand","Operations queue inspectors and contextual mission links","SOURCE_REVIEWED","IMPLEMENTED_RUNTIME_VERIFICATION_PENDING","STATIC_VERIFIED_RUNTIME_GATE","app/api/angelcare-marketplace/territories/[territoryCode]/overrides/route.ts; mutation method, imported handler and canonical exposure reconciled."
"CAP-B07-001","Opérations","/angelcare-marketplace/admin/operations/today","/api/angelcare-marketplace/territories/:territoryCode/readiness/:gateKey","PATCH handleTerritoryReadinessPatch","/api/angelcare-marketplace/territories/:territoryCode/readiness/:gateKey","marketplace.territories.submit_review|marketplace.territories.approve_soft_launch|marketplace.territories.approve_live|marketplace.territories.pause|marketplace.territories.archive|marketplace.territories.update|marketplace.territories.resume|marketplace.territories.view|marketplace.territories.create|marketplace.territories.clone|marketplace.territory_settings.view|marketplace.territory_settings.manage|marketplace.territory_overrides.view|marketplace.territory_overrides.create|marketplace.territory_overrides.approve|marketplace.territory_overrides.reject|marketplace.territory_overrides.rollback|marketplace.territory_readiness.view|marketplace.territory_readiness.manage|marketplace.territory_readiness.review|marketplace.territory_readiness.sign_off|marketplace.territory_health.view|marketplace.territory_health.manage|marketplace.territories.preview|marketplace.territories.export","Operations queue inspectors and contextual mission links","OperationsCommand","Operations queue inspectors and contextual mission links","SOURCE_REVIEWED","IMPLEMENTED_RUNTIME_VERIFICATION_PENDING","STATIC_VERIFIED_RUNTIME_GATE","app/api/angelcare-marketplace/territories/[territoryCode]/readiness/[gateKey]/route.ts; mutation method, imported handler and canonical exposure reconciled."
"CAP-B07-001","Opérations","/angelcare-marketplace/admin/operations/today","/api/angelcare-marketplace/territories/:territoryCode/readiness/sign-off","POST handleTerritoryReadinessSignOffPost","/api/angelcare-marketplace/territories/:territoryCode/readiness/sign-off","marketplace.territories.submit_review|marketplace.territories.approve_soft_launch|marketplace.territories.approve_live|marketplace.territories.pause|marketplace.territories.archive|marketplace.territories.update|marketplace.territories.resume|marketplace.territories.view|marketplace.territories.create|marketplace.territories.clone|marketplace.territory_settings.view|marketplace.territory_settings.manage|marketplace.territory_overrides.view|marketplace.territory_overrides.create|marketplace.territory_overrides.approve|marketplace.territory_overrides.reject|marketplace.territory_overrides.rollback|marketplace.territory_readiness.view|marketplace.territory_readiness.manage|marketplace.territory_readiness.review|marketplace.territory_readiness.sign_off|marketplace.territory_health.view|marketplace.territory_health.manage|marketplace.territories.preview|marketplace.territories.export","Operations queue inspectors and contextual mission links","OperationsCommand","Operations queue inspectors and contextual mission links","SOURCE_REVIEWED","IMPLEMENTED_RUNTIME_VERIFICATION_PENDING","STATIC_VERIFIED_RUNTIME_GATE","app/api/angelcare-marketplace/territories/[territoryCode]/readiness/sign-off/route.ts; mutation method, imported handler and canonical exposure reconciled."
"CAP-B07-001","Opérations","/angelcare-marketplace/admin/operations/today","/api/angelcare-marketplace/territories/:territoryCode/readiness/validate","POST handleTerritoryReadinessValidatePost","/api/angelcare-marketplace/territories/:territoryCode/readiness/validate","marketplace.territories.submit_review|marketplace.territories.approve_soft_launch|marketplace.territories.approve_live|marketplace.territories.pause|marketplace.territories.archive|marketplace.territories.update|marketplace.territories.resume|marketplace.territories.view|marketplace.territories.create|marketplace.territories.clone|marketplace.territory_settings.view|marketplace.territory_settings.manage|marketplace.territory_overrides.view|marketplace.territory_overrides.create|marketplace.territory_overrides.approve|marketplace.territory_overrides.reject|marketplace.territory_overrides.rollback|marketplace.territory_readiness.view|marketplace.territory_readiness.manage|marketplace.territory_readiness.review|marketplace.territory_readiness.sign_off|marketplace.territory_health.view|marketplace.territory_health.manage|marketplace.territories.preview|marketplace.territories.export","Operations queue inspectors and contextual mission links","OperationsCommand","Operations queue inspectors and contextual mission links","SOURCE_REVIEWED","IMPLEMENTED_RUNTIME_VERIFICATION_PENDING","STATIC_VERIFIED_RUNTIME_GATE","app/api/angelcare-marketplace/territories/[territoryCode]/readiness/validate/route.ts; mutation method, imported handler and canonical exposure reconciled."
"CAP-B07-001","Opérations","/angelcare-marketplace/admin/operations/today","/api/angelcare-marketplace/territories/:territoryCode","PATCH handleTerritoryGet|handleTerritoryPatch","/api/angelcare-marketplace/territories/:territoryCode","marketplace.territories.submit_review|marketplace.territories.approve_soft_launch|marketplace.territories.approve_live|marketplace.territories.pause|marketplace.territories.archive|marketplace.territories.update|marketplace.territories.resume|marketplace.territories.view|marketplace.territories.create|marketplace.territories.clone|marketplace.territory_settings.view|marketplace.territory_settings.manage|marketplace.territory_overrides.view|marketplace.territory_overrides.create|marketplace.territory_overrides.approve|marketplace.territory_overrides.reject|marketplace.territory_overrides.rollback|marketplace.territory_readiness.view|marketplace.territory_readiness.manage|marketplace.territory_readiness.review|marketplace.territory_readiness.sign_off|marketplace.territory_health.view|marketplace.territory_health.manage|marketplace.territories.preview|marketplace.territories.export","Operations queue inspectors and contextual mission links","OperationsCommand","Operations queue inspectors and contextual mission links","SOURCE_REVIEWED","IMPLEMENTED_RUNTIME_VERIFICATION_PENDING","STATIC_VERIFIED_RUNTIME_GATE","app/api/angelcare-marketplace/territories/[territoryCode]/route.ts; mutation method, imported handler and canonical exposure reconciled."
"CAP-B07-001","Opérations","/angelcare-marketplace/admin/operations/today","/api/angelcare-marketplace/territories/:territoryCode/settings/:settingKey","PATCH handleTerritorySettingPatch","/api/angelcare-marketplace/territories/:territoryCode/settings/:settingKey","marketplace.territories.submit_review|marketplace.territories.approve_soft_launch|marketplace.territories.approve_live|marketplace.territories.pause|marketplace.territories.archive|marketplace.territories.update|marketplace.territories.resume|marketplace.territories.view|marketplace.territories.create|marketplace.territories.clone|marketplace.territory_settings.view|marketplace.territory_settings.manage|marketplace.territory_overrides.view|marketplace.territory_overrides.create|marketplace.territory_overrides.approve|marketplace.territory_overrides.reject|marketplace.territory_overrides.rollback|marketplace.territory_readiness.view|marketplace.territory_readiness.manage|marketplace.territory_readiness.review|marketplace.territory_readiness.sign_off|marketplace.territory_health.view|marketplace.territory_health.manage|marketplace.territories.preview|marketplace.territories.export","Operations queue inspectors and contextual mission links","OperationsCommand","Operations queue inspectors and contextual mission links","SOURCE_REVIEWED","IMPLEMENTED_RUNTIME_VERIFICATION_PENDING","STATIC_VERIFIED_RUNTIME_GATE","app/api/angelcare-marketplace/territories/[territoryCode]/settings/[settingKey]/route.ts; mutation method, imported handler and canonical exposure reconciled."
"CAP-B07-001","Opérations","/angelcare-marketplace/admin/operations/today","/api/angelcare-marketplace/territories/:territoryCode/transition","POST handleTerritoryTransitionPost","/api/angelcare-marketplace/territories/:territoryCode/transition","marketplace.territories.submit_review|marketplace.territories.approve_soft_launch|marketplace.territories.approve_live|marketplace.territories.pause|marketplace.territories.archive|marketplace.territories.update|marketplace.territories.resume|marketplace.territories.view|marketplace.territories.create|marketplace.territories.clone|marketplace.territory_settings.view|marketplace.territory_settings.manage|marketplace.territory_overrides.view|marketplace.territory_overrides.create|marketplace.territory_overrides.approve|marketplace.territory_overrides.reject|marketplace.territory_overrides.rollback|marketplace.territory_readiness.view|marketplace.territory_readiness.manage|marketplace.territory_readiness.review|marketplace.territory_readiness.sign_off|marketplace.territory_health.view|marketplace.territory_health.manage|marketplace.territories.preview|marketplace.territories.export","Operations queue inspectors and contextual mission links","OperationsCommand","Operations queue inspectors and contextual mission links","SOURCE_REVIEWED","IMPLEMENTED_RUNTIME_VERIFICATION_PENDING","STATIC_VERIFIED_RUNTIME_GATE","app/api/angelcare-marketplace/territories/[territoryCode]/transition/route.ts; mutation method, imported handler and canonical exposure reconciled."
"CAP-B07-001","Opérations","/angelcare-marketplace/admin/operations/today","/api/angelcare-marketplace/territory-overrides/:overrideId/review","POST handleTerritoryOverrideReviewPost","/api/angelcare-marketplace/territory-overrides/:overrideId/review","marketplace.territories.submit_review|marketplace.territories.approve_soft_launch|marketplace.territories.approve_live|marketplace.territories.pause|marketplace.territories.archive|marketplace.territories.update|marketplace.territories.resume|marketplace.territories.view|marketplace.territories.create|marketplace.territories.clone|marketplace.territory_settings.view|marketplace.territory_settings.manage|marketplace.territory_overrides.view|marketplace.territory_overrides.create|marketplace.territory_overrides.approve|marketplace.territory_overrides.reject|marketplace.territory_overrides.rollback|marketplace.territory_readiness.view|marketplace.territory_readiness.manage|marketplace.territory_readiness.review|marketplace.territory_readiness.sign_off|marketplace.territory_health.view|marketplace.territory_health.manage|marketplace.territories.preview|marketplace.territories.export","Operations queue inspectors and contextual mission links","OperationsCommand","Operations queue inspectors and contextual mission links","SOURCE_REVIEWED","IMPLEMENTED_RUNTIME_VERIFICATION_PENDING","STATIC_VERIFIED_RUNTIME_GATE","app/api/angelcare-marketplace/territory-overrides/[overrideId]/review/route.ts; mutation method, imported handler and canonical exposure reconciled."
"CAP-B07-001","Opérations","/angelcare-marketplace/admin/operations/today","/api/angelcare-marketplace/territory-overrides/:overrideId/rollback","POST handleTerritoryOverrideRollbackPost","/api/angelcare-marketplace/territory-overrides/:overrideId/rollback","marketplace.territories.submit_review|marketplace.territories.approve_soft_launch|marketplace.territories.approve_live|marketplace.territories.pause|marketplace.territories.archive|marketplace.territories.update|marketplace.territories.resume|marketplace.territories.view|marketplace.territories.create|marketplace.territories.clone|marketplace.territory_settings.view|marketplace.territory_settings.manage|marketplace.territory_overrides.view|marketplace.territory_overrides.create|marketplace.territory_overrides.approve|marketplace.territory_overrides.reject|marketplace.territory_overrides.rollback|marketplace.territory_readiness.view|marketplace.territory_readiness.manage|marketplace.territory_readiness.review|marketplace.territory_readiness.sign_off|marketplace.territory_health.view|marketplace.territory_health.manage|marketplace.territories.preview|marketplace.territories.export","Operations queue inspectors and contextual mission links","OperationsCommand","Operations queue inspectors and contextual mission links","SOURCE_REVIEWED","IMPLEMENTED_RUNTIME_VERIFICATION_PENDING","STATIC_VERIFIED_RUNTIME_GATE","app/api/angelcare-marketplace/territory-overrides/[overrideId]/rollback/route.ts; mutation method, imported handler and canonical exposure reconciled."
"CAP-B11-001","Trust & qualité","/angelcare-marketplace/admin/trust","/api/angelcare-marketplace/trust/assessments/:assessmentId/recalculate","POST handleAssessmentRecalculate","/api/angelcare-marketplace/trust/assessments/:assessmentId/recalculate","marketplace.trust.sops.manage|marketplace.quality.assessments.manage|marketplace.complaints.manage|marketplace.quality.corrective_actions.manage|marketplace.trust.view|marketplace.quality.view|marketplace.complaints.view|marketplace.sensitive_content.review|marketplace.sensitive_content.approve","Contextual lifecycle decision desks on linked authorities","TrustCommand; AdminWorkspaceContextNav","Contextual lifecycle decision desks on linked authorities","SOURCE_REVIEWED","IMPLEMENTED_RUNTIME_VERIFICATION_PENDING","STATIC_VERIFIED_RUNTIME_GATE","app/api/angelcare-marketplace/trust/assessments/[assessmentId]/recalculate/route.ts; mutation method, imported handler and canonical exposure reconciled."
"CAP-B11-001","Trust & qualité","/angelcare-marketplace/admin/trust","/api/angelcare-marketplace/trust/assessments/:assessmentId/transition","POST handleAssessmentTransition","/api/angelcare-marketplace/trust/assessments/:assessmentId/transition","marketplace.trust.sops.manage|marketplace.quality.assessments.manage|marketplace.complaints.manage|marketplace.quality.corrective_actions.manage|marketplace.trust.view|marketplace.quality.view|marketplace.complaints.view|marketplace.sensitive_content.review|marketplace.sensitive_content.approve","Contextual lifecycle decision desks on linked authorities","TrustCommand; AdminWorkspaceContextNav","Contextual lifecycle decision desks on linked authorities","SOURCE_REVIEWED","IMPLEMENTED_RUNTIME_VERIFICATION_PENDING","STATIC_VERIFIED_RUNTIME_GATE","app/api/angelcare-marketplace/trust/assessments/[assessmentId]/transition/route.ts; mutation method, imported handler and canonical exposure reconciled."
"CAP-B11-001","Trust & qualité","/angelcare-marketplace/admin/trust","/api/angelcare-marketplace/trust/capa/:actionId/transition","POST handleCapaTransition","/api/angelcare-marketplace/trust/capa/:actionId/transition","marketplace.trust.sops.manage|marketplace.quality.assessments.manage|marketplace.complaints.manage|marketplace.quality.corrective_actions.manage|marketplace.trust.view|marketplace.quality.view|marketplace.complaints.view|marketplace.sensitive_content.review|marketplace.sensitive_content.approve","Contextual lifecycle decision desks on linked authorities","TrustCommand; AdminWorkspaceContextNav","Contextual lifecycle decision desks on linked authorities","SOURCE_REVIEWED","IMPLEMENTED_RUNTIME_VERIFICATION_PENDING","STATIC_VERIFIED_RUNTIME_GATE","app/api/angelcare-marketplace/trust/capa/[actionId]/transition/route.ts; mutation method, imported handler and canonical exposure reconciled."
"CAP-B11-001","Trust & qualité","/angelcare-marketplace/admin/trust","/api/angelcare-marketplace/trust/complaints/:complaintId/transition","POST handleComplaintTransition","/api/angelcare-marketplace/trust/complaints/:complaintId/transition","marketplace.trust.sops.manage|marketplace.quality.assessments.manage|marketplace.complaints.manage|marketplace.quality.corrective_actions.manage|marketplace.trust.view|marketplace.quality.view|marketplace.complaints.view|marketplace.sensitive_content.review|marketplace.sensitive_content.approve","Contextual lifecycle decision desks on linked authorities","TrustCommand; AdminWorkspaceContextNav","Contextual lifecycle decision desks on linked authorities","SOURCE_REVIEWED","IMPLEMENTED_RUNTIME_VERIFICATION_PENDING","STATIC_VERIFIED_RUNTIME_GATE","app/api/angelcare-marketplace/trust/complaints/[complaintId]/transition/route.ts; mutation method, imported handler and canonical exposure reconciled."
"CAP-B11-001","Trust & qualité","/angelcare-marketplace/admin/trust","/api/angelcare-marketplace/trust/sensitive-reviews/:reviewId/approve","POST handleSensitiveApproval","/api/angelcare-marketplace/trust/sensitive-reviews/:reviewId/approve","marketplace.trust.sops.manage|marketplace.quality.assessments.manage|marketplace.complaints.manage|marketplace.quality.corrective_actions.manage|marketplace.trust.view|marketplace.quality.view|marketplace.complaints.view|marketplace.sensitive_content.review|marketplace.sensitive_content.approve","Contextual lifecycle decision desks on linked authorities","TrustCommand; AdminWorkspaceContextNav","Contextual lifecycle decision desks on linked authorities","SOURCE_REVIEWED","IMPLEMENTED_RUNTIME_VERIFICATION_PENDING","STATIC_VERIFIED_RUNTIME_GATE","app/api/angelcare-marketplace/trust/sensitive-reviews/[reviewId]/approve/route.ts; mutation method, imported handler and canonical exposure reconciled."
"CAP-B11-001","Trust & qualité","/angelcare-marketplace/admin/trust","/api/angelcare-marketplace/trust/sops/:sopId/transition","POST handleSopTransition","/api/angelcare-marketplace/trust/sops/:sopId/transition","marketplace.trust.sops.manage|marketplace.quality.assessments.manage|marketplace.complaints.manage|marketplace.quality.corrective_actions.manage|marketplace.trust.view|marketplace.quality.view|marketplace.complaints.view|marketplace.sensitive_content.review|marketplace.sensitive_content.approve","Contextual lifecycle decision desks on linked authorities","TrustCommand; AdminWorkspaceContextNav","Contextual lifecycle decision desks on linked authorities","SOURCE_REVIEWED","IMPLEMENTED_RUNTIME_VERIFICATION_PENDING","STATIC_VERIFIED_RUNTIME_GATE","app/api/angelcare-marketplace/trust/sops/[sopId]/transition/route.ts; mutation method, imported handler and canonical exposure reconciled."
"CAP-B11-001","Trust & qualité","/angelcare-marketplace/admin/trust","/api/angelcare-marketplace/trust/sops","POST handleSops","/api/angelcare-marketplace/trust/sops","marketplace.trust.sops.manage|marketplace.quality.assessments.manage|marketplace.complaints.manage|marketplace.quality.corrective_actions.manage|marketplace.trust.view|marketplace.quality.view|marketplace.complaints.view|marketplace.sensitive_content.review|marketplace.sensitive_content.approve","Contextual lifecycle decision desks on linked authorities","TrustCommand; AdminWorkspaceContextNav","Contextual lifecycle decision desks on linked authorities","SOURCE_REVIEWED","IMPLEMENTED_RUNTIME_VERIFICATION_PENDING","STATIC_VERIFIED_RUNTIME_GATE","app/api/angelcare-marketplace/trust/sops/route.ts; mutation method, imported handler and canonical exposure reconciled."
"CAP-B08-001","Prestataires & fournisseurs","/angelcare-marketplace/admin/supply-network","/api/angelcare-marketplace/vendors/:vendorId/contracts/:contractId/transition","POST handleVendorContractTransition","/api/angelcare-marketplace/vendors/:vendorId/contracts/:contractId/transition","marketplace.operations.view|marketplace.vendors.manage|marketplace.vendors.contracts.manage|marketplace.vendors.orders.manage|marketplace.vendors.inventory.manage|marketplace.vendors.quality.manage|marketplace.vendors.settlements.manage","Network contextual inspectors","NetworkAreaPage","Network contextual inspectors","SOURCE_REVIEWED","IMPLEMENTED_RUNTIME_VERIFICATION_PENDING","STATIC_VERIFIED_RUNTIME_GATE","app/api/angelcare-marketplace/vendors/[vendorId]/contracts/[contractId]/transition/route.ts; mutation method, imported handler and canonical exposure reconciled."
"CAP-B08-001","Prestataires & fournisseurs","/angelcare-marketplace/admin/supply-network","/api/angelcare-marketplace/vendors/:vendorId/contracts","POST handleVendorContracts","/api/angelcare-marketplace/vendors/:vendorId/contracts","marketplace.operations.view|marketplace.vendors.manage|marketplace.vendors.contracts.manage|marketplace.vendors.orders.manage|marketplace.vendors.inventory.manage|marketplace.vendors.quality.manage|marketplace.vendors.settlements.manage","Network contextual inspectors","NetworkAreaPage","Network contextual inspectors","SOURCE_REVIEWED","IMPLEMENTED_RUNTIME_VERIFICATION_PENDING","STATIC_VERIFIED_RUNTIME_GATE","app/api/angelcare-marketplace/vendors/[vendorId]/contracts/route.ts; mutation method, imported handler and canonical exposure reconciled."
"CAP-B08-001","Prestataires & fournisseurs","/angelcare-marketplace/admin/supply-network","/api/angelcare-marketplace/vendors/:vendorId/inventory","POST handleVendorInventory","/api/angelcare-marketplace/vendors/:vendorId/inventory","marketplace.operations.view|marketplace.vendors.manage|marketplace.vendors.contracts.manage|marketplace.vendors.orders.manage|marketplace.vendors.inventory.manage|marketplace.vendors.quality.manage|marketplace.vendors.settlements.manage","Network contextual inspectors","NetworkAreaPage","Network contextual inspectors","SOURCE_REVIEWED","IMPLEMENTED_RUNTIME_VERIFICATION_PENDING","STATIC_VERIFIED_RUNTIME_GATE","app/api/angelcare-marketplace/vendors/[vendorId]/inventory/route.ts; mutation method, imported handler and canonical exposure reconciled."
"CAP-B08-001","Prestataires & fournisseurs","/angelcare-marketplace/admin/supply-network","/api/angelcare-marketplace/vendors/:vendorId/lifecycle","POST handleVendorLifecycle","/api/angelcare-marketplace/vendors/:vendorId/lifecycle","marketplace.operations.view|marketplace.vendors.manage|marketplace.vendors.contracts.manage|marketplace.vendors.orders.manage|marketplace.vendors.inventory.manage|marketplace.vendors.quality.manage|marketplace.vendors.settlements.manage","Network contextual inspectors","NetworkAreaPage","Network contextual inspectors","SOURCE_REVIEWED","IMPLEMENTED_RUNTIME_VERIFICATION_PENDING","STATIC_VERIFIED_RUNTIME_GATE","app/api/angelcare-marketplace/vendors/[vendorId]/lifecycle/route.ts; mutation method, imported handler and canonical exposure reconciled."
"CAP-B08-001","Prestataires & fournisseurs","/angelcare-marketplace/admin/supply-network","/api/angelcare-marketplace/vendors/:vendorId/orders/:orderId/transition","POST handleVendorOrderTransition","/api/angelcare-marketplace/vendors/:vendorId/orders/:orderId/transition","marketplace.operations.view|marketplace.vendors.manage|marketplace.vendors.contracts.manage|marketplace.vendors.orders.manage|marketplace.vendors.inventory.manage|marketplace.vendors.quality.manage|marketplace.vendors.settlements.manage","Network contextual inspectors","NetworkAreaPage","Network contextual inspectors","SOURCE_REVIEWED","IMPLEMENTED_RUNTIME_VERIFICATION_PENDING","STATIC_VERIFIED_RUNTIME_GATE","app/api/angelcare-marketplace/vendors/[vendorId]/orders/[orderId]/transition/route.ts; mutation method, imported handler and canonical exposure reconciled."
"CAP-B08-001","Prestataires & fournisseurs","/angelcare-marketplace/admin/supply-network","/api/angelcare-marketplace/vendors/:vendorId/orders","POST handleVendorOrders","/api/angelcare-marketplace/vendors/:vendorId/orders","marketplace.operations.view|marketplace.vendors.manage|marketplace.vendors.contracts.manage|marketplace.vendors.orders.manage|marketplace.vendors.inventory.manage|marketplace.vendors.quality.manage|marketplace.vendors.settlements.manage","Network contextual inspectors","NetworkAreaPage","Network contextual inspectors","SOURCE_REVIEWED","IMPLEMENTED_RUNTIME_VERIFICATION_PENDING","STATIC_VERIFIED_RUNTIME_GATE","app/api/angelcare-marketplace/vendors/[vendorId]/orders/route.ts; mutation method, imported handler and canonical exposure reconciled."
"CAP-B08-001","Prestataires & fournisseurs","/angelcare-marketplace/admin/supply-network","/api/angelcare-marketplace/vendors/:vendorId/performance","POST handleVendorPerformance","/api/angelcare-marketplace/vendors/:vendorId/performance","marketplace.operations.view|marketplace.vendors.manage|marketplace.vendors.contracts.manage|marketplace.vendors.orders.manage|marketplace.vendors.inventory.manage|marketplace.vendors.quality.manage|marketplace.vendors.settlements.manage","Network contextual inspectors","NetworkAreaPage","Network contextual inspectors","SOURCE_REVIEWED","IMPLEMENTED_RUNTIME_VERIFICATION_PENDING","STATIC_VERIFIED_RUNTIME_GATE","app/api/angelcare-marketplace/vendors/[vendorId]/performance/route.ts; mutation method, imported handler and canonical exposure reconciled."
"CAP-B08-001","Prestataires & fournisseurs","/angelcare-marketplace/admin/supply-network","/api/angelcare-marketplace/vendors/:vendorId/quality/:reviewId/transition","POST handleVendorQualityTransition","/api/angelcare-marketplace/vendors/:vendorId/quality/:reviewId/transition","marketplace.operations.view|marketplace.vendors.manage|marketplace.vendors.contracts.manage|marketplace.vendors.orders.manage|marketplace.vendors.inventory.manage|marketplace.vendors.quality.manage|marketplace.vendors.settlements.manage","Network contextual inspectors","NetworkAreaPage","Network contextual inspectors","SOURCE_REVIEWED","IMPLEMENTED_RUNTIME_VERIFICATION_PENDING","STATIC_VERIFIED_RUNTIME_GATE","app/api/angelcare-marketplace/vendors/[vendorId]/quality/[reviewId]/transition/route.ts; mutation method, imported handler and canonical exposure reconciled."
"CAP-B08-001","Prestataires & fournisseurs","/angelcare-marketplace/admin/supply-network","/api/angelcare-marketplace/vendors/:vendorId/quality","POST handleVendorQuality","/api/angelcare-marketplace/vendors/:vendorId/quality","marketplace.operations.view|marketplace.vendors.manage|marketplace.vendors.contracts.manage|marketplace.vendors.orders.manage|marketplace.vendors.inventory.manage|marketplace.vendors.quality.manage|marketplace.vendors.settlements.manage","Network contextual inspectors","NetworkAreaPage","Network contextual inspectors","SOURCE_REVIEWED","IMPLEMENTED_RUNTIME_VERIFICATION_PENDING","STATIC_VERIFIED_RUNTIME_GATE","app/api/angelcare-marketplace/vendors/[vendorId]/quality/route.ts; mutation method, imported handler and canonical exposure reconciled."
"CAP-B08-001","Prestataires & fournisseurs","/angelcare-marketplace/admin/supply-network","/api/angelcare-marketplace/vendors/settlements/:settlementId/decision","POST handleVendorSettlementDecision","/api/angelcare-marketplace/vendors/settlements/:settlementId/decision","marketplace.operations.view|marketplace.vendors.manage|marketplace.vendors.contracts.manage|marketplace.vendors.orders.manage|marketplace.vendors.inventory.manage|marketplace.vendors.quality.manage|marketplace.vendors.settlements.manage","Network contextual inspectors","NetworkAreaPage","Network contextual inspectors","SOURCE_REVIEWED","IMPLEMENTED_RUNTIME_VERIFICATION_PENDING","STATIC_VERIFIED_RUNTIME_GATE","app/api/angelcare-marketplace/vendors/settlements/[settlementId]/decision/route.ts; mutation method, imported handler and canonical exposure reconciled."
"CAP-GLOBAL-001","Accueil / cross-domain shell","/angelcare-marketplace/admin","/api/angelcare-marketplace/wallet/comparison","POST handleWalletComparison","/api/angelcare-marketplace/wallet/comparison","marketplace.finance.view|marketplace.finance.reconciliation.manage|marketplace.finance.price_books.manage|marketplace.finance.exceptions.approve|marketplace.security.manage|marketplace.operations.view|marketplace.operations.missions.manage","Global command, search and governed-action foundations","AdminNavigation; AdminWorkspaceContextNav; GovernedActionProvider","Global command, search and governed-action foundations","SOURCE_REVIEWED","IMPLEMENTED_RUNTIME_VERIFICATION_PENDING","STATIC_VERIFIED_RUNTIME_GATE","app/api/angelcare-marketplace/wallet/comparison/route.ts; mutation method, imported handler and canonical exposure reconciled."
"CAP-GLOBAL-001","Accueil / cross-domain shell","/angelcare-marketplace/admin","/api/angelcare-marketplace/wallet/topups/quote","POST handleWalletTopUpQuote","/api/angelcare-marketplace/wallet/topups/quote","marketplace.finance.view|marketplace.finance.reconciliation.manage|marketplace.finance.price_books.manage|marketplace.finance.exceptions.approve|marketplace.security.manage|marketplace.operations.view|marketplace.operations.missions.manage","Global command, search and governed-action foundations","AdminNavigation; AdminWorkspaceContextNav; GovernedActionProvider","Global command, search and governed-action foundations","SOURCE_REVIEWED","IMPLEMENTED_RUNTIME_VERIFICATION_PENDING","STATIC_VERIFIED_RUNTIME_GATE","app/api/angelcare-marketplace/wallet/topups/quote/route.ts; mutation method, imported handler and canonical exposure reconciled."
"CAP-GLOBAL-001","Accueil / cross-domain shell","/angelcare-marketplace/admin","/api/angelcare-marketplace/wallet/topups","POST handleWalletTopUpCreate","/api/angelcare-marketplace/wallet/topups","marketplace.finance.view|marketplace.finance.reconciliation.manage|marketplace.finance.price_books.manage|marketplace.finance.exceptions.approve|marketplace.security.manage|marketplace.operations.view|marketplace.operations.missions.manage","Global command, search and governed-action foundations","AdminNavigation; AdminWorkspaceContextNav; GovernedActionProvider","Global command, search and governed-action foundations","SOURCE_REVIEWED","IMPLEMENTED_RUNTIME_VERIFICATION_PENDING","STATIC_VERIFIED_RUNTIME_GATE","app/api/angelcare-marketplace/wallet/topups/route.ts; mutation method, imported handler and canonical exposure reconciled."
