"api_route","methods","handler_symbols","business_domain","capability_ids","permission_guard","read_write","mutation_type","operator_facing_indirectly","authority_classification","review_status","evidence"
"/api/angelcare-marketplace/admin/customers/:customerId/crm","GET","handleCustomerCrmActivity","Clients","CAP-B03-009","marketplace.crm.view","READ","NOT_APPLICABLE","YES","OPERATOR_CAPABILITY_AUTHORITY","SOURCE_REVIEWED","Task, communication and audit readback scoped to the selected customer."
"/api/angelcare-marketplace/admin/customers/:customerId/crm/tasks","POST","handleCustomerCrmTasks","Clients","CAP-B03-009","marketplace.crm.tasks.manage","WRITE","CREATE_TASK","YES","SUPPORTING_MUTATION_AUTHORITY","SOURCE_REVIEWED","Creates persisted CRM task after customer validation."
"/api/angelcare-marketplace/admin/customers/:customerId/crm/tasks/:taskId","PATCH","handleCustomerCrmTask","Clients","CAP-B03-009","marketplace.crm.tasks.manage","WRITE","UPDATE_TASK_LIFECYCLE","YES","SUPPORTING_MUTATION_AUTHORITY","SOURCE_REVIEWED","Updates only a task related to the selected customer and enforces lifecycle transitions."
"/api/angelcare-marketplace/admin/customers/:customerId/crm/communications","POST","handleCustomerCrmCommunications","Clients","CAP-B03-009","marketplace.crm.communications.log","WRITE","APPEND_COMMUNICATION_LOG","YES","SUPPORTING_MUTATION_AUTHORITY","SOURCE_REVIEWED","Persists evidence only; no outbound provider call."
"/api/angelcare-marketplace/admin/integrations/paypal/health","GET|POST","handlePayPalAdmin","Finance","CAP-B10-002","marketplace.configuration.view|marketplace.configuration.manage","READ_WRITE","SAFE_OAUTH_CONNECTIVITY_TEST","YES","OPERATOR_CAPABILITY_AUTHORITY","SOURCE_REVIEWED","GET returns safe presence/evidence; POST performs OAuth only and creates no payment."
"/api/angelcare-marketplace/admin/live-experience/sources/:sourceId","PATCH","handleLiveSourceStatus","Marketing & promotions","CAP-B06-003","marketplace.live_experience.manage","WRITE","SOURCE_STATUS_TRANSITION","YES","SUPPORTING_MUTATION_AUTHORITY","SOURCE_REVIEWED","Pause/reactivate source with audit; public proof resolver suppresses inactive sources."
"/api/angelcare-marketplace/admin/media/upload-session","POST","handleMarketplaceMediaUploadSession","Boutique","CAP-B05-006","marketplace.media.manage","WRITE","SIGNED_UPLOAD_SESSION","YES","SUPPORTING_MUTATION_AUTHORITY","SOURCE_REVIEWED","Creates processing metadata and a 30-minute Marketplace-namespaced signed direct-upload URL."
"/api/angelcare-marketplace/admin/media/:mediaId/complete","POST","handleMarketplaceMediaUploadComplete","Boutique","CAP-B05-006","marketplace.media.manage","WRITE","VERIFY_AND_ACTIVATE_MEDIA","YES","SUPPORTING_MUTATION_AUTHORITY","SOURCE_REVIEWED","Reads trusted gateway metadata, verifies MIME/size, persists SHA-256 and activates stable asset URL."
"/api/angelcare-marketplace/admin/media/:mediaId/permanent-delete","POST","handleMarketplaceMediaPermanentDelete","Boutique","CAP-B05-006","marketplace.media.manage","WRITE","GOVERNED_MEDIA_DELETE","YES","SUPPORTING_MUTATION_AUTHORITY","SOURCE_REVIEWED","Rejects deletion while usage references exist; deletes gateway binary and canonical metadata."
"/api/angelcare-marketplace/admin/media/storage/health","GET","handleMarketplaceMediaStorageHealth","Paramètres & gouvernance","CAP-B11-009|CAP-B05-006","marketplace.media.view","READ","NOT_APPLICABLE","YES","SUPPORTING_READ_AUTHORITY","SOURCE_REVIEWED","Safe configuration presence, gateway health, capacity and real metadata counts; no secrets."
"/api/angelcare-marketplace/media/:mediaId/:fileName","GET|HEAD","handleMarketplaceMediaDelivery","Public Marketplace","CAP-B05-006","PUBLIC_ACTIVE_ASSET_GATE","READ","SIGNED_DELIVERY_REDIRECT","YES","PUBLIC_MARKETPLACE_AUTHORITY","SOURCE_REVIEWED","Only active Windows-backed metadata receives a short-lived signed delivery redirect with range support."
"/api/angelcare-marketplace/academy/assessment-results","POST","handleAssessmentResult","Academy / B2B & partenaires","CAP-B09-001","marketplace.academy.view|marketplace.academy.cohorts.manage|marketplace.academy.attendance.manage|marketplace.academy.assessments.manage|marketplace.academy.certificates.issue","WRITE","POST via handleAssessmentResult","YES","SUPPORTING_MUTATION_AUTHORITY","SOURCE_REVIEWED","app/api/angelcare-marketplace/academy/assessment-results/route.ts; route exports, imported handler chain and server permission authority inspected."
"/api/angelcare-marketplace/academy/assessments","GET","handleAcademySummary","Academy / B2B & partenaires","CAP-B09-001","marketplace.academy.view|marketplace.academy.cohorts.manage|marketplace.academy.attendance.manage|marketplace.academy.assessments.manage|marketplace.academy.certificates.issue","READ","NOT_APPLICABLE","YES","SUPPORTING_READ_AUTHORITY","SOURCE_REVIEWED","app/api/angelcare-marketplace/academy/assessments/route.ts; route exports, imported handler chain and server permission authority inspected."
"/api/angelcare-marketplace/academy/attendance","POST","handleAttendance","Academy / B2B & partenaires","CAP-B09-001","marketplace.academy.view|marketplace.academy.cohorts.manage|marketplace.academy.attendance.manage|marketplace.academy.assessments.manage|marketplace.academy.certificates.issue","WRITE","POST via handleAttendance","YES","SUPPORTING_MUTATION_AUTHORITY","SOURCE_REVIEWED","app/api/angelcare-marketplace/academy/attendance/route.ts; route exports, imported handler chain and server permission authority inspected."
"/api/angelcare-marketplace/academy/b2b-training","GET","handleAcademySummary","Academy / B2B & partenaires","CAP-B09-001","marketplace.academy.view|marketplace.academy.cohorts.manage|marketplace.academy.attendance.manage|marketplace.academy.assessments.manage|marketplace.academy.certificates.issue","READ","NOT_APPLICABLE","YES","SUPPORTING_READ_AUTHORITY","SOURCE_REVIEWED","app/api/angelcare-marketplace/academy/b2b-training/route.ts; route exports, imported handler chain and server permission authority inspected."
"/api/angelcare-marketplace/academy/certificates/:certificateId/decision","POST","handleCertificateDecision","Academy / B2B & partenaires","CAP-B09-001","marketplace.academy.view|marketplace.academy.cohorts.manage|marketplace.academy.attendance.manage|marketplace.academy.assessments.manage|marketplace.academy.certificates.issue","WRITE","POST via handleCertificateDecision","YES","SUPPORTING_MUTATION_AUTHORITY","SOURCE_REVIEWED","app/api/angelcare-marketplace/academy/certificates/[certificateId]/decision/route.ts; route exports, imported handler chain and server permission authority inspected."
"/api/angelcare-marketplace/academy/certificates","GET","handleCertificates","Academy / B2B & partenaires","CAP-B09-001","marketplace.academy.view|marketplace.academy.cohorts.manage|marketplace.academy.attendance.manage|marketplace.academy.assessments.manage|marketplace.academy.certificates.issue","READ","NOT_APPLICABLE","YES","SUPPORTING_READ_AUTHORITY","SOURCE_REVIEWED","app/api/angelcare-marketplace/academy/certificates/route.ts; route exports, imported handler chain and server permission authority inspected."
"/api/angelcare-marketplace/academy/cohorts","GET|POST","handleCohorts","Academy / B2B & partenaires","CAP-B09-001","marketplace.academy.view|marketplace.academy.cohorts.manage|marketplace.academy.attendance.manage|marketplace.academy.assessments.manage|marketplace.academy.certificates.issue","READ_WRITE","POST via handleCohorts","YES","OPERATOR_CAPABILITY_AUTHORITY","SOURCE_REVIEWED","app/api/angelcare-marketplace/academy/cohorts/route.ts; route exports, imported handler chain and server permission authority inspected."
"/api/angelcare-marketplace/academy/enrollments","GET","handleAcademySummary","Academy / B2B & partenaires","CAP-B09-001","marketplace.academy.view|marketplace.academy.cohorts.manage|marketplace.academy.attendance.manage|marketplace.academy.assessments.manage|marketplace.academy.certificates.issue","READ","NOT_APPLICABLE","YES","SUPPORTING_READ_AUTHORITY","SOURCE_REVIEWED","app/api/angelcare-marketplace/academy/enrollments/route.ts; route exports, imported handler chain and server permission authority inspected."
"/api/angelcare-marketplace/academy/final/assessments","POST","handleAcademyAssessmentCreate","Academy / B2B & partenaires","CAP-B09-001","marketplace.academy.view|marketplace.academy.sessions.manage|marketplace.academy.manage|marketplace.academy.assessments.manage|marketplace.academy.catalog.manage|marketplace.academy.cohorts.manage","WRITE","POST via handleAcademyAssessmentCreate","YES","SUPPORTING_MUTATION_AUTHORITY","SOURCE_REVIEWED","app/api/angelcare-marketplace/academy/final/assessments/route.ts; route exports, imported handler chain and server permission authority inspected."
"/api/angelcare-marketplace/academy/final/b2b/:orderId/transition","POST","handleAcademyB2BTransition","Academy / B2B & partenaires","CAP-B09-001","marketplace.academy.view|marketplace.academy.sessions.manage|marketplace.academy.manage|marketplace.academy.assessments.manage|marketplace.academy.catalog.manage|marketplace.academy.cohorts.manage","WRITE","POST via handleAcademyB2BTransition","YES","SUPPORTING_MUTATION_AUTHORITY","SOURCE_REVIEWED","app/api/angelcare-marketplace/academy/final/b2b/[orderId]/transition/route.ts; route exports, imported handler chain and server permission authority inspected."
"/api/angelcare-marketplace/academy/final/cohorts/:cohortId/trainer","POST","handleAcademyTrainerAssignment","Academy / B2B & partenaires","CAP-B09-001","marketplace.academy.view|marketplace.academy.sessions.manage|marketplace.academy.manage|marketplace.academy.assessments.manage|marketplace.academy.catalog.manage|marketplace.academy.cohorts.manage","WRITE","POST via handleAcademyTrainerAssignment","YES","SUPPORTING_MUTATION_AUTHORITY","SOURCE_REVIEWED","app/api/angelcare-marketplace/academy/final/cohorts/[cohortId]/trainer/route.ts; route exports, imported handler chain and server permission authority inspected."
"/api/angelcare-marketplace/academy/final/cohorts/:cohortId/transition","POST","handleAcademyCohortTransition","Academy / B2B & partenaires","CAP-B09-001","marketplace.academy.view|marketplace.academy.sessions.manage|marketplace.academy.manage|marketplace.academy.assessments.manage|marketplace.academy.catalog.manage|marketplace.academy.cohorts.manage","WRITE","POST via handleAcademyCohortTransition","YES","SUPPORTING_MUTATION_AUTHORITY","SOURCE_REVIEWED","app/api/angelcare-marketplace/academy/final/cohorts/[cohortId]/transition/route.ts; route exports, imported handler chain and server permission authority inspected."
"/api/angelcare-marketplace/academy/final/courses/:id/transition","POST","handleAcademyPublicationTransition","Academy / B2B & partenaires","CAP-B09-001","marketplace.academy.view|marketplace.academy.sessions.manage|marketplace.academy.manage|marketplace.academy.assessments.manage|marketplace.academy.catalog.manage|marketplace.academy.cohorts.manage","WRITE","POST via handleAcademyPublicationTransition","YES","SUPPORTING_MUTATION_AUTHORITY","SOURCE_REVIEWED","app/api/angelcare-marketplace/academy/final/courses/[id]/transition/route.ts; route exports, imported handler chain and server permission authority inspected."
"/api/angelcare-marketplace/academy/final/programs/:id/transition","POST","handleAcademyPublicationTransition","Academy / B2B & partenaires","CAP-B09-001","marketplace.academy.view|marketplace.academy.sessions.manage|marketplace.academy.manage|marketplace.academy.assessments.manage|marketplace.academy.catalog.manage|marketplace.academy.cohorts.manage","WRITE","POST via handleAcademyPublicationTransition","YES","SUPPORTING_MUTATION_AUTHORITY","SOURCE_REVIEWED","app/api/angelcare-marketplace/academy/final/programs/[id]/transition/route.ts; route exports, imported handler chain and server permission authority inspected."
"/api/angelcare-marketplace/academy/final/remediations/:remediationId/transition","POST","handleAcademyRemediationTransition","Academy / B2B & partenaires","CAP-B09-001","marketplace.academy.view|marketplace.academy.sessions.manage|marketplace.academy.manage|marketplace.academy.assessments.manage|marketplace.academy.catalog.manage|marketplace.academy.cohorts.manage","WRITE","POST via handleAcademyRemediationTransition","YES","SUPPORTING_MUTATION_AUTHORITY","SOURCE_REVIEWED","app/api/angelcare-marketplace/academy/final/remediations/[remediationId]/transition/route.ts; route exports, imported handler chain and server permission authority inspected."
"/api/angelcare-marketplace/academy/final/remediations","POST","handleAcademyRemediationCreate","Academy / B2B & partenaires","CAP-B09-001","marketplace.academy.view|marketplace.academy.sessions.manage|marketplace.academy.manage|marketplace.academy.assessments.manage|marketplace.academy.catalog.manage|marketplace.academy.cohorts.manage","WRITE","POST via handleAcademyRemediationCreate","YES","SUPPORTING_MUTATION_AUTHORITY","SOURCE_REVIEWED","app/api/angelcare-marketplace/academy/final/remediations/route.ts; route exports, imported handler chain and server permission authority inspected."
"/api/angelcare-marketplace/academy/final/results/:resultId/review","POST","handleAssessmentResultReview","Academy / B2B & partenaires","CAP-B09-001","marketplace.academy.view|marketplace.academy.sessions.manage|marketplace.academy.manage|marketplace.academy.assessments.manage|marketplace.academy.catalog.manage|marketplace.academy.cohorts.manage","WRITE","POST via handleAssessmentResultReview","YES","SUPPORTING_MUTATION_AUTHORITY","SOURCE_REVIEWED","app/api/angelcare-marketplace/academy/final/results/[resultId]/review/route.ts; route exports, imported handler chain and server permission authority inspected."
"/api/angelcare-marketplace/academy/final/sessions/:sessionId/transition","POST","handleAcademySessionTransition","Academy / B2B & partenaires","CAP-B09-001","marketplace.academy.view|marketplace.academy.sessions.manage|marketplace.academy.manage|marketplace.academy.assessments.manage|marketplace.academy.catalog.manage|marketplace.academy.cohorts.manage","WRITE","POST via handleAcademySessionTransition","YES","SUPPORTING_MUTATION_AUTHORITY","SOURCE_REVIEWED","app/api/angelcare-marketplace/academy/final/sessions/[sessionId]/transition/route.ts; route exports, imported handler chain and server permission authority inspected."
"/api/angelcare-marketplace/academy/final/sessions","POST","handleAcademySessionCreate","Academy / B2B & partenaires","CAP-B09-001","marketplace.academy.view|marketplace.academy.sessions.manage|marketplace.academy.manage|marketplace.academy.assessments.manage|marketplace.academy.catalog.manage|marketplace.academy.cohorts.manage","WRITE","POST via handleAcademySessionCreate","YES","SUPPORTING_MUTATION_AUTHORITY","SOURCE_REVIEWED","app/api/angelcare-marketplace/academy/final/sessions/route.ts; route exports, imported handler chain and server permission authority inspected."
"/api/angelcare-marketplace/academy/final/snapshot","GET","handleAcademyFinalSnapshot","Academy / B2B & partenaires","CAP-B09-001","marketplace.academy.view|marketplace.academy.sessions.manage|marketplace.academy.manage|marketplace.academy.assessments.manage|marketplace.academy.catalog.manage|marketplace.academy.cohorts.manage","READ","NOT_APPLICABLE","YES","SUPPORTING_READ_AUTHORITY","SOURCE_REVIEWED","app/api/angelcare-marketplace/academy/final/snapshot/route.ts; route exports, imported handler chain and server permission authority inspected."
"/api/angelcare-marketplace/academy/programs","GET","handlePrograms","Academy / B2B & partenaires","CAP-B09-001","marketplace.academy.view|marketplace.academy.cohorts.manage|marketplace.academy.attendance.manage|marketplace.academy.assessments.manage|marketplace.academy.certificates.issue","READ","NOT_APPLICABLE","YES","SUPPORTING_READ_AUTHORITY","SOURCE_REVIEWED","app/api/angelcare-marketplace/academy/programs/route.ts; route exports, imported handler chain and server permission authority inspected."
"/api/angelcare-marketplace/academy/sessions","GET","handleAcademySummary","Academy / B2B & partenaires","CAP-B09-001","marketplace.academy.view|marketplace.academy.cohorts.manage|marketplace.academy.attendance.manage|marketplace.academy.assessments.manage|marketplace.academy.certificates.issue","READ","NOT_APPLICABLE","YES","SUPPORTING_READ_AUTHORITY","SOURCE_REVIEWED","app/api/angelcare-marketplace/academy/sessions/route.ts; route exports, imported handler chain and server permission authority inspected."
"/api/angelcare-marketplace/academy/summary","GET","handleAcademySummary","Academy / B2B & partenaires","CAP-B09-001","marketplace.academy.view|marketplace.academy.cohorts.manage|marketplace.academy.attendance.manage|marketplace.academy.assessments.manage|marketplace.academy.certificates.issue","READ","NOT_APPLICABLE","YES","SUPPORTING_READ_AUTHORITY","SOURCE_REVIEWED","app/api/angelcare-marketplace/academy/summary/route.ts; route exports, imported handler chain and server permission authority inspected."
"/api/angelcare-marketplace/admin/activation/run","POST","handleActivationRun","Trust & qualité","CAP-B11-001","marketplace.commerce.view|marketplace.publication.manage","WRITE","POST via handleActivationRun","YES","SUPPORTING_MUTATION_AUTHORITY","SOURCE_REVIEWED","app/api/angelcare-marketplace/admin/activation/run/route.ts; route exports, imported handler chain and server permission authority inspected."
"/api/angelcare-marketplace/admin/activation/summary","GET","handleActivationSummary","Trust & qualité","CAP-B11-001","marketplace.commerce.view|marketplace.publication.manage","READ","NOT_APPLICABLE","YES","SUPPORTING_READ_AUTHORITY","SOURCE_REVIEWED","app/api/angelcare-marketplace/admin/activation/summary/route.ts; route exports, imported handler chain and server permission authority inspected."
"/api/angelcare-marketplace/admin/auth/login","POST","INLINE_ROUTE_HANDLER","Accueil / cross-domain shell","CAP-GLOBAL-001","marketplace.admin.access|marketplace.admin.login.failed|marketplace.admin.login.success|marketplace.foundation.view|marketplace.workspace.access|marketplace.modules.view|marketplace.modules.create|marketplace.modules.update|marketplace.modules.enable|marketplace.modules.disable|marketplace.modules.archive|marketplace.feature_flags.view|marketplace.feature_flags.manage|marketplace.configuration.view|marketplace.configuration.manage|marketplace.audit.view|marketplace.audit.export|marketplace.security.view|marketplace.security.manage|marketplace.readiness.view|marketplace.readiness.update|marketplace.readiness.review|marketplace.readiness.sign_off|marketplace.territories.view|marketplace.territories.create|marketplace.territories.update|marketplace.territories.clone|marketplace.territories.submit_review|marketplace.territories.approve_soft_launch|marketplace.territories.approve_live|marketplace.territories.pause|marketplace.territories.resume|marketplace.territories.archive|marketplace.territories.preview|marketplace.territories.export|marketplace.territory_settings.view|marketplace.territory_settings.manage|marketplace.territory_overrides.view|marketplace.territory_overrides.create|marketplace.territory_overrides.review|marketplace.territory_overrides.approve|marketplace.territory_overrides.reject|marketplace.territory_overrides.rollback|marketplace.territory_readiness.view|marketplace.territory_readiness.manage|marketplace.territory_readiness.review|marketplace.territory_readiness.sign_off|marketplace.territory_health.view|marketplace.territory_health.manage|marketplace.localization.access|marketplace.localization.scans.view|marketplace.localization.scans.run|marketplace.localization.scans.cancel|marketplace.localization.scans.configure|marketplace.localization.inventory.view|marketplace.localization.inventory.classify|marketplace.localization.inventory.export|marketplace.localization.translations.view|marketplace.localization.translations.create|marketplace.localization.translations.edit|marketplace.localization.translations.assign|marketplace.localization.translations.submit|marketplace.localization.translations.review|marketplace.localization.translations.approve|marketplace.localization.translations.publish|marketplace.localization.translations.archive|marketplace.localization.csv.export|marketplace.localization.csv.import|marketplace.localization.csv.validate|marketplace.localization.csv.apply|marketplace.localization.csv.rollback|marketplace.localization.glossary.view|marketplace.localization.glossary.manage|marketplace.localization.memory.view|marketplace.localization.memory.curate|marketplace.localization.sensitive.review|marketplace.localization.sensitive.approve|marketplace.localization.seo.view|marketplace.localization.seo.manage|marketplace.localization.rules.view|marketplace.localization.rules.manage|marketplace.localization.sources.view|marketplace.localization.sources.manage|marketplace.localization.readiness.view|marketplace.localization.audit.export|marketplace.backoffice.command.view|marketplace.backoffice.search|marketplace.backoffice.actions.view|marketplace.backoffice.actions.manage|marketplace.backoffice.approvals.view|marketplace.backoffice.approvals.create|marketplace.backoffice.approvals.review|marketplace.backoffice.approvals.decide|marketplace.backoffice.approvals.override|marketplace.backoffice.briefs.view|marketplace.backoffice.briefs.create|marketplace.backoffice.briefs.publish|marketplace.backoffice.objects.view|marketplace.backoffice.objects.comment|marketplace.backoffice.objects.export|marketplace.cms.view|marketplace.cms.create|marketplace.cms.edit|marketplace.cms.submit|marketplace.cms.review|marketplace.cms.approve|marketplace.cms.publish|marketplace.cms.schedule|marketplace.cms.rollback|marketplace.cms.archive|marketplace.cms.blocks.manage|marketplace.cms.menus.manage|marketplace.cms.ctas.manage|marketplace.cms.preview|marketplace.cms.redirects.manage|marketplace.public.inquiries.view|marketplace.public.inquiries.manage|marketplace.public.inquiries.export|marketplace.public.analytics.view|marketplace.family.dashboard|marketplace.family.profile.view|marketplace.family.profile.manage|marketplace.family.children.view|marketplace.family.children.manage|marketplace.family.diagnostics.create|marketplace.family.diagnostics.view|marketplace.family.requests.create|marketplace.family.requests.view|marketplace.family.requests.manage|marketplace.family.requests.qualify|marketplace.family.missions.view|marketplace.family.reports.view|marketplace.family.support.create|marketplace.family.support.view|marketplace.family.support.manage|marketplace.family.documents.view|marketplace.family.documents.manage|marketplace.family.feedback.create|marketplace.family.feedback.view|marketplace.commerce.view|marketplace.media.view|marketplace.media.manage|marketplace.homepage.view|marketplace.homepage.manage|marketplace.navigation.view|marketplace.navigation.manage|marketplace.categories.manage|marketplace.merchandising.view|marketplace.merchandising.manage|marketplace.publication.manage|marketplace.seo.manage|marketplace.commerce.export|marketplace.commerce.import|marketplace.live_experience.view|marketplace.live_experience.manage|marketplace.live_experience.publish|marketplace.popup.manage|marketplace.broadcast.manage|marketplace.proof_widget.manage|marketplace.audience.manage|marketplace.experiment.manage|marketplace.live_experience.analytics.view|marketplace.emergency_broadcast.manage|marketplace.experience_schema.view|marketplace.experience_schema.manage|marketplace.archetype.view|marketplace.archetype.manage|marketplace.category_native_import.view|marketplace.category_native_import.manage|marketplace.intelligence.view|marketplace.intelligence.metrics.manage|marketplace.growth.view|marketplace.growth.experiments.manage|marketplace.performance.view|marketplace.security.assess|marketplace.launch.approve|marketplace.launch.monitoring","WRITE","POST via INLINE_ROUTE_HANDLER","YES","SUPPORTING_MUTATION_AUTHORITY","SOURCE_REVIEWED","app/api/angelcare-marketplace/admin/auth/login/route.ts; route exports, imported handler chain and server permission authority inspected."
"/api/angelcare-marketplace/admin/auth/logout","POST","INLINE_ROUTE_HANDLER","Accueil / cross-domain shell","CAP-GLOBAL-001","AUTHENTICATED_SESSION_REVOCATION","WRITE","POST via INLINE_ROUTE_HANDLER","YES","SUPPORTING_MUTATION_AUTHORITY","SOURCE_REVIEWED","app/api/angelcare-marketplace/admin/auth/logout/route.ts; route exports, imported handler chain and server permission authority inspected."
"/api/angelcare-marketplace/admin/bookings/:bookingId","PATCH","handleBooking","Accueil / cross-domain shell","CAP-GLOBAL-001","marketplace.admin.access|marketplace.operations.view|marketplace.operations.missions.manage|marketplace.finance.view|marketplace.finance.manage|marketplace.merchandising.view|marketplace.merchandising.manage|marketplace.operations.missions.create|marketplace.family.admin.manage","WRITE","PATCH via handleBooking","YES","SUPPORTING_MUTATION_AUTHORITY","SOURCE_REVIEWED","app/api/angelcare-marketplace/admin/bookings/[bookingId]/route.ts; route exports, imported handler chain and server permission authority inspected."
"/api/angelcare-marketplace/admin/bookings","GET|POST","handleBookings","Commandes & réservations","CAP-B04-001","marketplace.admin.access|marketplace.operations.view|marketplace.operations.missions.manage|marketplace.finance.view|marketplace.finance.manage|marketplace.merchandising.view|marketplace.merchandising.manage|marketplace.operations.missions.create|marketplace.family.admin.manage","READ_WRITE","POST via handleBookings","YES","OPERATOR_CAPABILITY_AUTHORITY","SOURCE_REVIEWED","app/api/angelcare-marketplace/admin/bookings/route.ts; route exports, imported handler chain and server permission authority inspected."
"/api/angelcare-marketplace/admin/catalog/categories/:categoryId/items","POST","handleCommerceAction","Accueil / cross-domain shell","CAP-GLOBAL-001","marketplace.media.manage|marketplace.media.view|marketplace.homepage.manage|marketplace.homepage.view|marketplace.navigation.manage|marketplace.navigation.view|marketplace.categories.manage|marketplace.catalog.view|marketplace.catalog.manage|marketplace.merchandising.manage|marketplace.merchandising.view|marketplace.publication.manage|marketplace.commerce.view|marketplace.commerce.|marketplace.catalog.purge|marketplace.media.replaced|marketplace.media.uploaded|marketplace.media.transformed","WRITE","POST via handleCommerceAction","YES","SUPPORTING_MUTATION_AUTHORITY","SOURCE_REVIEWED","app/api/angelcare-marketplace/admin/catalog/categories/[categoryId]/items/route.ts; route exports, imported handler chain and server permission authority inspected."
"/api/angelcare-marketplace/admin/catalog/categories/:categoryId","GET|PATCH|DELETE","handleCommerceResource","Accueil / cross-domain shell","CAP-GLOBAL-001","marketplace.media.manage|marketplace.media.view|marketplace.homepage.manage|marketplace.homepage.view|marketplace.navigation.manage|marketplace.navigation.view|marketplace.categories.manage|marketplace.catalog.view|marketplace.catalog.manage|marketplace.merchandising.manage|marketplace.merchandising.view|marketplace.publication.manage|marketplace.commerce.view|marketplace.commerce.|marketplace.catalog.purge|marketplace.media.replaced|marketplace.media.uploaded|marketplace.media.transformed","READ_WRITE","PATCH|DELETE via handleCommerceResource","YES","OPERATOR_CAPABILITY_AUTHORITY","SOURCE_REVIEWED","app/api/angelcare-marketplace/admin/catalog/categories/[categoryId]/route.ts; route exports, imported handler chain and server permission authority inspected."
"/api/angelcare-marketplace/admin/catalog/categories/reorder","POST","handleCommerceAction","Catégories & collections","CAP-B02-001","marketplace.media.manage|marketplace.media.view|marketplace.homepage.manage|marketplace.homepage.view|marketplace.navigation.manage|marketplace.navigation.view|marketplace.categories.manage|marketplace.catalog.view|marketplace.catalog.manage|marketplace.merchandising.manage|marketplace.merchandising.view|marketplace.publication.manage|marketplace.commerce.view|marketplace.commerce.|marketplace.catalog.purge|marketplace.media.replaced|marketplace.media.uploaded|marketplace.media.transformed","WRITE","POST via handleCommerceAction","YES","SUPPORTING_MUTATION_AUTHORITY","SOURCE_REVIEWED","app/api/angelcare-marketplace/admin/catalog/categories/reorder/route.ts; route exports, imported handler chain and server permission authority inspected."
"/api/angelcare-marketplace/admin/catalog/categories","GET|POST","handleCommerceResource","Catégories & collections","CAP-B02-001","marketplace.media.manage|marketplace.media.view|marketplace.homepage.manage|marketplace.homepage.view|marketplace.navigation.manage|marketplace.navigation.view|marketplace.categories.manage|marketplace.catalog.view|marketplace.catalog.manage|marketplace.merchandising.manage|marketplace.merchandising.view|marketplace.publication.manage|marketplace.commerce.view|marketplace.commerce.|marketplace.catalog.purge|marketplace.media.replaced|marketplace.media.uploaded|marketplace.media.transformed","READ_WRITE","POST via handleCommerceResource","YES","OPERATOR_CAPABILITY_AUTHORITY","SOURCE_REVIEWED","app/api/angelcare-marketplace/admin/catalog/categories/route.ts; route exports, imported handler chain and server permission authority inspected."
"/api/angelcare-marketplace/admin/catalog/items/:itemId/availability","GET|POST","handleCommerceResource","Accueil / cross-domain shell","CAP-GLOBAL-001","marketplace.media.manage|marketplace.media.view|marketplace.homepage.manage|marketplace.homepage.view|marketplace.navigation.manage|marketplace.navigation.view|marketplace.categories.manage|marketplace.catalog.view|marketplace.catalog.manage|marketplace.merchandising.manage|marketplace.merchandising.view|marketplace.publication.manage|marketplace.commerce.view|marketplace.commerce.|marketplace.catalog.purge|marketplace.media.replaced|marketplace.media.uploaded|marketplace.media.transformed","READ_WRITE","POST via handleCommerceResource","YES","OPERATOR_CAPABILITY_AUTHORITY","SOURCE_REVIEWED","app/api/angelcare-marketplace/admin/catalog/items/[itemId]/availability/route.ts; route exports, imported handler chain and server permission authority inspected."
"/api/angelcare-marketplace/admin/catalog/items/:itemId/categories","GET|POST","handleCommerceResource","Accueil / cross-domain shell","CAP-GLOBAL-001","marketplace.media.manage|marketplace.media.view|marketplace.homepage.manage|marketplace.homepage.view|marketplace.navigation.manage|marketplace.navigation.view|marketplace.categories.manage|marketplace.catalog.view|marketplace.catalog.manage|marketplace.merchandising.manage|marketplace.merchandising.view|marketplace.publication.manage|marketplace.commerce.view|marketplace.commerce.|marketplace.catalog.purge|marketplace.media.replaced|marketplace.media.uploaded|marketplace.media.transformed","READ_WRITE","POST via handleCommerceResource","YES","OPERATOR_CAPABILITY_AUTHORITY","SOURCE_REVIEWED","app/api/angelcare-marketplace/admin/catalog/items/[itemId]/categories/route.ts; route exports, imported handler chain and server permission authority inspected."
"/api/angelcare-marketplace/admin/catalog/items/:itemId/media","GET|POST","handleCommerceResource","Accueil / cross-domain shell","CAP-GLOBAL-001","marketplace.media.manage|marketplace.media.view|marketplace.homepage.manage|marketplace.homepage.view|marketplace.navigation.manage|marketplace.navigation.view|marketplace.categories.manage|marketplace.catalog.view|marketplace.catalog.manage|marketplace.merchandising.manage|marketplace.merchandising.view|marketplace.publication.manage|marketplace.commerce.view|marketplace.commerce.|marketplace.catalog.purge|marketplace.media.replaced|marketplace.media.uploaded|marketplace.media.transformed","READ_WRITE","POST via handleCommerceResource","YES","OPERATOR_CAPABILITY_AUTHORITY","SOURCE_REVIEWED","app/api/angelcare-marketplace/admin/catalog/items/[itemId]/media/route.ts; route exports, imported handler chain and server permission authority inspected."
"/api/angelcare-marketplace/admin/catalog/items/:itemId/pricing","GET|POST","handleCommerceResource","Accueil / cross-domain shell","CAP-GLOBAL-001","marketplace.media.manage|marketplace.media.view|marketplace.homepage.manage|marketplace.homepage.view|marketplace.navigation.manage|marketplace.navigation.view|marketplace.categories.manage|marketplace.catalog.view|marketplace.catalog.manage|marketplace.merchandising.manage|marketplace.merchandising.view|marketplace.publication.manage|marketplace.commerce.view|marketplace.commerce.|marketplace.catalog.purge|marketplace.media.replaced|marketplace.media.uploaded|marketplace.media.transformed","READ_WRITE","POST via handleCommerceResource","YES","OPERATOR_CAPABILITY_AUTHORITY","SOURCE_REVIEWED","app/api/angelcare-marketplace/admin/catalog/items/[itemId]/pricing/route.ts; route exports, imported handler chain and server permission authority inspected."
"/api/angelcare-marketplace/admin/catalog/items/:itemId","GET|PATCH|DELETE","handleCommerceResource","Accueil / cross-domain shell","CAP-GLOBAL-001","marketplace.media.manage|marketplace.media.view|marketplace.homepage.manage|marketplace.homepage.view|marketplace.navigation.manage|marketplace.navigation.view|marketplace.categories.manage|marketplace.catalog.view|marketplace.catalog.manage|marketplace.merchandising.manage|marketplace.merchandising.view|marketplace.publication.manage|marketplace.commerce.view|marketplace.commerce.|marketplace.catalog.purge|marketplace.media.replaced|marketplace.media.uploaded|marketplace.media.transformed","READ_WRITE","PATCH|DELETE via handleCommerceResource","YES","OPERATOR_CAPABILITY_AUTHORITY","SOURCE_REVIEWED","app/api/angelcare-marketplace/admin/catalog/items/[itemId]/route.ts; route exports, imported handler chain and server permission authority inspected."
"/api/angelcare-marketplace/admin/catalog/items/:itemId/variants","GET|POST","handleCommerceResource","Accueil / cross-domain shell","CAP-GLOBAL-001","marketplace.media.manage|marketplace.media.view|marketplace.homepage.manage|marketplace.homepage.view|marketplace.navigation.manage|marketplace.navigation.view|marketplace.categories.manage|marketplace.catalog.view|marketplace.catalog.manage|marketplace.merchandising.manage|marketplace.merchandising.view|marketplace.publication.manage|marketplace.commerce.view|marketplace.commerce.|marketplace.catalog.purge|marketplace.media.replaced|marketplace.media.uploaded|marketplace.media.transformed","READ_WRITE","POST via handleCommerceResource","YES","OPERATOR_CAPABILITY_AUTHORITY","SOURCE_REVIEWED","app/api/angelcare-marketplace/admin/catalog/items/[itemId]/variants/route.ts; route exports, imported handler chain and server permission authority inspected."
"/api/angelcare-marketplace/admin/catalog/items","GET|POST","handleCommerceResource","Accueil / cross-domain shell","CAP-GLOBAL-001","marketplace.media.manage|marketplace.media.view|marketplace.homepage.manage|marketplace.homepage.view|marketplace.navigation.manage|marketplace.navigation.view|marketplace.categories.manage|marketplace.catalog.view|marketplace.catalog.manage|marketplace.merchandising.manage|marketplace.merchandising.view|marketplace.publication.manage|marketplace.commerce.view|marketplace.commerce.|marketplace.catalog.purge|marketplace.media.replaced|marketplace.media.uploaded|marketplace.media.transformed","READ_WRITE","POST via handleCommerceResource","YES","OPERATOR_CAPABILITY_AUTHORITY","SOURCE_REVIEWED","app/api/angelcare-marketplace/admin/catalog/items/route.ts; route exports, imported handler chain and server permission authority inspected."
"/api/angelcare-marketplace/admin/category-native/homepage-blocks","GET","handleHomepageBlocks","Catégories & collections","CAP-B02-001","marketplace.category_native_import.manage|marketplace.category_native_import.view|marketplace.homepage.manage|marketplace.homepage.view|marketplace.experience_schema.manage|marketplace.experience_schema.view|marketplace.category_native.schema.created|marketplace.category_native.schema.updated|marketplace.category_native.schema.|marketplace.category_native.import.validated|marketplace.category_native.import.","READ","NOT_APPLICABLE","YES","SUPPORTING_READ_AUTHORITY","SOURCE_REVIEWED","app/api/angelcare-marketplace/admin/category-native/homepage-blocks/route.ts; route exports, imported handler chain and server permission authority inspected."
"/api/angelcare-marketplace/admin/category-native/imports/:jobId/:action","POST","handleCategoryNativeImportAction","Catégories & collections","CAP-B02-001","marketplace.category_native_import.manage|marketplace.category_native_import.view|marketplace.homepage.manage|marketplace.homepage.view|marketplace.experience_schema.manage|marketplace.experience_schema.view|marketplace.category_native.schema.created|marketplace.category_native.schema.updated|marketplace.category_native.schema.|marketplace.category_native.import.validated|marketplace.category_native.import.","WRITE","POST via handleCategoryNativeImportAction","YES","SUPPORTING_MUTATION_AUTHORITY","SOURCE_REVIEWED","app/api/angelcare-marketplace/admin/category-native/imports/[jobId]/[action]/route.ts; route exports, imported handler chain and server permission authority inspected."
"/api/angelcare-marketplace/admin/category-native/imports/:jobId","GET","handleCategoryNativeImport","Catégories & collections","CAP-B02-001","marketplace.category_native_import.manage|marketplace.category_native_import.view|marketplace.homepage.manage|marketplace.homepage.view|marketplace.experience_schema.manage|marketplace.experience_schema.view|marketplace.category_native.schema.created|marketplace.category_native.schema.updated|marketplace.category_native.schema.|marketplace.category_native.import.validated|marketplace.category_native.import.","READ","NOT_APPLICABLE","YES","SUPPORTING_READ_AUTHORITY","SOURCE_REVIEWED","app/api/angelcare-marketplace/admin/category-native/imports/[jobId]/route.ts; route exports, imported handler chain and server permission authority inspected."
"/api/angelcare-marketplace/admin/category-native/imports","GET|POST","handleCategoryNativeImports","Catégories & collections","CAP-B02-001","marketplace.category_native_import.manage|marketplace.category_native_import.view|marketplace.homepage.manage|marketplace.homepage.view|marketplace.experience_schema.manage|marketplace.experience_schema.view|marketplace.category_native.schema.created|marketplace.category_native.schema.updated|marketplace.category_native.schema.|marketplace.category_native.import.validated|marketplace.category_native.import.","READ_WRITE","POST via handleCategoryNativeImports","YES","OPERATOR_CAPABILITY_AUTHORITY","SOURCE_REVIEWED","app/api/angelcare-marketplace/admin/category-native/imports/route.ts; route exports, imported handler chain and server permission authority inspected."
"/api/angelcare-marketplace/admin/category-native/schemas/:schemaKey/:action","POST","handleExperienceSchemaAction","Catégories & collections","CAP-B02-001","marketplace.category_native_import.manage|marketplace.category_native_import.view|marketplace.homepage.manage|marketplace.homepage.view|marketplace.experience_schema.manage|marketplace.experience_schema.view|marketplace.category_native.schema.created|marketplace.category_native.schema.updated|marketplace.category_native.schema.|marketplace.category_native.import.validated|marketplace.category_native.import.","WRITE","POST via handleExperienceSchemaAction","YES","SUPPORTING_MUTATION_AUTHORITY","SOURCE_REVIEWED","app/api/angelcare-marketplace/admin/category-native/schemas/[schemaKey]/[action]/route.ts; route exports, imported handler chain and server permission authority inspected."
"/api/angelcare-marketplace/admin/category-native/schemas/:schemaKey/fields/:fieldId","PATCH","handleSchemaField","Catégories & collections","CAP-B02-001","marketplace.category_native_import.manage|marketplace.category_native_import.view|marketplace.homepage.manage|marketplace.homepage.view|marketplace.experience_schema.manage|marketplace.experience_schema.view|marketplace.category_native.schema.created|marketplace.category_native.schema.updated|marketplace.category_native.schema.|marketplace.category_native.import.validated|marketplace.category_native.import.","WRITE","PATCH via handleSchemaField","YES","SUPPORTING_MUTATION_AUTHORITY","SOURCE_REVIEWED","app/api/angelcare-marketplace/admin/category-native/schemas/[schemaKey]/fields/[fieldId]/route.ts; route exports, imported handler chain and server permission authority inspected."
"/api/angelcare-marketplace/admin/category-native/schemas/:schemaKey/fields/reorder","POST","handleSchemaFieldReorder","Catégories & collections","CAP-B02-001","marketplace.category_native_import.manage|marketplace.category_native_import.view|marketplace.homepage.manage|marketplace.homepage.view|marketplace.experience_schema.manage|marketplace.experience_schema.view|marketplace.category_native.schema.created|marketplace.category_native.schema.updated|marketplace.category_native.schema.|marketplace.category_native.import.validated|marketplace.category_native.import.","WRITE","POST via handleSchemaFieldReorder","YES","SUPPORTING_MUTATION_AUTHORITY","SOURCE_REVIEWED","app/api/angelcare-marketplace/admin/category-native/schemas/[schemaKey]/fields/reorder/route.ts; route exports, imported handler chain and server permission authority inspected."
"/api/angelcare-marketplace/admin/category-native/schemas/:schemaKey/fields","GET|POST","handleSchemaFields","Catégories & collections","CAP-B02-001","marketplace.category_native_import.manage|marketplace.category_native_import.view|marketplace.homepage.manage|marketplace.homepage.view|marketplace.experience_schema.manage|marketplace.experience_schema.view|marketplace.category_native.schema.created|marketplace.category_native.schema.updated|marketplace.category_native.schema.|marketplace.category_native.import.validated|marketplace.category_native.import.","READ_WRITE","POST via handleSchemaFields","YES","OPERATOR_CAPABILITY_AUTHORITY","SOURCE_REVIEWED","app/api/angelcare-marketplace/admin/category-native/schemas/[schemaKey]/fields/route.ts; route exports, imported handler chain and server permission authority inspected."
"/api/angelcare-marketplace/admin/category-native/schemas/:schemaKey","GET|PATCH","handleExperienceSchema","Catégories & collections","CAP-B02-001","marketplace.category_native_import.manage|marketplace.category_native_import.view|marketplace.homepage.manage|marketplace.homepage.view|marketplace.experience_schema.manage|marketplace.experience_schema.view|marketplace.category_native.schema.created|marketplace.category_native.schema.updated|marketplace.category_native.schema.|marketplace.category_native.import.validated|marketplace.category_native.import.","READ_WRITE","PATCH via handleExperienceSchema","YES","OPERATOR_CAPABILITY_AUTHORITY","SOURCE_REVIEWED","app/api/angelcare-marketplace/admin/category-native/schemas/[schemaKey]/route.ts; route exports, imported handler chain and server permission authority inspected."
"/api/angelcare-marketplace/admin/category-native/schemas/:schemaKey/template","GET","handleCsvTemplate","Catégories & collections","CAP-B02-001","marketplace.category_native_import.manage|marketplace.category_native_import.view|marketplace.homepage.manage|marketplace.homepage.view|marketplace.experience_schema.manage|marketplace.experience_schema.view|marketplace.category_native.schema.created|marketplace.category_native.schema.updated|marketplace.category_native.schema.|marketplace.category_native.import.validated|marketplace.category_native.import.","READ","NOT_APPLICABLE","YES","SUPPORTING_READ_AUTHORITY","SOURCE_REVIEWED","app/api/angelcare-marketplace/admin/category-native/schemas/[schemaKey]/template/route.ts; route exports, imported handler chain and server permission authority inspected."
"/api/angelcare-marketplace/admin/category-native/schemas","GET|POST","handleExperienceSchemas","Catégories & collections","CAP-B02-001","marketplace.category_native_import.manage|marketplace.category_native_import.view|marketplace.homepage.manage|marketplace.homepage.view|marketplace.experience_schema.manage|marketplace.experience_schema.view|marketplace.category_native.schema.created|marketplace.category_native.schema.updated|marketplace.category_native.schema.|marketplace.category_native.import.validated|marketplace.category_native.import.","READ_WRITE","POST via handleExperienceSchemas","YES","OPERATOR_CAPABILITY_AUTHORITY","SOURCE_REVIEWED","app/api/angelcare-marketplace/admin/category-native/schemas/route.ts; route exports, imported handler chain and server permission authority inspected."
"/api/angelcare-marketplace/admin/category-native/summary","GET","handleCategoryNativeSummary","Catégories & collections","CAP-B02-001","marketplace.category_native_import.manage|marketplace.category_native_import.view|marketplace.homepage.manage|marketplace.homepage.view|marketplace.experience_schema.manage|marketplace.experience_schema.view|marketplace.category_native.schema.created|marketplace.category_native.schema.updated|marketplace.category_native.schema.|marketplace.category_native.import.validated|marketplace.category_native.import.","READ","NOT_APPLICABLE","YES","SUPPORTING_READ_AUTHORITY","SOURCE_REVIEWED","app/api/angelcare-marketplace/admin/category-native/summary/route.ts; route exports, imported handler chain and server permission authority inspected."
"/api/angelcare-marketplace/admin/commerce/:resource/:id/:action","POST|PATCH","handleCommerceAction","Accueil / cross-domain shell","CAP-GLOBAL-001","marketplace.media.manage|marketplace.media.view|marketplace.homepage.manage|marketplace.homepage.view|marketplace.navigation.manage|marketplace.navigation.view|marketplace.categories.manage|marketplace.catalog.view|marketplace.catalog.manage|marketplace.merchandising.manage|marketplace.merchandising.view|marketplace.publication.manage|marketplace.commerce.view|marketplace.commerce.|marketplace.catalog.purge|marketplace.media.replaced|marketplace.media.uploaded|marketplace.media.transformed","WRITE","POST|PATCH via handleCommerceAction","YES","SUPPORTING_MUTATION_AUTHORITY","SOURCE_REVIEWED","app/api/angelcare-marketplace/admin/commerce/[resource]/[id]/[action]/route.ts; route exports, imported handler chain and server permission authority inspected."
"/api/angelcare-marketplace/admin/commerce/:resource/:id","GET|PATCH|DELETE","handleCommerceResource","Accueil / cross-domain shell","CAP-GLOBAL-001","marketplace.media.manage|marketplace.media.view|marketplace.homepage.manage|marketplace.homepage.view|marketplace.navigation.manage|marketplace.navigation.view|marketplace.categories.manage|marketplace.catalog.view|marketplace.catalog.manage|marketplace.merchandising.manage|marketplace.merchandising.view|marketplace.publication.manage|marketplace.commerce.view|marketplace.commerce.|marketplace.catalog.purge|marketplace.media.replaced|marketplace.media.uploaded|marketplace.media.transformed","READ_WRITE","PATCH|DELETE via handleCommerceResource","YES","OPERATOR_CAPABILITY_AUTHORITY","SOURCE_REVIEWED","app/api/angelcare-marketplace/admin/commerce/[resource]/[id]/route.ts; route exports, imported handler chain and server permission authority inspected."
"/api/angelcare-marketplace/admin/commerce/:resource","GET|POST","handleCommerceResource","Accueil / cross-domain shell","CAP-GLOBAL-001","marketplace.media.manage|marketplace.media.view|marketplace.homepage.manage|marketplace.homepage.view|marketplace.navigation.manage|marketplace.navigation.view|marketplace.categories.manage|marketplace.catalog.view|marketplace.catalog.manage|marketplace.merchandising.manage|marketplace.merchandising.view|marketplace.publication.manage|marketplace.commerce.view|marketplace.commerce.|marketplace.catalog.purge|marketplace.media.replaced|marketplace.media.uploaded|marketplace.media.transformed","READ_WRITE","POST via handleCommerceResource","YES","OPERATOR_CAPABILITY_AUTHORITY","SOURCE_REVIEWED","app/api/angelcare-marketplace/admin/commerce/[resource]/route.ts; route exports, imported handler chain and server permission authority inspected."
"/api/angelcare-marketplace/admin/commerce/export/:resource","GET","handleCommerceExport","Accueil / cross-domain shell","CAP-GLOBAL-001","marketplace.commerce.export|marketplace.commerce.import|marketplace.commerce.import.previewed|marketplace.commerce.import.executed","READ","NOT_APPLICABLE","YES","SUPPORTING_READ_AUTHORITY","SOURCE_REVIEWED","app/api/angelcare-marketplace/admin/commerce/export/[resource]/route.ts; route exports, imported handler chain and server permission authority inspected."
"/api/angelcare-marketplace/admin/commerce/import/:resource","POST","handleCommerceImport","Accueil / cross-domain shell","CAP-GLOBAL-001","marketplace.commerce.export|marketplace.commerce.import|marketplace.commerce.import.previewed|marketplace.commerce.import.executed","WRITE","POST via handleCommerceImport","YES","SUPPORTING_MUTATION_AUTHORITY","SOURCE_REVIEWED","app/api/angelcare-marketplace/admin/commerce/import/[resource]/route.ts; route exports, imported handler chain and server permission authority inspected."
"/api/angelcare-marketplace/admin/commerce/summary","GET","handleCommerceStudioSummary","Accueil / cross-domain shell","CAP-GLOBAL-001","marketplace.media.manage|marketplace.media.view|marketplace.homepage.manage|marketplace.homepage.view|marketplace.navigation.manage|marketplace.navigation.view|marketplace.categories.manage|marketplace.catalog.view|marketplace.catalog.manage|marketplace.merchandising.manage|marketplace.merchandising.view|marketplace.publication.manage|marketplace.commerce.view|marketplace.commerce.|marketplace.catalog.purge|marketplace.media.replaced|marketplace.media.uploaded|marketplace.media.transformed","READ","NOT_APPLICABLE","YES","SUPPORTING_READ_AUTHORITY","SOURCE_REVIEWED","app/api/angelcare-marketplace/admin/commerce/summary/route.ts; route exports, imported handler chain and server permission authority inspected."
"/api/angelcare-marketplace/admin/customers-revenue/overview","GET","INLINE_ROUTE_HANDLER","Clients","CAP-B03-001","marketplace.admin.access","READ","NOT_APPLICABLE","YES","SUPPORTING_READ_AUTHORITY","SOURCE_REVIEWED","app/api/angelcare-marketplace/admin/customers-revenue/overview/route.ts; route exports, imported handler chain and server permission authority inspected."
"/api/angelcare-marketplace/admin/customers/:customerId/addresses/:addressId","PATCH","handleAdminCustomerAddress","Trust & qualité","CAP-B11-001","marketplace.admin.access|marketplace.family.admin.view|marketplace.family.admin.manage|marketplace.finance.view|marketplace.finance.manage|marketplace.finance.exceptions.approve|marketplace.operations.missions.create|marketplace.operations.view|marketplace.catalog.suppliers.manage|marketplace.catalog.suppliers.view","WRITE","PATCH via handleAdminCustomerAddress","YES","SUPPORTING_MUTATION_AUTHORITY","SOURCE_REVIEWED","app/api/angelcare-marketplace/admin/customers/[customerId]/addresses/[addressId]/route.ts; route exports, imported handler chain and server permission authority inspected."
"/api/angelcare-marketplace/admin/customers/:customerId/addresses","GET|POST","handleAdminCustomerAddresses","Trust & qualité","CAP-B11-001","marketplace.admin.access|marketplace.family.admin.view|marketplace.family.admin.manage|marketplace.finance.view|marketplace.finance.manage|marketplace.finance.exceptions.approve|marketplace.operations.missions.create|marketplace.operations.view|marketplace.catalog.suppliers.manage|marketplace.catalog.suppliers.view","READ_WRITE","POST via handleAdminCustomerAddresses","YES","OPERATOR_CAPABILITY_AUTHORITY","SOURCE_REVIEWED","app/api/angelcare-marketplace/admin/customers/[customerId]/addresses/route.ts; route exports, imported handler chain and server permission authority inspected."
"/api/angelcare-marketplace/admin/customers/:customerId/family/children/:childId","PATCH","handleAdminCustomerChild","Trust & qualité","CAP-B11-001","marketplace.admin.access|marketplace.family.admin.view|marketplace.family.admin.manage|marketplace.finance.view|marketplace.finance.manage|marketplace.finance.exceptions.approve|marketplace.operations.missions.create|marketplace.operations.view|marketplace.catalog.suppliers.manage|marketplace.catalog.suppliers.view","WRITE","PATCH via handleAdminCustomerChild","YES","SUPPORTING_MUTATION_AUTHORITY","SOURCE_REVIEWED","app/api/angelcare-marketplace/admin/customers/[customerId]/family/children/[childId]/route.ts; route exports, imported handler chain and server permission authority inspected."
"/api/angelcare-marketplace/admin/customers/:customerId/family/children","GET|POST","handleAdminCustomerChildren","Trust & qualité","CAP-B11-001","marketplace.admin.access|marketplace.family.admin.view|marketplace.family.admin.manage|marketplace.finance.view|marketplace.finance.manage|marketplace.finance.exceptions.approve|marketplace.operations.missions.create|marketplace.operations.view|marketplace.catalog.suppliers.manage|marketplace.catalog.suppliers.view","READ_WRITE","POST via handleAdminCustomerChildren","YES","OPERATOR_CAPABILITY_AUTHORITY","SOURCE_REVIEWED","app/api/angelcare-marketplace/admin/customers/[customerId]/family/children/route.ts; route exports, imported handler chain and server permission authority inspected."
"/api/angelcare-marketplace/admin/customers/:customerId/family","GET|PATCH","handleAdminCustomerFamily","Trust & qualité","CAP-B11-001","marketplace.admin.access|marketplace.family.admin.view|marketplace.family.admin.manage|marketplace.finance.view|marketplace.finance.manage|marketplace.finance.exceptions.approve|marketplace.operations.missions.create|marketplace.operations.view|marketplace.catalog.suppliers.manage|marketplace.catalog.suppliers.view","READ_WRITE","PATCH via handleAdminCustomerFamily","YES","OPERATOR_CAPABILITY_AUTHORITY","SOURCE_REVIEWED","app/api/angelcare-marketplace/admin/customers/[customerId]/family/route.ts; route exports, imported handler chain and server permission authority inspected."
"/api/angelcare-marketplace/admin/customers/:customerId","GET|PATCH","handleAdminCustomer","Trust & qualité","CAP-B11-001","marketplace.admin.access|marketplace.family.admin.view|marketplace.family.admin.manage|marketplace.finance.view|marketplace.finance.manage|marketplace.finance.exceptions.approve|marketplace.operations.missions.create|marketplace.operations.view|marketplace.catalog.suppliers.manage|marketplace.catalog.suppliers.view","READ_WRITE","PATCH via handleAdminCustomer","YES","OPERATOR_CAPABILITY_AUTHORITY","SOURCE_REVIEWED","app/api/angelcare-marketplace/admin/customers/[customerId]/route.ts; route exports, imported handler chain and server permission authority inspected."
"/api/angelcare-marketplace/admin/customers","GET|POST","handleAdminCustomers","Trust & qualité","CAP-B11-001","marketplace.admin.access|marketplace.family.admin.view|marketplace.family.admin.manage|marketplace.finance.view|marketplace.finance.manage|marketplace.finance.exceptions.approve|marketplace.operations.missions.create|marketplace.operations.view|marketplace.catalog.suppliers.manage|marketplace.catalog.suppliers.view","READ_WRITE","POST via handleAdminCustomers","YES","OPERATOR_CAPABILITY_AUTHORITY","SOURCE_REVIEWED","app/api/angelcare-marketplace/admin/customers/route.ts; route exports, imported handler chain and server permission authority inspected."
"/api/angelcare-marketplace/admin/enterprise-command/bulk-operations","GET","handleBulkOperations","Opérations","CAP-B07-001","AUTHENTICATED_MARKETPLACE_CONTEXT","READ","NOT_APPLICABLE","YES","SUPPORTING_READ_AUTHORITY","SOURCE_REVIEWED","app/api/angelcare-marketplace/admin/enterprise-command/bulk-operations/route.ts; route exports, imported handler chain and server permission authority inspected."
"/api/angelcare-marketplace/admin/enterprise-command/command-center","GET","INLINE_ROUTE_HANDLER","Opérations","CAP-B07-001","marketplace.admin.access","READ","NOT_APPLICABLE","YES","SUPPORTING_READ_AUTHORITY","SOURCE_REVIEWED","app/api/angelcare-marketplace/admin/enterprise-command/command-center/route.ts; route exports, imported handler chain and server permission authority inspected."
"/api/angelcare-marketplace/admin/enterprise-command/customers/:customerId","GET","handleCustomerMega","Opérations","CAP-B07-001","AUTHENTICATED_MARKETPLACE_CONTEXT","READ","NOT_APPLICABLE","YES","SUPPORTING_READ_AUTHORITY","SOURCE_REVIEWED","app/api/angelcare-marketplace/admin/enterprise-command/customers/[customerId]/route.ts; route exports, imported handler chain and server permission authority inspected."
"/api/angelcare-marketplace/admin/enterprise-command/documents/export","POST","handleDocumentExport","Commandes & réservations","CAP-B04-001|CAP-B07-001","AUTHENTICATED_MARKETPLACE_CONTEXT","WRITE","POST via handleDocumentExport","YES","SUPPORTING_MUTATION_AUTHORITY","SOURCE_REVIEWED","app/api/angelcare-marketplace/admin/enterprise-command/documents/export/route.ts; route exports, imported handler chain and server permission authority inspected."
"/api/angelcare-marketplace/admin/enterprise-command/live-map","GET","handleLiveMap","Opérations","CAP-B07-001","AUTHENTICATED_MARKETPLACE_CONTEXT","READ","NOT_APPLICABLE","YES","SUPPORTING_READ_AUTHORITY","SOURCE_REVIEWED","app/api/angelcare-marketplace/admin/enterprise-command/live-map/route.ts; route exports, imported handler chain and server permission authority inspected."
"/api/angelcare-marketplace/admin/enterprise-command/missions","GET","handleMissions","Opérations","CAP-B07-001","AUTHENTICATED_MARKETPLACE_CONTEXT","READ","NOT_APPLICABLE","YES","SUPPORTING_READ_AUTHORITY","SOURCE_REVIEWED","app/api/angelcare-marketplace/admin/enterprise-command/missions/route.ts; route exports, imported handler chain and server permission authority inspected."
"/api/angelcare-marketplace/admin/enterprise-command/operator-workspace","GET|PATCH","handleOperatorWorkspace","Opérations","CAP-B07-001","marketplace.admin.access|marketplace.operations.missions.manage","READ_WRITE","PATCH via handleOperatorWorkspace","YES","OPERATOR_CAPABILITY_AUTHORITY","SOURCE_REVIEWED","app/api/angelcare-marketplace/admin/enterprise-command/operator-workspace/route.ts; route exports, imported handler chain and server permission authority inspected."
"/api/angelcare-marketplace/admin/enterprise-command/orders/:orderId/operate","PATCH","handleOrderOperate","Opérations","CAP-B07-001","marketplace.admin.access|marketplace.operations.missions.manage","WRITE","PATCH via handleOrderOperate","YES","SUPPORTING_MUTATION_AUTHORITY","SOURCE_REVIEWED","app/api/angelcare-marketplace/admin/enterprise-command/orders/[orderId]/operate/route.ts; route exports, imported handler chain and server permission authority inspected."
"/api/angelcare-marketplace/admin/enterprise-command/orders/:orderId","GET","handleOrderMega","Opérations","CAP-B07-001","AUTHENTICATED_MARKETPLACE_CONTEXT","READ","NOT_APPLICABLE","YES","SUPPORTING_READ_AUTHORITY","SOURCE_REVIEWED","app/api/angelcare-marketplace/admin/enterprise-command/orders/[orderId]/route.ts; route exports, imported handler chain and server permission authority inspected."
"/api/angelcare-marketplace/admin/enterprise-command/product-import/commit","POST","handleProductImportCommit","Opérations","CAP-B07-001","AUTHENTICATED_MARKETPLACE_CONTEXT","WRITE","POST via handleProductImportCommit","YES","SUPPORTING_MUTATION_AUTHORITY","SOURCE_REVIEWED","app/api/angelcare-marketplace/admin/enterprise-command/product-import/commit/route.ts; route exports, imported handler chain and server permission authority inspected."
"/api/angelcare-marketplace/admin/enterprise-command/product-import/jobs/:jobId/result","GET","handleProductImportJobResult","Opérations","CAP-B07-001","AUTHENTICATED_MARKETPLACE_CONTEXT","READ","NOT_APPLICABLE","YES","SUPPORTING_READ_AUTHORITY","SOURCE_REVIEWED","app/api/angelcare-marketplace/admin/enterprise-command/product-import/jobs/[jobId]/result/route.ts; route exports, imported handler chain and server permission authority inspected."
"/api/angelcare-marketplace/admin/enterprise-command/product-import/jobs/:jobId/retry","POST","handleProductImportJobRetry","Opérations","CAP-B07-001","AUTHENTICATED_MARKETPLACE_CONTEXT","WRITE","POST via handleProductImportJobRetry","YES","SUPPORTING_MUTATION_AUTHORITY","SOURCE_REVIEWED","app/api/angelcare-marketplace/admin/enterprise-command/product-import/jobs/[jobId]/retry/route.ts; route exports, imported handler chain and server permission authority inspected."
"/api/angelcare-marketplace/admin/enterprise-command/product-import/jobs/:jobId","GET","handleProductImportJob","Opérations","CAP-B07-001","AUTHENTICATED_MARKETPLACE_CONTEXT","READ","NOT_APPLICABLE","YES","SUPPORTING_READ_AUTHORITY","SOURCE_REVIEWED","app/api/angelcare-marketplace/admin/enterprise-command/product-import/jobs/[jobId]/route.ts; route exports, imported handler chain and server permission authority inspected."
"/api/angelcare-marketplace/admin/enterprise-command/product-import/jobs/:jobId/run","POST","handleProductImportJobRun","Opérations","CAP-B07-001","AUTHENTICATED_MARKETPLACE_CONTEXT","WRITE","POST via handleProductImportJobRun","YES","SUPPORTING_MUTATION_AUTHORITY","SOURCE_REVIEWED","app/api/angelcare-marketplace/admin/enterprise-command/product-import/jobs/[jobId]/run/route.ts; route exports, imported handler chain and server permission authority inspected."
"/api/angelcare-marketplace/admin/enterprise-command/product-import/jobs","POST","handleProductImportJobCreate","Opérations","CAP-B07-001","AUTHENTICATED_MARKETPLACE_CONTEXT","WRITE","POST via handleProductImportJobCreate","YES","SUPPORTING_MUTATION_AUTHORITY","SOURCE_REVIEWED","app/api/angelcare-marketplace/admin/enterprise-command/product-import/jobs/route.ts; route exports, imported handler chain and server permission authority inspected."
"/api/angelcare-marketplace/admin/enterprise-command/product-import/preview","POST","handleProductImportPreview","Opérations","CAP-B07-001","AUTHENTICATED_MARKETPLACE_CONTEXT","WRITE","POST via handleProductImportPreview","YES","SUPPORTING_MUTATION_AUTHORITY","SOURCE_REVIEWED","app/api/angelcare-marketplace/admin/enterprise-command/product-import/preview/route.ts; route exports, imported handler chain and server permission authority inspected."
"/api/angelcare-marketplace/admin/enterprise-command/pulse","GET","handleBusinessPulse","Trust & qualité","CAP-B11-001","AUTHENTICATED_MARKETPLACE_CONTEXT","READ","NOT_APPLICABLE","YES","SUPPORTING_READ_AUTHORITY","SOURCE_REVIEWED","app/api/angelcare-marketplace/admin/enterprise-command/pulse/route.ts; route exports, imported handler chain and server permission authority inspected."
"/api/angelcare-marketplace/admin/enterprise-command/search","GET","handleEnterpriseSearch","Opérations","CAP-B07-001","AUTHENTICATED_MARKETPLACE_CONTEXT","READ","NOT_APPLICABLE","YES","SUPPORTING_READ_AUTHORITY","SOURCE_REVIEWED","app/api/angelcare-marketplace/admin/enterprise-command/search/route.ts; route exports, imported handler chain and server permission authority inspected."
"/api/angelcare-marketplace/admin/enterprise-command/segments","POST","handleSegments","Marketing & promotions","CAP-B06-001","AUTHENTICATED_MARKETPLACE_CONTEXT","WRITE","POST via handleSegments","YES","SUPPORTING_MUTATION_AUTHORITY","SOURCE_REVIEWED","app/api/angelcare-marketplace/admin/enterprise-command/segments/route.ts; route exports, imported handler chain and server permission authority inspected."
"/api/angelcare-marketplace/admin/enterprise-command/segments/saved/:segmentId","PATCH|DELETE","handleSavedSegment","Opérations","CAP-B07-001","marketplace.admin.access|marketplace.operations.missions.manage","WRITE","PATCH|DELETE via handleSavedSegment","YES","SUPPORTING_MUTATION_AUTHORITY","SOURCE_REVIEWED","app/api/angelcare-marketplace/admin/enterprise-command/segments/saved/[segmentId]/route.ts; route exports, imported handler chain and server permission authority inspected."
"/api/angelcare-marketplace/admin/enterprise-command/segments/saved","GET|POST","handleSavedSegments","Marketing & promotions","CAP-B06-001","marketplace.admin.access|marketplace.operations.missions.manage","READ_WRITE","POST via handleSavedSegments","YES","OPERATOR_CAPABILITY_AUTHORITY","SOURCE_REVIEWED","app/api/angelcare-marketplace/admin/enterprise-command/segments/saved/route.ts; route exports, imported handler chain and server permission authority inspected."
"/api/angelcare-marketplace/admin/enterprise-command/templates/:templateKey/versions","GET|POST","handleTemplateVersions","Opérations","CAP-B07-001","AUTHENTICATED_MARKETPLACE_CONTEXT","READ_WRITE","POST via handleTemplateVersions","YES","OPERATOR_CAPABILITY_AUTHORITY","SOURCE_REVIEWED","app/api/angelcare-marketplace/admin/enterprise-command/templates/[templateKey]/versions/route.ts; route exports, imported handler chain and server permission authority inspected."
"/api/angelcare-marketplace/admin/enterprise-command/templates","GET|POST","handleTemplates","Opérations","CAP-B07-001","AUTHENTICATED_MARKETPLACE_CONTEXT","READ_WRITE","POST via handleTemplates","YES","OPERATOR_CAPABILITY_AUTHORITY","SOURCE_REVIEWED","app/api/angelcare-marketplace/admin/enterprise-command/templates/route.ts; route exports, imported handler chain and server permission authority inspected."
"/api/angelcare-marketplace/admin/enterprise-control","GET","handleEnterpriseControlSnapshot","Accueil / cross-domain shell","CAP-GLOBAL-001","marketplace.admin.access|marketplace.operations.view|marketplace.operations.missions.manage|marketplace.finance.view|marketplace.finance.manage|marketplace.merchandising.view|marketplace.merchandising.manage|marketplace.operations.missions.create|marketplace.family.admin.manage","READ","NOT_APPLICABLE","YES","SUPPORTING_READ_AUTHORITY","SOURCE_REVIEWED","app/api/angelcare-marketplace/admin/enterprise-control/route.ts; route exports, imported handler chain and server permission authority inspected."
"/api/angelcare-marketplace/admin/enterprise/orders/:orderId/lines/:lineId","PATCH","handleEnterpriseOrderLine","Accueil / cross-domain shell","CAP-GLOBAL-001","marketplace.admin.access|marketplace.operations.view|marketplace.operations.missions.manage|marketplace.finance.view|marketplace.finance.manage|marketplace.merchandising.view|marketplace.merchandising.manage|marketplace.operations.missions.create|marketplace.family.admin.manage","WRITE","PATCH via handleEnterpriseOrderLine","YES","SUPPORTING_MUTATION_AUTHORITY","SOURCE_REVIEWED","app/api/angelcare-marketplace/admin/enterprise/orders/[orderId]/lines/[lineId]/route.ts; route exports, imported handler chain and server permission authority inspected."
"/api/angelcare-marketplace/admin/enterprise/orders/:orderId/lines","POST","handleEnterpriseOrderLines","Accueil / cross-domain shell","CAP-GLOBAL-001","marketplace.admin.access|marketplace.operations.view|marketplace.operations.missions.manage|marketplace.finance.view|marketplace.finance.manage|marketplace.merchandising.view|marketplace.merchandising.manage|marketplace.operations.missions.create|marketplace.family.admin.manage","WRITE","POST via handleEnterpriseOrderLines","YES","SUPPORTING_MUTATION_AUTHORITY","SOURCE_REVIEWED","app/api/angelcare-marketplace/admin/enterprise/orders/[orderId]/lines/route.ts; route exports, imported handler chain and server permission authority inspected."
"/api/angelcare-marketplace/admin/enterprise/orders/:orderId","GET","handleEnterpriseOrder","Accueil / cross-domain shell","CAP-GLOBAL-001","marketplace.admin.access|marketplace.operations.view|marketplace.operations.missions.manage|marketplace.finance.view|marketplace.finance.manage|marketplace.merchandising.view|marketplace.merchandising.manage|marketplace.operations.missions.create|marketplace.family.admin.manage","READ","NOT_APPLICABLE","YES","SUPPORTING_READ_AUTHORITY","SOURCE_REVIEWED","app/api/angelcare-marketplace/admin/enterprise/orders/[orderId]/route.ts; route exports, imported handler chain and server permission authority inspected."
"/api/angelcare-marketplace/admin/families/:familyId/guardians/:guardianId","PATCH","handleFamilyGuardian","Accueil / cross-domain shell","CAP-GLOBAL-001","marketplace.admin.access|marketplace.operations.view|marketplace.operations.missions.manage|marketplace.finance.view|marketplace.finance.manage|marketplace.merchandising.view|marketplace.merchandising.manage|marketplace.operations.missions.create|marketplace.family.admin.manage","WRITE","PATCH via handleFamilyGuardian","YES","SUPPORTING_MUTATION_AUTHORITY","SOURCE_REVIEWED","app/api/angelcare-marketplace/admin/families/[familyId]/guardians/[guardianId]/route.ts; route exports, imported handler chain and server permission authority inspected."
"/api/angelcare-marketplace/admin/families/:familyId/guardians","GET|POST","handleFamilyGuardians","Accueil / cross-domain shell","CAP-GLOBAL-001","marketplace.admin.access|marketplace.operations.view|marketplace.operations.missions.manage|marketplace.finance.view|marketplace.finance.manage|marketplace.merchandising.view|marketplace.merchandising.manage|marketplace.operations.missions.create|marketplace.family.admin.manage","READ_WRITE","POST via handleFamilyGuardians","YES","OPERATOR_CAPABILITY_AUTHORITY","SOURCE_REVIEWED","app/api/angelcare-marketplace/admin/families/[familyId]/guardians/route.ts; route exports, imported handler chain and server permission authority inspected."
"/api/angelcare-marketplace/admin/families","INTERNAL_FRAMEWORK_HANDLER","INLINE_ROUTE_HANDLER","Clients","CAP-B03-001","marketplace.family.dashboard|marketplace.family.profile.view|marketplace.family.profile.manage|marketplace.family.children.view|marketplace.family.children.manage|marketplace.family.diagnostics.view|marketplace.family.diagnostics.create|marketplace.family.requests.view|marketplace.family.requests.create|marketplace.family.missions.view|marketplace.family.support.view|marketplace.family.support.create|marketplace.family.admin.view|marketplace.family.requests.manage|marketplace.family.requests.qualify","READ","NOT_APPLICABLE","YES","SUPPORTING_READ_AUTHORITY","SOURCE_REVIEWED","app/api/angelcare-marketplace/admin/families/route.ts; route exports, imported handler chain and server permission authority inspected."
"/api/angelcare-marketplace/admin/family-requests/:requestId/qualify","POST","handleQualifyRequest","Clients","CAP-B03-001","marketplace.family.dashboard|marketplace.family.profile.view|marketplace.family.profile.manage|marketplace.family.children.view|marketplace.family.children.manage|marketplace.family.diagnostics.view|marketplace.family.diagnostics.create|marketplace.family.requests.view|marketplace.family.requests.create|marketplace.family.missions.view|marketplace.family.support.view|marketplace.family.support.create|marketplace.family.admin.view|marketplace.family.requests.manage|marketplace.family.requests.qualify","WRITE","POST via handleQualifyRequest","YES","SUPPORTING_MUTATION_AUTHORITY","SOURCE_REVIEWED","app/api/angelcare-marketplace/admin/family-requests/[requestId]/qualify/route.ts; route exports, imported handler chain and server permission authority inspected."
"/api/angelcare-marketplace/admin/family-requests","INTERNAL_FRAMEWORK_HANDLER","INLINE_ROUTE_HANDLER","Clients","CAP-B03-001","marketplace.family.dashboard|marketplace.family.profile.view|marketplace.family.profile.manage|marketplace.family.children.view|marketplace.family.children.manage|marketplace.family.diagnostics.view|marketplace.family.diagnostics.create|marketplace.family.requests.view|marketplace.family.requests.create|marketplace.family.missions.view|marketplace.family.support.view|marketplace.family.support.create|marketplace.family.admin.view|marketplace.family.requests.manage|marketplace.family.requests.qualify","READ","NOT_APPLICABLE","YES","SUPPORTING_READ_AUTHORITY","SOURCE_REVIEWED","app/api/angelcare-marketplace/admin/family-requests/route.ts; route exports, imported handler chain and server permission authority inspected."
"/api/angelcare-marketplace/admin/finance-control-ledger","GET","handleFinancialControlLedgerSnapshot","Finance","CAP-B10-001","marketplace.finance.view","READ","NOT_APPLICABLE","YES","SUPPORTING_READ_AUTHORITY","SOURCE_REVIEWED","app/api/angelcare-marketplace/admin/finance-control-ledger/route.ts; route exports, imported handler chain and server permission authority inspected."
"/api/angelcare-marketplace/admin/footer-studio/analytics","GET","handleFooterAnalytics","Boutique","CAP-B05-001","marketplace.commerce.view|marketplace.publication.manage|marketplace.analytics.view","READ","NOT_APPLICABLE","YES","SUPPORTING_READ_AUTHORITY","SOURCE_REVIEWED","app/api/angelcare-marketplace/admin/footer-studio/analytics/route.ts; route exports, imported handler chain and server permission authority inspected."
"/api/angelcare-marketplace/admin/footer-studio/contacts/:deskId","INTERNAL_FRAMEWORK_HANDLER","handleFooterContact","Boutique","CAP-B05-001","marketplace.commerce.view|marketplace.publication.manage|marketplace.analytics.view","READ","NOT_APPLICABLE","YES","SUPPORTING_READ_AUTHORITY","SOURCE_REVIEWED","app/api/angelcare-marketplace/admin/footer-studio/contacts/[deskId]/route.ts; route exports, imported handler chain and server permission authority inspected."
"/api/angelcare-marketplace/admin/footer-studio/contacts","GET|POST","handleFooterContacts","Boutique","CAP-B05-001","marketplace.commerce.view|marketplace.publication.manage|marketplace.analytics.view","READ_WRITE","POST via handleFooterContacts","YES","OPERATOR_CAPABILITY_AUTHORITY","SOURCE_REVIEWED","app/api/angelcare-marketplace/admin/footer-studio/contacts/route.ts; route exports, imported handler chain and server permission authority inspected."
"/api/angelcare-marketplace/admin/footer-studio/profiles/:profileId/actions/:action","INTERNAL_FRAMEWORK_HANDLER","handleFooterProfileAction","Boutique","CAP-B05-001","marketplace.commerce.view|marketplace.publication.manage|marketplace.analytics.view","READ","NOT_APPLICABLE","YES","SUPPORTING_READ_AUTHORITY","SOURCE_REVIEWED","app/api/angelcare-marketplace/admin/footer-studio/profiles/[profileId]/actions/[action]/route.ts; route exports, imported handler chain and server permission authority inspected."
"/api/angelcare-marketplace/admin/footer-studio/profiles/:profileId","INTERNAL_FRAMEWORK_HANDLER","handleFooterProfile","Boutique","CAP-B05-001","marketplace.commerce.view|marketplace.publication.manage|marketplace.analytics.view","READ","NOT_APPLICABLE","YES","SUPPORTING_READ_AUTHORITY","SOURCE_REVIEWED","app/api/angelcare-marketplace/admin/footer-studio/profiles/[profileId]/route.ts; route exports, imported handler chain and server permission authority inspected."
"/api/angelcare-marketplace/admin/footer-studio/profiles/:profileId/sections/:sectionId/links/:linkId","INTERNAL_FRAMEWORK_HANDLER","handleFooterSectionLink","Boutique","CAP-B05-001","marketplace.commerce.view|marketplace.publication.manage|marketplace.analytics.view","READ","NOT_APPLICABLE","YES","SUPPORTING_READ_AUTHORITY","SOURCE_REVIEWED","app/api/angelcare-marketplace/admin/footer-studio/profiles/[profileId]/sections/[sectionId]/links/[linkId]/route.ts; route exports, imported handler chain and server permission authority inspected."
"/api/angelcare-marketplace/admin/footer-studio/profiles/:profileId/sections/:sectionId/links","INTERNAL_FRAMEWORK_HANDLER","handleFooterSectionLinks","Boutique","CAP-B05-001","marketplace.commerce.view|marketplace.publication.manage|marketplace.analytics.view","READ","NOT_APPLICABLE","YES","SUPPORTING_READ_AUTHORITY","SOURCE_REVIEWED","app/api/angelcare-marketplace/admin/footer-studio/profiles/[profileId]/sections/[sectionId]/links/route.ts; route exports, imported handler chain and server permission authority inspected."
"/api/angelcare-marketplace/admin/footer-studio/profiles/:profileId/sections/:sectionId","INTERNAL_FRAMEWORK_HANDLER","handleFooterSection","Boutique","CAP-B05-001","marketplace.commerce.view|marketplace.publication.manage|marketplace.analytics.view","READ","NOT_APPLICABLE","YES","SUPPORTING_READ_AUTHORITY","SOURCE_REVIEWED","app/api/angelcare-marketplace/admin/footer-studio/profiles/[profileId]/sections/[sectionId]/route.ts; route exports, imported handler chain and server permission authority inspected."
"/api/angelcare-marketplace/admin/footer-studio/profiles/:profileId/sections/reorder","INTERNAL_FRAMEWORK_HANDLER","handleFooterSectionReorder","Boutique","CAP-B05-001","marketplace.commerce.view|marketplace.publication.manage|marketplace.analytics.view","READ","NOT_APPLICABLE","YES","SUPPORTING_READ_AUTHORITY","SOURCE_REVIEWED","app/api/angelcare-marketplace/admin/footer-studio/profiles/[profileId]/sections/reorder/route.ts; route exports, imported handler chain and server permission authority inspected."
"/api/angelcare-marketplace/admin/footer-studio/profiles/:profileId/sections","INTERNAL_FRAMEWORK_HANDLER","handleFooterSections","Boutique","CAP-B05-001","marketplace.commerce.view|marketplace.publication.manage|marketplace.analytics.view","READ","NOT_APPLICABLE","YES","SUPPORTING_READ_AUTHORITY","SOURCE_REVIEWED","app/api/angelcare-marketplace/admin/footer-studio/profiles/[profileId]/sections/route.ts; route exports, imported handler chain and server permission authority inspected."
"/api/angelcare-marketplace/admin/footer-studio/profiles/:profileId/versions/:versionId/restore","INTERNAL_FRAMEWORK_HANDLER","handleFooterVersionRestore","Boutique","CAP-B05-001","marketplace.commerce.view|marketplace.publication.manage|marketplace.analytics.view","READ","NOT_APPLICABLE","YES","SUPPORTING_READ_AUTHORITY","SOURCE_REVIEWED","app/api/angelcare-marketplace/admin/footer-studio/profiles/[profileId]/versions/[versionId]/restore/route.ts; route exports, imported handler chain and server permission authority inspected."
"/api/angelcare-marketplace/admin/footer-studio/profiles","GET|POST","handleFooterProfiles","Boutique","CAP-B05-001","marketplace.commerce.view|marketplace.publication.manage|marketplace.analytics.view","READ_WRITE","POST via handleFooterProfiles","YES","OPERATOR_CAPABILITY_AUTHORITY","SOURCE_REVIEWED","app/api/angelcare-marketplace/admin/footer-studio/profiles/route.ts; route exports, imported handler chain and server permission authority inspected."
"/api/angelcare-marketplace/admin/footer-studio/schedules","GET|POST","handleFooterSchedules","Boutique","CAP-B05-001","marketplace.commerce.view|marketplace.publication.manage|marketplace.analytics.view","READ_WRITE","POST via handleFooterSchedules","YES","OPERATOR_CAPABILITY_AUTHORITY","SOURCE_REVIEWED","app/api/angelcare-marketplace/admin/footer-studio/schedules/route.ts; route exports, imported handler chain and server permission authority inspected."
"/api/angelcare-marketplace/admin/footer-studio/schedules/run","POST","handleFooterSchedulesRun","Boutique","CAP-B05-001","marketplace.commerce.view|marketplace.publication.manage|marketplace.analytics.view","WRITE","POST via handleFooterSchedulesRun","YES","SUPPORTING_MUTATION_AUTHORITY","SOURCE_REVIEWED","app/api/angelcare-marketplace/admin/footer-studio/schedules/run/route.ts; route exports, imported handler chain and server permission authority inspected."
"/api/angelcare-marketplace/admin/footer-studio/summary","GET","handleFooterSummary","Boutique","CAP-B05-001","marketplace.commerce.view|marketplace.publication.manage|marketplace.analytics.view","READ","NOT_APPLICABLE","YES","SUPPORTING_READ_AUTHORITY","SOURCE_REVIEWED","app/api/angelcare-marketplace/admin/footer-studio/summary/route.ts; route exports, imported handler chain and server permission authority inspected."
"/api/angelcare-marketplace/admin/footer-studio/targeting","GET|POST","handleFooterTargeting","Boutique","CAP-B05-001","marketplace.commerce.view|marketplace.publication.manage|marketplace.analytics.view","READ_WRITE","POST via handleFooterTargeting","YES","OPERATOR_CAPABILITY_AUTHORITY","SOURCE_REVIEWED","app/api/angelcare-marketplace/admin/footer-studio/targeting/route.ts; route exports, imported handler chain and server permission authority inspected."
"/api/angelcare-marketplace/admin/footer-studio/themes/:themeId","INTERNAL_FRAMEWORK_HANDLER","handleFooterTheme","Boutique","CAP-B05-001","marketplace.commerce.view|marketplace.publication.manage|marketplace.analytics.view","READ","NOT_APPLICABLE","YES","SUPPORTING_READ_AUTHORITY","SOURCE_REVIEWED","app/api/angelcare-marketplace/admin/footer-studio/themes/[themeId]/route.ts; route exports, imported handler chain and server permission authority inspected."
"/api/angelcare-marketplace/admin/footer-studio/themes","GET|POST","handleFooterThemes","Boutique","CAP-B05-001","marketplace.commerce.view|marketplace.publication.manage|marketplace.analytics.view","READ_WRITE","POST via handleFooterThemes","YES","OPERATOR_CAPABILITY_AUTHORITY","SOURCE_REVIEWED","app/api/angelcare-marketplace/admin/footer-studio/themes/route.ts; route exports, imported handler chain and server permission authority inspected."
"/api/angelcare-marketplace/admin/frontend-surfaces/:surfaceKey/publish","POST","handlePublishFrontendSurface","Boutique","CAP-B05-001","marketplace.commerce.view|marketplace.publication.manage|marketplace.merchandising.view|marketplace.merchandising.manage|marketplace.operations.view|marketplace.operations.missions.manage|marketplace.public.inquiries.manage","WRITE","POST via handlePublishFrontendSurface","YES","SUPPORTING_MUTATION_AUTHORITY","SOURCE_REVIEWED","app/api/angelcare-marketplace/admin/frontend-surfaces/[surfaceKey]/publish/route.ts; route exports, imported handler chain and server permission authority inspected."
"/api/angelcare-marketplace/admin/frontend-surfaces/:surfaceKey","GET|PATCH","handleFrontendSurface","Boutique","CAP-B05-001","marketplace.commerce.view|marketplace.publication.manage|marketplace.merchandising.view|marketplace.merchandising.manage|marketplace.operations.view|marketplace.operations.missions.manage|marketplace.public.inquiries.manage","READ_WRITE","PATCH via handleFrontendSurface","YES","OPERATOR_CAPABILITY_AUTHORITY","SOURCE_REVIEWED","app/api/angelcare-marketplace/admin/frontend-surfaces/[surfaceKey]/route.ts; route exports, imported handler chain and server permission authority inspected."
"/api/angelcare-marketplace/admin/frontend-surfaces/:surfaceKey/sections","PUT","handleFrontendSurfaceSections","Boutique","CAP-B05-001","marketplace.commerce.view|marketplace.publication.manage|marketplace.merchandising.view|marketplace.merchandising.manage|marketplace.operations.view|marketplace.operations.missions.manage|marketplace.public.inquiries.manage","WRITE","PUT via handleFrontendSurfaceSections","YES","SUPPORTING_MUTATION_AUTHORITY","SOURCE_REVIEWED","app/api/angelcare-marketplace/admin/frontend-surfaces/[surfaceKey]/sections/route.ts; route exports, imported handler chain and server permission authority inspected."
"/api/angelcare-marketplace/admin/frontend-surfaces","GET|POST","handleFrontendSurfaces","Boutique","CAP-B05-001","marketplace.commerce.view|marketplace.publication.manage|marketplace.merchandising.view|marketplace.merchandising.manage|marketplace.operations.view|marketplace.operations.missions.manage|marketplace.public.inquiries.manage","READ_WRITE","POST via handleFrontendSurfaces","YES","OPERATOR_CAPABILITY_AUTHORITY","SOURCE_REVIEWED","app/api/angelcare-marketplace/admin/frontend-surfaces/route.ts; route exports, imported handler chain and server permission authority inspected."
"/api/angelcare-marketplace/admin/homepage/campaigns","GET|POST","handleCommerceResource","Boutique","CAP-B05-001","marketplace.media.manage|marketplace.media.view|marketplace.homepage.manage|marketplace.homepage.view|marketplace.navigation.manage|marketplace.navigation.view|marketplace.categories.manage|marketplace.catalog.view|marketplace.catalog.manage|marketplace.merchandising.manage|marketplace.merchandising.view|marketplace.publication.manage|marketplace.commerce.view|marketplace.commerce.|marketplace.catalog.purge|marketplace.media.replaced|marketplace.media.uploaded|marketplace.media.transformed","READ_WRITE","POST via handleCommerceResource","YES","OPERATOR_CAPABILITY_AUTHORITY","SOURCE_REVIEWED","app/api/angelcare-marketplace/admin/homepage/campaigns/route.ts; route exports, imported handler chain and server permission authority inspected."
"/api/angelcare-marketplace/admin/homepage/collections","GET|POST","handleCommerceResource","Catégories & collections","CAP-B02-001|CAP-B05-001","marketplace.media.manage|marketplace.media.view|marketplace.homepage.manage|marketplace.homepage.view|marketplace.navigation.manage|marketplace.navigation.view|marketplace.categories.manage|marketplace.catalog.view|marketplace.catalog.manage|marketplace.merchandising.manage|marketplace.merchandising.view|marketplace.publication.manage|marketplace.commerce.view|marketplace.commerce.|marketplace.catalog.purge|marketplace.media.replaced|marketplace.media.uploaded|marketplace.media.transformed","READ_WRITE","POST via handleCommerceResource","YES","OPERATOR_CAPABILITY_AUTHORITY","SOURCE_REVIEWED","app/api/angelcare-marketplace/admin/homepage/collections/route.ts; route exports, imported handler chain and server permission authority inspected."
"/api/angelcare-marketplace/admin/homepage/placements","GET|POST","handleCommerceResource","Boutique","CAP-B05-001","marketplace.media.manage|marketplace.media.view|marketplace.homepage.manage|marketplace.homepage.view|marketplace.navigation.manage|marketplace.navigation.view|marketplace.categories.manage|marketplace.catalog.view|marketplace.catalog.manage|marketplace.merchandising.manage|marketplace.merchandising.view|marketplace.publication.manage|marketplace.commerce.view|marketplace.commerce.|marketplace.catalog.purge|marketplace.media.replaced|marketplace.media.uploaded|marketplace.media.transformed","READ_WRITE","POST via handleCommerceResource","YES","OPERATOR_CAPABILITY_AUTHORITY","SOURCE_REVIEWED","app/api/angelcare-marketplace/admin/homepage/placements/route.ts; route exports, imported handler chain and server permission authority inspected."
"/api/angelcare-marketplace/admin/homepage/publish","POST","handleCommerceAction","Boutique","CAP-B05-001","marketplace.media.manage|marketplace.media.view|marketplace.homepage.manage|marketplace.homepage.view|marketplace.navigation.manage|marketplace.navigation.view|marketplace.categories.manage|marketplace.catalog.view|marketplace.catalog.manage|marketplace.merchandising.manage|marketplace.merchandising.view|marketplace.publication.manage|marketplace.commerce.view|marketplace.commerce.|marketplace.catalog.purge|marketplace.media.replaced|marketplace.media.uploaded|marketplace.media.transformed","WRITE","POST via handleCommerceAction","YES","SUPPORTING_MUTATION_AUTHORITY","SOURCE_REVIEWED","app/api/angelcare-marketplace/admin/homepage/publish/route.ts; route exports, imported handler chain and server permission authority inspected."
"/api/angelcare-marketplace/admin/homepage/releases","GET|POST","handleHomepageReleases","Boutique","CAP-B05-001","marketplace.homepage.view|marketplace.homepage.manage","READ_WRITE","POST via handleHomepageReleases","YES","OPERATOR_CAPABILITY_AUTHORITY","SOURCE_REVIEWED","app/api/angelcare-marketplace/admin/homepage/releases/route.ts; route exports, imported handler chain and server permission authority inspected."
"/api/angelcare-marketplace/admin/homepage/reorder","POST","handleCommerceAction","Boutique","CAP-B05-001","marketplace.media.manage|marketplace.media.view|marketplace.homepage.manage|marketplace.homepage.view|marketplace.navigation.manage|marketplace.navigation.view|marketplace.categories.manage|marketplace.catalog.view|marketplace.catalog.manage|marketplace.merchandising.manage|marketplace.merchandising.view|marketplace.publication.manage|marketplace.commerce.view|marketplace.commerce.|marketplace.catalog.purge|marketplace.media.replaced|marketplace.media.uploaded|marketplace.media.transformed","WRITE","POST via handleCommerceAction","YES","SUPPORTING_MUTATION_AUTHORITY","SOURCE_REVIEWED","app/api/angelcare-marketplace/admin/homepage/reorder/route.ts; route exports, imported handler chain and server permission authority inspected."
"/api/angelcare-marketplace/admin/homepage/sections/:sectionId","GET|PATCH|DELETE","handleCommerceResource","Accueil / cross-domain shell","CAP-GLOBAL-001","marketplace.media.manage|marketplace.media.view|marketplace.homepage.manage|marketplace.homepage.view|marketplace.navigation.manage|marketplace.navigation.view|marketplace.categories.manage|marketplace.catalog.view|marketplace.catalog.manage|marketplace.merchandising.manage|marketplace.merchandising.view|marketplace.publication.manage|marketplace.commerce.view|marketplace.commerce.|marketplace.catalog.purge|marketplace.media.replaced|marketplace.media.uploaded|marketplace.media.transformed","READ_WRITE","PATCH|DELETE via handleCommerceResource","YES","OPERATOR_CAPABILITY_AUTHORITY","SOURCE_REVIEWED","app/api/angelcare-marketplace/admin/homepage/sections/[sectionId]/route.ts; route exports, imported handler chain and server permission authority inspected."
"/api/angelcare-marketplace/admin/homepage/sections","GET|POST","handleCommerceResource","Boutique","CAP-B05-001","marketplace.media.manage|marketplace.media.view|marketplace.homepage.manage|marketplace.homepage.view|marketplace.navigation.manage|marketplace.navigation.view|marketplace.categories.manage|marketplace.catalog.view|marketplace.catalog.manage|marketplace.merchandising.manage|marketplace.merchandising.view|marketplace.publication.manage|marketplace.commerce.view|marketplace.commerce.|marketplace.catalog.purge|marketplace.media.replaced|marketplace.media.uploaded|marketplace.media.transformed","READ_WRITE","POST via handleCommerceResource","YES","OPERATOR_CAPABILITY_AUTHORITY","SOURCE_REVIEWED","app/api/angelcare-marketplace/admin/homepage/sections/route.ts; route exports, imported handler chain and server permission authority inspected."
"/api/angelcare-marketplace/admin/invoices/:invoiceId","PATCH","handleInvoice","Accueil / cross-domain shell","CAP-GLOBAL-001","marketplace.admin.access|marketplace.operations.view|marketplace.operations.missions.manage|marketplace.finance.view|marketplace.finance.manage|marketplace.merchandising.view|marketplace.merchandising.manage|marketplace.operations.missions.create|marketplace.family.admin.manage","WRITE","PATCH via handleInvoice","YES","SUPPORTING_MUTATION_AUTHORITY","SOURCE_REVIEWED","app/api/angelcare-marketplace/admin/invoices/[invoiceId]/route.ts; route exports, imported handler chain and server permission authority inspected."
"/api/angelcare-marketplace/admin/invoices","GET|POST","handleInvoices","Finance","CAP-B10-001","marketplace.admin.access|marketplace.operations.view|marketplace.operations.missions.manage|marketplace.finance.view|marketplace.finance.manage|marketplace.merchandising.view|marketplace.merchandising.manage|marketplace.operations.missions.create|marketplace.family.admin.manage","READ_WRITE","POST via handleInvoices","YES","OPERATOR_CAPABILITY_AUTHORITY","SOURCE_REVIEWED","app/api/angelcare-marketplace/admin/invoices/route.ts; route exports, imported handler chain and server permission authority inspected."
"/api/angelcare-marketplace/admin/live-experience/analytics","GET","handleLiveSummary","Marketing & promotions","CAP-B06-001","marketplace.live_experience.view|marketplace.live_experience.manage|marketplace.emergency_broadcast.manage|marketplace.live_experience.publish|marketplace.proof_widget.manage","READ","NOT_APPLICABLE","YES","SUPPORTING_READ_AUTHORITY","SOURCE_REVIEWED","app/api/angelcare-marketplace/admin/live-experience/analytics/route.ts; route exports, imported handler chain and server permission authority inspected."
"/api/angelcare-marketplace/admin/live-experience/audiences","GET|POST|PATCH","handleLiveGovernance","Marketing & promotions","CAP-B06-001","marketplace.live_experience.view","READ_WRITE","POST|PATCH via handleLiveGovernance","YES","OPERATOR_CAPABILITY_AUTHORITY","SOURCE_REVIEWED","app/api/angelcare-marketplace/admin/live-experience/audiences/route.ts; route exports, imported handler chain and server permission authority inspected."
"/api/angelcare-marketplace/admin/live-experience/broadcasts","GET|POST","handleLiveCampaigns","Marketing & promotions","CAP-B06-001","marketplace.live_experience.view|marketplace.live_experience.manage|marketplace.emergency_broadcast.manage|marketplace.live_experience.publish|marketplace.proof_widget.manage","READ_WRITE","POST via handleLiveCampaigns","YES","OPERATOR_CAPABILITY_AUTHORITY","SOURCE_REVIEWED","app/api/angelcare-marketplace/admin/live-experience/broadcasts/route.ts; route exports, imported handler chain and server permission authority inspected."
"/api/angelcare-marketplace/admin/live-experience/campaigns/:campaignId/actions/:action","POST","handleLiveCampaignAction","Marketing & promotions","CAP-B06-001","marketplace.live_experience.view|marketplace.live_experience.manage|marketplace.emergency_broadcast.manage|marketplace.live_experience.publish|marketplace.proof_widget.manage","WRITE","POST via handleLiveCampaignAction","YES","SUPPORTING_MUTATION_AUTHORITY","SOURCE_REVIEWED","app/api/angelcare-marketplace/admin/live-experience/campaigns/[campaignId]/actions/[action]/route.ts; route exports, imported handler chain and server permission authority inspected."
"/api/angelcare-marketplace/admin/live-experience/campaigns/:campaignId","GET|PATCH","handleLiveCampaign","Marketing & promotions","CAP-B06-001","marketplace.live_experience.view|marketplace.live_experience.manage|marketplace.emergency_broadcast.manage|marketplace.live_experience.publish|marketplace.proof_widget.manage","READ_WRITE","PATCH via handleLiveCampaign","YES","OPERATOR_CAPABILITY_AUTHORITY","SOURCE_REVIEWED","app/api/angelcare-marketplace/admin/live-experience/campaigns/[campaignId]/route.ts; route exports, imported handler chain and server permission authority inspected."
"/api/angelcare-marketplace/admin/live-experience/campaigns","GET|POST","handleLiveCampaigns","Marketing & promotions","CAP-B06-001","marketplace.live_experience.view|marketplace.live_experience.manage|marketplace.emergency_broadcast.manage|marketplace.live_experience.publish|marketplace.proof_widget.manage","READ_WRITE","POST via handleLiveCampaigns","YES","OPERATOR_CAPABILITY_AUTHORITY","SOURCE_REVIEWED","app/api/angelcare-marketplace/admin/live-experience/campaigns/route.ts; route exports, imported handler chain and server permission authority inspected."
"/api/angelcare-marketplace/admin/live-experience/experiments","GET|POST|PATCH","handleLiveGovernance","Marketing & promotions","CAP-B06-001","marketplace.live_experience.view","READ_WRITE","POST|PATCH via handleLiveGovernance","YES","OPERATOR_CAPABILITY_AUTHORITY","SOURCE_REVIEWED","app/api/angelcare-marketplace/admin/live-experience/experiments/route.ts; route exports, imported handler chain and server permission authority inspected."
"/api/angelcare-marketplace/admin/live-experience/history","GET","handleLiveGovernance","Marketing & promotions","CAP-B06-001","marketplace.live_experience.view","READ","NOT_APPLICABLE","YES","SUPPORTING_READ_AUTHORITY","SOURCE_REVIEWED","app/api/angelcare-marketplace/admin/live-experience/history/route.ts; route exports, imported handler chain and server permission authority inspected."
"/api/angelcare-marketplace/admin/live-experience/placements","GET|POST|PATCH","handleLiveGovernance","Marketing & promotions","CAP-B06-001","marketplace.live_experience.view","READ_WRITE","POST|PATCH via handleLiveGovernance","YES","OPERATOR_CAPABILITY_AUTHORITY","SOURCE_REVIEWED","app/api/angelcare-marketplace/admin/live-experience/placements/route.ts; route exports, imported handler chain and server permission authority inspected."
"/api/angelcare-marketplace/admin/live-experience/popups","GET|POST","handleLiveCampaigns","Marketing & promotions","CAP-B06-001","marketplace.live_experience.view|marketplace.live_experience.manage|marketplace.emergency_broadcast.manage|marketplace.live_experience.publish|marketplace.proof_widget.manage","READ_WRITE","POST via handleLiveCampaigns","YES","OPERATOR_CAPABILITY_AUTHORITY","SOURCE_REVIEWED","app/api/angelcare-marketplace/admin/live-experience/popups/route.ts; route exports, imported handler chain and server permission authority inspected."
"/api/angelcare-marketplace/admin/live-experience/proof-widgets","GET|POST","handleLiveCampaigns","Marketing & promotions","CAP-B06-001","marketplace.live_experience.view|marketplace.live_experience.manage|marketplace.emergency_broadcast.manage|marketplace.live_experience.publish|marketplace.proof_widget.manage","READ_WRITE","POST via handleLiveCampaigns","YES","OPERATOR_CAPABILITY_AUTHORITY","SOURCE_REVIEWED","app/api/angelcare-marketplace/admin/live-experience/proof-widgets/route.ts; route exports, imported handler chain and server permission authority inspected."
"/api/angelcare-marketplace/admin/live-experience/schedules","GET|POST|PATCH","handleLiveGovernance","Marketing & promotions","CAP-B06-001","marketplace.live_experience.view","READ_WRITE","POST|PATCH via handleLiveGovernance","YES","OPERATOR_CAPABILITY_AUTHORITY","SOURCE_REVIEWED","app/api/angelcare-marketplace/admin/live-experience/schedules/route.ts; route exports, imported handler chain and server permission authority inspected."
"/api/angelcare-marketplace/admin/live-experience/settings","GET|POST|PATCH","handleLiveGovernance","Marketing & promotions","CAP-B06-001","marketplace.live_experience.view","READ_WRITE","POST|PATCH via handleLiveGovernance","YES","OPERATOR_CAPABILITY_AUTHORITY","SOURCE_REVIEWED","app/api/angelcare-marketplace/admin/live-experience/settings/route.ts; route exports, imported handler chain and server permission authority inspected."
"/api/angelcare-marketplace/admin/live-experience/simulate","POST","handleLiveSimulate","Marketing & promotions","CAP-B06-001","marketplace.live_experience.view|marketplace.live_experience.manage|marketplace.emergency_broadcast.manage|marketplace.live_experience.publish|marketplace.proof_widget.manage","WRITE","POST via handleLiveSimulate","YES","SUPPORTING_MUTATION_AUTHORITY","SOURCE_REVIEWED","app/api/angelcare-marketplace/admin/live-experience/simulate/route.ts; route exports, imported handler chain and server permission authority inspected."
"/api/angelcare-marketplace/admin/live-experience/sources/refresh","POST","handleLiveSourceRefresh","Marketing & promotions","CAP-B06-001","marketplace.live_experience.view|marketplace.live_experience.manage|marketplace.emergency_broadcast.manage|marketplace.live_experience.publish|marketplace.proof_widget.manage","WRITE","POST via handleLiveSourceRefresh","YES","SUPPORTING_MUTATION_AUTHORITY","SOURCE_REVIEWED","app/api/angelcare-marketplace/admin/live-experience/sources/refresh/route.ts; route exports, imported handler chain and server permission authority inspected."
"/api/angelcare-marketplace/admin/live-experience/summary","GET","handleLiveSummary","Marketing & promotions","CAP-B06-001","marketplace.live_experience.view|marketplace.live_experience.manage|marketplace.emergency_broadcast.manage|marketplace.live_experience.publish|marketplace.proof_widget.manage","READ","NOT_APPLICABLE","YES","SUPPORTING_READ_AUTHORITY","SOURCE_REVIEWED","app/api/angelcare-marketplace/admin/live-experience/summary/route.ts; route exports, imported handler chain and server permission authority inspected."
"/api/angelcare-marketplace/admin/live-experience/templates","GET","handleLiveSummary","Marketing & promotions","CAP-B06-001","marketplace.live_experience.view|marketplace.live_experience.manage|marketplace.emergency_broadcast.manage|marketplace.live_experience.publish|marketplace.proof_widget.manage","READ","NOT_APPLICABLE","YES","SUPPORTING_READ_AUTHORITY","SOURCE_REVIEWED","app/api/angelcare-marketplace/admin/live-experience/templates/route.ts; route exports, imported handler chain and server permission authority inspected."
"/api/angelcare-marketplace/admin/media/:mediaId","GET|PATCH|DELETE","handleCommerceResource","Accueil / cross-domain shell","CAP-GLOBAL-001","marketplace.media.manage|marketplace.media.view|marketplace.homepage.manage|marketplace.homepage.view|marketplace.navigation.manage|marketplace.navigation.view|marketplace.categories.manage|marketplace.catalog.view|marketplace.catalog.manage|marketplace.merchandising.manage|marketplace.merchandising.view|marketplace.publication.manage|marketplace.commerce.view|marketplace.commerce.|marketplace.catalog.purge|marketplace.media.replaced|marketplace.media.uploaded|marketplace.media.transformed","READ_WRITE","PATCH|DELETE via handleCommerceResource","YES","OPERATOR_CAPABILITY_AUTHORITY","SOURCE_REVIEWED","app/api/angelcare-marketplace/admin/media/[mediaId]/route.ts; route exports, imported handler chain and server permission authority inspected."
"/api/angelcare-marketplace/admin/media/:mediaId/transform","POST","handleMediaTransform","Accueil / cross-domain shell","CAP-GLOBAL-001","marketplace.media.manage|marketplace.media.view|marketplace.homepage.manage|marketplace.homepage.view|marketplace.navigation.manage|marketplace.navigation.view|marketplace.categories.manage|marketplace.catalog.view|marketplace.catalog.manage|marketplace.merchandising.manage|marketplace.merchandising.view|marketplace.publication.manage|marketplace.commerce.view|marketplace.commerce.|marketplace.catalog.purge|marketplace.media.replaced|marketplace.media.uploaded|marketplace.media.transformed","WRITE","POST via handleMediaTransform","YES","SUPPORTING_MUTATION_AUTHORITY","SOURCE_REVIEWED","app/api/angelcare-marketplace/admin/media/[mediaId]/transform/route.ts; route exports, imported handler chain and server permission authority inspected."
"/api/angelcare-marketplace/admin/media/:mediaId/usage","GET","INLINE_ROUTE_HANDLER","Boutique","CAP-B05-001","marketplace.commerce.view","READ","NOT_APPLICABLE","YES","SUPPORTING_READ_AUTHORITY","SOURCE_REVIEWED","app/api/angelcare-marketplace/admin/media/[mediaId]/usage/route.ts; route exports, imported handler chain and server permission authority inspected."
"/api/angelcare-marketplace/admin/media","GET|POST","handleCommerceResource","Boutique","CAP-B05-001","marketplace.media.manage|marketplace.media.view|marketplace.homepage.manage|marketplace.homepage.view|marketplace.navigation.manage|marketplace.navigation.view|marketplace.categories.manage|marketplace.catalog.view|marketplace.catalog.manage|marketplace.merchandising.manage|marketplace.merchandising.view|marketplace.publication.manage|marketplace.commerce.view|marketplace.commerce.|marketplace.catalog.purge|marketplace.media.replaced|marketplace.media.uploaded|marketplace.media.transformed","READ_WRITE","POST via handleCommerceResource","YES","OPERATOR_CAPABILITY_AUTHORITY","SOURCE_REVIEWED","app/api/angelcare-marketplace/admin/media/route.ts; route exports, imported handler chain and server permission authority inspected."
"/api/angelcare-marketplace/admin/media/upload","POST","handleMediaUpload","Boutique","CAP-B05-001","marketplace.media.manage|marketplace.media.view|marketplace.homepage.manage|marketplace.homepage.view|marketplace.navigation.manage|marketplace.navigation.view|marketplace.categories.manage|marketplace.catalog.view|marketplace.catalog.manage|marketplace.merchandising.manage|marketplace.merchandising.view|marketplace.publication.manage|marketplace.commerce.view|marketplace.commerce.|marketplace.catalog.purge|marketplace.media.replaced|marketplace.media.uploaded|marketplace.media.transformed","WRITE","POST via handleMediaUpload","YES","SUPPORTING_MUTATION_AUTHORITY","SOURCE_REVIEWED","app/api/angelcare-marketplace/admin/media/upload/route.ts; route exports, imported handler chain and server permission authority inspected."
"/api/angelcare-marketplace/admin/merchandising/collections","GET|POST","handleCommerceResource","Catégories & collections","CAP-B02-001|CAP-B06-001","marketplace.media.manage|marketplace.media.view|marketplace.homepage.manage|marketplace.homepage.view|marketplace.navigation.manage|marketplace.navigation.view|marketplace.categories.manage|marketplace.catalog.view|marketplace.catalog.manage|marketplace.merchandising.manage|marketplace.merchandising.view|marketplace.publication.manage|marketplace.commerce.view|marketplace.commerce.|marketplace.catalog.purge|marketplace.media.replaced|marketplace.media.uploaded|marketplace.media.transformed","READ_WRITE","POST via handleCommerceResource","YES","OPERATOR_CAPABILITY_AUTHORITY","SOURCE_REVIEWED","app/api/angelcare-marketplace/admin/merchandising/collections/route.ts; route exports, imported handler chain and server permission authority inspected."
"/api/angelcare-marketplace/admin/merchandising/placements","GET|POST","handleCommerceResource","Marketing & promotions","CAP-B06-001","marketplace.media.manage|marketplace.media.view|marketplace.homepage.manage|marketplace.homepage.view|marketplace.navigation.manage|marketplace.navigation.view|marketplace.categories.manage|marketplace.catalog.view|marketplace.catalog.manage|marketplace.merchandising.manage|marketplace.merchandising.view|marketplace.publication.manage|marketplace.commerce.view|marketplace.commerce.|marketplace.catalog.purge|marketplace.media.replaced|marketplace.media.uploaded|marketplace.media.transformed","READ_WRITE","POST via handleCommerceResource","YES","OPERATOR_CAPABILITY_AUTHORITY","SOURCE_REVIEWED","app/api/angelcare-marketplace/admin/merchandising/placements/route.ts; route exports, imported handler chain and server permission authority inspected."
"/api/angelcare-marketplace/admin/merchandising/publish","POST","handleCommerceAction","Marketing & promotions","CAP-B06-001","marketplace.media.manage|marketplace.media.view|marketplace.homepage.manage|marketplace.homepage.view|marketplace.navigation.manage|marketplace.navigation.view|marketplace.categories.manage|marketplace.catalog.view|marketplace.catalog.manage|marketplace.merchandising.manage|marketplace.merchandising.view|marketplace.publication.manage|marketplace.commerce.view|marketplace.commerce.|marketplace.catalog.purge|marketplace.media.replaced|marketplace.media.uploaded|marketplace.media.transformed","WRITE","POST via handleCommerceAction","YES","SUPPORTING_MUTATION_AUTHORITY","SOURCE_REVIEWED","app/api/angelcare-marketplace/admin/merchandising/publish/route.ts; route exports, imported handler chain and server permission authority inspected."
"/api/angelcare-marketplace/admin/merchandising/reorder","POST","handleCommerceAction","Marketing & promotions","CAP-B06-001","marketplace.media.manage|marketplace.media.view|marketplace.homepage.manage|marketplace.homepage.view|marketplace.navigation.manage|marketplace.navigation.view|marketplace.categories.manage|marketplace.catalog.view|marketplace.catalog.manage|marketplace.merchandising.manage|marketplace.merchandising.view|marketplace.publication.manage|marketplace.commerce.view|marketplace.commerce.|marketplace.catalog.purge|marketplace.media.replaced|marketplace.media.uploaded|marketplace.media.transformed","WRITE","POST via handleCommerceAction","YES","SUPPORTING_MUTATION_AUTHORITY","SOURCE_REVIEWED","app/api/angelcare-marketplace/admin/merchandising/reorder/route.ts; route exports, imported handler chain and server permission authority inspected."
"/api/angelcare-marketplace/admin/merchandising/rules","GET|POST","handleCommerceResource","Marketing & promotions","CAP-B06-001","marketplace.media.manage|marketplace.media.view|marketplace.homepage.manage|marketplace.homepage.view|marketplace.navigation.manage|marketplace.navigation.view|marketplace.categories.manage|marketplace.catalog.view|marketplace.catalog.manage|marketplace.merchandising.manage|marketplace.merchandising.view|marketplace.publication.manage|marketplace.commerce.view|marketplace.commerce.|marketplace.catalog.purge|marketplace.media.replaced|marketplace.media.uploaded|marketplace.media.transformed","READ_WRITE","POST via handleCommerceResource","YES","OPERATOR_CAPABILITY_AUTHORITY","SOURCE_REVIEWED","app/api/angelcare-marketplace/admin/merchandising/rules/route.ts; route exports, imported handler chain and server permission authority inspected."
"/api/angelcare-marketplace/admin/navigation/items/:itemId","GET|PATCH|DELETE","handleCommerceResource","Accueil / cross-domain shell","CAP-GLOBAL-001","marketplace.media.manage|marketplace.media.view|marketplace.homepage.manage|marketplace.homepage.view|marketplace.navigation.manage|marketplace.navigation.view|marketplace.categories.manage|marketplace.catalog.view|marketplace.catalog.manage|marketplace.merchandising.manage|marketplace.merchandising.view|marketplace.publication.manage|marketplace.commerce.view|marketplace.commerce.|marketplace.catalog.purge|marketplace.media.replaced|marketplace.media.uploaded|marketplace.media.transformed","READ_WRITE","PATCH|DELETE via handleCommerceResource","YES","OPERATOR_CAPABILITY_AUTHORITY","SOURCE_REVIEWED","app/api/angelcare-marketplace/admin/navigation/items/[itemId]/route.ts; route exports, imported handler chain and server permission authority inspected."
"/api/angelcare-marketplace/admin/navigation/items","GET|POST","handleCommerceResource","Boutique","CAP-B05-001","marketplace.media.manage|marketplace.media.view|marketplace.homepage.manage|marketplace.homepage.view|marketplace.navigation.manage|marketplace.navigation.view|marketplace.categories.manage|marketplace.catalog.view|marketplace.catalog.manage|marketplace.merchandising.manage|marketplace.merchandising.view|marketplace.publication.manage|marketplace.commerce.view|marketplace.commerce.|marketplace.catalog.purge|marketplace.media.replaced|marketplace.media.uploaded|marketplace.media.transformed","READ_WRITE","POST via handleCommerceResource","YES","OPERATOR_CAPABILITY_AUTHORITY","SOURCE_REVIEWED","app/api/angelcare-marketplace/admin/navigation/items/route.ts; route exports, imported handler chain and server permission authority inspected."
"/api/angelcare-marketplace/admin/navigation/publish","POST","handleCommerceAction","Boutique","CAP-B05-001","marketplace.media.manage|marketplace.media.view|marketplace.homepage.manage|marketplace.homepage.view|marketplace.navigation.manage|marketplace.navigation.view|marketplace.categories.manage|marketplace.catalog.view|marketplace.catalog.manage|marketplace.merchandising.manage|marketplace.merchandising.view|marketplace.publication.manage|marketplace.commerce.view|marketplace.commerce.|marketplace.catalog.purge|marketplace.media.replaced|marketplace.media.uploaded|marketplace.media.transformed","WRITE","POST via handleCommerceAction","YES","SUPPORTING_MUTATION_AUTHORITY","SOURCE_REVIEWED","app/api/angelcare-marketplace/admin/navigation/publish/route.ts; route exports, imported handler chain and server permission authority inspected."
"/api/angelcare-marketplace/admin/navigation/reorder","POST","handleCommerceAction","Boutique","CAP-B05-001","marketplace.media.manage|marketplace.media.view|marketplace.homepage.manage|marketplace.homepage.view|marketplace.navigation.manage|marketplace.navigation.view|marketplace.categories.manage|marketplace.catalog.view|marketplace.catalog.manage|marketplace.merchandising.manage|marketplace.merchandising.view|marketplace.publication.manage|marketplace.commerce.view|marketplace.commerce.|marketplace.catalog.purge|marketplace.media.replaced|marketplace.media.uploaded|marketplace.media.transformed","WRITE","POST via handleCommerceAction","YES","SUPPORTING_MUTATION_AUTHORITY","SOURCE_REVIEWED","app/api/angelcare-marketplace/admin/navigation/reorder/route.ts; route exports, imported handler chain and server permission authority inspected."
"/api/angelcare-marketplace/admin/navigation","GET|POST","handleCommerceResource","Boutique","CAP-B05-001","marketplace.media.manage|marketplace.media.view|marketplace.homepage.manage|marketplace.homepage.view|marketplace.navigation.manage|marketplace.navigation.view|marketplace.categories.manage|marketplace.catalog.view|marketplace.catalog.manage|marketplace.merchandising.manage|marketplace.merchandising.view|marketplace.publication.manage|marketplace.commerce.view|marketplace.commerce.|marketplace.catalog.purge|marketplace.media.replaced|marketplace.media.uploaded|marketplace.media.transformed","READ_WRITE","POST via handleCommerceResource","YES","OPERATOR_CAPABILITY_AUTHORITY","SOURCE_REVIEWED","app/api/angelcare-marketplace/admin/navigation/route.ts; route exports, imported handler chain and server permission authority inspected."
"/api/angelcare-marketplace/admin/network-capacity-grid","GET","handleNetworkCapacitySnapshot","Prestataires & fournisseurs","CAP-B08-001","marketplace.providers.view","READ","NOT_APPLICABLE","YES","SUPPORTING_READ_AUTHORITY","SOURCE_REVIEWED","app/api/angelcare-marketplace/admin/network-capacity-grid/route.ts; route exports, imported handler chain and server permission authority inspected."
"/api/angelcare-marketplace/admin/operating/approvals/:approvalId/decision","POST","handleOperatingApprovalDecision","Opérations","CAP-B07-001","marketplace.operating_kernel.manage|marketplace.operating_kernel.view|marketplace.operating_kernel.approve","WRITE","POST via handleOperatingApprovalDecision","YES","SUPPORTING_MUTATION_AUTHORITY","SOURCE_REVIEWED","app/api/angelcare-marketplace/admin/operating/approvals/[approvalId]/decision/route.ts; route exports, imported handler chain and server permission authority inspected."
"/api/angelcare-marketplace/admin/operating/cases/:caseId/approvals","POST","handleOperatingApprovals","Opérations","CAP-B07-001","marketplace.operating_kernel.manage|marketplace.operating_kernel.view|marketplace.operating_kernel.approve","WRITE","POST via handleOperatingApprovals","YES","SUPPORTING_MUTATION_AUTHORITY","SOURCE_REVIEWED","app/api/angelcare-marketplace/admin/operating/cases/[caseId]/approvals/route.ts; route exports, imported handler chain and server permission authority inspected."
"/api/angelcare-marketplace/admin/operating/cases/:caseId/assignments","POST","handleOperatingCaseAssignment","Opérations","CAP-B07-001","marketplace.operating_kernel.manage|marketplace.operating_kernel.view|marketplace.operating_kernel.approve","WRITE","POST via handleOperatingCaseAssignment","YES","SUPPORTING_MUTATION_AUTHORITY","SOURCE_REVIEWED","app/api/angelcare-marketplace/admin/operating/cases/[caseId]/assignments/route.ts; route exports, imported handler chain and server permission authority inspected."
"/api/angelcare-marketplace/admin/operating/cases/:caseId/comments","POST","handleOperatingComment","Opérations","CAP-B07-001","marketplace.operating_kernel.manage|marketplace.operating_kernel.view|marketplace.operating_kernel.approve","WRITE","POST via handleOperatingComment","YES","SUPPORTING_MUTATION_AUTHORITY","SOURCE_REVIEWED","app/api/angelcare-marketplace/admin/operating/cases/[caseId]/comments/route.ts; route exports, imported handler chain and server permission authority inspected."
"/api/angelcare-marketplace/admin/operating/cases/:caseId/evidence","POST","handleOperatingEvidence","Opérations","CAP-B07-001","marketplace.operating_kernel.manage|marketplace.operating_kernel.view|marketplace.operating_kernel.approve","WRITE","POST via handleOperatingEvidence","YES","SUPPORTING_MUTATION_AUTHORITY","SOURCE_REVIEWED","app/api/angelcare-marketplace/admin/operating/cases/[caseId]/evidence/route.ts; route exports, imported handler chain and server permission authority inspected."
"/api/angelcare-marketplace/admin/operating/cases/:caseId/exceptions","POST","handleOperatingExceptions","Opérations","CAP-B07-001","marketplace.operating_kernel.manage|marketplace.operating_kernel.view|marketplace.operating_kernel.approve","WRITE","POST via handleOperatingExceptions","YES","SUPPORTING_MUTATION_AUTHORITY","SOURCE_REVIEWED","app/api/angelcare-marketplace/admin/operating/cases/[caseId]/exceptions/route.ts; route exports, imported handler chain and server permission authority inspected."
"/api/angelcare-marketplace/admin/operating/cases/:caseId/recovery","POST","handleOperatingRecovery","Opérations","CAP-B07-001","marketplace.operating_kernel.manage|marketplace.operating_kernel.view|marketplace.operating_kernel.approve","WRITE","POST via handleOperatingRecovery","YES","SUPPORTING_MUTATION_AUTHORITY","SOURCE_REVIEWED","app/api/angelcare-marketplace/admin/operating/cases/[caseId]/recovery/route.ts; route exports, imported handler chain and server permission authority inspected."
"/api/angelcare-marketplace/admin/operating/cases/:caseId","GET","handleOperatingCaseDossier","Opérations","CAP-B07-001","marketplace.operating_kernel.manage|marketplace.operating_kernel.view|marketplace.operating_kernel.approve","READ","NOT_APPLICABLE","YES","SUPPORTING_READ_AUTHORITY","SOURCE_REVIEWED","app/api/angelcare-marketplace/admin/operating/cases/[caseId]/route.ts; route exports, imported handler chain and server permission authority inspected."
"/api/angelcare-marketplace/admin/operating/cases/:caseId/transition","POST","handleOperatingCaseTransition","Opérations","CAP-B07-001","marketplace.operating_kernel.manage|marketplace.operating_kernel.view|marketplace.operating_kernel.approve","WRITE","POST via handleOperatingCaseTransition","YES","SUPPORTING_MUTATION_AUTHORITY","SOURCE_REVIEWED","app/api/angelcare-marketplace/admin/operating/cases/[caseId]/transition/route.ts; route exports, imported handler chain and server permission authority inspected."
"/api/angelcare-marketplace/admin/operating/cases","GET|POST","handleOperatingCases","Opérations","CAP-B07-001","marketplace.operating_kernel.manage|marketplace.operating_kernel.view|marketplace.operating_kernel.approve","READ_WRITE","POST via handleOperatingCases","YES","OPERATOR_CAPABILITY_AUTHORITY","SOURCE_REVIEWED","app/api/angelcare-marketplace/admin/operating/cases/route.ts; route exports, imported handler chain and server permission authority inspected."
"/api/angelcare-marketplace/admin/operating/evidence/:evidenceId/review","POST","handleOperatingEvidenceReview","Opérations","CAP-B07-001","marketplace.operating_kernel.manage|marketplace.operating_kernel.view|marketplace.operating_kernel.approve","WRITE","POST via handleOperatingEvidenceReview","YES","SUPPORTING_MUTATION_AUTHORITY","SOURCE_REVIEWED","app/api/angelcare-marketplace/admin/operating/evidence/[evidenceId]/review/route.ts; route exports, imported handler chain and server permission authority inspected."
"/api/angelcare-marketplace/admin/operating/exceptions/:exceptionId/transition","POST","handleOperatingExceptionTransition","Opérations","CAP-B07-001","marketplace.operating_kernel.manage|marketplace.operating_kernel.view|marketplace.operating_kernel.approve","WRITE","POST via handleOperatingExceptionTransition","YES","SUPPORTING_MUTATION_AUTHORITY","SOURCE_REVIEWED","app/api/angelcare-marketplace/admin/operating/exceptions/[exceptionId]/transition/route.ts; route exports, imported handler chain and server permission authority inspected."
"/api/angelcare-marketplace/admin/orders/:orderId/lines","POST","handleAdminOrderLineEvent","Accueil / cross-domain shell","CAP-GLOBAL-001","marketplace.finance.view|marketplace.finance.reconciliation.manage|marketplace.finance.price_books.manage|marketplace.finance.exceptions.approve|marketplace.security.manage|marketplace.operations.view|marketplace.operations.missions.manage","WRITE","POST via handleAdminOrderLineEvent","YES","SUPPORTING_MUTATION_AUTHORITY","SOURCE_REVIEWED","app/api/angelcare-marketplace/admin/orders/[orderId]/lines/route.ts; route exports, imported handler chain and server permission authority inspected."
"/api/angelcare-marketplace/admin/orders/:orderId","PATCH","handleAdminEnterpriseOrder","Accueil / cross-domain shell","CAP-GLOBAL-001","marketplace.finance.view|marketplace.finance.reconciliation.manage|marketplace.finance.price_books.manage|marketplace.finance.exceptions.approve|marketplace.security.manage|marketplace.operations.view|marketplace.operations.missions.manage","WRITE","PATCH via handleAdminEnterpriseOrder","YES","SUPPORTING_MUTATION_AUTHORITY","SOURCE_REVIEWED","app/api/angelcare-marketplace/admin/orders/[orderId]/route.ts; route exports, imported handler chain and server permission authority inspected."
"/api/angelcare-marketplace/admin/orders","GET|POST","handleAdminOrders","Commandes & réservations","CAP-B04-001","marketplace.admin.access|marketplace.family.admin.view|marketplace.family.admin.manage|marketplace.finance.view|marketplace.finance.manage|marketplace.finance.exceptions.approve|marketplace.operations.missions.create|marketplace.operations.view|marketplace.catalog.suppliers.manage|marketplace.catalog.suppliers.view","READ_WRITE","POST via handleAdminOrders","YES","OPERATOR_CAPABILITY_AUTHORITY","SOURCE_REVIEWED","app/api/angelcare-marketplace/admin/orders/route.ts; route exports, imported handler chain and server permission authority inspected."
"/api/angelcare-marketplace/admin/payments/:paymentIntentId/refund","POST","handleAdminPaymentRefund","Accueil / cross-domain shell","CAP-GLOBAL-001","marketplace.finance.view|marketplace.finance.reconciliation.manage|marketplace.finance.price_books.manage|marketplace.finance.exceptions.approve|marketplace.security.manage|marketplace.operations.view|marketplace.operations.missions.manage","WRITE","POST via handleAdminPaymentRefund","YES","SUPPORTING_MUTATION_AUTHORITY","SOURCE_REVIEWED","app/api/angelcare-marketplace/admin/payments/[paymentIntentId]/refund/route.ts; route exports, imported handler chain and server permission authority inspected."
"/api/angelcare-marketplace/admin/payments/:paymentIntentId","GET|PATCH","handleAdminPayment","Trust & qualité","CAP-B11-001","marketplace.admin.access|marketplace.family.admin.view|marketplace.family.admin.manage|marketplace.finance.view|marketplace.finance.manage|marketplace.finance.exceptions.approve|marketplace.operations.missions.create|marketplace.operations.view|marketplace.catalog.suppliers.manage|marketplace.catalog.suppliers.view","READ_WRITE","PATCH via handleAdminPayment","YES","OPERATOR_CAPABILITY_AUTHORITY","SOURCE_REVIEWED","app/api/angelcare-marketplace/admin/payments/[paymentIntentId]/route.ts; route exports, imported handler chain and server permission authority inspected."
"/api/angelcare-marketplace/admin/payments/reconciliation/:itemId/transition","POST","handleAdminPaymentReconciliationTransition","Accueil / cross-domain shell","CAP-GLOBAL-001","marketplace.finance.view|marketplace.finance.reconciliation.manage|marketplace.finance.price_books.manage|marketplace.finance.exceptions.approve|marketplace.security.manage|marketplace.operations.view|marketplace.operations.missions.manage","WRITE","POST via handleAdminPaymentReconciliationTransition","YES","SUPPORTING_MUTATION_AUTHORITY","SOURCE_REVIEWED","app/api/angelcare-marketplace/admin/payments/reconciliation/[itemId]/transition/route.ts; route exports, imported handler chain and server permission authority inspected."
"/api/angelcare-marketplace/admin/payments","GET|POST","handleAdminPayments","Finance","CAP-B10-001","marketplace.admin.access|marketplace.family.admin.view|marketplace.family.admin.manage|marketplace.finance.view|marketplace.finance.manage|marketplace.finance.exceptions.approve|marketplace.operations.missions.create|marketplace.operations.view|marketplace.catalog.suppliers.manage|marketplace.catalog.suppliers.view","READ_WRITE","POST via handleAdminPayments","YES","OPERATOR_CAPABILITY_AUTHORITY","SOURCE_REVIEWED","app/api/angelcare-marketplace/admin/payments/route.ts; route exports, imported handler chain and server permission authority inspected."
"/api/angelcare-marketplace/admin/promotions/:promotionId","PATCH","handlePromotion","Accueil / cross-domain shell","CAP-GLOBAL-001","marketplace.admin.access|marketplace.operations.view|marketplace.operations.missions.manage|marketplace.finance.view|marketplace.finance.manage|marketplace.merchandising.view|marketplace.merchandising.manage|marketplace.operations.missions.create|marketplace.family.admin.manage","WRITE","PATCH via handlePromotion","YES","SUPPORTING_MUTATION_AUTHORITY","SOURCE_REVIEWED","app/api/angelcare-marketplace/admin/promotions/[promotionId]/route.ts; route exports, imported handler chain and server permission authority inspected."
"/api/angelcare-marketplace/admin/promotions","GET|POST","handlePromotions","Marketing & promotions","CAP-B06-001","marketplace.admin.access|marketplace.operations.view|marketplace.operations.missions.manage|marketplace.finance.view|marketplace.finance.manage|marketplace.merchandising.view|marketplace.merchandising.manage|marketplace.operations.missions.create|marketplace.family.admin.manage","READ_WRITE","POST via handlePromotions","YES","OPERATOR_CAPABILITY_AUTHORITY","SOURCE_REVIEWED","app/api/angelcare-marketplace/admin/promotions/route.ts; route exports, imported handler chain and server permission authority inspected."
"/api/angelcare-marketplace/admin/public-inquiries/:inquiryId","PATCH","handlePublicInquiryAdmin","Boutique","CAP-B05-001","marketplace.commerce.view|marketplace.publication.manage|marketplace.merchandising.view|marketplace.merchandising.manage|marketplace.operations.view|marketplace.operations.missions.manage|marketplace.public.inquiries.manage","WRITE","PATCH via handlePublicInquiryAdmin","YES","SUPPORTING_MUTATION_AUTHORITY","SOURCE_REVIEWED","app/api/angelcare-marketplace/admin/public-inquiries/[inquiryId]/route.ts; route exports, imported handler chain and server permission authority inspected."
"/api/angelcare-marketplace/admin/publication/history","GET|POST","handleCommerceResource","Accueil / cross-domain shell","CAP-GLOBAL-001","marketplace.media.manage|marketplace.media.view|marketplace.homepage.manage|marketplace.homepage.view|marketplace.navigation.manage|marketplace.navigation.view|marketplace.categories.manage|marketplace.catalog.view|marketplace.catalog.manage|marketplace.merchandising.manage|marketplace.merchandising.view|marketplace.publication.manage|marketplace.commerce.view|marketplace.commerce.|marketplace.catalog.purge|marketplace.media.replaced|marketplace.media.uploaded|marketplace.media.transformed","READ_WRITE","POST via handleCommerceResource","YES","OPERATOR_CAPABILITY_AUTHORITY","SOURCE_REVIEWED","app/api/angelcare-marketplace/admin/publication/history/route.ts; route exports, imported handler chain and server permission authority inspected."
"/api/angelcare-marketplace/admin/publication/preview","GET","INLINE_ROUTE_HANDLER","Accueil / cross-domain shell","CAP-GLOBAL-001","marketplace.publication.manage","READ","NOT_APPLICABLE","YES","SUPPORTING_READ_AUTHORITY","SOURCE_REVIEWED","app/api/angelcare-marketplace/admin/publication/preview/route.ts; route exports, imported handler chain and server permission authority inspected."
"/api/angelcare-marketplace/admin/publication/refresh","POST","INLINE_ROUTE_HANDLER","Accueil / cross-domain shell","CAP-GLOBAL-001","marketplace.publication.manage","WRITE","POST via INLINE_ROUTE_HANDLER","YES","SUPPORTING_MUTATION_AUTHORITY","SOURCE_REVIEWED","app/api/angelcare-marketplace/admin/publication/refresh/route.ts; route exports, imported handler chain and server permission authority inspected."
"/api/angelcare-marketplace/admin/publication/rollback","POST","handleCommerceAction","Accueil / cross-domain shell","CAP-GLOBAL-001","marketplace.media.manage|marketplace.media.view|marketplace.homepage.manage|marketplace.homepage.view|marketplace.navigation.manage|marketplace.navigation.view|marketplace.categories.manage|marketplace.catalog.view|marketplace.catalog.manage|marketplace.merchandising.manage|marketplace.merchandising.view|marketplace.publication.manage|marketplace.commerce.view|marketplace.commerce.|marketplace.catalog.purge|marketplace.media.replaced|marketplace.media.uploaded|marketplace.media.transformed","WRITE","POST via handleCommerceAction","YES","SUPPORTING_MUTATION_AUTHORITY","SOURCE_REVIEWED","app/api/angelcare-marketplace/admin/publication/rollback/route.ts; route exports, imported handler chain and server permission authority inspected."
"/api/angelcare-marketplace/admin/reality/:domain/:recordId","PATCH","handleRealityRecordCommand","Trust & qualité","CAP-B11-001","WORKSPACE_ACCESS_AUTHORITY","WRITE","PATCH via handleRealityRecordCommand","YES","SUPPORTING_MUTATION_AUTHORITY","SOURCE_REVIEWED","app/api/angelcare-marketplace/admin/reality/[domain]/[recordId]/route.ts; route exports, imported handler chain and server permission authority inspected."
"/api/angelcare-marketplace/admin/reality/:domain","GET|POST","handleRealityCollection","Trust & qualité","CAP-B11-001","WORKSPACE_ACCESS_AUTHORITY","READ_WRITE","POST via handleRealityCollection","YES","OPERATOR_CAPABILITY_AUTHORITY","SOURCE_REVIEWED","app/api/angelcare-marketplace/admin/reality/[domain]/route.ts; route exports, imported handler chain and server permission authority inspected."
"/api/angelcare-marketplace/admin/reality/health","GET","INLINE_ROUTE_HANDLER","Boutique","CAP-B05-001|CAP-B11-001","marketplace.admin.access","READ","NOT_APPLICABLE","YES","SUPPORTING_READ_AUTHORITY","SOURCE_REVIEWED","app/api/angelcare-marketplace/admin/reality/health/route.ts; route exports, imported handler chain and server permission authority inspected."
"/api/angelcare-marketplace/admin/receipts","GET|POST","handleReceipts","Finance","CAP-B10-001","marketplace.admin.access|marketplace.operations.view|marketplace.operations.missions.manage|marketplace.finance.view|marketplace.finance.manage|marketplace.merchandising.view|marketplace.merchandising.manage|marketplace.operations.missions.create|marketplace.family.admin.manage","READ_WRITE","POST via handleReceipts","YES","OPERATOR_CAPABILITY_AUTHORITY","SOURCE_REVIEWED","app/api/angelcare-marketplace/admin/receipts/route.ts; route exports, imported handler chain and server permission authority inspected."
"/api/angelcare-marketplace/admin/search-rules","GET|POST","handleSearchRules","Marketing & promotions","CAP-B06-001","marketplace.commerce.view|marketplace.publication.manage|marketplace.merchandising.view|marketplace.merchandising.manage|marketplace.operations.view|marketplace.operations.missions.manage|marketplace.public.inquiries.manage","READ_WRITE","POST via handleSearchRules","YES","OPERATOR_CAPABILITY_AUTHORITY","SOURCE_REVIEWED","app/api/angelcare-marketplace/admin/search-rules/route.ts; route exports, imported handler chain and server permission authority inspected."
"/api/angelcare-marketplace/admin/subscriptions/:subscriptionId","PATCH","handleSubscription","Accueil / cross-domain shell","CAP-GLOBAL-001","marketplace.admin.access|marketplace.operations.view|marketplace.operations.missions.manage|marketplace.finance.view|marketplace.finance.manage|marketplace.merchandising.view|marketplace.merchandising.manage|marketplace.operations.missions.create|marketplace.family.admin.manage","WRITE","PATCH via handleSubscription","YES","SUPPORTING_MUTATION_AUTHORITY","SOURCE_REVIEWED","app/api/angelcare-marketplace/admin/subscriptions/[subscriptionId]/route.ts; route exports, imported handler chain and server permission authority inspected."
"/api/angelcare-marketplace/admin/subscriptions","GET|POST","handleSubscriptions","Commandes & réservations","CAP-B04-001|CAP-B10-001","marketplace.admin.access|marketplace.operations.view|marketplace.operations.missions.manage|marketplace.finance.view|marketplace.finance.manage|marketplace.merchandising.view|marketplace.merchandising.manage|marketplace.operations.missions.create|marketplace.family.admin.manage","READ_WRITE","POST via handleSubscriptions","YES","OPERATOR_CAPABILITY_AUTHORITY","SOURCE_REVIEWED","app/api/angelcare-marketplace/admin/subscriptions/route.ts; route exports, imported handler chain and server permission authority inspected."
"/api/angelcare-marketplace/admin/suppliers/:supplierId","PATCH","handleAdminSupplier","Trust & qualité","CAP-B11-001","marketplace.admin.access|marketplace.family.admin.view|marketplace.family.admin.manage|marketplace.finance.view|marketplace.finance.manage|marketplace.finance.exceptions.approve|marketplace.operations.missions.create|marketplace.operations.view|marketplace.catalog.suppliers.manage|marketplace.catalog.suppliers.view","WRITE","PATCH via handleAdminSupplier","YES","SUPPORTING_MUTATION_AUTHORITY","SOURCE_REVIEWED","app/api/angelcare-marketplace/admin/suppliers/[supplierId]/route.ts; route exports, imported handler chain and server permission authority inspected."
"/api/angelcare-marketplace/admin/suppliers","GET|POST","handleAdminSuppliers","Prestataires & fournisseurs","CAP-B08-001","marketplace.admin.access|marketplace.family.admin.view|marketplace.family.admin.manage|marketplace.finance.view|marketplace.finance.manage|marketplace.finance.exceptions.approve|marketplace.operations.missions.create|marketplace.operations.view|marketplace.catalog.suppliers.manage|marketplace.catalog.suppliers.view","READ_WRITE","POST via handleAdminSuppliers","YES","OPERATOR_CAPABILITY_AUTHORITY","SOURCE_REVIEWED","app/api/angelcare-marketplace/admin/suppliers/route.ts; route exports, imported handler chain and server permission authority inspected."
"/api/angelcare-marketplace/admin/transaction-flight-deck/snapshot","GET","INLINE_ROUTE_HANDLER","Opérations","CAP-B07-009","marketplace.operations.view","READ","NOT_APPLICABLE","YES","SUPPORTING_READ_AUTHORITY","SOURCE_REVIEWED","app/api/angelcare-marketplace/admin/transaction-flight-deck/snapshot/route.ts; route exports, imported handler chain and server permission authority inspected."
"/api/angelcare-marketplace/admin/wallet/accounts/:walletId/adjustment","POST","handleAdminWalletAdjustment","Accueil / cross-domain shell","CAP-GLOBAL-001","marketplace.finance.view|marketplace.finance.reconciliation.manage|marketplace.finance.price_books.manage|marketplace.finance.exceptions.approve|marketplace.security.manage|marketplace.operations.view|marketplace.operations.missions.manage","WRITE","POST via handleAdminWalletAdjustment","YES","SUPPORTING_MUTATION_AUTHORITY","SOURCE_REVIEWED","app/api/angelcare-marketplace/admin/wallet/accounts/[walletId]/adjustment/route.ts; route exports, imported handler chain and server permission authority inspected."
"/api/angelcare-marketplace/admin/wallet/accounts/:walletId/restriction","PATCH","handleAdminWalletRestriction","Accueil / cross-domain shell","CAP-GLOBAL-001","marketplace.finance.view|marketplace.finance.reconciliation.manage|marketplace.finance.price_books.manage|marketplace.finance.exceptions.approve|marketplace.security.manage|marketplace.operations.view|marketplace.operations.missions.manage","WRITE","PATCH via handleAdminWalletRestriction","YES","SUPPORTING_MUTATION_AUTHORITY","SOURCE_REVIEWED","app/api/angelcare-marketplace/admin/wallet/accounts/[walletId]/restriction/route.ts; route exports, imported handler chain and server permission authority inspected."
"/api/angelcare-marketplace/admin/wallet/imports","POST","handleAdminWalletPolicyImport","Finance","CAP-B10-001","marketplace.finance.view|marketplace.finance.reconciliation.manage|marketplace.finance.price_books.manage|marketplace.finance.exceptions.approve|marketplace.security.manage|marketplace.operations.view|marketplace.operations.missions.manage","WRITE","POST via handleAdminWalletPolicyImport","YES","SUPPORTING_MUTATION_AUTHORITY","SOURCE_REVIEWED","app/api/angelcare-marketplace/admin/wallet/imports/route.ts; route exports, imported handler chain and server permission authority inspected."
"/api/angelcare-marketplace/admin/wallet/policies/:policyId","PATCH","handleAdminWalletPolicy","Accueil / cross-domain shell","CAP-GLOBAL-001","marketplace.finance.view|marketplace.finance.reconciliation.manage|marketplace.finance.price_books.manage|marketplace.finance.exceptions.approve|marketplace.security.manage|marketplace.operations.view|marketplace.operations.missions.manage","WRITE","PATCH via handleAdminWalletPolicy","YES","SUPPORTING_MUTATION_AUTHORITY","SOURCE_REVIEWED","app/api/angelcare-marketplace/admin/wallet/policies/[policyId]/route.ts; route exports, imported handler chain and server permission authority inspected."
"/api/angelcare-marketplace/admin/wallet/policies","GET|POST","handleAdminWalletPolicies","Finance","CAP-B10-001","marketplace.finance.view|marketplace.finance.reconciliation.manage|marketplace.finance.price_books.manage|marketplace.finance.exceptions.approve|marketplace.security.manage|marketplace.operations.view|marketplace.operations.missions.manage","READ_WRITE","POST via handleAdminWalletPolicies","YES","OPERATOR_CAPABILITY_AUTHORITY","SOURCE_REVIEWED","app/api/angelcare-marketplace/admin/wallet/policies/route.ts; route exports, imported handler chain and server permission authority inspected."
"/api/angelcare-marketplace/admin/wallet/reconciliation/:itemId/transition","POST","handleAdminWalletReconciliationTransition","Accueil / cross-domain shell","CAP-GLOBAL-001","marketplace.finance.view|marketplace.finance.reconciliation.manage|marketplace.finance.price_books.manage|marketplace.finance.exceptions.approve|marketplace.security.manage|marketplace.operations.view|marketplace.operations.missions.manage","WRITE","POST via handleAdminWalletReconciliationTransition","YES","SUPPORTING_MUTATION_AUTHORITY","SOURCE_REVIEWED","app/api/angelcare-marketplace/admin/wallet/reconciliation/[itemId]/transition/route.ts; route exports, imported handler chain and server permission authority inspected."
"/api/angelcare-marketplace/admin/wallet/simulations","POST","handleAdminWalletSimulation","Finance","CAP-B10-001","marketplace.finance.view|marketplace.finance.reconciliation.manage|marketplace.finance.price_books.manage|marketplace.finance.exceptions.approve|marketplace.security.manage|marketplace.operations.view|marketplace.operations.missions.manage","WRITE","POST via handleAdminWalletSimulation","YES","SUPPORTING_MUTATION_AUTHORITY","SOURCE_REVIEWED","app/api/angelcare-marketplace/admin/wallet/simulations/route.ts; route exports, imported handler chain and server permission authority inspected."
"/api/angelcare-marketplace/admin/wallet/summary","GET","handleAdminWalletSummary","Finance","CAP-B10-001","marketplace.finance.view|marketplace.finance.reconciliation.manage|marketplace.finance.price_books.manage|marketplace.finance.exceptions.approve|marketplace.security.manage|marketplace.operations.view|marketplace.operations.missions.manage","READ","NOT_APPLICABLE","YES","SUPPORTING_READ_AUTHORITY","SOURCE_REVIEWED","app/api/angelcare-marketplace/admin/wallet/summary/route.ts; route exports, imported handler chain and server permission authority inspected."
"/api/angelcare-marketplace/admin/workspace-access","GET|POST","handleWorkspaceAccess","Trust & qualité","CAP-B11-001","marketplace.admin.access","READ_WRITE","POST via handleWorkspaceAccess","YES","OPERATOR_CAPABILITY_AUTHORITY","SOURCE_REVIEWED","app/api/angelcare-marketplace/admin/workspace-access/route.ts; route exports, imported handler chain and server permission authority inspected."
"/api/angelcare-marketplace/analytics/data-quality","GET","handleDataQuality","Trust & qualité","CAP-B11-001","marketplace.analytics.view|marketplace.analytics.definitions.manage|marketplace.security.view|marketplace.security.access_review|marketplace.security.isolation.review|marketplace.security.events.view|marketplace.backup.view|marketplace.recovery_test.approve","READ","NOT_APPLICABLE","YES","SUPPORTING_READ_AUTHORITY","SOURCE_REVIEWED","app/api/angelcare-marketplace/analytics/data-quality/route.ts; route exports, imported handler chain and server permission authority inspected."
"/api/angelcare-marketplace/analytics/metrics","GET","handleMetrics","Trust & qualité","CAP-B11-001","marketplace.analytics.view|marketplace.analytics.definitions.manage|marketplace.security.view|marketplace.security.access_review|marketplace.security.isolation.review|marketplace.security.events.view|marketplace.backup.view|marketplace.recovery_test.approve","READ","NOT_APPLICABLE","YES","SUPPORTING_READ_AUTHORITY","SOURCE_REVIEWED","app/api/angelcare-marketplace/analytics/metrics/route.ts; route exports, imported handler chain and server permission authority inspected."
"/api/angelcare-marketplace/analytics/refresh","POST","handleAnalyticsRefresh","Trust & qualité","CAP-B11-001","marketplace.analytics.view|marketplace.analytics.definitions.manage|marketplace.security.view|marketplace.security.access_review|marketplace.security.isolation.review|marketplace.security.events.view|marketplace.backup.view|marketplace.recovery_test.approve","WRITE","POST via handleAnalyticsRefresh","YES","SUPPORTING_MUTATION_AUTHORITY","SOURCE_REVIEWED","app/api/angelcare-marketplace/analytics/refresh/route.ts; route exports, imported handler chain and server permission authority inspected."
"/api/angelcare-marketplace/analytics/snapshots","GET","handleSnapshots","Trust & qualité","CAP-B11-001","marketplace.analytics.view|marketplace.analytics.definitions.manage|marketplace.security.view|marketplace.security.access_review|marketplace.security.isolation.review|marketplace.security.events.view|marketplace.backup.view|marketplace.recovery_test.approve","READ","NOT_APPLICABLE","YES","SUPPORTING_READ_AUTHORITY","SOURCE_REVIEWED","app/api/angelcare-marketplace/analytics/snapshots/route.ts; route exports, imported handler chain and server permission authority inspected."
"/api/angelcare-marketplace/analytics/summary","GET","handleAnalyticsSummary","Trust & qualité","CAP-B11-001","marketplace.analytics.view|marketplace.analytics.definitions.manage|marketplace.security.view|marketplace.security.access_review|marketplace.security.isolation.review|marketplace.security.events.view|marketplace.backup.view|marketplace.recovery_test.approve","READ","NOT_APPLICABLE","YES","SUPPORTING_READ_AUTHORITY","SOURCE_REVIEWED","app/api/angelcare-marketplace/analytics/summary/route.ts; route exports, imported handler chain and server permission authority inspected."
"/api/angelcare-marketplace/b2b/corporates/eligibility","GET","handleCorporateEligibility","Academy / B2B & partenaires","CAP-B09-001","marketplace.b2b.view|marketplace.b2b.create|marketplace.b2b.diagnostics.manage|marketplace.b2b.diagnostics.view|marketplace.b2b.diagnostics.review|marketplace.b2b.conversions.manage|marketplace.b2b.programs.view|marketplace.b2b.programs.manage|marketplace.b2b.establishments.quality_review|marketplace.b2b.hospitality.view|marketplace.b2b.health_partners.view|marketplace.b2b.corporates.view|marketplace.b2b.corporates.impact_view|marketplace.b2b.corporates.eligibility_manage","READ","NOT_APPLICABLE","YES","SUPPORTING_READ_AUTHORITY","SOURCE_REVIEWED","app/api/angelcare-marketplace/b2b/corporates/eligibility/route.ts; route exports, imported handler chain and server permission authority inspected."
"/api/angelcare-marketplace/b2b/corporates/programs","GET","handleCorporatePrograms","Academy / B2B & partenaires","CAP-B09-001","marketplace.b2b.view|marketplace.b2b.create|marketplace.b2b.diagnostics.manage|marketplace.b2b.diagnostics.view|marketplace.b2b.diagnostics.review|marketplace.b2b.conversions.manage|marketplace.b2b.programs.view|marketplace.b2b.programs.manage|marketplace.b2b.establishments.quality_review|marketplace.b2b.hospitality.view|marketplace.b2b.health_partners.view|marketplace.b2b.corporates.view|marketplace.b2b.corporates.impact_view|marketplace.b2b.corporates.eligibility_manage","READ","NOT_APPLICABLE","YES","SUPPORTING_READ_AUTHORITY","SOURCE_REVIEWED","app/api/angelcare-marketplace/b2b/corporates/programs/route.ts; route exports, imported handler chain and server permission authority inspected."
"/api/angelcare-marketplace/b2b/corporates/quotas/:quotaId/consume","POST","handleCorporateUsage","Academy / B2B & partenaires","CAP-B09-001","marketplace.b2b.view|marketplace.b2b.create|marketplace.b2b.diagnostics.manage|marketplace.b2b.diagnostics.view|marketplace.b2b.diagnostics.review|marketplace.b2b.conversions.manage|marketplace.b2b.programs.view|marketplace.b2b.programs.manage|marketplace.b2b.establishments.quality_review|marketplace.b2b.hospitality.view|marketplace.b2b.health_partners.view|marketplace.b2b.corporates.view|marketplace.b2b.corporates.impact_view|marketplace.b2b.corporates.eligibility_manage","WRITE","POST via handleCorporateUsage","YES","SUPPORTING_MUTATION_AUTHORITY","SOURCE_REVIEWED","app/api/angelcare-marketplace/b2b/corporates/quotas/[quotaId]/consume/route.ts; route exports, imported handler chain and server permission authority inspected."
"/api/angelcare-marketplace/b2b/diagnostics/:diagnosticId/convert","POST","handleDiagnosticConversion","Academy / B2B & partenaires","CAP-B09-001","marketplace.b2b.view|marketplace.b2b.create|marketplace.b2b.diagnostics.manage|marketplace.b2b.diagnostics.view|marketplace.b2b.diagnostics.review|marketplace.b2b.conversions.manage|marketplace.b2b.programs.view|marketplace.b2b.programs.manage|marketplace.b2b.establishments.quality_review|marketplace.b2b.hospitality.view|marketplace.b2b.health_partners.view|marketplace.b2b.corporates.view|marketplace.b2b.corporates.impact_view|marketplace.b2b.corporates.eligibility_manage","WRITE","POST via handleDiagnosticConversion","YES","SUPPORTING_MUTATION_AUTHORITY","SOURCE_REVIEWED","app/api/angelcare-marketplace/b2b/diagnostics/[diagnosticId]/convert/route.ts; route exports, imported handler chain and server permission authority inspected."
"/api/angelcare-marketplace/b2b/diagnostics/:diagnosticId/transition","POST","handleDiagnosticTransition","Academy / B2B & partenaires","CAP-B09-001","marketplace.b2b.view|marketplace.b2b.create|marketplace.b2b.diagnostics.manage|marketplace.b2b.diagnostics.view|marketplace.b2b.diagnostics.review|marketplace.b2b.conversions.manage|marketplace.b2b.programs.view|marketplace.b2b.programs.manage|marketplace.b2b.establishments.quality_review|marketplace.b2b.hospitality.view|marketplace.b2b.health_partners.view|marketplace.b2b.corporates.view|marketplace.b2b.corporates.impact_view|marketplace.b2b.corporates.eligibility_manage","WRITE","POST via handleDiagnosticTransition","YES","SUPPORTING_MUTATION_AUTHORITY","SOURCE_REVIEWED","app/api/angelcare-marketplace/b2b/diagnostics/[diagnosticId]/transition/route.ts; route exports, imported handler chain and server permission authority inspected."
"/api/angelcare-marketplace/b2b/diagnostics","GET|POST","handleDiagnostics","Academy / B2B & partenaires","CAP-B09-001","marketplace.b2b.view|marketplace.b2b.create|marketplace.b2b.diagnostics.manage|marketplace.b2b.diagnostics.view|marketplace.b2b.diagnostics.review|marketplace.b2b.conversions.manage|marketplace.b2b.programs.view|marketplace.b2b.programs.manage|marketplace.b2b.establishments.quality_review|marketplace.b2b.hospitality.view|marketplace.b2b.health_partners.view|marketplace.b2b.corporates.view|marketplace.b2b.corporates.impact_view|marketplace.b2b.corporates.eligibility_manage","READ_WRITE","POST via handleDiagnostics","YES","OPERATOR_CAPABILITY_AUTHORITY","SOURCE_REVIEWED","app/api/angelcare-marketplace/b2b/diagnostics/route.ts; route exports, imported handler chain and server permission authority inspected."
"/api/angelcare-marketplace/b2b/establishments/quality-checks","GET","handleEstablishmentQualityChecks","Academy / B2B & partenaires","CAP-B09-001","marketplace.b2b.view|marketplace.b2b.create|marketplace.b2b.diagnostics.manage|marketplace.b2b.diagnostics.view|marketplace.b2b.diagnostics.review|marketplace.b2b.conversions.manage|marketplace.b2b.programs.view|marketplace.b2b.programs.manage|marketplace.b2b.establishments.quality_review|marketplace.b2b.hospitality.view|marketplace.b2b.health_partners.view|marketplace.b2b.corporates.view|marketplace.b2b.corporates.impact_view|marketplace.b2b.corporates.eligibility_manage","READ","NOT_APPLICABLE","YES","SUPPORTING_READ_AUTHORITY","SOURCE_REVIEWED","app/api/angelcare-marketplace/b2b/establishments/quality-checks/route.ts; route exports, imported handler chain and server permission authority inspected."
"/api/angelcare-marketplace/b2b/health-partners/compliance","GET","handleHealthCompliance","Academy / B2B & partenaires","CAP-B09-001","marketplace.b2b.view|marketplace.b2b.create|marketplace.b2b.diagnostics.manage|marketplace.b2b.diagnostics.view|marketplace.b2b.diagnostics.review|marketplace.b2b.conversions.manage|marketplace.b2b.programs.view|marketplace.b2b.programs.manage|marketplace.b2b.establishments.quality_review|marketplace.b2b.hospitality.view|marketplace.b2b.health_partners.view|marketplace.b2b.corporates.view|marketplace.b2b.corporates.impact_view|marketplace.b2b.corporates.eligibility_manage","READ","NOT_APPLICABLE","YES","SUPPORTING_READ_AUTHORITY","SOURCE_REVIEWED","app/api/angelcare-marketplace/b2b/health-partners/compliance/route.ts; route exports, imported handler chain and server permission authority inspected."
"/api/angelcare-marketplace/b2b/hospitality/programs","GET","handleHospitalityPrograms","Academy / B2B & partenaires","CAP-B09-001","marketplace.b2b.view|marketplace.b2b.create|marketplace.b2b.diagnostics.manage|marketplace.b2b.diagnostics.view|marketplace.b2b.diagnostics.review|marketplace.b2b.conversions.manage|marketplace.b2b.programs.view|marketplace.b2b.programs.manage|marketplace.b2b.establishments.quality_review|marketplace.b2b.hospitality.view|marketplace.b2b.health_partners.view|marketplace.b2b.corporates.view|marketplace.b2b.corporates.impact_view|marketplace.b2b.corporates.eligibility_manage","READ","NOT_APPLICABLE","YES","SUPPORTING_READ_AUTHORITY","SOURCE_REVIEWED","app/api/angelcare-marketplace/b2b/hospitality/programs/route.ts; route exports, imported handler chain and server permission authority inspected."
"/api/angelcare-marketplace/b2b/hospitality/properties","GET","handleHospitalityProperties","Academy / B2B & partenaires","CAP-B09-001","marketplace.b2b.view|marketplace.b2b.create|marketplace.b2b.diagnostics.manage|marketplace.b2b.diagnostics.view|marketplace.b2b.diagnostics.review|marketplace.b2b.conversions.manage|marketplace.b2b.programs.view|marketplace.b2b.programs.manage|marketplace.b2b.establishments.quality_review|marketplace.b2b.hospitality.view|marketplace.b2b.health_partners.view|marketplace.b2b.corporates.view|marketplace.b2b.corporates.impact_view|marketplace.b2b.corporates.eligibility_manage","READ","NOT_APPLICABLE","YES","SUPPORTING_READ_AUTHORITY","SOURCE_REVIEWED","app/api/angelcare-marketplace/b2b/hospitality/properties/route.ts; route exports, imported handler chain and server permission authority inspected."
"/api/angelcare-marketplace/b2b/organizations/:organizationId","GET","handleOrganization360","Academy / B2B & partenaires","CAP-B09-001","marketplace.b2b.view|marketplace.b2b.create|marketplace.b2b.diagnostics.manage|marketplace.b2b.diagnostics.view|marketplace.b2b.diagnostics.review|marketplace.b2b.conversions.manage|marketplace.b2b.programs.view|marketplace.b2b.programs.manage|marketplace.b2b.establishments.quality_review|marketplace.b2b.hospitality.view|marketplace.b2b.health_partners.view|marketplace.b2b.corporates.view|marketplace.b2b.corporates.impact_view|marketplace.b2b.corporates.eligibility_manage","READ","NOT_APPLICABLE","YES","SUPPORTING_READ_AUTHORITY","SOURCE_REVIEWED","app/api/angelcare-marketplace/b2b/organizations/[organizationId]/route.ts; route exports, imported handler chain and server permission authority inspected."
"/api/angelcare-marketplace/b2b/organizations","GET|POST","handleOrganizations","Academy / B2B & partenaires","CAP-B09-001","marketplace.b2b.view|marketplace.b2b.create|marketplace.b2b.diagnostics.manage|marketplace.b2b.diagnostics.view|marketplace.b2b.diagnostics.review|marketplace.b2b.conversions.manage|marketplace.b2b.programs.view|marketplace.b2b.programs.manage|marketplace.b2b.establishments.quality_review|marketplace.b2b.hospitality.view|marketplace.b2b.health_partners.view|marketplace.b2b.corporates.view|marketplace.b2b.corporates.impact_view|marketplace.b2b.corporates.eligibility_manage","READ_WRITE","POST via handleOrganizations","YES","OPERATOR_CAPABILITY_AUTHORITY","SOURCE_REVIEWED","app/api/angelcare-marketplace/b2b/organizations/route.ts; route exports, imported handler chain and server permission authority inspected."
"/api/angelcare-marketplace/b2b/programs/:programId/transition","POST","handleProgramTransition","Academy / B2B & partenaires","CAP-B09-001","marketplace.b2b.view|marketplace.b2b.create|marketplace.b2b.diagnostics.manage|marketplace.b2b.diagnostics.view|marketplace.b2b.diagnostics.review|marketplace.b2b.conversions.manage|marketplace.b2b.programs.view|marketplace.b2b.programs.manage|marketplace.b2b.establishments.quality_review|marketplace.b2b.hospitality.view|marketplace.b2b.health_partners.view|marketplace.b2b.corporates.view|marketplace.b2b.corporates.impact_view|marketplace.b2b.corporates.eligibility_manage","WRITE","POST via handleProgramTransition","YES","SUPPORTING_MUTATION_AUTHORITY","SOURCE_REVIEWED","app/api/angelcare-marketplace/b2b/programs/[programId]/transition/route.ts; route exports, imported handler chain and server permission authority inspected."
"/api/angelcare-marketplace/b2b/programs","GET","handlePrograms","Academy / B2B & partenaires","CAP-B09-001","marketplace.b2b.view|marketplace.b2b.create|marketplace.b2b.diagnostics.manage|marketplace.b2b.diagnostics.view|marketplace.b2b.diagnostics.review|marketplace.b2b.conversions.manage|marketplace.b2b.programs.view|marketplace.b2b.programs.manage|marketplace.b2b.establishments.quality_review|marketplace.b2b.hospitality.view|marketplace.b2b.health_partners.view|marketplace.b2b.corporates.view|marketplace.b2b.corporates.impact_view|marketplace.b2b.corporates.eligibility_manage","READ","NOT_APPLICABLE","YES","SUPPORTING_READ_AUTHORITY","SOURCE_REVIEWED","app/api/angelcare-marketplace/b2b/programs/route.ts; route exports, imported handler chain and server permission authority inspected."
"/api/angelcare-marketplace/b2b/public/diagnostics","POST","handlePublicDiagnostic","Academy / B2B & partenaires","CAP-B09-001","marketplace.b2b.view|marketplace.b2b.create|marketplace.b2b.diagnostics.manage|marketplace.b2b.diagnostics.view|marketplace.b2b.diagnostics.review|marketplace.b2b.conversions.manage|marketplace.b2b.programs.view|marketplace.b2b.programs.manage|marketplace.b2b.establishments.quality_review|marketplace.b2b.hospitality.view|marketplace.b2b.health_partners.view|marketplace.b2b.corporates.view|marketplace.b2b.corporates.impact_view|marketplace.b2b.corporates.eligibility_manage","WRITE","POST via handlePublicDiagnostic","YES","SUPPORTING_MUTATION_AUTHORITY","SOURCE_REVIEWED","app/api/angelcare-marketplace/b2b/public/diagnostics/route.ts; route exports, imported handler chain and server permission authority inspected."
"/api/angelcare-marketplace/b2b/summary","GET","handleB2BSummary","Academy / B2B & partenaires","CAP-B09-001","marketplace.b2b.view|marketplace.b2b.create|marketplace.b2b.diagnostics.manage|marketplace.b2b.diagnostics.view|marketplace.b2b.diagnostics.review|marketplace.b2b.conversions.manage|marketplace.b2b.programs.view|marketplace.b2b.programs.manage|marketplace.b2b.establishments.quality_review|marketplace.b2b.hospitality.view|marketplace.b2b.health_partners.view|marketplace.b2b.corporates.view|marketplace.b2b.corporates.impact_view|marketplace.b2b.corporates.eligibility_manage","READ","NOT_APPLICABLE","YES","SUPPORTING_READ_AUTHORITY","SOURCE_REVIEWED","app/api/angelcare-marketplace/b2b/summary/route.ts; route exports, imported handler chain and server permission authority inspected."
"/api/angelcare-marketplace/backoffice/actions/:actionId","PATCH","handleActionUpdate","Trust & qualité","CAP-B11-001","marketplace.backoffice.command.view|marketplace.backoffice.search|marketplace.backoffice.approvals.view|marketplace.backoffice.approvals.create|marketplace.backoffice.approvals.decide|marketplace.backoffice.actions.view|marketplace.backoffice.actions.manage|marketplace.backoffice.objects.view|marketplace.backoffice.objects.comment|marketplace.backoffice.briefs.view","WRITE","PATCH via handleActionUpdate","YES","SUPPORTING_MUTATION_AUTHORITY","SOURCE_REVIEWED","app/api/angelcare-marketplace/backoffice/actions/[actionId]/route.ts; route exports, imported handler chain and server permission authority inspected."
"/api/angelcare-marketplace/backoffice/actions","INTERNAL_FRAMEWORK_HANDLER","INLINE_ROUTE_HANDLER","Trust & qualité","CAP-B11-001","marketplace.backoffice.command.view|marketplace.backoffice.search|marketplace.backoffice.approvals.view|marketplace.backoffice.approvals.create|marketplace.backoffice.approvals.decide|marketplace.backoffice.actions.view|marketplace.backoffice.actions.manage|marketplace.backoffice.objects.view|marketplace.backoffice.objects.comment|marketplace.backoffice.briefs.view","READ","NOT_APPLICABLE","YES","SUPPORTING_READ_AUTHORITY","SOURCE_REVIEWED","app/api/angelcare-marketplace/backoffice/actions/route.ts; route exports, imported handler chain and server permission authority inspected."
"/api/angelcare-marketplace/backoffice/approvals/:approvalId/decision","POST","handleApprovalDecision","Trust & qualité","CAP-B11-001","marketplace.backoffice.command.view|marketplace.backoffice.search|marketplace.backoffice.approvals.view|marketplace.backoffice.approvals.create|marketplace.backoffice.approvals.decide|marketplace.backoffice.actions.view|marketplace.backoffice.actions.manage|marketplace.backoffice.objects.view|marketplace.backoffice.objects.comment|marketplace.backoffice.briefs.view","WRITE","POST via handleApprovalDecision","YES","SUPPORTING_MUTATION_AUTHORITY","SOURCE_REVIEWED","app/api/angelcare-marketplace/backoffice/approvals/[approvalId]/decision/route.ts; route exports, imported handler chain and server permission authority inspected."
"/api/angelcare-marketplace/backoffice/approvals","INTERNAL_FRAMEWORK_HANDLER","INLINE_ROUTE_HANDLER","Trust & qualité","CAP-B11-001","marketplace.backoffice.command.view|marketplace.backoffice.search|marketplace.backoffice.approvals.view|marketplace.backoffice.approvals.create|marketplace.backoffice.approvals.decide|marketplace.backoffice.actions.view|marketplace.backoffice.actions.manage|marketplace.backoffice.objects.view|marketplace.backoffice.objects.comment|marketplace.backoffice.briefs.view","READ","NOT_APPLICABLE","YES","SUPPORTING_READ_AUTHORITY","SOURCE_REVIEWED","app/api/angelcare-marketplace/backoffice/approvals/route.ts; route exports, imported handler chain and server permission authority inspected."
"/api/angelcare-marketplace/backoffice/briefs","INTERNAL_FRAMEWORK_HANDLER","INLINE_ROUTE_HANDLER","Trust & qualité","CAP-B11-001","marketplace.backoffice.command.view|marketplace.backoffice.search|marketplace.backoffice.approvals.view|marketplace.backoffice.approvals.create|marketplace.backoffice.approvals.decide|marketplace.backoffice.actions.view|marketplace.backoffice.actions.manage|marketplace.backoffice.objects.view|marketplace.backoffice.objects.comment|marketplace.backoffice.briefs.view","READ","NOT_APPLICABLE","YES","SUPPORTING_READ_AUTHORITY","SOURCE_REVIEWED","app/api/angelcare-marketplace/backoffice/briefs/route.ts; route exports, imported handler chain and server permission authority inspected."
"/api/angelcare-marketplace/backoffice/objects/:objectType/:objectId/comments","POST","handleObjectComment","Trust & qualité","CAP-B11-001","marketplace.backoffice.command.view|marketplace.backoffice.search|marketplace.backoffice.approvals.view|marketplace.backoffice.approvals.create|marketplace.backoffice.approvals.decide|marketplace.backoffice.actions.view|marketplace.backoffice.actions.manage|marketplace.backoffice.objects.view|marketplace.backoffice.objects.comment|marketplace.backoffice.briefs.view","WRITE","POST via handleObjectComment","YES","SUPPORTING_MUTATION_AUTHORITY","SOURCE_REVIEWED","app/api/angelcare-marketplace/backoffice/objects/[objectType]/[objectId]/comments/route.ts; route exports, imported handler chain and server permission authority inspected."
"/api/angelcare-marketplace/backoffice/objects/:objectType/:objectId","GET|POST","handleObjectComment|handleObjectDossier","Trust & qualité","CAP-B11-001","marketplace.backoffice.command.view|marketplace.backoffice.search|marketplace.backoffice.approvals.view|marketplace.backoffice.approvals.create|marketplace.backoffice.approvals.decide|marketplace.backoffice.actions.view|marketplace.backoffice.actions.manage|marketplace.backoffice.objects.view|marketplace.backoffice.objects.comment|marketplace.backoffice.briefs.view","READ_WRITE","POST via handleObjectComment|handleObjectDossier","YES","OPERATOR_CAPABILITY_AUTHORITY","SOURCE_REVIEWED","app/api/angelcare-marketplace/backoffice/objects/[objectType]/[objectId]/route.ts; route exports, imported handler chain and server permission authority inspected."
"/api/angelcare-marketplace/backoffice/search","INTERNAL_FRAMEWORK_HANDLER","INLINE_ROUTE_HANDLER","Trust & qualité","CAP-B11-001","marketplace.backoffice.command.view|marketplace.backoffice.search|marketplace.backoffice.approvals.view|marketplace.backoffice.approvals.create|marketplace.backoffice.approvals.decide|marketplace.backoffice.actions.view|marketplace.backoffice.actions.manage|marketplace.backoffice.objects.view|marketplace.backoffice.objects.comment|marketplace.backoffice.briefs.view","READ","NOT_APPLICABLE","YES","SUPPORTING_READ_AUTHORITY","SOURCE_REVIEWED","app/api/angelcare-marketplace/backoffice/search/route.ts; route exports, imported handler chain and server permission authority inspected."
"/api/angelcare-marketplace/backoffice/summary","INTERNAL_FRAMEWORK_HANDLER","INLINE_ROUTE_HANDLER","Trust & qualité","CAP-B11-001","marketplace.backoffice.command.view|marketplace.backoffice.search|marketplace.backoffice.approvals.view|marketplace.backoffice.approvals.create|marketplace.backoffice.approvals.decide|marketplace.backoffice.actions.view|marketplace.backoffice.actions.manage|marketplace.backoffice.objects.view|marketplace.backoffice.objects.comment|marketplace.backoffice.briefs.view","READ","NOT_APPLICABLE","YES","SUPPORTING_READ_AUTHORITY","SOURCE_REVIEWED","app/api/angelcare-marketplace/backoffice/summary/route.ts; route exports, imported handler chain and server permission authority inspected."
"/api/angelcare-marketplace/catalog/:itemId/transition","POST","handleCatalogTransition","Accueil / Produits & services","CAP-B01-001|CAP-B04-001|CAP-B08-001","marketplace.catalog.view|marketplace.catalog.manage|marketplace.catalog.publish|marketplace.catalog.suppliers.view|marketplace.quote_basket.create|marketplace.quote_basket.view|marketplace.quote_basket.manage","WRITE","POST via handleCatalogTransition","YES","SUPPORTING_MUTATION_AUTHORITY","SOURCE_REVIEWED","app/api/angelcare-marketplace/catalog/[itemId]/transition/route.ts; route exports, imported handler chain and server permission authority inspected."
"/api/angelcare-marketplace/catalog","GET|POST","handleCatalog","Accueil / Produits & services","CAP-B01-001|CAP-B04-001|CAP-B08-001","marketplace.catalog.view|marketplace.catalog.manage|marketplace.catalog.publish|marketplace.catalog.suppliers.view|marketplace.quote_basket.create|marketplace.quote_basket.view|marketplace.quote_basket.manage","READ_WRITE","POST via handleCatalog","YES","OPERATOR_CAPABILITY_AUTHORITY","SOURCE_REVIEWED","app/api/angelcare-marketplace/catalog/route.ts; route exports, imported handler chain and server permission authority inspected."
"/api/angelcare-marketplace/catalog/summary","GET","handleCatalogSummary","Accueil / Produits & services","CAP-B01-001|CAP-B04-001|CAP-B08-001","marketplace.catalog.view|marketplace.catalog.manage|marketplace.catalog.publish|marketplace.catalog.suppliers.view|marketplace.quote_basket.create|marketplace.quote_basket.view|marketplace.quote_basket.manage","READ","NOT_APPLICABLE","YES","SUPPORTING_READ_AUTHORITY","SOURCE_REVIEWED","app/api/angelcare-marketplace/catalog/summary/route.ts; route exports, imported handler chain and server permission authority inspected."
"/api/angelcare-marketplace/checkout/payment-methods","GET|POST","handleCheckoutPaymentMethods","Accueil / cross-domain shell","CAP-GLOBAL-001","marketplace.finance.view|marketplace.finance.reconciliation.manage|marketplace.finance.price_books.manage|marketplace.finance.exceptions.approve|marketplace.security.manage|marketplace.operations.view|marketplace.operations.missions.manage","READ_WRITE","POST via handleCheckoutPaymentMethods","YES","OPERATOR_CAPABILITY_AUTHORITY","SOURCE_REVIEWED","app/api/angelcare-marketplace/checkout/payment-methods/route.ts; route exports, imported handler chain and server permission authority inspected."
"/api/angelcare-marketplace/cms/ctas","INTERNAL_FRAMEWORK_HANDLER","INLINE_ROUTE_HANDLER","Boutique","CAP-B05-001","marketplace.cms.edit|marketplace.cms.submit|marketplace.cms.review|marketplace.cms.approve|marketplace.cms.schedule|marketplace.cms.publish|marketplace.cms.archive|marketplace.cms.view|marketplace.cms.create|marketplace.cms.blocks.manage|marketplace.cms.rollback|marketplace.cms.preview","READ","NOT_APPLICABLE","YES","SUPPORTING_READ_AUTHORITY","SOURCE_REVIEWED","app/api/angelcare-marketplace/cms/ctas/route.ts; route exports, imported handler chain and server permission authority inspected."
"/api/angelcare-marketplace/cms/menus","INTERNAL_FRAMEWORK_HANDLER","INLINE_ROUTE_HANDLER","Boutique","CAP-B05-001","marketplace.cms.edit|marketplace.cms.submit|marketplace.cms.review|marketplace.cms.approve|marketplace.cms.schedule|marketplace.cms.publish|marketplace.cms.archive|marketplace.cms.view|marketplace.cms.create|marketplace.cms.blocks.manage|marketplace.cms.rollback|marketplace.cms.preview","READ","NOT_APPLICABLE","YES","SUPPORTING_READ_AUTHORITY","SOURCE_REVIEWED","app/api/angelcare-marketplace/cms/menus/route.ts; route exports, imported handler chain and server permission authority inspected."
"/api/angelcare-marketplace/cms/pages/:pageId/blocks","PUT","handleBlocks","Boutique","CAP-B05-001","marketplace.cms.edit|marketplace.cms.submit|marketplace.cms.review|marketplace.cms.approve|marketplace.cms.schedule|marketplace.cms.publish|marketplace.cms.archive|marketplace.cms.view|marketplace.cms.create|marketplace.cms.blocks.manage|marketplace.cms.rollback|marketplace.cms.preview","WRITE","PUT via handleBlocks","YES","SUPPORTING_MUTATION_AUTHORITY","SOURCE_REVIEWED","app/api/angelcare-marketplace/cms/pages/[pageId]/blocks/route.ts; route exports, imported handler chain and server permission authority inspected."
"/api/angelcare-marketplace/cms/pages/:pageId/preview","POST","handlePreview","Boutique","CAP-B05-001","marketplace.cms.edit|marketplace.cms.submit|marketplace.cms.review|marketplace.cms.approve|marketplace.cms.schedule|marketplace.cms.publish|marketplace.cms.archive|marketplace.cms.view|marketplace.cms.create|marketplace.cms.blocks.manage|marketplace.cms.rollback|marketplace.cms.preview","WRITE","POST via handlePreview","YES","SUPPORTING_MUTATION_AUTHORITY","SOURCE_REVIEWED","app/api/angelcare-marketplace/cms/pages/[pageId]/preview/route.ts; route exports, imported handler chain and server permission authority inspected."
"/api/angelcare-marketplace/cms/pages/:pageId/rollback","POST","handlePageRollback","Boutique","CAP-B05-001","marketplace.cms.edit|marketplace.cms.submit|marketplace.cms.review|marketplace.cms.approve|marketplace.cms.schedule|marketplace.cms.publish|marketplace.cms.archive|marketplace.cms.view|marketplace.cms.create|marketplace.cms.blocks.manage|marketplace.cms.rollback|marketplace.cms.preview","WRITE","POST via handlePageRollback","YES","SUPPORTING_MUTATION_AUTHORITY","SOURCE_REVIEWED","app/api/angelcare-marketplace/cms/pages/[pageId]/rollback/route.ts; route exports, imported handler chain and server permission authority inspected."
"/api/angelcare-marketplace/cms/pages/:pageId","GET|PATCH","handlePage","Boutique","CAP-B05-001","marketplace.cms.edit|marketplace.cms.submit|marketplace.cms.review|marketplace.cms.approve|marketplace.cms.schedule|marketplace.cms.publish|marketplace.cms.archive|marketplace.cms.view|marketplace.cms.create|marketplace.cms.blocks.manage|marketplace.cms.rollback|marketplace.cms.preview","READ_WRITE","PATCH via handlePage","YES","OPERATOR_CAPABILITY_AUTHORITY","SOURCE_REVIEWED","app/api/angelcare-marketplace/cms/pages/[pageId]/route.ts; route exports, imported handler chain and server permission authority inspected."
"/api/angelcare-marketplace/cms/pages/:pageId/transition","POST","handlePageTransition","Boutique","CAP-B05-001","marketplace.cms.edit|marketplace.cms.submit|marketplace.cms.review|marketplace.cms.approve|marketplace.cms.schedule|marketplace.cms.publish|marketplace.cms.archive|marketplace.cms.view|marketplace.cms.create|marketplace.cms.blocks.manage|marketplace.cms.rollback|marketplace.cms.preview","WRITE","POST via handlePageTransition","YES","SUPPORTING_MUTATION_AUTHORITY","SOURCE_REVIEWED","app/api/angelcare-marketplace/cms/pages/[pageId]/transition/route.ts; route exports, imported handler chain and server permission authority inspected."
"/api/angelcare-marketplace/cms/pages","INTERNAL_FRAMEWORK_HANDLER","INLINE_ROUTE_HANDLER","Boutique","CAP-B05-001","marketplace.cms.edit|marketplace.cms.submit|marketplace.cms.review|marketplace.cms.approve|marketplace.cms.schedule|marketplace.cms.publish|marketplace.cms.archive|marketplace.cms.view|marketplace.cms.create|marketplace.cms.blocks.manage|marketplace.cms.rollback|marketplace.cms.preview","READ","NOT_APPLICABLE","YES","SUPPORTING_READ_AUTHORITY","SOURCE_REVIEWED","app/api/angelcare-marketplace/cms/pages/route.ts; route exports, imported handler chain and server permission authority inspected."
"/api/angelcare-marketplace/cms/publishing","INTERNAL_FRAMEWORK_HANDLER","INLINE_ROUTE_HANDLER","Boutique","CAP-B05-001","marketplace.cms.edit|marketplace.cms.submit|marketplace.cms.review|marketplace.cms.approve|marketplace.cms.schedule|marketplace.cms.publish|marketplace.cms.archive|marketplace.cms.view|marketplace.cms.create|marketplace.cms.blocks.manage|marketplace.cms.rollback|marketplace.cms.preview","READ","NOT_APPLICABLE","YES","SUPPORTING_READ_AUTHORITY","SOURCE_REVIEWED","app/api/angelcare-marketplace/cms/publishing/route.ts; route exports, imported handler chain and server permission authority inspected."
"/api/angelcare-marketplace/conversion/admin/sessions/:sessionId/recover","POST","handleConversionRecovery","Commandes & réservations","CAP-B04-001","marketplace.conversion.view|marketplace.conversion.recover","WRITE","POST via handleConversionRecovery","YES","SUPPORTING_MUTATION_AUTHORITY","SOURCE_REVIEWED","app/api/angelcare-marketplace/conversion/admin/sessions/[sessionId]/recover/route.ts; route exports, imported handler chain and server permission authority inspected."
"/api/angelcare-marketplace/conversion/admin/sessions","GET","handleConversionAdminSessions","Commandes & réservations","CAP-B04-001","marketplace.conversion.view|marketplace.conversion.recover","READ","NOT_APPLICABLE","YES","SUPPORTING_READ_AUTHORITY","SOURCE_REVIEWED","app/api/angelcare-marketplace/conversion/admin/sessions/route.ts; route exports, imported handler chain and server permission authority inspected."
"/api/angelcare-marketplace/conversion/admin/summary","GET","handleConversionAdminSummary","Commandes & réservations","CAP-B04-001","marketplace.conversion.view|marketplace.conversion.recover","READ","NOT_APPLICABLE","YES","SUPPORTING_READ_AUTHORITY","SOURCE_REVIEWED","app/api/angelcare-marketplace/conversion/admin/summary/route.ts; route exports, imported handler chain and server permission authority inspected."
"/api/angelcare-marketplace/conversion/basket/:basketId/checkout","POST","handleBasketCheckout","Commandes & réservations","CAP-B04-001","marketplace.conversion.view|marketplace.conversion.recover","WRITE","POST via handleBasketCheckout","YES","SUPPORTING_MUTATION_AUTHORITY","SOURCE_REVIEWED","app/api/angelcare-marketplace/conversion/basket/[basketId]/checkout/route.ts; route exports, imported handler chain and server permission authority inspected."
"/api/angelcare-marketplace/conversion/basket/:basketId/items","POST|DELETE","handlePublicBasketItems","Commandes & réservations","CAP-B04-001","marketplace.conversion.view|marketplace.conversion.recover","WRITE","POST|DELETE via handlePublicBasketItems","YES","SUPPORTING_MUTATION_AUTHORITY","SOURCE_REVIEWED","app/api/angelcare-marketplace/conversion/basket/[basketId]/items/route.ts; route exports, imported handler chain and server permission authority inspected."
"/api/angelcare-marketplace/conversion/basket","GET|POST","handlePublicBasket","Commandes & réservations","CAP-B04-001","marketplace.conversion.view|marketplace.conversion.recover","READ_WRITE","POST via handlePublicBasket","YES","OPERATOR_CAPABILITY_AUTHORITY","SOURCE_REVIEWED","app/api/angelcare-marketplace/conversion/basket/route.ts; route exports, imported handler chain and server permission authority inspected."
"/api/angelcare-marketplace/conversion/category-native/session/:sessionKey/commit","POST","handleCategoryNativeCommit","Catégories & collections","CAP-B02-001","marketplace.journeys.view","WRITE","POST via handleCategoryNativeCommit","YES","SUPPORTING_MUTATION_AUTHORITY","SOURCE_REVIEWED","app/api/angelcare-marketplace/conversion/category-native/session/[sessionKey]/commit/route.ts; route exports, imported handler chain and server permission authority inspected."
"/api/angelcare-marketplace/conversion/category-native/session/:sessionKey/configuration","PATCH","handleCategoryNativeConfigurationUpdate","Catégories & collections","CAP-B02-001","marketplace.journeys.view","WRITE","PATCH via handleCategoryNativeConfigurationUpdate","YES","SUPPORTING_MUTATION_AUTHORITY","SOURCE_REVIEWED","app/api/angelcare-marketplace/conversion/category-native/session/[sessionKey]/configuration/route.ts; route exports, imported handler chain and server permission authority inspected."
"/api/angelcare-marketplace/conversion/category-native/session/:sessionKey/revalidate","POST","handleCategoryNativeRevalidate","Catégories & collections","CAP-B02-001","marketplace.journeys.view","WRITE","POST via handleCategoryNativeRevalidate","YES","SUPPORTING_MUTATION_AUTHORITY","SOURCE_REVIEWED","app/api/angelcare-marketplace/conversion/category-native/session/[sessionKey]/revalidate/route.ts; route exports, imported handler chain and server permission authority inspected."
"/api/angelcare-marketplace/conversion/category-native/session/:sessionKey","GET","handleCategoryNativeSession","Catégories & collections","CAP-B02-001","marketplace.journeys.view","READ","NOT_APPLICABLE","YES","SUPPORTING_READ_AUTHORITY","SOURCE_REVIEWED","app/api/angelcare-marketplace/conversion/category-native/session/[sessionKey]/route.ts; route exports, imported handler chain and server permission authority inspected."
"/api/angelcare-marketplace/conversion/category-native/session","POST","handleCategoryNativeSessionCreate","Catégories & collections","CAP-B02-001","marketplace.journeys.view","WRITE","POST via handleCategoryNativeSessionCreate","YES","SUPPORTING_MUTATION_AUTHORITY","SOURCE_REVIEWED","app/api/angelcare-marketplace/conversion/category-native/session/route.ts; route exports, imported handler chain and server permission authority inspected."
"/api/angelcare-marketplace/conversion/sessions/:sessionKey/availability","POST","handleAvailabilityRevalidation","Commandes & réservations","CAP-B04-001","marketplace.conversion.view|marketplace.conversion.recover","WRITE","POST via handleAvailabilityRevalidation","YES","SUPPORTING_MUTATION_AUTHORITY","SOURCE_REVIEWED","app/api/angelcare-marketplace/conversion/sessions/[sessionKey]/availability/route.ts; route exports, imported handler chain and server permission authority inspected."
"/api/angelcare-marketplace/conversion/sessions/:sessionKey/confirm","POST","handleConversionConfirmation","Commandes & réservations","CAP-B04-001","marketplace.conversion.view|marketplace.conversion.recover","WRITE","POST via handleConversionConfirmation","YES","SUPPORTING_MUTATION_AUTHORITY","SOURCE_REVIEWED","app/api/angelcare-marketplace/conversion/sessions/[sessionKey]/confirm/route.ts; route exports, imported handler chain and server permission authority inspected."
"/api/angelcare-marketplace/conversion/sessions/:sessionKey/consent","POST","handleConversionConsent","Commandes & réservations","CAP-B04-001","marketplace.conversion.view|marketplace.conversion.recover","WRITE","POST via handleConversionConsent","YES","SUPPORTING_MUTATION_AUTHORITY","SOURCE_REVIEWED","app/api/angelcare-marketplace/conversion/sessions/[sessionKey]/consent/route.ts; route exports, imported handler chain and server permission authority inspected."
"/api/angelcare-marketplace/conversion/sessions/:sessionKey/price","POST","handlePriceRevalidation","Commandes & réservations","CAP-B04-001","marketplace.conversion.view|marketplace.conversion.recover","WRITE","POST via handlePriceRevalidation","YES","SUPPORTING_MUTATION_AUTHORITY","SOURCE_REVIEWED","app/api/angelcare-marketplace/conversion/sessions/[sessionKey]/price/route.ts; route exports, imported handler chain and server permission authority inspected."
"/api/angelcare-marketplace/conversion/sessions/:sessionKey","GET|PATCH","handleConversionSession","Commandes & réservations","CAP-B04-001","marketplace.conversion.view|marketplace.conversion.recover","READ_WRITE","PATCH via handleConversionSession","YES","OPERATOR_CAPABILITY_AUTHORITY","SOURCE_REVIEWED","app/api/angelcare-marketplace/conversion/sessions/[sessionKey]/route.ts; route exports, imported handler chain and server permission authority inspected."
"/api/angelcare-marketplace/conversion/sessions","GET|POST","handleConversionSessions","Commandes & réservations","CAP-B04-001","marketplace.conversion.view|marketplace.conversion.recover","READ_WRITE","POST via handleConversionSessions","YES","OPERATOR_CAPABILITY_AUTHORITY","SOURCE_REVIEWED","app/api/angelcare-marketplace/conversion/sessions/route.ts; route exports, imported handler chain and server permission authority inspected."
"/api/angelcare-marketplace/crm/accounts","GET","handleAccounts","Commandes & réservations","CAP-B04-001","marketplace.crm.view|marketplace.crm.leads.manage|marketplace.crm.accounts.manage|marketplace.crm.opportunities.manage|marketplace.crm.opportunities.transition|marketplace.crm.quotes.manage|marketplace.crm.quotes.view|marketplace.crm.quotes.approve","READ","NOT_APPLICABLE","YES","SUPPORTING_READ_AUTHORITY","SOURCE_REVIEWED","app/api/angelcare-marketplace/crm/accounts/route.ts; route exports, imported handler chain and server permission authority inspected."
"/api/angelcare-marketplace/crm/leads","GET|POST","handleLeads","Commandes & réservations","CAP-B04-001","marketplace.crm.view|marketplace.crm.leads.manage|marketplace.crm.accounts.manage|marketplace.crm.opportunities.manage|marketplace.crm.opportunities.transition|marketplace.crm.quotes.manage|marketplace.crm.quotes.view|marketplace.crm.quotes.approve","READ_WRITE","POST via handleLeads","YES","OPERATOR_CAPABILITY_AUTHORITY","SOURCE_REVIEWED","app/api/angelcare-marketplace/crm/leads/route.ts; route exports, imported handler chain and server permission authority inspected."
"/api/angelcare-marketplace/crm/opportunities/:opportunityId/transition","POST","handleOpportunityTransition","Commandes & réservations","CAP-B04-001","marketplace.crm.view|marketplace.crm.leads.manage|marketplace.crm.accounts.manage|marketplace.crm.opportunities.manage|marketplace.crm.opportunities.transition|marketplace.crm.quotes.manage|marketplace.crm.quotes.view|marketplace.crm.quotes.approve","WRITE","POST via handleOpportunityTransition","YES","SUPPORTING_MUTATION_AUTHORITY","SOURCE_REVIEWED","app/api/angelcare-marketplace/crm/opportunities/[opportunityId]/transition/route.ts; route exports, imported handler chain and server permission authority inspected."
"/api/angelcare-marketplace/crm/opportunities","GET|POST","handleOpportunities","Commandes & réservations","CAP-B04-001","marketplace.crm.view|marketplace.crm.leads.manage|marketplace.crm.accounts.manage|marketplace.crm.opportunities.manage|marketplace.crm.opportunities.transition|marketplace.crm.quotes.manage|marketplace.crm.quotes.view|marketplace.crm.quotes.approve","READ_WRITE","POST via handleOpportunities","YES","OPERATOR_CAPABILITY_AUTHORITY","SOURCE_REVIEWED","app/api/angelcare-marketplace/crm/opportunities/route.ts; route exports, imported handler chain and server permission authority inspected."
"/api/angelcare-marketplace/crm/quotes/:quoteId/approval","POST","handleQuoteApproval","Commandes & réservations","CAP-B04-001","marketplace.crm.view|marketplace.crm.leads.manage|marketplace.crm.accounts.manage|marketplace.crm.opportunities.manage|marketplace.crm.opportunities.transition|marketplace.crm.quotes.manage|marketplace.crm.quotes.view|marketplace.crm.quotes.approve","WRITE","POST via handleQuoteApproval","YES","SUPPORTING_MUTATION_AUTHORITY","SOURCE_REVIEWED","app/api/angelcare-marketplace/crm/quotes/[quoteId]/approval/route.ts; route exports, imported handler chain and server permission authority inspected."
"/api/angelcare-marketplace/crm/quotes/:quoteId/transition","POST","handleQuoteTransition","Commandes & réservations","CAP-B04-001","marketplace.crm.view|marketplace.crm.leads.manage|marketplace.crm.accounts.manage|marketplace.crm.opportunities.manage|marketplace.crm.opportunities.transition|marketplace.crm.quotes.manage|marketplace.crm.quotes.view|marketplace.crm.quotes.approve","WRITE","POST via handleQuoteTransition","YES","SUPPORTING_MUTATION_AUTHORITY","SOURCE_REVIEWED","app/api/angelcare-marketplace/crm/quotes/[quoteId]/transition/route.ts; route exports, imported handler chain and server permission authority inspected."
"/api/angelcare-marketplace/crm/quotes","GET|POST","handleQuotes","Commandes & réservations","CAP-B04-001","marketplace.crm.view|marketplace.crm.leads.manage|marketplace.crm.accounts.manage|marketplace.crm.opportunities.manage|marketplace.crm.opportunities.transition|marketplace.crm.quotes.manage|marketplace.crm.quotes.view|marketplace.crm.quotes.approve","READ_WRITE","POST via handleQuotes","YES","OPERATOR_CAPABILITY_AUTHORITY","SOURCE_REVIEWED","app/api/angelcare-marketplace/crm/quotes/route.ts; route exports, imported handler chain and server permission authority inspected."
"/api/angelcare-marketplace/crm/summary","GET","handleCommercialSummary","Commandes & réservations","CAP-B04-001","marketplace.crm.view|marketplace.crm.leads.manage|marketplace.crm.accounts.manage|marketplace.crm.opportunities.manage|marketplace.crm.opportunities.transition|marketplace.crm.quotes.manage|marketplace.crm.quotes.view|marketplace.crm.quotes.approve","READ","NOT_APPLICABLE","YES","SUPPORTING_READ_AUTHORITY","SOURCE_REVIEWED","app/api/angelcare-marketplace/crm/summary/route.ts; route exports, imported handler chain and server permission authority inspected."
"/api/angelcare-marketplace/customer/auth/login","POST","handleCustomerLogin","Accueil / cross-domain shell","CAP-GLOBAL-001","marketplace.finance.view|marketplace.finance.reconciliation.manage|marketplace.finance.price_books.manage|marketplace.finance.exceptions.approve|marketplace.security.manage|marketplace.operations.view|marketplace.operations.missions.manage","WRITE","POST via handleCustomerLogin","YES","SUPPORTING_MUTATION_AUTHORITY","SOURCE_REVIEWED","app/api/angelcare-marketplace/customer/auth/login/route.ts; route exports, imported handler chain and server permission authority inspected."
"/api/angelcare-marketplace/customer/auth/logout","POST","handleCustomerLogout","Accueil / cross-domain shell","CAP-GLOBAL-001","marketplace.finance.view|marketplace.finance.reconciliation.manage|marketplace.finance.price_books.manage|marketplace.finance.exceptions.approve|marketplace.security.manage|marketplace.operations.view|marketplace.operations.missions.manage","WRITE","POST via handleCustomerLogout","YES","SUPPORTING_MUTATION_AUTHORITY","SOURCE_REVIEWED","app/api/angelcare-marketplace/customer/auth/logout/route.ts; route exports, imported handler chain and server permission authority inspected."
"/api/angelcare-marketplace/customer/auth/magic-link","POST","handleCustomerMagicLink","Accueil / cross-domain shell","CAP-GLOBAL-001","marketplace.finance.view|marketplace.finance.reconciliation.manage|marketplace.finance.price_books.manage|marketplace.finance.exceptions.approve|marketplace.security.manage|marketplace.operations.view|marketplace.operations.missions.manage","WRITE","POST via handleCustomerMagicLink","YES","SUPPORTING_MUTATION_AUTHORITY","SOURCE_REVIEWED","app/api/angelcare-marketplace/customer/auth/magic-link/route.ts; route exports, imported handler chain and server permission authority inspected."
"/api/angelcare-marketplace/customer/auth/password","PATCH","handleCustomerPasswordReset","Accueil / cross-domain shell","CAP-GLOBAL-001","marketplace.finance.view|marketplace.finance.reconciliation.manage|marketplace.finance.price_books.manage|marketplace.finance.exceptions.approve|marketplace.security.manage|marketplace.operations.view|marketplace.operations.missions.manage","WRITE","PATCH via handleCustomerPasswordReset","YES","SUPPORTING_MUTATION_AUTHORITY","SOURCE_REVIEWED","app/api/angelcare-marketplace/customer/auth/password/route.ts; route exports, imported handler chain and server permission authority inspected."
"/api/angelcare-marketplace/customer/auth/phone-otp","POST","handleCustomerPhoneOtp","Accueil / cross-domain shell","CAP-GLOBAL-001","marketplace.finance.view|marketplace.finance.reconciliation.manage|marketplace.finance.price_books.manage|marketplace.finance.exceptions.approve|marketplace.security.manage|marketplace.operations.view|marketplace.operations.missions.manage","WRITE","POST via handleCustomerPhoneOtp","YES","SUPPORTING_MUTATION_AUTHORITY","SOURCE_REVIEWED","app/api/angelcare-marketplace/customer/auth/phone-otp/route.ts; route exports, imported handler chain and server permission authority inspected."
"/api/angelcare-marketplace/customer/auth/recover","POST","handleCustomerRecovery","Accueil / cross-domain shell","CAP-GLOBAL-001","marketplace.finance.view|marketplace.finance.reconciliation.manage|marketplace.finance.price_books.manage|marketplace.finance.exceptions.approve|marketplace.security.manage|marketplace.operations.view|marketplace.operations.missions.manage","WRITE","POST via handleCustomerRecovery","YES","SUPPORTING_MUTATION_AUTHORITY","SOURCE_REVIEWED","app/api/angelcare-marketplace/customer/auth/recover/route.ts; route exports, imported handler chain and server permission authority inspected."
"/api/angelcare-marketplace/customer/auth/register","POST","handleCustomerRegister","Accueil / cross-domain shell","CAP-GLOBAL-001","marketplace.finance.view|marketplace.finance.reconciliation.manage|marketplace.finance.price_books.manage|marketplace.finance.exceptions.approve|marketplace.security.manage|marketplace.operations.view|marketplace.operations.missions.manage","WRITE","POST via handleCustomerRegister","YES","SUPPORTING_MUTATION_AUTHORITY","SOURCE_REVIEWED","app/api/angelcare-marketplace/customer/auth/register/route.ts; route exports, imported handler chain and server permission authority inspected."
"/api/angelcare-marketplace/customer/me","GET","handleCustomerMe","Accueil / cross-domain shell","CAP-GLOBAL-001","marketplace.finance.view|marketplace.finance.reconciliation.manage|marketplace.finance.price_books.manage|marketplace.finance.exceptions.approve|marketplace.security.manage|marketplace.operations.view|marketplace.operations.missions.manage","READ","NOT_APPLICABLE","YES","SUPPORTING_READ_AUTHORITY","SOURCE_REVIEWED","app/api/angelcare-marketplace/customer/me/route.ts; route exports, imported handler chain and server permission authority inspected."
"/api/angelcare-marketplace/customer/portfolio","GET","handleCustomerPortfolio","Accueil / cross-domain shell","CAP-GLOBAL-001","marketplace.finance.view|marketplace.finance.reconciliation.manage|marketplace.finance.price_books.manage|marketplace.finance.exceptions.approve|marketplace.security.manage|marketplace.operations.view|marketplace.operations.missions.manage","READ","NOT_APPLICABLE","YES","SUPPORTING_READ_AUTHORITY","SOURCE_REVIEWED","app/api/angelcare-marketplace/customer/portfolio/route.ts; route exports, imported handler chain and server permission authority inspected."
"/api/angelcare-marketplace/customer/sessions","GET|DELETE","handleCustomerSessions","Accueil / cross-domain shell","CAP-GLOBAL-001","marketplace.finance.view|marketplace.finance.reconciliation.manage|marketplace.finance.price_books.manage|marketplace.finance.exceptions.approve|marketplace.security.manage|marketplace.operations.view|marketplace.operations.missions.manage","READ_WRITE","DELETE via handleCustomerSessions","YES","OPERATOR_CAPABILITY_AUTHORITY","SOURCE_REVIEWED","app/api/angelcare-marketplace/customer/sessions/route.ts; route exports, imported handler chain and server permission authority inspected."
"/api/angelcare-marketplace/development/activities/:activityId/transition","POST","handleDevelopmentActivityTransition","Prestataires & fournisseurs","CAP-B08-001","marketplace.development.view|marketplace.development.manage|marketplace.development.publish|marketplace.development.kits.view|marketplace.development.supplier_specs.view","WRITE","POST via handleDevelopmentActivityTransition","YES","SUPPORTING_MUTATION_AUTHORITY","SOURCE_REVIEWED","app/api/angelcare-marketplace/development/activities/[activityId]/transition/route.ts; route exports, imported handler chain and server permission authority inspected."
"/api/angelcare-marketplace/development/activities","GET|POST","handleDevelopmentActivities","Prestataires & fournisseurs","CAP-B08-001","marketplace.development.view|marketplace.development.manage|marketplace.development.publish|marketplace.development.kits.view|marketplace.development.supplier_specs.view","READ_WRITE","POST via handleDevelopmentActivities","YES","OPERATOR_CAPABILITY_AUTHORITY","SOURCE_REVIEWED","app/api/angelcare-marketplace/development/activities/route.ts; route exports, imported handler chain and server permission authority inspected."
"/api/angelcare-marketplace/development/categories","GET","handleDevelopmentCategories","Prestataires & fournisseurs","CAP-B08-001","marketplace.development.view|marketplace.development.manage|marketplace.development.publish|marketplace.development.kits.view|marketplace.development.supplier_specs.view","READ","NOT_APPLICABLE","YES","SUPPORTING_READ_AUTHORITY","SOURCE_REVIEWED","app/api/angelcare-marketplace/development/categories/route.ts; route exports, imported handler chain and server permission authority inspected."
"/api/angelcare-marketplace/development/kits","GET","handleDevelopmentKits","Prestataires & fournisseurs","CAP-B08-001","marketplace.development.view|marketplace.development.manage|marketplace.development.publish|marketplace.development.kits.view|marketplace.development.supplier_specs.view","READ","NOT_APPLICABLE","YES","SUPPORTING_READ_AUTHORITY","SOURCE_REVIEWED","app/api/angelcare-marketplace/development/kits/route.ts; route exports, imported handler chain and server permission authority inspected."
"/api/angelcare-marketplace/development/summary","GET","handleDevelopmentSummary","Prestataires & fournisseurs","CAP-B08-001","marketplace.development.view|marketplace.development.manage|marketplace.development.publish|marketplace.development.kits.view|marketplace.development.supplier_specs.view","READ","NOT_APPLICABLE","YES","SUPPORTING_READ_AUTHORITY","SOURCE_REVIEWED","app/api/angelcare-marketplace/development/summary/route.ts; route exports, imported handler chain and server permission authority inspected."
"/api/angelcare-marketplace/development/supplier-specs","GET","handleDevelopmentSupplierSpecs","Prestataires & fournisseurs","CAP-B08-001","marketplace.development.view|marketplace.development.manage|marketplace.development.publish|marketplace.development.kits.view|marketplace.development.supplier_specs.view","READ","NOT_APPLICABLE","YES","SUPPORTING_READ_AUTHORITY","SOURCE_REVIEWED","app/api/angelcare-marketplace/development/supplier-specs/route.ts; route exports, imported handler chain and server permission authority inspected."
"/api/angelcare-marketplace/discovery/search","GET","INLINE_ROUTE_HANDLER","INTERNAL_SYSTEM_AUTHORITY","NOT_APPLICABLE","NOT_APPLICABLE","READ","NOT_APPLICABLE","NO","INTERNAL_SYSTEM_AUTHORITY","SOURCE_REVIEWED","app/api/angelcare-marketplace/discovery/search/route.ts; route exports, imported handler chain and server permission authority inspected."
"/api/angelcare-marketplace/family/account","INTERNAL_FRAMEWORK_HANDLER","INLINE_ROUTE_HANDLER","INTERNAL_SYSTEM_AUTHORITY","NOT_APPLICABLE","marketplace.family.dashboard|marketplace.family.profile.view|marketplace.family.profile.manage|marketplace.family.children.view|marketplace.family.children.manage|marketplace.family.diagnostics.view|marketplace.family.diagnostics.create|marketplace.family.requests.view|marketplace.family.requests.create|marketplace.family.missions.view|marketplace.family.support.view|marketplace.family.support.create|marketplace.family.admin.view|marketplace.family.requests.manage|marketplace.family.requests.qualify","READ","NOT_APPLICABLE","NO","INTERNAL_SYSTEM_AUTHORITY","SOURCE_REVIEWED","app/api/angelcare-marketplace/family/account/route.ts; route exports, imported handler chain and server permission authority inspected."
"/api/angelcare-marketplace/family/children/:childId","GET","handleChild","INTERNAL_SYSTEM_AUTHORITY","NOT_APPLICABLE","marketplace.family.dashboard|marketplace.family.profile.view|marketplace.family.profile.manage|marketplace.family.children.view|marketplace.family.children.manage|marketplace.family.diagnostics.view|marketplace.family.diagnostics.create|marketplace.family.requests.view|marketplace.family.requests.create|marketplace.family.missions.view|marketplace.family.support.view|marketplace.family.support.create|marketplace.family.admin.view|marketplace.family.requests.manage|marketplace.family.requests.qualify","READ","NOT_APPLICABLE","NO","INTERNAL_SYSTEM_AUTHORITY","SOURCE_REVIEWED","app/api/angelcare-marketplace/family/children/[childId]/route.ts; route exports, imported handler chain and server permission authority inspected."
"/api/angelcare-marketplace/family/children","INTERNAL_FRAMEWORK_HANDLER","INLINE_ROUTE_HANDLER","INTERNAL_SYSTEM_AUTHORITY","NOT_APPLICABLE","marketplace.family.dashboard|marketplace.family.profile.view|marketplace.family.profile.manage|marketplace.family.children.view|marketplace.family.children.manage|marketplace.family.diagnostics.view|marketplace.family.diagnostics.create|marketplace.family.requests.view|marketplace.family.requests.create|marketplace.family.missions.view|marketplace.family.support.view|marketplace.family.support.create|marketplace.family.admin.view|marketplace.family.requests.manage|marketplace.family.requests.qualify","READ","NOT_APPLICABLE","NO","INTERNAL_SYSTEM_AUTHORITY","SOURCE_REVIEWED","app/api/angelcare-marketplace/family/children/route.ts; route exports, imported handler chain and server permission authority inspected."
"/api/angelcare-marketplace/family/dashboard","INTERNAL_FRAMEWORK_HANDLER","INLINE_ROUTE_HANDLER","INTERNAL_SYSTEM_AUTHORITY","NOT_APPLICABLE","marketplace.family.dashboard|marketplace.family.profile.view|marketplace.family.profile.manage|marketplace.family.children.view|marketplace.family.children.manage|marketplace.family.diagnostics.view|marketplace.family.diagnostics.create|marketplace.family.requests.view|marketplace.family.requests.create|marketplace.family.missions.view|marketplace.family.support.view|marketplace.family.support.create|marketplace.family.admin.view|marketplace.family.requests.manage|marketplace.family.requests.qualify","READ","NOT_APPLICABLE","NO","INTERNAL_SYSTEM_AUTHORITY","SOURCE_REVIEWED","app/api/angelcare-marketplace/family/dashboard/route.ts; route exports, imported handler chain and server permission authority inspected."
"/api/angelcare-marketplace/family/diagnostics","INTERNAL_FRAMEWORK_HANDLER","INLINE_ROUTE_HANDLER","INTERNAL_SYSTEM_AUTHORITY","NOT_APPLICABLE","marketplace.family.dashboard|marketplace.family.profile.view|marketplace.family.profile.manage|marketplace.family.children.view|marketplace.family.children.manage|marketplace.family.diagnostics.view|marketplace.family.diagnostics.create|marketplace.family.requests.view|marketplace.family.requests.create|marketplace.family.missions.view|marketplace.family.support.view|marketplace.family.support.create|marketplace.family.admin.view|marketplace.family.requests.manage|marketplace.family.requests.qualify","READ","NOT_APPLICABLE","NO","INTERNAL_SYSTEM_AUTHORITY","SOURCE_REVIEWED","app/api/angelcare-marketplace/family/diagnostics/route.ts; route exports, imported handler chain and server permission authority inspected."
"/api/angelcare-marketplace/family/missions/:missionId","GET","handleMission","INTERNAL_SYSTEM_AUTHORITY","NOT_APPLICABLE","marketplace.family.dashboard|marketplace.family.profile.view|marketplace.family.profile.manage|marketplace.family.children.view|marketplace.family.children.manage|marketplace.family.diagnostics.view|marketplace.family.diagnostics.create|marketplace.family.requests.view|marketplace.family.requests.create|marketplace.family.missions.view|marketplace.family.support.view|marketplace.family.support.create|marketplace.family.admin.view|marketplace.family.requests.manage|marketplace.family.requests.qualify","READ","NOT_APPLICABLE","NO","INTERNAL_SYSTEM_AUTHORITY","SOURCE_REVIEWED","app/api/angelcare-marketplace/family/missions/[missionId]/route.ts; route exports, imported handler chain and server permission authority inspected."
"/api/angelcare-marketplace/family/missions","INTERNAL_FRAMEWORK_HANDLER","INLINE_ROUTE_HANDLER","INTERNAL_SYSTEM_AUTHORITY","NOT_APPLICABLE","marketplace.family.dashboard|marketplace.family.profile.view|marketplace.family.profile.manage|marketplace.family.children.view|marketplace.family.children.manage|marketplace.family.diagnostics.view|marketplace.family.diagnostics.create|marketplace.family.requests.view|marketplace.family.requests.create|marketplace.family.missions.view|marketplace.family.support.view|marketplace.family.support.create|marketplace.family.admin.view|marketplace.family.requests.manage|marketplace.family.requests.qualify","READ","NOT_APPLICABLE","NO","INTERNAL_SYSTEM_AUTHORITY","SOURCE_REVIEWED","app/api/angelcare-marketplace/family/missions/route.ts; route exports, imported handler chain and server permission authority inspected."
"/api/angelcare-marketplace/family/requests/:requestId","GET","handleQuoteRequest","INTERNAL_SYSTEM_AUTHORITY","NOT_APPLICABLE","marketplace.family.dashboard|marketplace.family.profile.view|marketplace.family.profile.manage|marketplace.family.children.view|marketplace.family.children.manage|marketplace.family.diagnostics.view|marketplace.family.diagnostics.create|marketplace.family.requests.view|marketplace.family.requests.create|marketplace.family.missions.view|marketplace.family.support.view|marketplace.family.support.create|marketplace.family.admin.view|marketplace.family.requests.manage|marketplace.family.requests.qualify","READ","NOT_APPLICABLE","NO","INTERNAL_SYSTEM_AUTHORITY","SOURCE_REVIEWED","app/api/angelcare-marketplace/family/requests/[requestId]/route.ts; route exports, imported handler chain and server permission authority inspected."
"/api/angelcare-marketplace/family/requests","INTERNAL_FRAMEWORK_HANDLER","INLINE_ROUTE_HANDLER","INTERNAL_SYSTEM_AUTHORITY","NOT_APPLICABLE","marketplace.family.dashboard|marketplace.family.profile.view|marketplace.family.profile.manage|marketplace.family.children.view|marketplace.family.children.manage|marketplace.family.diagnostics.view|marketplace.family.diagnostics.create|marketplace.family.requests.view|marketplace.family.requests.create|marketplace.family.missions.view|marketplace.family.support.view|marketplace.family.support.create|marketplace.family.admin.view|marketplace.family.requests.manage|marketplace.family.requests.qualify","READ","NOT_APPLICABLE","NO","INTERNAL_SYSTEM_AUTHORITY","SOURCE_REVIEWED","app/api/angelcare-marketplace/family/requests/route.ts; route exports, imported handler chain and server permission authority inspected."
"/api/angelcare-marketplace/family/support/:ticketId/messages","POST","handleSupportMessage","INTERNAL_SYSTEM_AUTHORITY","NOT_APPLICABLE","marketplace.family.dashboard|marketplace.family.profile.view|marketplace.family.profile.manage|marketplace.family.children.view|marketplace.family.children.manage|marketplace.family.diagnostics.view|marketplace.family.diagnostics.create|marketplace.family.requests.view|marketplace.family.requests.create|marketplace.family.missions.view|marketplace.family.support.view|marketplace.family.support.create|marketplace.family.admin.view|marketplace.family.requests.manage|marketplace.family.requests.qualify","WRITE","POST via handleSupportMessage","NO","INTERNAL_SYSTEM_AUTHORITY","SOURCE_REVIEWED","app/api/angelcare-marketplace/family/support/[ticketId]/messages/route.ts; route exports, imported handler chain and server permission authority inspected."
"/api/angelcare-marketplace/family/support/:ticketId","GET","handleSupportTicket","INTERNAL_SYSTEM_AUTHORITY","NOT_APPLICABLE","marketplace.family.dashboard|marketplace.family.profile.view|marketplace.family.profile.manage|marketplace.family.children.view|marketplace.family.children.manage|marketplace.family.diagnostics.view|marketplace.family.diagnostics.create|marketplace.family.requests.view|marketplace.family.requests.create|marketplace.family.missions.view|marketplace.family.support.view|marketplace.family.support.create|marketplace.family.admin.view|marketplace.family.requests.manage|marketplace.family.requests.qualify","READ","NOT_APPLICABLE","NO","INTERNAL_SYSTEM_AUTHORITY","SOURCE_REVIEWED","app/api/angelcare-marketplace/family/support/[ticketId]/route.ts; route exports, imported handler chain and server permission authority inspected."
"/api/angelcare-marketplace/family/support","INTERNAL_FRAMEWORK_HANDLER","INLINE_ROUTE_HANDLER","INTERNAL_SYSTEM_AUTHORITY","NOT_APPLICABLE","marketplace.family.dashboard|marketplace.family.profile.view|marketplace.family.profile.manage|marketplace.family.children.view|marketplace.family.children.manage|marketplace.family.diagnostics.view|marketplace.family.diagnostics.create|marketplace.family.requests.view|marketplace.family.requests.create|marketplace.family.missions.view|marketplace.family.support.view|marketplace.family.support.create|marketplace.family.admin.view|marketplace.family.requests.manage|marketplace.family.requests.qualify","READ","NOT_APPLICABLE","NO","INTERNAL_SYSTEM_AUTHORITY","SOURCE_REVIEWED","app/api/angelcare-marketplace/family/support/route.ts; route exports, imported handler chain and server permission authority inspected."
"/api/angelcare-marketplace/finance/invoice-readiness/evaluate","POST","handleInvoiceReadinessEvaluation","Finance","CAP-B10-001","marketplace.finance.view|marketplace.finance.price_books.manage|marketplace.finance.revenue.view|marketplace.finance.margins.view|marketplace.finance.price_books.approve|marketplace.finance.exceptions.approve|marketplace.finance.reconciliation.manage","WRITE","POST via handleInvoiceReadinessEvaluation","YES","SUPPORTING_MUTATION_AUTHORITY","SOURCE_REVIEWED","app/api/angelcare-marketplace/finance/invoice-readiness/evaluate/route.ts; route exports, imported handler chain and server permission authority inspected."
"/api/angelcare-marketplace/finance/invoice-readiness","GET","handleInvoiceReadiness","Finance","CAP-B10-001","marketplace.finance.view|marketplace.finance.price_books.manage|marketplace.finance.revenue.view|marketplace.finance.margins.view|marketplace.finance.price_books.approve|marketplace.finance.exceptions.approve|marketplace.finance.reconciliation.manage","READ","NOT_APPLICABLE","YES","SUPPORTING_READ_AUTHORITY","SOURCE_REVIEWED","app/api/angelcare-marketplace/finance/invoice-readiness/route.ts; route exports, imported handler chain and server permission authority inspected."
"/api/angelcare-marketplace/finance/margin-exceptions/:exceptionId/decision","POST","handleMarginDecision","Finance","CAP-B10-001","marketplace.finance.view|marketplace.finance.price_books.manage|marketplace.finance.revenue.view|marketplace.finance.margins.view|marketplace.finance.price_books.approve|marketplace.finance.exceptions.approve|marketplace.finance.reconciliation.manage","WRITE","POST via handleMarginDecision","YES","SUPPORTING_MUTATION_AUTHORITY","SOURCE_REVIEWED","app/api/angelcare-marketplace/finance/margin-exceptions/[exceptionId]/decision/route.ts; route exports, imported handler chain and server permission authority inspected."
"/api/angelcare-marketplace/finance/margin-exceptions","GET","handleMarginExceptions","Finance","CAP-B10-001","marketplace.finance.view|marketplace.finance.price_books.manage|marketplace.finance.revenue.view|marketplace.finance.margins.view|marketplace.finance.price_books.approve|marketplace.finance.exceptions.approve|marketplace.finance.reconciliation.manage","READ","NOT_APPLICABLE","YES","SUPPORTING_READ_AUTHORITY","SOURCE_REVIEWED","app/api/angelcare-marketplace/finance/margin-exceptions/route.ts; route exports, imported handler chain and server permission authority inspected."
"/api/angelcare-marketplace/finance/price-books/:priceBookId/transition","POST","handlePriceBookTransition","Finance","CAP-B10-001","marketplace.finance.view|marketplace.finance.price_books.manage|marketplace.finance.revenue.view|marketplace.finance.margins.view|marketplace.finance.price_books.approve|marketplace.finance.exceptions.approve|marketplace.finance.reconciliation.manage","WRITE","POST via handlePriceBookTransition","YES","SUPPORTING_MUTATION_AUTHORITY","SOURCE_REVIEWED","app/api/angelcare-marketplace/finance/price-books/[priceBookId]/transition/route.ts; route exports, imported handler chain and server permission authority inspected."
"/api/angelcare-marketplace/finance/price-books","GET|POST","handlePriceBooks","Finance","CAP-B10-001","marketplace.finance.view|marketplace.finance.price_books.manage|marketplace.finance.revenue.view|marketplace.finance.margins.view|marketplace.finance.price_books.approve|marketplace.finance.exceptions.approve|marketplace.finance.reconciliation.manage","READ_WRITE","POST via handlePriceBooks","YES","OPERATOR_CAPABILITY_AUTHORITY","SOURCE_REVIEWED","app/api/angelcare-marketplace/finance/price-books/route.ts; route exports, imported handler chain and server permission authority inspected."
"/api/angelcare-marketplace/finance/price-rules/:priceRuleId/evaluate","POST","handleFinancialRuleEvaluation","Finance","CAP-B10-001","marketplace.finance.view|marketplace.finance.price_books.manage|marketplace.finance.revenue.view|marketplace.finance.margins.view|marketplace.finance.price_books.approve|marketplace.finance.exceptions.approve|marketplace.finance.reconciliation.manage","WRITE","POST via handleFinancialRuleEvaluation","YES","SUPPORTING_MUTATION_AUTHORITY","SOURCE_REVIEWED","app/api/angelcare-marketplace/finance/price-rules/[priceRuleId]/evaluate/route.ts; route exports, imported handler chain and server permission authority inspected."
"/api/angelcare-marketplace/finance/price-rules","GET","handlePriceRules","Finance","CAP-B10-001","marketplace.finance.view|marketplace.finance.price_books.manage|marketplace.finance.revenue.view|marketplace.finance.margins.view|marketplace.finance.price_books.approve|marketplace.finance.exceptions.approve|marketplace.finance.reconciliation.manage","READ","NOT_APPLICABLE","YES","SUPPORTING_READ_AUTHORITY","SOURCE_REVIEWED","app/api/angelcare-marketplace/finance/price-rules/route.ts; route exports, imported handler chain and server permission authority inspected."
"/api/angelcare-marketplace/finance/reconciliation/:eventId/resolve","POST","handleReconciliationResolution","Finance","CAP-B10-001","marketplace.finance.view|marketplace.finance.price_books.manage|marketplace.finance.revenue.view|marketplace.finance.margins.view|marketplace.finance.price_books.approve|marketplace.finance.exceptions.approve|marketplace.finance.reconciliation.manage","WRITE","POST via handleReconciliationResolution","YES","SUPPORTING_MUTATION_AUTHORITY","SOURCE_REVIEWED","app/api/angelcare-marketplace/finance/reconciliation/[eventId]/resolve/route.ts; route exports, imported handler chain and server permission authority inspected."
"/api/angelcare-marketplace/finance/reconciliation","GET","handleReconciliation","Finance","CAP-B10-001","marketplace.finance.view|marketplace.finance.price_books.manage|marketplace.finance.revenue.view|marketplace.finance.margins.view|marketplace.finance.price_books.approve|marketplace.finance.exceptions.approve|marketplace.finance.reconciliation.manage","READ","NOT_APPLICABLE","YES","SUPPORTING_READ_AUTHORITY","SOURCE_REVIEWED","app/api/angelcare-marketplace/finance/reconciliation/route.ts; route exports, imported handler chain and server permission authority inspected."
"/api/angelcare-marketplace/finance/revenue-streams","GET","handleRevenueStreams","Finance","CAP-B10-001","marketplace.finance.view|marketplace.finance.price_books.manage|marketplace.finance.revenue.view|marketplace.finance.margins.view|marketplace.finance.price_books.approve|marketplace.finance.exceptions.approve|marketplace.finance.reconciliation.manage","READ","NOT_APPLICABLE","YES","SUPPORTING_READ_AUTHORITY","SOURCE_REVIEWED","app/api/angelcare-marketplace/finance/revenue-streams/route.ts; route exports, imported handler chain and server permission authority inspected."
"/api/angelcare-marketplace/finance/summary","GET","handleFinanceSummary","Finance","CAP-B10-001","marketplace.finance.view|marketplace.finance.price_books.manage|marketplace.finance.revenue.view|marketplace.finance.margins.view|marketplace.finance.price_books.approve|marketplace.finance.exceptions.approve|marketplace.finance.reconciliation.manage","READ","NOT_APPLICABLE","YES","SUPPORTING_READ_AUTHORITY","SOURCE_REVIEWED","app/api/angelcare-marketplace/finance/summary/route.ts; route exports, imported handler chain and server permission authority inspected."
"/api/angelcare-marketplace/foundation/audit/export","INTERNAL_FRAMEWORK_HANDLER","INLINE_ROUTE_HANDLER","Trust & qualité","CAP-B11-001","marketplace.modules.view|marketplace.modules.create|marketplace.modules.update|marketplace.modules.enable|marketplace.modules.disable|marketplace.modules.archive|marketplace.feature_flags.view|marketplace.feature_flags.manage|marketplace.configuration.view|marketplace.configuration.manage|marketplace.audit.view|marketplace.audit.export|marketplace.audit.exported|marketplace.readiness.view|marketplace.readiness.update|marketplace.readiness.sign_off","READ","NOT_APPLICABLE","YES","SUPPORTING_READ_AUTHORITY","SOURCE_REVIEWED","app/api/angelcare-marketplace/foundation/audit/export/route.ts; route exports, imported handler chain and server permission authority inspected."
"/api/angelcare-marketplace/foundation/audit","INTERNAL_FRAMEWORK_HANDLER","INLINE_ROUTE_HANDLER","Trust & qualité","CAP-B11-001","marketplace.modules.view|marketplace.modules.create|marketplace.modules.update|marketplace.modules.enable|marketplace.modules.disable|marketplace.modules.archive|marketplace.feature_flags.view|marketplace.feature_flags.manage|marketplace.configuration.view|marketplace.configuration.manage|marketplace.audit.view|marketplace.audit.export|marketplace.audit.exported|marketplace.readiness.view|marketplace.readiness.update|marketplace.readiness.sign_off","READ","NOT_APPLICABLE","YES","SUPPORTING_READ_AUTHORITY","SOURCE_REVIEWED","app/api/angelcare-marketplace/foundation/audit/route.ts; route exports, imported handler chain and server permission authority inspected."
"/api/angelcare-marketplace/foundation/configuration/:key","PATCH","handleConfigurationPatch","Accueil / cross-domain shell","CAP-GLOBAL-001","marketplace.modules.view|marketplace.modules.create|marketplace.modules.update|marketplace.modules.enable|marketplace.modules.disable|marketplace.modules.archive|marketplace.feature_flags.view|marketplace.feature_flags.manage|marketplace.configuration.view|marketplace.configuration.manage|marketplace.audit.view|marketplace.audit.export|marketplace.audit.exported|marketplace.readiness.view|marketplace.readiness.update|marketplace.readiness.sign_off","WRITE","PATCH via handleConfigurationPatch","YES","SUPPORTING_MUTATION_AUTHORITY","SOURCE_REVIEWED","app/api/angelcare-marketplace/foundation/configuration/[key]/route.ts; route exports, imported handler chain and server permission authority inspected."
"/api/angelcare-marketplace/foundation/configuration","INTERNAL_FRAMEWORK_HANDLER","INLINE_ROUTE_HANDLER","Trust & qualité","CAP-B11-001","marketplace.modules.view|marketplace.modules.create|marketplace.modules.update|marketplace.modules.enable|marketplace.modules.disable|marketplace.modules.archive|marketplace.feature_flags.view|marketplace.feature_flags.manage|marketplace.configuration.view|marketplace.configuration.manage|marketplace.audit.view|marketplace.audit.export|marketplace.audit.exported|marketplace.readiness.view|marketplace.readiness.update|marketplace.readiness.sign_off","READ","NOT_APPLICABLE","YES","SUPPORTING_READ_AUTHORITY","SOURCE_REVIEWED","app/api/angelcare-marketplace/foundation/configuration/route.ts; route exports, imported handler chain and server permission authority inspected."
"/api/angelcare-marketplace/foundation/context","INTERNAL_FRAMEWORK_HANDLER","INLINE_ROUTE_HANDLER","Accueil / cross-domain shell","CAP-GLOBAL-001","marketplace.modules.view|marketplace.modules.create|marketplace.modules.update|marketplace.modules.enable|marketplace.modules.disable|marketplace.modules.archive|marketplace.feature_flags.view|marketplace.feature_flags.manage|marketplace.configuration.view|marketplace.configuration.manage|marketplace.audit.view|marketplace.audit.export|marketplace.audit.exported|marketplace.readiness.view|marketplace.readiness.update|marketplace.readiness.sign_off","READ","NOT_APPLICABLE","YES","SUPPORTING_READ_AUTHORITY","SOURCE_REVIEWED","app/api/angelcare-marketplace/foundation/context/route.ts; route exports, imported handler chain and server permission authority inspected."
"/api/angelcare-marketplace/foundation/feature-flags/:flagKey","PATCH","handleFeatureFlagPatch","Accueil / cross-domain shell","CAP-GLOBAL-001","marketplace.modules.view|marketplace.modules.create|marketplace.modules.update|marketplace.modules.enable|marketplace.modules.disable|marketplace.modules.archive|marketplace.feature_flags.view|marketplace.feature_flags.manage|marketplace.configuration.view|marketplace.configuration.manage|marketplace.audit.view|marketplace.audit.export|marketplace.audit.exported|marketplace.readiness.view|marketplace.readiness.update|marketplace.readiness.sign_off","WRITE","PATCH via handleFeatureFlagPatch","YES","SUPPORTING_MUTATION_AUTHORITY","SOURCE_REVIEWED","app/api/angelcare-marketplace/foundation/feature-flags/[flagKey]/route.ts; route exports, imported handler chain and server permission authority inspected."
"/api/angelcare-marketplace/foundation/feature-flags","INTERNAL_FRAMEWORK_HANDLER","INLINE_ROUTE_HANDLER","Accueil / cross-domain shell","CAP-GLOBAL-001","marketplace.modules.view|marketplace.modules.create|marketplace.modules.update|marketplace.modules.enable|marketplace.modules.disable|marketplace.modules.archive|marketplace.feature_flags.view|marketplace.feature_flags.manage|marketplace.configuration.view|marketplace.configuration.manage|marketplace.audit.view|marketplace.audit.export|marketplace.audit.exported|marketplace.readiness.view|marketplace.readiness.update|marketplace.readiness.sign_off","READ","NOT_APPLICABLE","YES","SUPPORTING_READ_AUTHORITY","SOURCE_REVIEWED","app/api/angelcare-marketplace/foundation/feature-flags/route.ts; route exports, imported handler chain and server permission authority inspected."
"/api/angelcare-marketplace/foundation/health","INTERNAL_FRAMEWORK_HANDLER","INLINE_ROUTE_HANDLER","Accueil / cross-domain shell","CAP-GLOBAL-001","marketplace.modules.view|marketplace.modules.create|marketplace.modules.update|marketplace.modules.enable|marketplace.modules.disable|marketplace.modules.archive|marketplace.feature_flags.view|marketplace.feature_flags.manage|marketplace.configuration.view|marketplace.configuration.manage|marketplace.audit.view|marketplace.audit.export|marketplace.audit.exported|marketplace.readiness.view|marketplace.readiness.update|marketplace.readiness.sign_off","READ","NOT_APPLICABLE","YES","SUPPORTING_READ_AUTHORITY","SOURCE_REVIEWED","app/api/angelcare-marketplace/foundation/health/route.ts; route exports, imported handler chain and server permission authority inspected."
"/api/angelcare-marketplace/foundation/modules/:moduleKey","GET|PATCH","handleModuleGet|handleModulePatch","Accueil / cross-domain shell","CAP-GLOBAL-001","marketplace.modules.view|marketplace.modules.create|marketplace.modules.update|marketplace.modules.enable|marketplace.modules.disable|marketplace.modules.archive|marketplace.feature_flags.view|marketplace.feature_flags.manage|marketplace.configuration.view|marketplace.configuration.manage|marketplace.audit.view|marketplace.audit.export|marketplace.audit.exported|marketplace.readiness.view|marketplace.readiness.update|marketplace.readiness.sign_off","READ_WRITE","PATCH via handleModuleGet|handleModulePatch","YES","OPERATOR_CAPABILITY_AUTHORITY","SOURCE_REVIEWED","app/api/angelcare-marketplace/foundation/modules/[moduleKey]/route.ts; route exports, imported handler chain and server permission authority inspected."
"/api/angelcare-marketplace/foundation/modules/:moduleKey/transition","POST","handleModuleTransitionPost","Accueil / cross-domain shell","CAP-GLOBAL-001","marketplace.modules.view|marketplace.modules.create|marketplace.modules.update|marketplace.modules.enable|marketplace.modules.disable|marketplace.modules.archive|marketplace.feature_flags.view|marketplace.feature_flags.manage|marketplace.configuration.view|marketplace.configuration.manage|marketplace.audit.view|marketplace.audit.export|marketplace.audit.exported|marketplace.readiness.view|marketplace.readiness.update|marketplace.readiness.sign_off","WRITE","POST via handleModuleTransitionPost","YES","SUPPORTING_MUTATION_AUTHORITY","SOURCE_REVIEWED","app/api/angelcare-marketplace/foundation/modules/[moduleKey]/transition/route.ts; route exports, imported handler chain and server permission authority inspected."
"/api/angelcare-marketplace/foundation/modules","INTERNAL_FRAMEWORK_HANDLER","INLINE_ROUTE_HANDLER","Trust & qualité","CAP-B11-001","marketplace.modules.view|marketplace.modules.create|marketplace.modules.update|marketplace.modules.enable|marketplace.modules.disable|marketplace.modules.archive|marketplace.feature_flags.view|marketplace.feature_flags.manage|marketplace.configuration.view|marketplace.configuration.manage|marketplace.audit.view|marketplace.audit.export|marketplace.audit.exported|marketplace.readiness.view|marketplace.readiness.update|marketplace.readiness.sign_off","READ","NOT_APPLICABLE","YES","SUPPORTING_READ_AUTHORITY","SOURCE_REVIEWED","app/api/angelcare-marketplace/foundation/modules/route.ts; route exports, imported handler chain and server permission authority inspected."
"/api/angelcare-marketplace/foundation/readiness/:checkKey","PATCH","handleReadinessPatch","Accueil / cross-domain shell","CAP-GLOBAL-001","marketplace.modules.view|marketplace.modules.create|marketplace.modules.update|marketplace.modules.enable|marketplace.modules.disable|marketplace.modules.archive|marketplace.feature_flags.view|marketplace.feature_flags.manage|marketplace.configuration.view|marketplace.configuration.manage|marketplace.audit.view|marketplace.audit.export|marketplace.audit.exported|marketplace.readiness.view|marketplace.readiness.update|marketplace.readiness.sign_off","WRITE","PATCH via handleReadinessPatch","YES","SUPPORTING_MUTATION_AUTHORITY","SOURCE_REVIEWED","app/api/angelcare-marketplace/foundation/readiness/[checkKey]/route.ts; route exports, imported handler chain and server permission authority inspected."
"/api/angelcare-marketplace/foundation/readiness","INTERNAL_FRAMEWORK_HANDLER","INLINE_ROUTE_HANDLER","Trust & qualité","CAP-B11-001","marketplace.modules.view|marketplace.modules.create|marketplace.modules.update|marketplace.modules.enable|marketplace.modules.disable|marketplace.modules.archive|marketplace.feature_flags.view|marketplace.feature_flags.manage|marketplace.configuration.view|marketplace.configuration.manage|marketplace.audit.view|marketplace.audit.export|marketplace.audit.exported|marketplace.readiness.view|marketplace.readiness.update|marketplace.readiness.sign_off","READ","NOT_APPLICABLE","YES","SUPPORTING_READ_AUTHORITY","SOURCE_REVIEWED","app/api/angelcare-marketplace/foundation/readiness/route.ts; route exports, imported handler chain and server permission authority inspected."
"/api/angelcare-marketplace/foundation/readiness/sign-off","INTERNAL_FRAMEWORK_HANDLER","INLINE_ROUTE_HANDLER","Trust & qualité","CAP-B11-001","marketplace.modules.view|marketplace.modules.create|marketplace.modules.update|marketplace.modules.enable|marketplace.modules.disable|marketplace.modules.archive|marketplace.feature_flags.view|marketplace.feature_flags.manage|marketplace.configuration.view|marketplace.configuration.manage|marketplace.audit.view|marketplace.audit.export|marketplace.audit.exported|marketplace.readiness.view|marketplace.readiness.update|marketplace.readiness.sign_off","READ","NOT_APPLICABLE","YES","SUPPORTING_READ_AUTHORITY","SOURCE_REVIEWED","app/api/angelcare-marketplace/foundation/readiness/sign-off/route.ts; route exports, imported handler chain and server permission authority inspected."
"/api/angelcare-marketplace/growth/experiments/:experimentId/transition","POST","handleExperimentTransition","Trust & qualité","CAP-B11-001","marketplace.intelligence.view|marketplace.growth.view|marketplace.performance.view|marketplace.security.view|marketplace.qa.view|marketplace.launch.view|marketplace.launch.monitoring|marketplace.growth.experiments.manage|marketplace.qa.defects.manage|marketplace.launch.approve","WRITE","POST via handleExperimentTransition","YES","SUPPORTING_MUTATION_AUTHORITY","SOURCE_REVIEWED","app/api/angelcare-marketplace/growth/experiments/[experimentId]/transition/route.ts; route exports, imported handler chain and server permission authority inspected."
"/api/angelcare-marketplace/growth/experiments","INTERNAL_FRAMEWORK_HANDLER","INLINE_ROUTE_HANDLER","Marketing & promotions","CAP-B06-001","marketplace.intelligence.view|marketplace.growth.view|marketplace.performance.view|marketplace.security.view|marketplace.qa.view|marketplace.launch.view|marketplace.launch.monitoring|marketplace.growth.experiments.manage|marketplace.qa.defects.manage|marketplace.launch.approve","READ","NOT_APPLICABLE","YES","SUPPORTING_READ_AUTHORITY","SOURCE_REVIEWED","app/api/angelcare-marketplace/growth/experiments/route.ts; route exports, imported handler chain and server permission authority inspected."
"/api/angelcare-marketplace/growth/opportunities","INTERNAL_FRAMEWORK_HANDLER","INLINE_ROUTE_HANDLER","Marketing & promotions","CAP-B06-001","marketplace.intelligence.view|marketplace.growth.view|marketplace.performance.view|marketplace.security.view|marketplace.qa.view|marketplace.launch.view|marketplace.launch.monitoring|marketplace.growth.experiments.manage|marketplace.qa.defects.manage|marketplace.launch.approve","READ","NOT_APPLICABLE","YES","SUPPORTING_READ_AUTHORITY","SOURCE_REVIEWED","app/api/angelcare-marketplace/growth/opportunities/route.ts; route exports, imported handler chain and server permission authority inspected."
"/api/angelcare-marketplace/homepage/:kind","GET|POST|PATCH|DELETE","handleHomepageAdmin","Boutique","CAP-B05-001","marketplace.cms.pages.manage","READ_WRITE","POST|PATCH|DELETE via handleHomepageAdmin","YES","OPERATOR_CAPABILITY_AUTHORITY","SOURCE_REVIEWED","app/api/angelcare-marketplace/homepage/[kind]/route.ts; route exports, imported handler chain and server permission authority inspected."
"/api/angelcare-marketplace/homepage/engagement","GET|POST","handleHomepageEngagement","Boutique","CAP-B05-001","marketplace.cms.pages.manage","READ_WRITE","POST via handleHomepageEngagement","YES","OPERATOR_CAPABILITY_AUTHORITY","SOURCE_REVIEWED","app/api/angelcare-marketplace/homepage/engagement/route.ts; route exports, imported handler chain and server permission authority inspected."
"/api/angelcare-marketplace/intelligence/executive","INTERNAL_FRAMEWORK_HANDLER","INLINE_ROUTE_HANDLER","Trust & qualité","CAP-B11-001","marketplace.intelligence.view|marketplace.growth.view|marketplace.performance.view|marketplace.security.view|marketplace.qa.view|marketplace.launch.view|marketplace.launch.monitoring|marketplace.growth.experiments.manage|marketplace.qa.defects.manage|marketplace.launch.approve","READ","NOT_APPLICABLE","YES","SUPPORTING_READ_AUTHORITY","SOURCE_REVIEWED","app/api/angelcare-marketplace/intelligence/executive/route.ts; route exports, imported handler chain and server permission authority inspected."
"/api/angelcare-marketplace/intelligence/metrics","INTERNAL_FRAMEWORK_HANDLER","INLINE_ROUTE_HANDLER","Trust & qualité","CAP-B11-001","marketplace.intelligence.view|marketplace.growth.view|marketplace.performance.view|marketplace.security.view|marketplace.qa.view|marketplace.launch.view|marketplace.launch.monitoring|marketplace.growth.experiments.manage|marketplace.qa.defects.manage|marketplace.launch.approve","READ","NOT_APPLICABLE","YES","SUPPORTING_READ_AUTHORITY","SOURCE_REVIEWED","app/api/angelcare-marketplace/intelligence/metrics/route.ts; route exports, imported handler chain and server permission authority inspected."
"/api/angelcare-marketplace/intelligence/observations","INTERNAL_FRAMEWORK_HANDLER","INLINE_ROUTE_HANDLER","Trust & qualité","CAP-B11-001","marketplace.intelligence.view|marketplace.growth.view|marketplace.performance.view|marketplace.security.view|marketplace.qa.view|marketplace.launch.view|marketplace.launch.monitoring|marketplace.growth.experiments.manage|marketplace.qa.defects.manage|marketplace.launch.approve","READ","NOT_APPLICABLE","YES","SUPPORTING_READ_AUTHORITY","SOURCE_REVIEWED","app/api/angelcare-marketplace/intelligence/observations/route.ts; route exports, imported handler chain and server permission authority inspected."
"/api/angelcare-marketplace/journeys/:journeyId/actions/:actionId/complete","POST","handleCompleteCustomerAction","Opérations","CAP-B07-001","marketplace.journeys.view|marketplace.journeys.manage","WRITE","POST via handleCompleteCustomerAction","YES","SUPPORTING_MUTATION_AUTHORITY","SOURCE_REVIEWED","app/api/angelcare-marketplace/journeys/[journeyId]/actions/[actionId]/complete/route.ts; route exports, imported handler chain and server permission authority inspected."
"/api/angelcare-marketplace/journeys/:journeyId/change-requests","POST","handleCreateChangeRequest","Opérations","CAP-B07-001","marketplace.journeys.view|marketplace.journeys.manage","WRITE","POST via handleCreateChangeRequest","YES","SUPPORTING_MUTATION_AUTHORITY","SOURCE_REVIEWED","app/api/angelcare-marketplace/journeys/[journeyId]/change-requests/route.ts; route exports, imported handler chain and server permission authority inspected."
"/api/angelcare-marketplace/journeys/:journeyId/recovery","POST","handleCreateRecovery","Opérations","CAP-B07-001","marketplace.journeys.view|marketplace.journeys.manage","WRITE","POST via handleCreateRecovery","YES","SUPPORTING_MUTATION_AUTHORITY","SOURCE_REVIEWED","app/api/angelcare-marketplace/journeys/[journeyId]/recovery/route.ts; route exports, imported handler chain and server permission authority inspected."
"/api/angelcare-marketplace/journeys/:journeyId","GET","handleCustomerJourney","Opérations","CAP-B07-001","marketplace.journeys.view|marketplace.journeys.manage","READ","NOT_APPLICABLE","YES","SUPPORTING_READ_AUTHORITY","SOURCE_REVIEWED","app/api/angelcare-marketplace/journeys/[journeyId]/route.ts; route exports, imported handler chain and server permission authority inspected."
"/api/angelcare-marketplace/journeys/account","GET","handleCustomerAccount","Opérations","CAP-B07-001","marketplace.journeys.view|marketplace.journeys.manage","READ","NOT_APPLICABLE","YES","SUPPORTING_READ_AUTHORITY","SOURCE_REVIEWED","app/api/angelcare-marketplace/journeys/account/route.ts; route exports, imported handler chain and server permission authority inspected."
"/api/angelcare-marketplace/journeys/admin/:journeyId","GET|PATCH","handleAdminJourney","Opérations","CAP-B07-001","marketplace.journeys.view|marketplace.journeys.manage","READ_WRITE","PATCH via handleAdminJourney","YES","OPERATOR_CAPABILITY_AUTHORITY","SOURCE_REVIEWED","app/api/angelcare-marketplace/journeys/admin/[journeyId]/route.ts; route exports, imported handler chain and server permission authority inspected."
"/api/angelcare-marketplace/journeys/admin","GET","handleAdminJourneys","Opérations","CAP-B07-001","marketplace.journeys.view|marketplace.journeys.manage","READ","NOT_APPLICABLE","YES","SUPPORTING_READ_AUTHORITY","SOURCE_REVIEWED","app/api/angelcare-marketplace/journeys/admin/route.ts; route exports, imported handler chain and server permission authority inspected."
"/api/angelcare-marketplace/journeys/admin/summary","GET","handleAdminSummary","Opérations","CAP-B07-001","marketplace.journeys.view|marketplace.journeys.manage","READ","NOT_APPLICABLE","YES","SUPPORTING_READ_AUTHORITY","SOURCE_REVIEWED","app/api/angelcare-marketplace/journeys/admin/summary/route.ts; route exports, imported handler chain and server permission authority inspected."
"/api/angelcare-marketplace/journeys/category-native/:journeyId","GET","handleCategoryNativeJourney","Catégories & collections","CAP-B02-001","marketplace.journeys.view","READ","NOT_APPLICABLE","YES","SUPPORTING_READ_AUTHORITY","SOURCE_REVIEWED","app/api/angelcare-marketplace/journeys/category-native/[journeyId]/route.ts; route exports, imported handler chain and server permission authority inspected."
"/api/angelcare-marketplace/journeys/notifications/:notificationId/acknowledge","POST","handleAcknowledgeNotification","Opérations","CAP-B07-001","marketplace.journeys.view|marketplace.journeys.manage","WRITE","POST via handleAcknowledgeNotification","YES","SUPPORTING_MUTATION_AUTHORITY","SOURCE_REVIEWED","app/api/angelcare-marketplace/journeys/notifications/[notificationId]/acknowledge/route.ts; route exports, imported handler chain and server permission authority inspected."
"/api/angelcare-marketplace/journeys","GET","handleCustomerJourneys","Opérations","CAP-B07-001","marketplace.journeys.view|marketplace.journeys.manage","READ","NOT_APPLICABLE","YES","SUPPORTING_READ_AUTHORITY","SOURCE_REVIEWED","app/api/angelcare-marketplace/journeys/route.ts; route exports, imported handler chain and server permission authority inspected."
"/api/angelcare-marketplace/launch/approvals","GET","handleLaunchApprovals","Trust & qualité","CAP-B11-001","marketplace.qa.view|marketplace.launch.view|marketplace.qa.defects.manage|marketplace.launch.gates.manage|marketplace.launch.release.approve","READ","NOT_APPLICABLE","YES","SUPPORTING_READ_AUTHORITY","SOURCE_REVIEWED","app/api/angelcare-marketplace/launch/approvals/route.ts; route exports, imported handler chain and server permission authority inspected."
"/api/angelcare-marketplace/launch/evidence","GET","handleLaunchEvidence","Trust & qualité","CAP-B11-001","marketplace.qa.view|marketplace.launch.view|marketplace.qa.defects.manage|marketplace.launch.gates.manage|marketplace.launch.release.approve","READ","NOT_APPLICABLE","YES","SUPPORTING_READ_AUTHORITY","SOURCE_REVIEWED","app/api/angelcare-marketplace/launch/evidence/route.ts; route exports, imported handler chain and server permission authority inspected."
"/api/angelcare-marketplace/launch/gates/:gateId/update","POST","handleGateUpdate","Trust & qualité","CAP-B11-001","marketplace.qa.view|marketplace.launch.view|marketplace.qa.defects.manage|marketplace.launch.gates.manage|marketplace.launch.release.approve","WRITE","POST via handleGateUpdate","YES","SUPPORTING_MUTATION_AUTHORITY","SOURCE_REVIEWED","app/api/angelcare-marketplace/launch/gates/[gateId]/update/route.ts; route exports, imported handler chain and server permission authority inspected."
"/api/angelcare-marketplace/launch/gates","INTERNAL_FRAMEWORK_HANDLER","INLINE_ROUTE_HANDLER","Trust & qualité","CAP-B11-001","marketplace.intelligence.view|marketplace.growth.view|marketplace.performance.view|marketplace.security.view|marketplace.qa.view|marketplace.launch.view|marketplace.launch.monitoring|marketplace.growth.experiments.manage|marketplace.qa.defects.manage|marketplace.launch.approve","READ","NOT_APPLICABLE","YES","SUPPORTING_READ_AUTHORITY","SOURCE_REVIEWED","app/api/angelcare-marketplace/launch/gates/route.ts; route exports, imported handler chain and server permission authority inspected."
"/api/angelcare-marketplace/launch/monitoring","INTERNAL_FRAMEWORK_HANDLER","INLINE_ROUTE_HANDLER","Trust & qualité","CAP-B11-001","marketplace.intelligence.view|marketplace.growth.view|marketplace.performance.view|marketplace.security.view|marketplace.qa.view|marketplace.launch.view|marketplace.launch.monitoring|marketplace.growth.experiments.manage|marketplace.qa.defects.manage|marketplace.launch.approve","READ","NOT_APPLICABLE","YES","SUPPORTING_READ_AUTHORITY","SOURCE_REVIEWED","app/api/angelcare-marketplace/launch/monitoring/route.ts; route exports, imported handler chain and server permission authority inspected."
"/api/angelcare-marketplace/launch/post-launch","GET","handlePostLaunch","Trust & qualité","CAP-B11-001","marketplace.qa.view|marketplace.launch.view|marketplace.qa.defects.manage|marketplace.launch.gates.manage|marketplace.launch.release.approve","READ","NOT_APPLICABLE","YES","SUPPORTING_READ_AUTHORITY","SOURCE_REVIEWED","app/api/angelcare-marketplace/launch/post-launch/route.ts; route exports, imported handler chain and server permission authority inspected."
"/api/angelcare-marketplace/launch/runbooks","GET","handleRunbooks","Trust & qualité","CAP-B11-001","marketplace.qa.view|marketplace.launch.view|marketplace.qa.defects.manage|marketplace.launch.gates.manage|marketplace.launch.release.approve","READ","NOT_APPLICABLE","YES","SUPPORTING_READ_AUTHORITY","SOURCE_REVIEWED","app/api/angelcare-marketplace/launch/runbooks/route.ts; route exports, imported handler chain and server permission authority inspected."
"/api/angelcare-marketplace/launch/summary","GET","handleLaunchSummary","Trust & qualité","CAP-B11-001","marketplace.qa.view|marketplace.launch.view|marketplace.qa.defects.manage|marketplace.launch.gates.manage|marketplace.launch.release.approve","READ","NOT_APPLICABLE","YES","SUPPORTING_READ_AUTHORITY","SOURCE_REVIEWED","app/api/angelcare-marketplace/launch/summary/route.ts; route exports, imported handler chain and server permission authority inspected."
"/api/angelcare-marketplace/live-experience/conversions","POST","handlePublicLiveInteraction","Marketing & promotions","CAP-B06-001","marketplace.live_experience.view|marketplace.live_experience.manage|marketplace.emergency_broadcast.manage|marketplace.live_experience.publish|marketplace.proof_widget.manage","WRITE","POST via handlePublicLiveInteraction","YES","SUPPORTING_MUTATION_AUTHORITY","SOURCE_REVIEWED","app/api/angelcare-marketplace/live-experience/conversions/route.ts; route exports, imported handler chain and server permission authority inspected."
"/api/angelcare-marketplace/live-experience/interactions","POST","handlePublicLiveInteraction","Marketing & promotions","CAP-B06-001","marketplace.live_experience.view|marketplace.live_experience.manage|marketplace.emergency_broadcast.manage|marketplace.live_experience.publish|marketplace.proof_widget.manage","WRITE","POST via handlePublicLiveInteraction","YES","SUPPORTING_MUTATION_AUTHORITY","SOURCE_REVIEWED","app/api/angelcare-marketplace/live-experience/interactions/route.ts; route exports, imported handler chain and server permission authority inspected."
"/api/angelcare-marketplace/live-experience/resolve","POST","handlePublicLiveResolve","Marketing & promotions","CAP-B06-001","marketplace.live_experience.view|marketplace.live_experience.manage|marketplace.emergency_broadcast.manage|marketplace.live_experience.publish|marketplace.proof_widget.manage","WRITE","POST via handlePublicLiveResolve","YES","SUPPORTING_MUTATION_AUTHORITY","SOURCE_REVIEWED","app/api/angelcare-marketplace/live-experience/resolve/route.ts; route exports, imported handler chain and server permission authority inspected."
"/api/angelcare-marketplace/localization/exports","GET","INLINE_ROUTE_HANDLER","DOCUMENTED_UNUSED_OR_DEPRECATED_AUTHORITY","NOT_APPLICABLE","NOT_APPLICABLE","READ","NOT_APPLICABLE","NO","DOCUMENTED_UNUSED_OR_DEPRECATED_AUTHORITY","SOURCE_REVIEWED","app/api/angelcare-marketplace/localization/exports/route.ts; route exports, imported handler chain and server permission authority inspected."
"/api/angelcare-marketplace/localization/final","GET|POST","handleLocalizationAuthority","Boutique","CAP-B05-001","marketplace.localization.translations.edit|marketplace.localization.translations.view|marketplace.localization.glossary.manage|marketplace.localization.glossary.view|marketplace.localization.memory.curate|marketplace.localization.memory.view|marketplace.localization.sources.manage|marketplace.localization.sources.view|marketplace.localization.seo.manage|marketplace.localization.seo.view|marketplace.localization.readiness.view|marketplace.localization.access","READ_WRITE","POST via handleLocalizationAuthority","YES","OPERATOR_CAPABILITY_AUTHORITY","SOURCE_REVIEWED","app/api/angelcare-marketplace/localization/final/route.ts; route exports, imported handler chain and server permission authority inspected."
"/api/angelcare-marketplace/localization/glossary","GET|POST","handleLocalizationAuthorityMode","Boutique","CAP-B05-001","marketplace.localization.translations.edit|marketplace.localization.translations.view|marketplace.localization.glossary.manage|marketplace.localization.glossary.view|marketplace.localization.memory.curate|marketplace.localization.memory.view|marketplace.localization.sources.manage|marketplace.localization.sources.view|marketplace.localization.seo.manage|marketplace.localization.seo.view|marketplace.localization.readiness.view|marketplace.localization.access","READ_WRITE","POST via handleLocalizationAuthorityMode","YES","OPERATOR_CAPABILITY_AUTHORITY","SOURCE_REVIEWED","app/api/angelcare-marketplace/localization/glossary/route.ts; route exports, imported handler chain and server permission authority inspected."
"/api/angelcare-marketplace/localization/imports","GET","INLINE_ROUTE_HANDLER","DOCUMENTED_UNUSED_OR_DEPRECATED_AUTHORITY","NOT_APPLICABLE","NOT_APPLICABLE","READ","NOT_APPLICABLE","NO","DOCUMENTED_UNUSED_OR_DEPRECATED_AUTHORITY","SOURCE_REVIEWED","app/api/angelcare-marketplace/localization/imports/route.ts; route exports, imported handler chain and server permission authority inspected."
"/api/angelcare-marketplace/localization/inventory","GET","handleInventory","Boutique","CAP-B05-001","marketplace.localization.access|marketplace.localization.scans.run|marketplace.localization.inventory.view","READ","NOT_APPLICABLE","YES","SUPPORTING_READ_AUTHORITY","SOURCE_REVIEWED","app/api/angelcare-marketplace/localization/inventory/route.ts; route exports, imported handler chain and server permission authority inspected."
"/api/angelcare-marketplace/localization/memory","GET|POST","handleLocalizationAuthorityMode","Boutique","CAP-B05-001","marketplace.localization.translations.edit|marketplace.localization.translations.view|marketplace.localization.glossary.manage|marketplace.localization.glossary.view|marketplace.localization.memory.curate|marketplace.localization.memory.view|marketplace.localization.sources.manage|marketplace.localization.sources.view|marketplace.localization.seo.manage|marketplace.localization.seo.view|marketplace.localization.readiness.view|marketplace.localization.access","READ_WRITE","POST via handleLocalizationAuthorityMode","YES","OPERATOR_CAPABILITY_AUTHORITY","SOURCE_REVIEWED","app/api/angelcare-marketplace/localization/memory/route.ts; route exports, imported handler chain and server permission authority inspected."
"/api/angelcare-marketplace/localization/query","GET","handleInventory","Boutique","CAP-B05-001","marketplace.localization.access|marketplace.localization.scans.run|marketplace.localization.inventory.view","READ","NOT_APPLICABLE","YES","SUPPORTING_READ_AUTHORITY","SOURCE_REVIEWED","app/api/angelcare-marketplace/localization/query/route.ts; route exports, imported handler chain and server permission authority inspected."
"/api/angelcare-marketplace/localization/readiness","GET|POST","handleLocalizationAuthorityMode","Boutique","CAP-B05-001","marketplace.localization.translations.edit|marketplace.localization.translations.view|marketplace.localization.glossary.manage|marketplace.localization.glossary.view|marketplace.localization.memory.curate|marketplace.localization.memory.view|marketplace.localization.sources.manage|marketplace.localization.sources.view|marketplace.localization.seo.manage|marketplace.localization.seo.view|marketplace.localization.readiness.view|marketplace.localization.access","READ_WRITE","POST via handleLocalizationAuthorityMode","YES","OPERATOR_CAPABILITY_AUTHORITY","SOURCE_REVIEWED","app/api/angelcare-marketplace/localization/readiness/route.ts; route exports, imported handler chain and server permission authority inspected."
"/api/angelcare-marketplace/localization/rtl-preview","GET","INLINE_ROUTE_HANDLER","DOCUMENTED_UNUSED_OR_DEPRECATED_AUTHORITY","NOT_APPLICABLE","NOT_APPLICABLE","READ","NOT_APPLICABLE","NO","DOCUMENTED_UNUSED_OR_DEPRECATED_AUTHORITY","SOURCE_REVIEWED","app/api/angelcare-marketplace/localization/rtl-preview/route.ts; route exports, imported handler chain and server permission authority inspected."
"/api/angelcare-marketplace/localization/scans","POST","handleCreateScan","Boutique","CAP-B05-001","marketplace.localization.access|marketplace.localization.scans.run|marketplace.localization.inventory.view","WRITE","POST via handleCreateScan","YES","SUPPORTING_MUTATION_AUTHORITY","SOURCE_REVIEWED","app/api/angelcare-marketplace/localization/scans/route.ts; route exports, imported handler chain and server permission authority inspected."
"/api/angelcare-marketplace/localization/seo","GET|POST","handleLocalizationAuthorityMode","Boutique","CAP-B05-001","marketplace.localization.translations.edit|marketplace.localization.translations.view|marketplace.localization.glossary.manage|marketplace.localization.glossary.view|marketplace.localization.memory.curate|marketplace.localization.memory.view|marketplace.localization.sources.manage|marketplace.localization.sources.view|marketplace.localization.seo.manage|marketplace.localization.seo.view|marketplace.localization.readiness.view|marketplace.localization.access","READ_WRITE","POST via handleLocalizationAuthorityMode","YES","OPERATOR_CAPABILITY_AUTHORITY","SOURCE_REVIEWED","app/api/angelcare-marketplace/localization/seo/route.ts; route exports, imported handler chain and server permission authority inspected."
"/api/angelcare-marketplace/localization/summary","GET","handleLocalizationSummary","Boutique","CAP-B05-001","marketplace.localization.access|marketplace.localization.scans.run|marketplace.localization.inventory.view","READ","NOT_APPLICABLE","YES","SUPPORTING_READ_AUTHORITY","SOURCE_REVIEWED","app/api/angelcare-marketplace/localization/summary/route.ts; route exports, imported handler chain and server permission authority inspected."
"/api/angelcare-marketplace/localization/translations","GET|POST","handleLocalizationAuthorityMode","Boutique","CAP-B05-001","marketplace.localization.translations.edit|marketplace.localization.translations.view|marketplace.localization.glossary.manage|marketplace.localization.glossary.view|marketplace.localization.memory.curate|marketplace.localization.memory.view|marketplace.localization.sources.manage|marketplace.localization.sources.view|marketplace.localization.seo.manage|marketplace.localization.seo.view|marketplace.localization.readiness.view|marketplace.localization.access","READ_WRITE","POST via handleLocalizationAuthorityMode","YES","OPERATOR_CAPABILITY_AUTHORITY","SOURCE_REVIEWED","app/api/angelcare-marketplace/localization/translations/route.ts; route exports, imported handler chain and server permission authority inspected."
"/api/angelcare-marketplace/operations/check-events","POST","handleCheckEvent","Opérations","CAP-B07-001","marketplace.operations.view|marketplace.operations.missions.create|marketplace.operations.missions.manage|marketplace.operations.dispatch.manage|marketplace.operations.assign|marketplace.providers.self.access|marketplace.operations.incidents.manage|marketplace.operations.closure.approve","WRITE","POST via handleCheckEvent","YES","SUPPORTING_MUTATION_AUTHORITY","SOURCE_REVIEWED","app/api/angelcare-marketplace/operations/check-events/route.ts; route exports, imported handler chain and server permission authority inspected."
"/api/angelcare-marketplace/operations/checklists","GET","handleChecklistRegister","Opérations","CAP-B07-001","marketplace.operations.view|marketplace.operations.missions.create|marketplace.operations.missions.manage|marketplace.operations.dispatch.manage|marketplace.operations.assign|marketplace.providers.self.access|marketplace.operations.incidents.manage|marketplace.operations.closure.approve","READ","NOT_APPLICABLE","YES","SUPPORTING_READ_AUTHORITY","SOURCE_REVIEWED","app/api/angelcare-marketplace/operations/checklists/route.ts; route exports, imported handler chain and server permission authority inspected."
"/api/angelcare-marketplace/operations/commerce/summary","GET","handleOperationsSummary","Opérations","CAP-B07-001","marketplace.operations.view|marketplace.operations.missions.manage|marketplace.providers.view|marketplace.finance.view|marketplace.operations.incidents.manage|marketplace.finance.reconciliation.manage|marketplace.operations.evidence.manage|marketplace.operations.returns.manage|marketplace.operations.disputes.manage|marketplace.operations.recovery.manage|marketplace.operations.reconciliation.approve","READ","NOT_APPLICABLE","YES","SUPPORTING_READ_AUTHORITY","SOURCE_REVIEWED","app/api/angelcare-marketplace/operations/commerce/summary/route.ts; route exports, imported handler chain and server permission authority inspected."
"/api/angelcare-marketplace/operations/daily-closures","POST","handleDailyClosure","Opérations","CAP-B07-001","marketplace.operations.view|marketplace.operations.missions.create|marketplace.operations.missions.manage|marketplace.operations.dispatch.manage|marketplace.operations.assign|marketplace.providers.self.access|marketplace.operations.incidents.manage|marketplace.operations.closure.approve","WRITE","POST via handleDailyClosure","YES","SUPPORTING_MUTATION_AUTHORITY","SOURCE_REVIEWED","app/api/angelcare-marketplace/operations/daily-closures/route.ts; route exports, imported handler chain and server permission authority inspected."
"/api/angelcare-marketplace/operations/disputes/:disputeId/transition","POST","handleDisputeTransition","Opérations","CAP-B07-001|CAP-B08-001","marketplace.operations.view|marketplace.operations.missions.manage|marketplace.providers.view|marketplace.finance.view|marketplace.operations.incidents.manage|marketplace.finance.reconciliation.manage|marketplace.operations.evidence.manage|marketplace.operations.returns.manage|marketplace.operations.disputes.manage|marketplace.operations.recovery.manage|marketplace.operations.reconciliation.approve","WRITE","POST via handleDisputeTransition","YES","SUPPORTING_MUTATION_AUTHORITY","SOURCE_REVIEWED","app/api/angelcare-marketplace/operations/disputes/[disputeId]/transition/route.ts; route exports, imported handler chain and server permission authority inspected."
"/api/angelcare-marketplace/operations/disputes","GET|POST","handleDisputes","Opérations","CAP-B07-001","marketplace.operations.view|marketplace.operations.missions.manage|marketplace.providers.view|marketplace.finance.view|marketplace.operations.incidents.manage|marketplace.finance.reconciliation.manage|marketplace.operations.evidence.manage|marketplace.operations.returns.manage|marketplace.operations.disputes.manage|marketplace.operations.recovery.manage|marketplace.operations.reconciliation.approve","READ_WRITE","POST via handleDisputes","YES","OPERATOR_CAPABILITY_AUTHORITY","SOURCE_REVIEWED","app/api/angelcare-marketplace/operations/disputes/route.ts; route exports, imported handler chain and server permission authority inspected."
"/api/angelcare-marketplace/operations/escalations","GET","handleOperationsSummary","Opérations","CAP-B07-001","marketplace.operations.view|marketplace.operations.missions.create|marketplace.operations.missions.manage|marketplace.operations.dispatch.manage|marketplace.operations.assign|marketplace.providers.self.access|marketplace.operations.incidents.manage|marketplace.operations.closure.approve","READ","NOT_APPLICABLE","YES","SUPPORTING_READ_AUTHORITY","SOURCE_REVIEWED","app/api/angelcare-marketplace/operations/escalations/route.ts; route exports, imported handler chain and server permission authority inspected."
"/api/angelcare-marketplace/operations/evidence/:evidenceId/review","POST","handleFulfillmentEvidenceReview","Opérations","CAP-B07-001|CAP-B08-001","marketplace.operations.view|marketplace.operations.missions.manage|marketplace.providers.view|marketplace.finance.view|marketplace.operations.incidents.manage|marketplace.finance.reconciliation.manage|marketplace.operations.evidence.manage|marketplace.operations.returns.manage|marketplace.operations.disputes.manage|marketplace.operations.recovery.manage|marketplace.operations.reconciliation.approve","WRITE","POST via handleFulfillmentEvidenceReview","YES","SUPPORTING_MUTATION_AUTHORITY","SOURCE_REVIEWED","app/api/angelcare-marketplace/operations/evidence/[evidenceId]/review/route.ts; route exports, imported handler chain and server permission authority inspected."
"/api/angelcare-marketplace/operations/fulfillment/:caseId/evidence","POST","handleFulfillmentEvidence","Opérations","CAP-B07-001|CAP-B08-001","marketplace.operations.view|marketplace.operations.missions.manage|marketplace.providers.view|marketplace.finance.view|marketplace.operations.incidents.manage|marketplace.finance.reconciliation.manage|marketplace.operations.evidence.manage|marketplace.operations.returns.manage|marketplace.operations.disputes.manage|marketplace.operations.recovery.manage|marketplace.operations.reconciliation.approve","WRITE","POST via handleFulfillmentEvidence","YES","SUPPORTING_MUTATION_AUTHORITY","SOURCE_REVIEWED","app/api/angelcare-marketplace/operations/fulfillment/[caseId]/evidence/route.ts; route exports, imported handler chain and server permission authority inspected."
"/api/angelcare-marketplace/operations/fulfillment/:caseId","GET","handleFulfillmentDossier","Opérations","CAP-B07-001|CAP-B08-001","marketplace.operations.view|marketplace.operations.missions.manage|marketplace.providers.view|marketplace.finance.view|marketplace.operations.incidents.manage|marketplace.finance.reconciliation.manage|marketplace.operations.evidence.manage|marketplace.operations.returns.manage|marketplace.operations.disputes.manage|marketplace.operations.recovery.manage|marketplace.operations.reconciliation.approve","READ","NOT_APPLICABLE","YES","SUPPORTING_READ_AUTHORITY","SOURCE_REVIEWED","app/api/angelcare-marketplace/operations/fulfillment/[caseId]/route.ts; route exports, imported handler chain and server permission authority inspected."
"/api/angelcare-marketplace/operations/fulfillment/:caseId/transition","POST","handleFulfillmentTransition","Opérations","CAP-B07-001|CAP-B08-001","marketplace.operations.view|marketplace.operations.missions.manage|marketplace.providers.view|marketplace.finance.view|marketplace.operations.incidents.manage|marketplace.finance.reconciliation.manage|marketplace.operations.evidence.manage|marketplace.operations.returns.manage|marketplace.operations.disputes.manage|marketplace.operations.recovery.manage|marketplace.operations.reconciliation.approve","WRITE","POST via handleFulfillmentTransition","YES","SUPPORTING_MUTATION_AUTHORITY","SOURCE_REVIEWED","app/api/angelcare-marketplace/operations/fulfillment/[caseId]/transition/route.ts; route exports, imported handler chain and server permission authority inspected."
"/api/angelcare-marketplace/operations/fulfillment","GET","handleFulfillment","Opérations","CAP-B07-001","marketplace.operations.view|marketplace.operations.missions.manage|marketplace.providers.view|marketplace.finance.view|marketplace.operations.incidents.manage|marketplace.finance.reconciliation.manage|marketplace.operations.evidence.manage|marketplace.operations.returns.manage|marketplace.operations.disputes.manage|marketplace.operations.recovery.manage|marketplace.operations.reconciliation.approve","READ","NOT_APPLICABLE","YES","SUPPORTING_READ_AUTHORITY","SOURCE_REVIEWED","app/api/angelcare-marketplace/operations/fulfillment/route.ts; route exports, imported handler chain and server permission authority inspected."
"/api/angelcare-marketplace/operations/incidents/:incidentId/transition","POST","handleIncidentTransition","Opérations","CAP-B07-001","marketplace.operations.view|marketplace.operations.missions.create|marketplace.operations.missions.manage|marketplace.operations.dispatch.manage|marketplace.operations.assign|marketplace.providers.self.access|marketplace.operations.incidents.manage|marketplace.operations.closure.approve","WRITE","POST via handleIncidentTransition","YES","SUPPORTING_MUTATION_AUTHORITY","SOURCE_REVIEWED","app/api/angelcare-marketplace/operations/incidents/[incidentId]/transition/route.ts; route exports, imported handler chain and server permission authority inspected."
"/api/angelcare-marketplace/operations/incidents","GET|POST","handleIncident|handleIncidentRegister","Opérations","CAP-B07-001","marketplace.operations.view|marketplace.operations.missions.create|marketplace.operations.missions.manage|marketplace.operations.dispatch.manage|marketplace.operations.assign|marketplace.providers.self.access|marketplace.operations.incidents.manage|marketplace.operations.closure.approve","READ_WRITE","POST via handleIncident|handleIncidentRegister","YES","OPERATOR_CAPABILITY_AUTHORITY","SOURCE_REVIEWED","app/api/angelcare-marketplace/operations/incidents/route.ts; route exports, imported handler chain and server permission authority inspected."
"/api/angelcare-marketplace/operations/missions/:missionId/dispatch","POST","handleDispatchGenerate","Opérations","CAP-B07-001","marketplace.operations.view|marketplace.operations.missions.create|marketplace.operations.missions.manage|marketplace.operations.dispatch.manage|marketplace.operations.assign|marketplace.providers.self.access|marketplace.operations.incidents.manage|marketplace.operations.closure.approve","WRITE","POST via handleDispatchGenerate","YES","SUPPORTING_MUTATION_AUTHORITY","SOURCE_REVIEWED","app/api/angelcare-marketplace/operations/missions/[missionId]/dispatch/route.ts; route exports, imported handler chain and server permission authority inspected."
"/api/angelcare-marketplace/operations/missions/:missionId","GET","handleMissionDossier","Opérations","CAP-B07-001","marketplace.operations.view|marketplace.operations.missions.create|marketplace.operations.missions.manage|marketplace.operations.dispatch.manage|marketplace.operations.assign|marketplace.providers.self.access|marketplace.operations.incidents.manage|marketplace.operations.closure.approve","READ","NOT_APPLICABLE","YES","SUPPORTING_READ_AUTHORITY","SOURCE_REVIEWED","app/api/angelcare-marketplace/operations/missions/[missionId]/route.ts; route exports, imported handler chain and server permission authority inspected."
"/api/angelcare-marketplace/operations/missions/:missionId/transition","POST","handleMissionTransition","Opérations","CAP-B07-001","marketplace.operations.view|marketplace.operations.missions.create|marketplace.operations.missions.manage|marketplace.operations.dispatch.manage|marketplace.operations.assign|marketplace.providers.self.access|marketplace.operations.incidents.manage|marketplace.operations.closure.approve","WRITE","POST via handleMissionTransition","YES","SUPPORTING_MUTATION_AUTHORITY","SOURCE_REVIEWED","app/api/angelcare-marketplace/operations/missions/[missionId]/transition/route.ts; route exports, imported handler chain and server permission authority inspected."
"/api/angelcare-marketplace/operations/missions","GET|POST","handleMissions","Opérations","CAP-B07-001","marketplace.operations.view|marketplace.operations.missions.create|marketplace.operations.missions.manage|marketplace.operations.dispatch.manage|marketplace.operations.assign|marketplace.providers.self.access|marketplace.operations.incidents.manage|marketplace.operations.closure.approve","READ_WRITE","POST via handleMissions","YES","OPERATOR_CAPABILITY_AUTHORITY","SOURCE_REVIEWED","app/api/angelcare-marketplace/operations/missions/route.ts; route exports, imported handler chain and server permission authority inspected."
"/api/angelcare-marketplace/operations/proof","GET","handleProofRegister","Opérations","CAP-B07-001","marketplace.operations.view|marketplace.operations.missions.create|marketplace.operations.missions.manage|marketplace.operations.dispatch.manage|marketplace.operations.assign|marketplace.providers.self.access|marketplace.operations.incidents.manage|marketplace.operations.closure.approve","READ","NOT_APPLICABLE","YES","SUPPORTING_READ_AUTHORITY","SOURCE_REVIEWED","app/api/angelcare-marketplace/operations/proof/route.ts; route exports, imported handler chain and server permission authority inspected."
"/api/angelcare-marketplace/operations/proposals/:proposalId/decision","POST","handleProposalDecision","Opérations","CAP-B07-001","marketplace.operations.view|marketplace.operations.missions.create|marketplace.operations.missions.manage|marketplace.operations.dispatch.manage|marketplace.operations.assign|marketplace.providers.self.access|marketplace.operations.incidents.manage|marketplace.operations.closure.approve","WRITE","POST via handleProposalDecision","YES","SUPPORTING_MUTATION_AUTHORITY","SOURCE_REVIEWED","app/api/angelcare-marketplace/operations/proposals/[proposalId]/decision/route.ts; route exports, imported handler chain and server permission authority inspected."
"/api/angelcare-marketplace/operations/providers","GET","handleProviders","Opérations","CAP-B07-001|CAP-B08-001","marketplace.operations.view|marketplace.operations.missions.manage|marketplace.providers.view|marketplace.finance.view|marketplace.operations.incidents.manage|marketplace.finance.reconciliation.manage|marketplace.operations.evidence.manage|marketplace.operations.returns.manage|marketplace.operations.disputes.manage|marketplace.operations.recovery.manage|marketplace.operations.reconciliation.approve","READ","NOT_APPLICABLE","YES","SUPPORTING_READ_AUTHORITY","SOURCE_REVIEWED","app/api/angelcare-marketplace/operations/providers/route.ts; route exports, imported handler chain and server permission authority inspected."
"/api/angelcare-marketplace/operations/reconciliation/:caseId/handover","POST","handleReconciliationHandover","Opérations","CAP-B07-001|CAP-B08-001","marketplace.operations.view|marketplace.operations.missions.manage|marketplace.providers.view|marketplace.finance.view|marketplace.operations.incidents.manage|marketplace.finance.reconciliation.manage|marketplace.operations.evidence.manage|marketplace.operations.returns.manage|marketplace.operations.disputes.manage|marketplace.operations.recovery.manage|marketplace.operations.reconciliation.approve","WRITE","POST via handleReconciliationHandover","YES","SUPPORTING_MUTATION_AUTHORITY","SOURCE_REVIEWED","app/api/angelcare-marketplace/operations/reconciliation/[caseId]/handover/route.ts; route exports, imported handler chain and server permission authority inspected."
"/api/angelcare-marketplace/operations/reconciliation/:caseId/transition","POST","handleReconciliationTransition","Opérations","CAP-B07-001|CAP-B08-001","marketplace.operations.view|marketplace.operations.missions.manage|marketplace.providers.view|marketplace.finance.view|marketplace.operations.incidents.manage|marketplace.finance.reconciliation.manage|marketplace.operations.evidence.manage|marketplace.operations.returns.manage|marketplace.operations.disputes.manage|marketplace.operations.recovery.manage|marketplace.operations.reconciliation.approve","WRITE","POST via handleReconciliationTransition","YES","SUPPORTING_MUTATION_AUTHORITY","SOURCE_REVIEWED","app/api/angelcare-marketplace/operations/reconciliation/[caseId]/transition/route.ts; route exports, imported handler chain and server permission authority inspected."
"/api/angelcare-marketplace/operations/reconciliation/lines/:lineId/decision","POST","handleReconciliationLineDecision","Opérations","CAP-B07-001|CAP-B08-001","marketplace.operations.view|marketplace.operations.missions.manage|marketplace.providers.view|marketplace.finance.view|marketplace.operations.incidents.manage|marketplace.finance.reconciliation.manage|marketplace.operations.evidence.manage|marketplace.operations.returns.manage|marketplace.operations.disputes.manage|marketplace.operations.recovery.manage|marketplace.operations.reconciliation.approve","WRITE","POST via handleReconciliationLineDecision","YES","SUPPORTING_MUTATION_AUTHORITY","SOURCE_REVIEWED","app/api/angelcare-marketplace/operations/reconciliation/lines/[lineId]/decision/route.ts; route exports, imported handler chain and server permission authority inspected."
"/api/angelcare-marketplace/operations/reconciliation","GET","handleReconciliations","Opérations","CAP-B07-001","marketplace.operations.view|marketplace.operations.missions.manage|marketplace.providers.view|marketplace.finance.view|marketplace.operations.incidents.manage|marketplace.finance.reconciliation.manage|marketplace.operations.evidence.manage|marketplace.operations.returns.manage|marketplace.operations.disputes.manage|marketplace.operations.recovery.manage|marketplace.operations.reconciliation.approve","READ","NOT_APPLICABLE","YES","SUPPORTING_READ_AUTHORITY","SOURCE_REVIEWED","app/api/angelcare-marketplace/operations/reconciliation/route.ts; route exports, imported handler chain and server permission authority inspected."
"/api/angelcare-marketplace/operations/recovery/:planId/transition","POST","handleRecoveryTransition","Opérations","CAP-B07-001|CAP-B08-001","marketplace.operations.view|marketplace.operations.missions.manage|marketplace.providers.view|marketplace.finance.view|marketplace.operations.incidents.manage|marketplace.finance.reconciliation.manage|marketplace.operations.evidence.manage|marketplace.operations.returns.manage|marketplace.operations.disputes.manage|marketplace.operations.recovery.manage|marketplace.operations.reconciliation.approve","WRITE","POST via handleRecoveryTransition","YES","SUPPORTING_MUTATION_AUTHORITY","SOURCE_REVIEWED","app/api/angelcare-marketplace/operations/recovery/[planId]/transition/route.ts; route exports, imported handler chain and server permission authority inspected."
"/api/angelcare-marketplace/operations/recovery","POST","handleRecovery","Opérations","CAP-B07-001","marketplace.operations.view|marketplace.operations.missions.manage|marketplace.providers.view|marketplace.finance.view|marketplace.operations.incidents.manage|marketplace.finance.reconciliation.manage|marketplace.operations.evidence.manage|marketplace.operations.returns.manage|marketplace.operations.disputes.manage|marketplace.operations.recovery.manage|marketplace.operations.reconciliation.approve","WRITE","POST via handleRecovery","YES","SUPPORTING_MUTATION_AUTHORITY","SOURCE_REVIEWED","app/api/angelcare-marketplace/operations/recovery/route.ts; route exports, imported handler chain and server permission authority inspected."
"/api/angelcare-marketplace/operations/replacements/:caseId/transition","POST","handleReplacementTransition","Opérations","CAP-B07-001|CAP-B08-001","marketplace.operations.view|marketplace.operations.missions.manage|marketplace.providers.view|marketplace.finance.view|marketplace.operations.incidents.manage|marketplace.finance.reconciliation.manage|marketplace.operations.evidence.manage|marketplace.operations.returns.manage|marketplace.operations.disputes.manage|marketplace.operations.recovery.manage|marketplace.operations.reconciliation.approve","WRITE","POST via handleReplacementTransition","YES","SUPPORTING_MUTATION_AUTHORITY","SOURCE_REVIEWED","app/api/angelcare-marketplace/operations/replacements/[caseId]/transition/route.ts; route exports, imported handler chain and server permission authority inspected."
"/api/angelcare-marketplace/operations/reports","GET","handleReportRegister","Opérations","CAP-B07-001","marketplace.operations.view|marketplace.operations.missions.create|marketplace.operations.missions.manage|marketplace.operations.dispatch.manage|marketplace.operations.assign|marketplace.providers.self.access|marketplace.operations.incidents.manage|marketplace.operations.closure.approve","READ","NOT_APPLICABLE","YES","SUPPORTING_READ_AUTHORITY","SOURCE_REVIEWED","app/api/angelcare-marketplace/operations/reports/route.ts; route exports, imported handler chain and server permission authority inspected."
"/api/angelcare-marketplace/operations/returns/:caseId/transition","POST","handleReturnTransition","Opérations","CAP-B07-001|CAP-B08-001","marketplace.operations.view|marketplace.operations.missions.manage|marketplace.providers.view|marketplace.finance.view|marketplace.operations.incidents.manage|marketplace.finance.reconciliation.manage|marketplace.operations.evidence.manage|marketplace.operations.returns.manage|marketplace.operations.disputes.manage|marketplace.operations.recovery.manage|marketplace.operations.reconciliation.approve","WRITE","POST via handleReturnTransition","YES","SUPPORTING_MUTATION_AUTHORITY","SOURCE_REVIEWED","app/api/angelcare-marketplace/operations/returns/[caseId]/transition/route.ts; route exports, imported handler chain and server permission authority inspected."
"/api/angelcare-marketplace/operations/returns","GET","handleReturns","Opérations","CAP-B07-001","marketplace.operations.view|marketplace.operations.missions.manage|marketplace.providers.view|marketplace.finance.view|marketplace.operations.incidents.manage|marketplace.finance.reconciliation.manage|marketplace.operations.evidence.manage|marketplace.operations.returns.manage|marketplace.operations.disputes.manage|marketplace.operations.recovery.manage|marketplace.operations.reconciliation.approve","READ","NOT_APPLICABLE","YES","SUPPORTING_READ_AUTHORITY","SOURCE_REVIEWED","app/api/angelcare-marketplace/operations/returns/route.ts; route exports, imported handler chain and server permission authority inspected."
"/api/angelcare-marketplace/operations/settlements/:settlementId/readiness","POST","handleSettlementReadinessUpdate","Opérations","CAP-B07-001|CAP-B08-001","marketplace.operations.view|marketplace.operations.missions.manage|marketplace.providers.view|marketplace.finance.view|marketplace.operations.incidents.manage|marketplace.finance.reconciliation.manage|marketplace.operations.evidence.manage|marketplace.operations.returns.manage|marketplace.operations.disputes.manage|marketplace.operations.recovery.manage|marketplace.operations.reconciliation.approve","WRITE","POST via handleSettlementReadinessUpdate","YES","SUPPORTING_MUTATION_AUTHORITY","SOURCE_REVIEWED","app/api/angelcare-marketplace/operations/settlements/[settlementId]/readiness/route.ts; route exports, imported handler chain and server permission authority inspected."
"/api/angelcare-marketplace/operations/settlements","GET","handleSettlements","Opérations","CAP-B07-001","marketplace.operations.view|marketplace.operations.missions.manage|marketplace.providers.view|marketplace.finance.view|marketplace.operations.incidents.manage|marketplace.finance.reconciliation.manage|marketplace.operations.evidence.manage|marketplace.operations.returns.manage|marketplace.operations.disputes.manage|marketplace.operations.recovery.manage|marketplace.operations.reconciliation.approve","READ","NOT_APPLICABLE","YES","SUPPORTING_READ_AUTHORITY","SOURCE_REVIEWED","app/api/angelcare-marketplace/operations/settlements/route.ts; route exports, imported handler chain and server permission authority inspected."
"/api/angelcare-marketplace/operations/summary","GET","handleOperationsSummary","Opérations","CAP-B07-001","marketplace.operations.view|marketplace.operations.missions.create|marketplace.operations.missions.manage|marketplace.operations.dispatch.manage|marketplace.operations.assign|marketplace.providers.self.access|marketplace.operations.incidents.manage|marketplace.operations.closure.approve","READ","NOT_APPLICABLE","YES","SUPPORTING_READ_AUTHORITY","SOURCE_REVIEWED","app/api/angelcare-marketplace/operations/summary/route.ts; route exports, imported handler chain and server permission authority inspected."
"/api/angelcare-marketplace/operations/vendors","GET","handleVendors","Opérations","CAP-B07-001|CAP-B08-001","marketplace.operations.view|marketplace.operations.missions.manage|marketplace.providers.view|marketplace.finance.view|marketplace.operations.incidents.manage|marketplace.finance.reconciliation.manage|marketplace.operations.evidence.manage|marketplace.operations.returns.manage|marketplace.operations.disputes.manage|marketplace.operations.recovery.manage|marketplace.operations.reconciliation.approve","READ","NOT_APPLICABLE","YES","SUPPORTING_READ_AUTHORITY","SOURCE_REVIEWED","app/api/angelcare-marketplace/operations/vendors/route.ts; route exports, imported handler chain and server permission authority inspected."
"/api/angelcare-marketplace/partner-os/plans","GET","handlePlans","Academy / B2B & partenaires","CAP-B09-001","marketplace.partner_os.admin.view|marketplace.partner_os.tenants.create|marketplace.partner_os.tenants.manage|marketplace.partner_os.plans.view|marketplace.partner_os.subscriptions.view|marketplace.partner_os.tenant.access|marketplace.partner_os.onboarding.manage|marketplace.partner_os.subscriptions.manage|marketplace.partner_os.modules.manage","READ","NOT_APPLICABLE","YES","SUPPORTING_READ_AUTHORITY","SOURCE_REVIEWED","app/api/angelcare-marketplace/partner-os/plans/route.ts; route exports, imported handler chain and server permission authority inspected."
"/api/angelcare-marketplace/partner-os/subscriptions","GET","handleSubscriptions","Academy / B2B & partenaires","CAP-B09-001","marketplace.partner_os.admin.view|marketplace.partner_os.tenants.create|marketplace.partner_os.tenants.manage|marketplace.partner_os.plans.view|marketplace.partner_os.subscriptions.view|marketplace.partner_os.tenant.access|marketplace.partner_os.onboarding.manage|marketplace.partner_os.subscriptions.manage|marketplace.partner_os.modules.manage","READ","NOT_APPLICABLE","YES","SUPPORTING_READ_AUTHORITY","SOURCE_REVIEWED","app/api/angelcare-marketplace/partner-os/subscriptions/route.ts; route exports, imported handler chain and server permission authority inspected."
"/api/angelcare-marketplace/partner-os/summary","GET","handlePartnerSummary","Academy / B2B & partenaires","CAP-B09-001","marketplace.partner_os.admin.view|marketplace.partner_os.tenants.create|marketplace.partner_os.tenants.manage|marketplace.partner_os.plans.view|marketplace.partner_os.subscriptions.view|marketplace.partner_os.tenant.access|marketplace.partner_os.onboarding.manage|marketplace.partner_os.subscriptions.manage|marketplace.partner_os.modules.manage","READ","NOT_APPLICABLE","YES","SUPPORTING_READ_AUTHORITY","SOURCE_REVIEWED","app/api/angelcare-marketplace/partner-os/summary/route.ts; route exports, imported handler chain and server permission authority inspected."
"/api/angelcare-marketplace/partner-os/tenants/:tenantId/modules","POST","handleTenantModuleUpsert","Academy / B2B & partenaires","CAP-B09-001","marketplace.partner_os.admin.view|marketplace.partner_os.tenants.create|marketplace.partner_os.tenants.manage|marketplace.partner_os.plans.view|marketplace.partner_os.subscriptions.view|marketplace.partner_os.tenant.access|marketplace.partner_os.onboarding.manage|marketplace.partner_os.subscriptions.manage|marketplace.partner_os.modules.manage","WRITE","POST via handleTenantModuleUpsert","YES","SUPPORTING_MUTATION_AUTHORITY","SOURCE_REVIEWED","app/api/angelcare-marketplace/partner-os/tenants/[tenantId]/modules/route.ts; route exports, imported handler chain and server permission authority inspected."
"/api/angelcare-marketplace/partner-os/tenants/:tenantId/onboarding/:checkId","POST","handleTenantOnboardingCheck","Academy / B2B & partenaires","CAP-B09-001","marketplace.partner_os.admin.view|marketplace.partner_os.tenants.create|marketplace.partner_os.tenants.manage|marketplace.partner_os.plans.view|marketplace.partner_os.subscriptions.view|marketplace.partner_os.tenant.access|marketplace.partner_os.onboarding.manage|marketplace.partner_os.subscriptions.manage|marketplace.partner_os.modules.manage","WRITE","POST via handleTenantOnboardingCheck","YES","SUPPORTING_MUTATION_AUTHORITY","SOURCE_REVIEWED","app/api/angelcare-marketplace/partner-os/tenants/[tenantId]/onboarding/[checkId]/route.ts; route exports, imported handler chain and server permission authority inspected."
"/api/angelcare-marketplace/partner-os/tenants/:tenantId/subscription","POST","handleTenantSubscriptionAssign","Academy / B2B & partenaires","CAP-B09-001","marketplace.partner_os.admin.view|marketplace.partner_os.tenants.create|marketplace.partner_os.tenants.manage|marketplace.partner_os.plans.view|marketplace.partner_os.subscriptions.view|marketplace.partner_os.tenant.access|marketplace.partner_os.onboarding.manage|marketplace.partner_os.subscriptions.manage|marketplace.partner_os.modules.manage","WRITE","POST via handleTenantSubscriptionAssign","YES","SUPPORTING_MUTATION_AUTHORITY","SOURCE_REVIEWED","app/api/angelcare-marketplace/partner-os/tenants/[tenantId]/subscription/route.ts; route exports, imported handler chain and server permission authority inspected."
"/api/angelcare-marketplace/partner-os/tenants/:tenantId/transition","POST","handleTenantTransition","Academy / B2B & partenaires","CAP-B09-001","marketplace.partner_os.admin.view|marketplace.partner_os.tenants.create|marketplace.partner_os.tenants.manage|marketplace.partner_os.plans.view|marketplace.partner_os.subscriptions.view|marketplace.partner_os.tenant.access|marketplace.partner_os.onboarding.manage|marketplace.partner_os.subscriptions.manage|marketplace.partner_os.modules.manage","WRITE","POST via handleTenantTransition","YES","SUPPORTING_MUTATION_AUTHORITY","SOURCE_REVIEWED","app/api/angelcare-marketplace/partner-os/tenants/[tenantId]/transition/route.ts; route exports, imported handler chain and server permission authority inspected."
"/api/angelcare-marketplace/partner-os/tenants/:tenantId/workspace","GET","handleTenantWorkspace","Academy / B2B & partenaires","CAP-B09-001","marketplace.partner_os.admin.view|marketplace.partner_os.tenants.create|marketplace.partner_os.tenants.manage|marketplace.partner_os.plans.view|marketplace.partner_os.subscriptions.view|marketplace.partner_os.tenant.access|marketplace.partner_os.onboarding.manage|marketplace.partner_os.subscriptions.manage|marketplace.partner_os.modules.manage","READ","NOT_APPLICABLE","YES","SUPPORTING_READ_AUTHORITY","SOURCE_REVIEWED","app/api/angelcare-marketplace/partner-os/tenants/[tenantId]/workspace/route.ts; route exports, imported handler chain and server permission authority inspected."
"/api/angelcare-marketplace/partner-os/tenants","GET|POST","handleTenants","Academy / B2B & partenaires","CAP-B09-001","marketplace.partner_os.admin.view|marketplace.partner_os.tenants.create|marketplace.partner_os.tenants.manage|marketplace.partner_os.plans.view|marketplace.partner_os.subscriptions.view|marketplace.partner_os.tenant.access|marketplace.partner_os.onboarding.manage|marketplace.partner_os.subscriptions.manage|marketplace.partner_os.modules.manage","READ_WRITE","POST via handleTenants","YES","OPERATOR_CAPABILITY_AUTHORITY","SOURCE_REVIEWED","app/api/angelcare-marketplace/partner-os/tenants/route.ts; route exports, imported handler chain and server permission authority inspected."
"/api/angelcare-marketplace/payments/intents","POST","handlePaymentIntentCreate","Accueil / cross-domain shell","CAP-GLOBAL-001","marketplace.finance.view|marketplace.finance.reconciliation.manage|marketplace.finance.price_books.manage|marketplace.finance.exceptions.approve|marketplace.security.manage|marketplace.operations.view|marketplace.operations.missions.manage","WRITE","POST via handlePaymentIntentCreate","YES","SUPPORTING_MUTATION_AUTHORITY","SOURCE_REVIEWED","app/api/angelcare-marketplace/payments/intents/route.ts; route exports, imported handler chain and server permission authority inspected."
"/api/angelcare-marketplace/payments/paypal/cancel","GET","handlePayPalCancel","Accueil / cross-domain shell","CAP-GLOBAL-001","marketplace.finance.view|marketplace.finance.reconciliation.manage|marketplace.finance.price_books.manage|marketplace.finance.exceptions.approve|marketplace.security.manage|marketplace.operations.view|marketplace.operations.missions.manage","READ","NOT_APPLICABLE","YES","SUPPORTING_READ_AUTHORITY","SOURCE_REVIEWED","app/api/angelcare-marketplace/payments/paypal/cancel/route.ts; route exports, imported handler chain and server permission authority inspected."
"/api/angelcare-marketplace/payments/paypal/return","GET","handlePayPalReturn","Accueil / cross-domain shell","CAP-GLOBAL-001","marketplace.finance.view|marketplace.finance.reconciliation.manage|marketplace.finance.price_books.manage|marketplace.finance.exceptions.approve|marketplace.security.manage|marketplace.operations.view|marketplace.operations.missions.manage","READ","NOT_APPLICABLE","YES","SUPPORTING_READ_AUTHORITY","SOURCE_REVIEWED","app/api/angelcare-marketplace/payments/paypal/return/route.ts; route exports, imported handler chain and server permission authority inspected."
"/api/angelcare-marketplace/payments/webhooks/:provider","POST","handlePaymentWebhook","Accueil / cross-domain shell","CAP-GLOBAL-001","marketplace.finance.view|marketplace.finance.reconciliation.manage|marketplace.finance.price_books.manage|marketplace.finance.exceptions.approve|marketplace.security.manage|marketplace.operations.view|marketplace.operations.missions.manage","WRITE","POST via handlePaymentWebhook","YES","SUPPORTING_MUTATION_AUTHORITY","SOURCE_REVIEWED","app/api/angelcare-marketplace/payments/webhooks/[provider]/route.ts; route exports, imported handler chain and server permission authority inspected."
"/api/angelcare-marketplace/performance/observations","INTERNAL_FRAMEWORK_HANDLER","INLINE_ROUTE_HANDLER","Trust & qualité","CAP-B11-001","marketplace.intelligence.view|marketplace.growth.view|marketplace.performance.view|marketplace.security.view|marketplace.qa.view|marketplace.launch.view|marketplace.launch.monitoring|marketplace.growth.experiments.manage|marketplace.qa.defects.manage|marketplace.launch.approve","READ","NOT_APPLICABLE","YES","SUPPORTING_READ_AUTHORITY","SOURCE_REVIEWED","app/api/angelcare-marketplace/performance/observations/route.ts; route exports, imported handler chain and server permission authority inspected."
"/api/angelcare-marketplace/providers/:providerId/availability/:ruleId","PATCH|DELETE","handleProviderAvailabilityRule","Prestataires & fournisseurs","CAP-B08-001","marketplace.providers.view|marketplace.providers.create|marketplace.providers.manage|marketplace.providers.documents.review|marketplace.providers.eligibility.review|marketplace.providers.availability.manage|marketplace.providers.payable_eligibility.review|marketplace.providers.certifications.review|marketplace.providers.performance.view","WRITE","PATCH|DELETE via handleProviderAvailabilityRule","YES","SUPPORTING_MUTATION_AUTHORITY","SOURCE_REVIEWED","app/api/angelcare-marketplace/providers/[providerId]/availability/[ruleId]/route.ts; route exports, imported handler chain and server permission authority inspected."
"/api/angelcare-marketplace/providers/:providerId/availability/exceptions","POST","handleProviderAvailabilityException","Prestataires & fournisseurs","CAP-B08-001","marketplace.providers.view|marketplace.providers.create|marketplace.providers.manage|marketplace.providers.documents.review|marketplace.providers.eligibility.review|marketplace.providers.availability.manage|marketplace.providers.payable_eligibility.review|marketplace.providers.certifications.review|marketplace.providers.performance.view","WRITE","POST via handleProviderAvailabilityException","YES","SUPPORTING_MUTATION_AUTHORITY","SOURCE_REVIEWED","app/api/angelcare-marketplace/providers/[providerId]/availability/exceptions/route.ts; route exports, imported handler chain and server permission authority inspected."
"/api/angelcare-marketplace/providers/:providerId/availability","POST","handleAvailability","Prestataires & fournisseurs","CAP-B08-001","marketplace.providers.view|marketplace.providers.create|marketplace.providers.manage|marketplace.providers.documents.review|marketplace.providers.eligibility.review|marketplace.providers.availability.manage|marketplace.providers.payable_eligibility.review|marketplace.providers.certifications.review|marketplace.providers.performance.view","WRITE","POST via handleAvailability","YES","SUPPORTING_MUTATION_AUTHORITY","SOURCE_REVIEWED","app/api/angelcare-marketplace/providers/[providerId]/availability/route.ts; route exports, imported handler chain and server permission authority inspected."
"/api/angelcare-marketplace/providers/:providerId/certifications/:certificationId/review","POST","handleProviderCertificationReview","Prestataires & fournisseurs","CAP-B08-001","marketplace.providers.view|marketplace.providers.create|marketplace.providers.manage|marketplace.providers.documents.review|marketplace.providers.eligibility.review|marketplace.providers.availability.manage|marketplace.providers.payable_eligibility.review|marketplace.providers.certifications.review|marketplace.providers.performance.view","WRITE","POST via handleProviderCertificationReview","YES","SUPPORTING_MUTATION_AUTHORITY","SOURCE_REVIEWED","app/api/angelcare-marketplace/providers/[providerId]/certifications/[certificationId]/review/route.ts; route exports, imported handler chain and server permission authority inspected."
"/api/angelcare-marketplace/providers/:providerId/documents/:documentId/review","POST","handleDocumentReview","Prestataires & fournisseurs","CAP-B08-001","marketplace.providers.view|marketplace.providers.create|marketplace.providers.manage|marketplace.providers.documents.review|marketplace.providers.eligibility.review|marketplace.providers.availability.manage|marketplace.providers.payable_eligibility.review|marketplace.providers.certifications.review|marketplace.providers.performance.view","WRITE","POST via handleDocumentReview","YES","SUPPORTING_MUTATION_AUTHORITY","SOURCE_REVIEWED","app/api/angelcare-marketplace/providers/[providerId]/documents/[documentId]/review/route.ts; route exports, imported handler chain and server permission authority inspected."
"/api/angelcare-marketplace/providers/:providerId/documents/request","POST","handleProviderDocumentRequest","Prestataires & fournisseurs","CAP-B08-001","marketplace.providers.view|marketplace.providers.create|marketplace.providers.manage|marketplace.providers.documents.review|marketplace.providers.eligibility.review|marketplace.providers.availability.manage|marketplace.providers.payable_eligibility.review|marketplace.providers.certifications.review|marketplace.providers.performance.view","WRITE","POST via handleProviderDocumentRequest","YES","SUPPORTING_MUTATION_AUTHORITY","SOURCE_REVIEWED","app/api/angelcare-marketplace/providers/[providerId]/documents/request/route.ts; route exports, imported handler chain and server permission authority inspected."
"/api/angelcare-marketplace/providers/:providerId/eligibility/recalculate","POST","handleEligibilityRecalculate","Prestataires & fournisseurs","CAP-B08-001","marketplace.providers.view|marketplace.providers.create|marketplace.providers.manage|marketplace.providers.documents.review|marketplace.providers.eligibility.review|marketplace.providers.availability.manage|marketplace.providers.payable_eligibility.review|marketplace.providers.certifications.review|marketplace.providers.performance.view","WRITE","POST via handleEligibilityRecalculate","YES","SUPPORTING_MUTATION_AUTHORITY","SOURCE_REVIEWED","app/api/angelcare-marketplace/providers/[providerId]/eligibility/recalculate/route.ts; route exports, imported handler chain and server permission authority inspected."
"/api/angelcare-marketplace/providers/:providerId/lifecycle","POST","handleProviderLifecycle","Prestataires & fournisseurs","CAP-B08-001","marketplace.providers.view|marketplace.providers.create|marketplace.providers.manage|marketplace.providers.documents.review|marketplace.providers.eligibility.review|marketplace.providers.availability.manage|marketplace.providers.payable_eligibility.review|marketplace.providers.certifications.review|marketplace.providers.performance.view","WRITE","POST via handleProviderLifecycle","YES","SUPPORTING_MUTATION_AUTHORITY","SOURCE_REVIEWED","app/api/angelcare-marketplace/providers/[providerId]/lifecycle/route.ts; route exports, imported handler chain and server permission authority inspected."
"/api/angelcare-marketplace/providers/:providerId/performance","POST","handleProviderPerformance","Prestataires & fournisseurs","CAP-B08-001","marketplace.providers.view|marketplace.providers.create|marketplace.providers.manage|marketplace.providers.documents.review|marketplace.providers.eligibility.review|marketplace.providers.availability.manage|marketplace.providers.payable_eligibility.review|marketplace.providers.certifications.review|marketplace.providers.performance.view","WRITE","POST via handleProviderPerformance","YES","SUPPORTING_MUTATION_AUTHORITY","SOURCE_REVIEWED","app/api/angelcare-marketplace/providers/[providerId]/performance/route.ts; route exports, imported handler chain and server permission authority inspected."
"/api/angelcare-marketplace/providers/:providerId/qualifications/:qualificationId","PATCH|DELETE","handleProviderQualification","Prestataires & fournisseurs","CAP-B08-001","marketplace.providers.view|marketplace.providers.create|marketplace.providers.manage|marketplace.providers.documents.review|marketplace.providers.eligibility.review|marketplace.providers.availability.manage|marketplace.providers.payable_eligibility.review|marketplace.providers.certifications.review|marketplace.providers.performance.view","WRITE","PATCH|DELETE via handleProviderQualification","YES","SUPPORTING_MUTATION_AUTHORITY","SOURCE_REVIEWED","app/api/angelcare-marketplace/providers/[providerId]/qualifications/[qualificationId]/route.ts; route exports, imported handler chain and server permission authority inspected."
"/api/angelcare-marketplace/providers/:providerId/qualifications","POST","handleProviderQualifications","Prestataires & fournisseurs","CAP-B08-001","marketplace.providers.view|marketplace.providers.create|marketplace.providers.manage|marketplace.providers.documents.review|marketplace.providers.eligibility.review|marketplace.providers.availability.manage|marketplace.providers.payable_eligibility.review|marketplace.providers.certifications.review|marketplace.providers.performance.view","WRITE","POST via handleProviderQualifications","YES","SUPPORTING_MUTATION_AUTHORITY","SOURCE_REVIEWED","app/api/angelcare-marketplace/providers/[providerId]/qualifications/route.ts; route exports, imported handler chain and server permission authority inspected."
"/api/angelcare-marketplace/providers/:providerId","GET|PATCH","handleProviderDossier","Prestataires & fournisseurs","CAP-B08-001","marketplace.providers.view|marketplace.providers.create|marketplace.providers.manage|marketplace.providers.documents.review|marketplace.providers.eligibility.review|marketplace.providers.availability.manage|marketplace.providers.payable_eligibility.review|marketplace.providers.certifications.review|marketplace.providers.performance.view","READ_WRITE","PATCH via handleProviderDossier","YES","OPERATOR_CAPABILITY_AUTHORITY","SOURCE_REVIEWED","app/api/angelcare-marketplace/providers/[providerId]/route.ts; route exports, imported handler chain and server permission authority inspected."
"/api/angelcare-marketplace/providers/assignments","GET","handleProviderSummary","Prestataires & fournisseurs","CAP-B08-001","marketplace.providers.view|marketplace.providers.create|marketplace.providers.manage|marketplace.providers.documents.review|marketplace.providers.eligibility.review|marketplace.providers.availability.manage|marketplace.providers.payable_eligibility.review|marketplace.providers.certifications.review|marketplace.providers.performance.view","READ","NOT_APPLICABLE","YES","SUPPORTING_READ_AUTHORITY","SOURCE_REVIEWED","app/api/angelcare-marketplace/providers/assignments/route.ts; route exports, imported handler chain and server permission authority inspected."
"/api/angelcare-marketplace/providers/availability","GET","handleProviderAdminAvailability","Prestataires & fournisseurs","CAP-B08-001","marketplace.providers.view|marketplace.providers.create|marketplace.providers.manage|marketplace.providers.documents.review|marketplace.providers.eligibility.review|marketplace.providers.availability.manage|marketplace.providers.payable_eligibility.review|marketplace.providers.certifications.review|marketplace.providers.performance.view","READ","NOT_APPLICABLE","YES","SUPPORTING_READ_AUTHORITY","SOURCE_REVIEWED","app/api/angelcare-marketplace/providers/availability/route.ts; route exports, imported handler chain and server permission authority inspected."
"/api/angelcare-marketplace/providers/certifications","GET","handleProviderAdminCertifications","Prestataires & fournisseurs","CAP-B08-001","marketplace.providers.view|marketplace.providers.create|marketplace.providers.manage|marketplace.providers.documents.review|marketplace.providers.eligibility.review|marketplace.providers.availability.manage|marketplace.providers.payable_eligibility.review|marketplace.providers.certifications.review|marketplace.providers.performance.view","READ","NOT_APPLICABLE","YES","SUPPORTING_READ_AUTHORITY","SOURCE_REVIEWED","app/api/angelcare-marketplace/providers/certifications/route.ts; route exports, imported handler chain and server permission authority inspected."
"/api/angelcare-marketplace/providers/documents","GET","handleProviderAdminDocuments","Prestataires & fournisseurs","CAP-B08-001","marketplace.providers.view|marketplace.providers.create|marketplace.providers.manage|marketplace.providers.documents.review|marketplace.providers.eligibility.review|marketplace.providers.availability.manage|marketplace.providers.payable_eligibility.review|marketplace.providers.certifications.review|marketplace.providers.performance.view","READ","NOT_APPLICABLE","YES","SUPPORTING_READ_AUTHORITY","SOURCE_REVIEWED","app/api/angelcare-marketplace/providers/documents/route.ts; route exports, imported handler chain and server permission authority inspected."
"/api/angelcare-marketplace/providers/payable/:payableId/decision","POST","handlePayableDecision","Prestataires & fournisseurs","CAP-B08-001","marketplace.providers.view|marketplace.providers.create|marketplace.providers.manage|marketplace.providers.documents.review|marketplace.providers.eligibility.review|marketplace.providers.availability.manage|marketplace.providers.payable_eligibility.review|marketplace.providers.certifications.review|marketplace.providers.performance.view","WRITE","POST via handlePayableDecision","YES","SUPPORTING_MUTATION_AUTHORITY","SOURCE_REVIEWED","app/api/angelcare-marketplace/providers/payable/[payableId]/decision/route.ts; route exports, imported handler chain and server permission authority inspected."
"/api/angelcare-marketplace/providers/payable","GET","handleProviderAdminPayables","Prestataires & fournisseurs","CAP-B08-001","marketplace.providers.view|marketplace.providers.create|marketplace.providers.manage|marketplace.providers.documents.review|marketplace.providers.eligibility.review|marketplace.providers.availability.manage|marketplace.providers.payable_eligibility.review|marketplace.providers.certifications.review|marketplace.providers.performance.view","READ","NOT_APPLICABLE","YES","SUPPORTING_READ_AUTHORITY","SOURCE_REVIEWED","app/api/angelcare-marketplace/providers/payable/route.ts; route exports, imported handler chain and server permission authority inspected."
"/api/angelcare-marketplace/providers/performance","GET","handleProviderAdminPerformance","Prestataires & fournisseurs","CAP-B08-001","marketplace.providers.view|marketplace.providers.create|marketplace.providers.manage|marketplace.providers.documents.review|marketplace.providers.eligibility.review|marketplace.providers.availability.manage|marketplace.providers.payable_eligibility.review|marketplace.providers.certifications.review|marketplace.providers.performance.view","READ","NOT_APPLICABLE","YES","SUPPORTING_READ_AUTHORITY","SOURCE_REVIEWED","app/api/angelcare-marketplace/providers/performance/route.ts; route exports, imported handler chain and server permission authority inspected."
"/api/angelcare-marketplace/providers","GET|POST","handleProviders","Prestataires & fournisseurs","CAP-B08-001","marketplace.providers.view|marketplace.providers.create|marketplace.providers.manage|marketplace.providers.documents.review|marketplace.providers.eligibility.review|marketplace.providers.availability.manage|marketplace.providers.payable_eligibility.review|marketplace.providers.certifications.review|marketplace.providers.performance.view","READ_WRITE","POST via handleProviders","YES","OPERATOR_CAPABILITY_AUTHORITY","SOURCE_REVIEWED","app/api/angelcare-marketplace/providers/route.ts; route exports, imported handler chain and server permission authority inspected."
"/api/angelcare-marketplace/providers/summary","GET","handleProviderSummary","Prestataires & fournisseurs","CAP-B08-001","marketplace.providers.view|marketplace.providers.create|marketplace.providers.manage|marketplace.providers.documents.review|marketplace.providers.eligibility.review|marketplace.providers.availability.manage|marketplace.providers.payable_eligibility.review|marketplace.providers.certifications.review|marketplace.providers.performance.view","READ","NOT_APPLICABLE","YES","SUPPORTING_READ_AUTHORITY","SOURCE_REVIEWED","app/api/angelcare-marketplace/providers/summary/route.ts; route exports, imported handler chain and server permission authority inspected."
"/api/angelcare-marketplace/public/catalog/:slug","GET","handlePublicCatalogItem","Accueil / Produits & services","CAP-B01-001|CAP-B04-001|CAP-B08-001","marketplace.catalog.view|marketplace.catalog.manage|marketplace.catalog.publish|marketplace.catalog.suppliers.view|marketplace.quote_basket.create|marketplace.quote_basket.view|marketplace.quote_basket.manage","READ","NOT_APPLICABLE","YES","SUPPORTING_READ_AUTHORITY","SOURCE_REVIEWED","app/api/angelcare-marketplace/public/catalog/[slug]/route.ts; route exports, imported handler chain and server permission authority inspected."
"/api/angelcare-marketplace/public/discovery/category-native-compare","GET","handleCategoryNativeCompare","Catégories & collections","CAP-B02-001","marketplace.journeys.view","READ","NOT_APPLICABLE","YES","SUPPORTING_READ_AUTHORITY","SOURCE_REVIEWED","app/api/angelcare-marketplace/public/discovery/category-native-compare/route.ts; route exports, imported handler chain and server permission authority inspected."
"/api/angelcare-marketplace/public/discovery/category-native-filters","GET","handleCategoryNativeFilters","Catégories & collections","CAP-B02-001","marketplace.journeys.view","READ","NOT_APPLICABLE","YES","SUPPORTING_READ_AUTHORITY","SOURCE_REVIEWED","app/api/angelcare-marketplace/public/discovery/category-native-filters/route.ts; route exports, imported handler chain and server permission authority inspected."
"/api/angelcare-marketplace/public/events","INTERNAL_FRAMEWORK_HANDLER","INLINE_ROUTE_HANDLER","PUBLIC_MARKETPLACE_AUTHORITY","NOT_APPLICABLE","NOT_APPLICABLE","READ","NOT_APPLICABLE","NO","PUBLIC_MARKETPLACE_AUTHORITY","SOURCE_REVIEWED","app/api/angelcare-marketplace/public/events/route.ts; route exports, imported handler chain and server permission authority inspected."
"/api/angelcare-marketplace/public/experience/:itemKey/availability","GET","handlePublicCategoryNativeAvailability","Catégories & collections","CAP-B02-001","marketplace.journeys.view","READ","NOT_APPLICABLE","YES","SUPPORTING_READ_AUTHORITY","SOURCE_REVIEWED","app/api/angelcare-marketplace/public/experience/[itemKey]/availability/route.ts; route exports, imported handler chain and server permission authority inspected."
"/api/angelcare-marketplace/public/experience/:itemKey/configuration","GET","handlePublicCategoryNativeConfiguration","Catégories & collections","CAP-B02-001","marketplace.journeys.view","READ","NOT_APPLICABLE","YES","SUPPORTING_READ_AUTHORITY","SOURCE_REVIEWED","app/api/angelcare-marketplace/public/experience/[itemKey]/configuration/route.ts; route exports, imported handler chain and server permission authority inspected."
"/api/angelcare-marketplace/public/experience/:itemKey/pricing","GET","handlePublicCategoryNativePricing","Catégories & collections","CAP-B02-001","marketplace.journeys.view","READ","NOT_APPLICABLE","YES","SUPPORTING_READ_AUTHORITY","SOURCE_REVIEWED","app/api/angelcare-marketplace/public/experience/[itemKey]/pricing/route.ts; route exports, imported handler chain and server permission authority inspected."
"/api/angelcare-marketplace/public/experience/:itemKey/recommendations","GET","handlePublicCategoryNativeRecommendations","Catégories & collections","CAP-B02-001","marketplace.journeys.view","READ","NOT_APPLICABLE","YES","SUPPORTING_READ_AUTHORITY","SOURCE_REVIEWED","app/api/angelcare-marketplace/public/experience/[itemKey]/recommendations/route.ts; route exports, imported handler chain and server permission authority inspected."
"/api/angelcare-marketplace/public/experience/:itemKey","GET","handlePublicCategoryNativeExperience","Catégories & collections","CAP-B02-001","marketplace.journeys.view","READ","NOT_APPLICABLE","YES","SUPPORTING_READ_AUTHORITY","SOURCE_REVIEWED","app/api/angelcare-marketplace/public/experience/[itemKey]/route.ts; route exports, imported handler chain and server permission authority inspected."
"/api/angelcare-marketplace/public/footer/events","POST","handlePublicFooterEvent","Boutique","CAP-B05-001","marketplace.commerce.view|marketplace.publication.manage|marketplace.analytics.view","WRITE","POST via handlePublicFooterEvent","YES","SUPPORTING_MUTATION_AUTHORITY","SOURCE_REVIEWED","app/api/angelcare-marketplace/public/footer/events/route.ts; route exports, imported handler chain and server permission authority inspected."
"/api/angelcare-marketplace/public/inquiries","INTERNAL_FRAMEWORK_HANDLER","INLINE_ROUTE_HANDLER","PUBLIC_MARKETPLACE_AUTHORITY","NOT_APPLICABLE","NOT_APPLICABLE","READ","NOT_APPLICABLE","NO","PUBLIC_MARKETPLACE_AUTHORITY","SOURCE_REVIEWED","app/api/angelcare-marketplace/public/inquiries/route.ts; route exports, imported handler chain and server permission authority inspected."
"/api/angelcare-marketplace/qa/checks","INTERNAL_FRAMEWORK_HANDLER","INLINE_ROUTE_HANDLER","Trust & qualité","CAP-B11-001","marketplace.intelligence.view|marketplace.growth.view|marketplace.performance.view|marketplace.security.view|marketplace.qa.view|marketplace.launch.view|marketplace.launch.monitoring|marketplace.growth.experiments.manage|marketplace.qa.defects.manage|marketplace.launch.approve","READ","NOT_APPLICABLE","YES","SUPPORTING_READ_AUTHORITY","SOURCE_REVIEWED","app/api/angelcare-marketplace/qa/checks/route.ts; route exports, imported handler chain and server permission authority inspected."
"/api/angelcare-marketplace/qa/defects/:defectId/transition","POST","handleDefectTransition","Trust & qualité","CAP-B11-001","marketplace.intelligence.view|marketplace.growth.view|marketplace.performance.view|marketplace.security.view|marketplace.qa.view|marketplace.launch.view|marketplace.launch.monitoring|marketplace.growth.experiments.manage|marketplace.qa.defects.manage|marketplace.launch.approve","WRITE","POST via handleDefectTransition","YES","SUPPORTING_MUTATION_AUTHORITY","SOURCE_REVIEWED","app/api/angelcare-marketplace/qa/defects/[defectId]/transition/route.ts; route exports, imported handler chain and server permission authority inspected."
"/api/angelcare-marketplace/qa/defects","INTERNAL_FRAMEWORK_HANDLER","INLINE_ROUTE_HANDLER","Trust & qualité","CAP-B11-001","marketplace.intelligence.view|marketplace.growth.view|marketplace.performance.view|marketplace.security.view|marketplace.qa.view|marketplace.launch.view|marketplace.launch.monitoring|marketplace.growth.experiments.manage|marketplace.qa.defects.manage|marketplace.launch.approve","READ","NOT_APPLICABLE","YES","SUPPORTING_READ_AUTHORITY","SOURCE_REVIEWED","app/api/angelcare-marketplace/qa/defects/route.ts; route exports, imported handler chain and server permission authority inspected."
"/api/angelcare-marketplace/qa/results","GET","handleTestResults","Trust & qualité","CAP-B11-001","marketplace.qa.view|marketplace.launch.view|marketplace.qa.defects.manage|marketplace.launch.gates.manage|marketplace.launch.release.approve","READ","NOT_APPLICABLE","YES","SUPPORTING_READ_AUTHORITY","SOURCE_REVIEWED","app/api/angelcare-marketplace/qa/results/route.ts; route exports, imported handler chain and server permission authority inspected."
"/api/angelcare-marketplace/qa/runs","INTERNAL_FRAMEWORK_HANDLER","INLINE_ROUTE_HANDLER","Trust & qualité","CAP-B11-001","marketplace.intelligence.view|marketplace.growth.view|marketplace.performance.view|marketplace.security.view|marketplace.qa.view|marketplace.launch.view|marketplace.launch.monitoring|marketplace.growth.experiments.manage|marketplace.qa.defects.manage|marketplace.launch.approve","READ","NOT_APPLICABLE","YES","SUPPORTING_READ_AUTHORITY","SOURCE_REVIEWED","app/api/angelcare-marketplace/qa/runs/route.ts; route exports, imported handler chain and server permission authority inspected."
"/api/angelcare-marketplace/qa/suites","GET","handleTestSuites","Trust & qualité","CAP-B11-001","marketplace.qa.view|marketplace.launch.view|marketplace.qa.defects.manage|marketplace.launch.gates.manage|marketplace.launch.release.approve","READ","NOT_APPLICABLE","YES","SUPPORTING_READ_AUTHORITY","SOURCE_REVIEWED","app/api/angelcare-marketplace/qa/suites/route.ts; route exports, imported handler chain and server permission authority inspected."
"/api/angelcare-marketplace/qa/summary","GET","handleQaSummary","Trust & qualité","CAP-B11-001","marketplace.qa.view|marketplace.launch.view|marketplace.qa.defects.manage|marketplace.launch.gates.manage|marketplace.launch.release.approve","READ","NOT_APPLICABLE","YES","SUPPORTING_READ_AUTHORITY","SOURCE_REVIEWED","app/api/angelcare-marketplace/qa/summary/route.ts; route exports, imported handler chain and server permission authority inspected."
"/api/angelcare-marketplace/quote-baskets/:basketId/items","POST","handleQuoteBasketItems","Accueil / Produits & services","CAP-B01-001|CAP-B04-001|CAP-B08-001","marketplace.catalog.view|marketplace.catalog.manage|marketplace.catalog.publish|marketplace.catalog.suppliers.view|marketplace.quote_basket.create|marketplace.quote_basket.view|marketplace.quote_basket.manage","WRITE","POST via handleQuoteBasketItems","YES","SUPPORTING_MUTATION_AUTHORITY","SOURCE_REVIEWED","app/api/angelcare-marketplace/quote-baskets/[basketId]/items/route.ts; route exports, imported handler chain and server permission authority inspected."
"/api/angelcare-marketplace/quote-baskets","GET|POST","handleQuoteBaskets","Accueil / Produits & services","CAP-B01-001|CAP-B04-001|CAP-B08-001","marketplace.catalog.view|marketplace.catalog.manage|marketplace.catalog.publish|marketplace.catalog.suppliers.view|marketplace.quote_basket.create|marketplace.quote_basket.view|marketplace.quote_basket.manage","READ_WRITE","POST via handleQuoteBaskets","YES","OPERATOR_CAPABILITY_AUTHORITY","SOURCE_REVIEWED","app/api/angelcare-marketplace/quote-baskets/route.ts; route exports, imported handler chain and server permission authority inspected."
"/api/angelcare-marketplace/security/access-reviews","GET","handleAccessReviews","Trust & qualité","CAP-B11-001","marketplace.analytics.view|marketplace.analytics.definitions.manage|marketplace.security.view|marketplace.security.access_review|marketplace.security.isolation.review|marketplace.security.events.view|marketplace.backup.view|marketplace.recovery_test.approve","READ","NOT_APPLICABLE","YES","SUPPORTING_READ_AUTHORITY","SOURCE_REVIEWED","app/api/angelcare-marketplace/security/access-reviews/route.ts; route exports, imported handler chain and server permission authority inspected."
"/api/angelcare-marketplace/security/assessments","INTERNAL_FRAMEWORK_HANDLER","INLINE_ROUTE_HANDLER","Trust & qualité","CAP-B11-001","marketplace.intelligence.view|marketplace.growth.view|marketplace.performance.view|marketplace.security.view|marketplace.qa.view|marketplace.launch.view|marketplace.launch.monitoring|marketplace.growth.experiments.manage|marketplace.qa.defects.manage|marketplace.launch.approve","READ","NOT_APPLICABLE","YES","SUPPORTING_READ_AUTHORITY","SOURCE_REVIEWED","app/api/angelcare-marketplace/security/assessments/route.ts; route exports, imported handler chain and server permission authority inspected."
"/api/angelcare-marketplace/security/controls","INTERNAL_FRAMEWORK_HANDLER","INLINE_ROUTE_HANDLER","Trust & qualité","CAP-B11-001","marketplace.intelligence.view|marketplace.growth.view|marketplace.performance.view|marketplace.security.view|marketplace.qa.view|marketplace.launch.view|marketplace.launch.monitoring|marketplace.growth.experiments.manage|marketplace.qa.defects.manage|marketplace.launch.approve","READ","NOT_APPLICABLE","YES","SUPPORTING_READ_AUTHORITY","SOURCE_REVIEWED","app/api/angelcare-marketplace/security/controls/route.ts; route exports, imported handler chain and server permission authority inspected."
"/api/angelcare-marketplace/security/events","GET","handleSecurityEvents","Trust & qualité","CAP-B11-001","marketplace.analytics.view|marketplace.analytics.definitions.manage|marketplace.security.view|marketplace.security.access_review|marketplace.security.isolation.review|marketplace.security.events.view|marketplace.backup.view|marketplace.recovery_test.approve","READ","NOT_APPLICABLE","YES","SUPPORTING_READ_AUTHORITY","SOURCE_REVIEWED","app/api/angelcare-marketplace/security/events/route.ts; route exports, imported handler chain and server permission authority inspected."
"/api/angelcare-marketplace/security/isolation-tests/:testId/execute","POST","handleIsolationExecution","Trust & qualité","CAP-B11-001","marketplace.analytics.view|marketplace.analytics.definitions.manage|marketplace.security.view|marketplace.security.access_review|marketplace.security.isolation.review|marketplace.security.events.view|marketplace.backup.view|marketplace.recovery_test.approve","WRITE","POST via handleIsolationExecution","YES","SUPPORTING_MUTATION_AUTHORITY","SOURCE_REVIEWED","app/api/angelcare-marketplace/security/isolation-tests/[testId]/execute/route.ts; route exports, imported handler chain and server permission authority inspected."
"/api/angelcare-marketplace/security/isolation-tests","GET","handleIsolationTests","Trust & qualité","CAP-B11-001","marketplace.analytics.view|marketplace.analytics.definitions.manage|marketplace.security.view|marketplace.security.access_review|marketplace.security.isolation.review|marketplace.security.events.view|marketplace.backup.view|marketplace.recovery_test.approve","READ","NOT_APPLICABLE","YES","SUPPORTING_READ_AUTHORITY","SOURCE_REVIEWED","app/api/angelcare-marketplace/security/isolation-tests/route.ts; route exports, imported handler chain and server permission authority inspected."
"/api/angelcare-marketplace/security/recovery-tests/:testId/transition","POST","handleRecoveryTransition","Trust & qualité","CAP-B11-001","marketplace.analytics.view|marketplace.analytics.definitions.manage|marketplace.security.view|marketplace.security.access_review|marketplace.security.isolation.review|marketplace.security.events.view|marketplace.backup.view|marketplace.recovery_test.approve","WRITE","POST via handleRecoveryTransition","YES","SUPPORTING_MUTATION_AUTHORITY","SOURCE_REVIEWED","app/api/angelcare-marketplace/security/recovery-tests/[testId]/transition/route.ts; route exports, imported handler chain and server permission authority inspected."
"/api/angelcare-marketplace/security/recovery-tests","GET","handleRecoveryTests","Trust & qualité","CAP-B11-001","marketplace.analytics.view|marketplace.analytics.definitions.manage|marketplace.security.view|marketplace.security.access_review|marketplace.security.isolation.review|marketplace.security.events.view|marketplace.backup.view|marketplace.recovery_test.approve","READ","NOT_APPLICABLE","YES","SUPPORTING_READ_AUTHORITY","SOURCE_REVIEWED","app/api/angelcare-marketplace/security/recovery-tests/route.ts; route exports, imported handler chain and server permission authority inspected."
"/api/angelcare-marketplace/security/retention","GET","handleRetention","Trust & qualité","CAP-B11-001","marketplace.analytics.view|marketplace.analytics.definitions.manage|marketplace.security.view|marketplace.security.access_review|marketplace.security.isolation.review|marketplace.security.events.view|marketplace.backup.view|marketplace.recovery_test.approve","READ","NOT_APPLICABLE","YES","SUPPORTING_READ_AUTHORITY","SOURCE_REVIEWED","app/api/angelcare-marketplace/security/retention/route.ts; route exports, imported handler chain and server permission authority inspected."
"/api/angelcare-marketplace/security/summary","GET","handleSecuritySummary","Trust & qualité","CAP-B11-001","marketplace.analytics.view|marketplace.analytics.definitions.manage|marketplace.security.view|marketplace.security.access_review|marketplace.security.isolation.review|marketplace.security.events.view|marketplace.backup.view|marketplace.recovery_test.approve","READ","NOT_APPLICABLE","YES","SUPPORTING_READ_AUTHORITY","SOURCE_REVIEWED","app/api/angelcare-marketplace/security/summary/route.ts; route exports, imported handler chain and server permission authority inspected."
"/api/angelcare-marketplace/suppliers","GET","handleSuppliers","Accueil / Produits & services","CAP-B01-001|CAP-B04-001|CAP-B08-001","marketplace.catalog.view|marketplace.catalog.manage|marketplace.catalog.publish|marketplace.catalog.suppliers.view|marketplace.quote_basket.create|marketplace.quote_basket.view|marketplace.quote_basket.manage","READ","NOT_APPLICABLE","YES","SUPPORTING_READ_AUTHORITY","SOURCE_REVIEWED","app/api/angelcare-marketplace/suppliers/route.ts; route exports, imported handler chain and server permission authority inspected."
"/api/angelcare-marketplace/territories/:territoryCode/health","GET|POST","handleTerritoryHealthGet|handleTerritoryHealthPost","Opérations","CAP-B07-001","marketplace.territories.submit_review|marketplace.territories.approve_soft_launch|marketplace.territories.approve_live|marketplace.territories.pause|marketplace.territories.archive|marketplace.territories.update|marketplace.territories.resume|marketplace.territories.view|marketplace.territories.create|marketplace.territories.clone|marketplace.territory_settings.view|marketplace.territory_settings.manage|marketplace.territory_overrides.view|marketplace.territory_overrides.create|marketplace.territory_overrides.approve|marketplace.territory_overrides.reject|marketplace.territory_overrides.rollback|marketplace.territory_readiness.view|marketplace.territory_readiness.manage|marketplace.territory_readiness.review|marketplace.territory_readiness.sign_off|marketplace.territory_health.view|marketplace.territory_health.manage|marketplace.territories.preview|marketplace.territories.export","READ_WRITE","POST via handleTerritoryHealthGet|handleTerritoryHealthPost","YES","OPERATOR_CAPABILITY_AUTHORITY","SOURCE_REVIEWED","app/api/angelcare-marketplace/territories/[territoryCode]/health/route.ts; route exports, imported handler chain and server permission authority inspected."
"/api/angelcare-marketplace/territories/:territoryCode/overrides","GET|POST","handleTerritoryOverridesGet|handleTerritoryOverridesPost","Opérations","CAP-B07-001","marketplace.territories.submit_review|marketplace.territories.approve_soft_launch|marketplace.territories.approve_live|marketplace.territories.pause|marketplace.territories.archive|marketplace.territories.update|marketplace.territories.resume|marketplace.territories.view|marketplace.territories.create|marketplace.territories.clone|marketplace.territory_settings.view|marketplace.territory_settings.manage|marketplace.territory_overrides.view|marketplace.territory_overrides.create|marketplace.territory_overrides.approve|marketplace.territory_overrides.reject|marketplace.territory_overrides.rollback|marketplace.territory_readiness.view|marketplace.territory_readiness.manage|marketplace.territory_readiness.review|marketplace.territory_readiness.sign_off|marketplace.territory_health.view|marketplace.territory_health.manage|marketplace.territories.preview|marketplace.territories.export","READ_WRITE","POST via handleTerritoryOverridesGet|handleTerritoryOverridesPost","YES","OPERATOR_CAPABILITY_AUTHORITY","SOURCE_REVIEWED","app/api/angelcare-marketplace/territories/[territoryCode]/overrides/route.ts; route exports, imported handler chain and server permission authority inspected."
"/api/angelcare-marketplace/territories/:territoryCode/preview","GET","handleTerritoryPreviewGet","Opérations","CAP-B07-001","marketplace.territories.submit_review|marketplace.territories.approve_soft_launch|marketplace.territories.approve_live|marketplace.territories.pause|marketplace.territories.archive|marketplace.territories.update|marketplace.territories.resume|marketplace.territories.view|marketplace.territories.create|marketplace.territories.clone|marketplace.territory_settings.view|marketplace.territory_settings.manage|marketplace.territory_overrides.view|marketplace.territory_overrides.create|marketplace.territory_overrides.approve|marketplace.territory_overrides.reject|marketplace.territory_overrides.rollback|marketplace.territory_readiness.view|marketplace.territory_readiness.manage|marketplace.territory_readiness.review|marketplace.territory_readiness.sign_off|marketplace.territory_health.view|marketplace.territory_health.manage|marketplace.territories.preview|marketplace.territories.export","READ","NOT_APPLICABLE","YES","SUPPORTING_READ_AUTHORITY","SOURCE_REVIEWED","app/api/angelcare-marketplace/territories/[territoryCode]/preview/route.ts; route exports, imported handler chain and server permission authority inspected."
"/api/angelcare-marketplace/territories/:territoryCode/readiness/:gateKey","PATCH","handleTerritoryReadinessPatch","Opérations","CAP-B07-001","marketplace.territories.submit_review|marketplace.territories.approve_soft_launch|marketplace.territories.approve_live|marketplace.territories.pause|marketplace.territories.archive|marketplace.territories.update|marketplace.territories.resume|marketplace.territories.view|marketplace.territories.create|marketplace.territories.clone|marketplace.territory_settings.view|marketplace.territory_settings.manage|marketplace.territory_overrides.view|marketplace.territory_overrides.create|marketplace.territory_overrides.approve|marketplace.territory_overrides.reject|marketplace.territory_overrides.rollback|marketplace.territory_readiness.view|marketplace.territory_readiness.manage|marketplace.territory_readiness.review|marketplace.territory_readiness.sign_off|marketplace.territory_health.view|marketplace.territory_health.manage|marketplace.territories.preview|marketplace.territories.export","WRITE","PATCH via handleTerritoryReadinessPatch","YES","SUPPORTING_MUTATION_AUTHORITY","SOURCE_REVIEWED","app/api/angelcare-marketplace/territories/[territoryCode]/readiness/[gateKey]/route.ts; route exports, imported handler chain and server permission authority inspected."
"/api/angelcare-marketplace/territories/:territoryCode/readiness","GET","handleTerritoryReadinessGet","Opérations","CAP-B07-001","marketplace.territories.submit_review|marketplace.territories.approve_soft_launch|marketplace.territories.approve_live|marketplace.territories.pause|marketplace.territories.archive|marketplace.territories.update|marketplace.territories.resume|marketplace.territories.view|marketplace.territories.create|marketplace.territories.clone|marketplace.territory_settings.view|marketplace.territory_settings.manage|marketplace.territory_overrides.view|marketplace.territory_overrides.create|marketplace.territory_overrides.approve|marketplace.territory_overrides.reject|marketplace.territory_overrides.rollback|marketplace.territory_readiness.view|marketplace.territory_readiness.manage|marketplace.territory_readiness.review|marketplace.territory_readiness.sign_off|marketplace.territory_health.view|marketplace.territory_health.manage|marketplace.territories.preview|marketplace.territories.export","READ","NOT_APPLICABLE","YES","SUPPORTING_READ_AUTHORITY","SOURCE_REVIEWED","app/api/angelcare-marketplace/territories/[territoryCode]/readiness/route.ts; route exports, imported handler chain and server permission authority inspected."
"/api/angelcare-marketplace/territories/:territoryCode/readiness/sign-off","POST","handleTerritoryReadinessSignOffPost","Opérations","CAP-B07-001","marketplace.territories.submit_review|marketplace.territories.approve_soft_launch|marketplace.territories.approve_live|marketplace.territories.pause|marketplace.territories.archive|marketplace.territories.update|marketplace.territories.resume|marketplace.territories.view|marketplace.territories.create|marketplace.territories.clone|marketplace.territory_settings.view|marketplace.territory_settings.manage|marketplace.territory_overrides.view|marketplace.territory_overrides.create|marketplace.territory_overrides.approve|marketplace.territory_overrides.reject|marketplace.territory_overrides.rollback|marketplace.territory_readiness.view|marketplace.territory_readiness.manage|marketplace.territory_readiness.review|marketplace.territory_readiness.sign_off|marketplace.territory_health.view|marketplace.territory_health.manage|marketplace.territories.preview|marketplace.territories.export","WRITE","POST via handleTerritoryReadinessSignOffPost","YES","SUPPORTING_MUTATION_AUTHORITY","SOURCE_REVIEWED","app/api/angelcare-marketplace/territories/[territoryCode]/readiness/sign-off/route.ts; route exports, imported handler chain and server permission authority inspected."
"/api/angelcare-marketplace/territories/:territoryCode/readiness/validate","POST","handleTerritoryReadinessValidatePost","Opérations","CAP-B07-001","marketplace.territories.submit_review|marketplace.territories.approve_soft_launch|marketplace.territories.approve_live|marketplace.territories.pause|marketplace.territories.archive|marketplace.territories.update|marketplace.territories.resume|marketplace.territories.view|marketplace.territories.create|marketplace.territories.clone|marketplace.territory_settings.view|marketplace.territory_settings.manage|marketplace.territory_overrides.view|marketplace.territory_overrides.create|marketplace.territory_overrides.approve|marketplace.territory_overrides.reject|marketplace.territory_overrides.rollback|marketplace.territory_readiness.view|marketplace.territory_readiness.manage|marketplace.territory_readiness.review|marketplace.territory_readiness.sign_off|marketplace.territory_health.view|marketplace.territory_health.manage|marketplace.territories.preview|marketplace.territories.export","WRITE","POST via handleTerritoryReadinessValidatePost","YES","SUPPORTING_MUTATION_AUTHORITY","SOURCE_REVIEWED","app/api/angelcare-marketplace/territories/[territoryCode]/readiness/validate/route.ts; route exports, imported handler chain and server permission authority inspected."
"/api/angelcare-marketplace/territories/:territoryCode","GET|PATCH","handleTerritoryGet|handleTerritoryPatch","Opérations","CAP-B07-001","marketplace.territories.submit_review|marketplace.territories.approve_soft_launch|marketplace.territories.approve_live|marketplace.territories.pause|marketplace.territories.archive|marketplace.territories.update|marketplace.territories.resume|marketplace.territories.view|marketplace.territories.create|marketplace.territories.clone|marketplace.territory_settings.view|marketplace.territory_settings.manage|marketplace.territory_overrides.view|marketplace.territory_overrides.create|marketplace.territory_overrides.approve|marketplace.territory_overrides.reject|marketplace.territory_overrides.rollback|marketplace.territory_readiness.view|marketplace.territory_readiness.manage|marketplace.territory_readiness.review|marketplace.territory_readiness.sign_off|marketplace.territory_health.view|marketplace.territory_health.manage|marketplace.territories.preview|marketplace.territories.export","READ_WRITE","PATCH via handleTerritoryGet|handleTerritoryPatch","YES","OPERATOR_CAPABILITY_AUTHORITY","SOURCE_REVIEWED","app/api/angelcare-marketplace/territories/[territoryCode]/route.ts; route exports, imported handler chain and server permission authority inspected."
"/api/angelcare-marketplace/territories/:territoryCode/settings/:settingKey","PATCH","handleTerritorySettingPatch","Opérations","CAP-B07-001","marketplace.territories.submit_review|marketplace.territories.approve_soft_launch|marketplace.territories.approve_live|marketplace.territories.pause|marketplace.territories.archive|marketplace.territories.update|marketplace.territories.resume|marketplace.territories.view|marketplace.territories.create|marketplace.territories.clone|marketplace.territory_settings.view|marketplace.territory_settings.manage|marketplace.territory_overrides.view|marketplace.territory_overrides.create|marketplace.territory_overrides.approve|marketplace.territory_overrides.reject|marketplace.territory_overrides.rollback|marketplace.territory_readiness.view|marketplace.territory_readiness.manage|marketplace.territory_readiness.review|marketplace.territory_readiness.sign_off|marketplace.territory_health.view|marketplace.territory_health.manage|marketplace.territories.preview|marketplace.territories.export","WRITE","PATCH via handleTerritorySettingPatch","YES","SUPPORTING_MUTATION_AUTHORITY","SOURCE_REVIEWED","app/api/angelcare-marketplace/territories/[territoryCode]/settings/[settingKey]/route.ts; route exports, imported handler chain and server permission authority inspected."
"/api/angelcare-marketplace/territories/:territoryCode/settings","GET","handleTerritorySettingsGet","Opérations","CAP-B07-001","marketplace.territories.submit_review|marketplace.territories.approve_soft_launch|marketplace.territories.approve_live|marketplace.territories.pause|marketplace.territories.archive|marketplace.territories.update|marketplace.territories.resume|marketplace.territories.view|marketplace.territories.create|marketplace.territories.clone|marketplace.territory_settings.view|marketplace.territory_settings.manage|marketplace.territory_overrides.view|marketplace.territory_overrides.create|marketplace.territory_overrides.approve|marketplace.territory_overrides.reject|marketplace.territory_overrides.rollback|marketplace.territory_readiness.view|marketplace.territory_readiness.manage|marketplace.territory_readiness.review|marketplace.territory_readiness.sign_off|marketplace.territory_health.view|marketplace.territory_health.manage|marketplace.territories.preview|marketplace.territories.export","READ","NOT_APPLICABLE","YES","SUPPORTING_READ_AUTHORITY","SOURCE_REVIEWED","app/api/angelcare-marketplace/territories/[territoryCode]/settings/route.ts; route exports, imported handler chain and server permission authority inspected."
"/api/angelcare-marketplace/territories/:territoryCode/transition","POST","handleTerritoryTransitionPost","Opérations","CAP-B07-001","marketplace.territories.submit_review|marketplace.territories.approve_soft_launch|marketplace.territories.approve_live|marketplace.territories.pause|marketplace.territories.archive|marketplace.territories.update|marketplace.territories.resume|marketplace.territories.view|marketplace.territories.create|marketplace.territories.clone|marketplace.territory_settings.view|marketplace.territory_settings.manage|marketplace.territory_overrides.view|marketplace.territory_overrides.create|marketplace.territory_overrides.approve|marketplace.territory_overrides.reject|marketplace.territory_overrides.rollback|marketplace.territory_readiness.view|marketplace.territory_readiness.manage|marketplace.territory_readiness.review|marketplace.territory_readiness.sign_off|marketplace.territory_health.view|marketplace.territory_health.manage|marketplace.territories.preview|marketplace.territories.export","WRITE","POST via handleTerritoryTransitionPost","YES","SUPPORTING_MUTATION_AUTHORITY","SOURCE_REVIEWED","app/api/angelcare-marketplace/territories/[territoryCode]/transition/route.ts; route exports, imported handler chain and server permission authority inspected."
"/api/angelcare-marketplace/territories/clone","INTERNAL_FRAMEWORK_HANDLER","INLINE_ROUTE_HANDLER","Opérations","CAP-B07-001","marketplace.territories.submit_review|marketplace.territories.approve_soft_launch|marketplace.territories.approve_live|marketplace.territories.pause|marketplace.territories.archive|marketplace.territories.update|marketplace.territories.resume|marketplace.territories.view|marketplace.territories.create|marketplace.territories.clone|marketplace.territory_settings.view|marketplace.territory_settings.manage|marketplace.territory_overrides.view|marketplace.territory_overrides.create|marketplace.territory_overrides.approve|marketplace.territory_overrides.reject|marketplace.territory_overrides.rollback|marketplace.territory_readiness.view|marketplace.territory_readiness.manage|marketplace.territory_readiness.review|marketplace.territory_readiness.sign_off|marketplace.territory_health.view|marketplace.territory_health.manage|marketplace.territories.preview|marketplace.territories.export","READ","NOT_APPLICABLE","YES","SUPPORTING_READ_AUTHORITY","SOURCE_REVIEWED","app/api/angelcare-marketplace/territories/clone/route.ts; route exports, imported handler chain and server permission authority inspected."
"/api/angelcare-marketplace/territories/export","INTERNAL_FRAMEWORK_HANDLER","INLINE_ROUTE_HANDLER","Opérations","CAP-B07-001","marketplace.territories.submit_review|marketplace.territories.approve_soft_launch|marketplace.territories.approve_live|marketplace.territories.pause|marketplace.territories.archive|marketplace.territories.update|marketplace.territories.resume|marketplace.territories.view|marketplace.territories.create|marketplace.territories.clone|marketplace.territory_settings.view|marketplace.territory_settings.manage|marketplace.territory_overrides.view|marketplace.territory_overrides.create|marketplace.territory_overrides.approve|marketplace.territory_overrides.reject|marketplace.territory_overrides.rollback|marketplace.territory_readiness.view|marketplace.territory_readiness.manage|marketplace.territory_readiness.review|marketplace.territory_readiness.sign_off|marketplace.territory_health.view|marketplace.territory_health.manage|marketplace.territories.preview|marketplace.territories.export","READ","NOT_APPLICABLE","YES","SUPPORTING_READ_AUTHORITY","SOURCE_REVIEWED","app/api/angelcare-marketplace/territories/export/route.ts; route exports, imported handler chain and server permission authority inspected."
"/api/angelcare-marketplace/territories","INTERNAL_FRAMEWORK_HANDLER","INLINE_ROUTE_HANDLER","Opérations","CAP-B07-001","marketplace.territories.submit_review|marketplace.territories.approve_soft_launch|marketplace.territories.approve_live|marketplace.territories.pause|marketplace.territories.archive|marketplace.territories.update|marketplace.territories.resume|marketplace.territories.view|marketplace.territories.create|marketplace.territories.clone|marketplace.territory_settings.view|marketplace.territory_settings.manage|marketplace.territory_overrides.view|marketplace.territory_overrides.create|marketplace.territory_overrides.approve|marketplace.territory_overrides.reject|marketplace.territory_overrides.rollback|marketplace.territory_readiness.view|marketplace.territory_readiness.manage|marketplace.territory_readiness.review|marketplace.territory_readiness.sign_off|marketplace.territory_health.view|marketplace.territory_health.manage|marketplace.territories.preview|marketplace.territories.export","READ","NOT_APPLICABLE","YES","SUPPORTING_READ_AUTHORITY","SOURCE_REVIEWED","app/api/angelcare-marketplace/territories/route.ts; route exports, imported handler chain and server permission authority inspected."
"/api/angelcare-marketplace/territories/templates","INTERNAL_FRAMEWORK_HANDLER","INLINE_ROUTE_HANDLER","Opérations","CAP-B07-001","marketplace.territories.submit_review|marketplace.territories.approve_soft_launch|marketplace.territories.approve_live|marketplace.territories.pause|marketplace.territories.archive|marketplace.territories.update|marketplace.territories.resume|marketplace.territories.view|marketplace.territories.create|marketplace.territories.clone|marketplace.territory_settings.view|marketplace.territory_settings.manage|marketplace.territory_overrides.view|marketplace.territory_overrides.create|marketplace.territory_overrides.approve|marketplace.territory_overrides.reject|marketplace.territory_overrides.rollback|marketplace.territory_readiness.view|marketplace.territory_readiness.manage|marketplace.territory_readiness.review|marketplace.territory_readiness.sign_off|marketplace.territory_health.view|marketplace.territory_health.manage|marketplace.territories.preview|marketplace.territories.export","READ","NOT_APPLICABLE","YES","SUPPORTING_READ_AUTHORITY","SOURCE_REVIEWED","app/api/angelcare-marketplace/territories/templates/route.ts; route exports, imported handler chain and server permission authority inspected."
"/api/angelcare-marketplace/territory-overrides/:overrideId/review","POST","handleTerritoryOverrideReviewPost","Opérations","CAP-B07-001","marketplace.territories.submit_review|marketplace.territories.approve_soft_launch|marketplace.territories.approve_live|marketplace.territories.pause|marketplace.territories.archive|marketplace.territories.update|marketplace.territories.resume|marketplace.territories.view|marketplace.territories.create|marketplace.territories.clone|marketplace.territory_settings.view|marketplace.territory_settings.manage|marketplace.territory_overrides.view|marketplace.territory_overrides.create|marketplace.territory_overrides.approve|marketplace.territory_overrides.reject|marketplace.territory_overrides.rollback|marketplace.territory_readiness.view|marketplace.territory_readiness.manage|marketplace.territory_readiness.review|marketplace.territory_readiness.sign_off|marketplace.territory_health.view|marketplace.territory_health.manage|marketplace.territories.preview|marketplace.territories.export","WRITE","POST via handleTerritoryOverrideReviewPost","YES","SUPPORTING_MUTATION_AUTHORITY","SOURCE_REVIEWED","app/api/angelcare-marketplace/territory-overrides/[overrideId]/review/route.ts; route exports, imported handler chain and server permission authority inspected."
"/api/angelcare-marketplace/territory-overrides/:overrideId/rollback","POST","handleTerritoryOverrideRollbackPost","Opérations","CAP-B07-001","marketplace.territories.submit_review|marketplace.territories.approve_soft_launch|marketplace.territories.approve_live|marketplace.territories.pause|marketplace.territories.archive|marketplace.territories.update|marketplace.territories.resume|marketplace.territories.view|marketplace.territories.create|marketplace.territories.clone|marketplace.territory_settings.view|marketplace.territory_settings.manage|marketplace.territory_overrides.view|marketplace.territory_overrides.create|marketplace.territory_overrides.approve|marketplace.territory_overrides.reject|marketplace.territory_overrides.rollback|marketplace.territory_readiness.view|marketplace.territory_readiness.manage|marketplace.territory_readiness.review|marketplace.territory_readiness.sign_off|marketplace.territory_health.view|marketplace.territory_health.manage|marketplace.territories.preview|marketplace.territories.export","WRITE","POST via handleTerritoryOverrideRollbackPost","YES","SUPPORTING_MUTATION_AUTHORITY","SOURCE_REVIEWED","app/api/angelcare-marketplace/territory-overrides/[overrideId]/rollback/route.ts; route exports, imported handler chain and server permission authority inspected."
"/api/angelcare-marketplace/territory-overrides/:overrideId","GET","handleTerritoryOverrideGet","Opérations","CAP-B07-001","marketplace.territories.submit_review|marketplace.territories.approve_soft_launch|marketplace.territories.approve_live|marketplace.territories.pause|marketplace.territories.archive|marketplace.territories.update|marketplace.territories.resume|marketplace.territories.view|marketplace.territories.create|marketplace.territories.clone|marketplace.territory_settings.view|marketplace.territory_settings.manage|marketplace.territory_overrides.view|marketplace.territory_overrides.create|marketplace.territory_overrides.approve|marketplace.territory_overrides.reject|marketplace.territory_overrides.rollback|marketplace.territory_readiness.view|marketplace.territory_readiness.manage|marketplace.territory_readiness.review|marketplace.territory_readiness.sign_off|marketplace.territory_health.view|marketplace.territory_health.manage|marketplace.territories.preview|marketplace.territories.export","READ","NOT_APPLICABLE","YES","SUPPORTING_READ_AUTHORITY","SOURCE_REVIEWED","app/api/angelcare-marketplace/territory-overrides/[overrideId]/route.ts; route exports, imported handler chain and server permission authority inspected."
"/api/angelcare-marketplace/trust/assessments/:assessmentId/recalculate","POST","handleAssessmentRecalculate","Trust & qualité","CAP-B11-001","marketplace.trust.sops.manage|marketplace.quality.assessments.manage|marketplace.complaints.manage|marketplace.quality.corrective_actions.manage|marketplace.trust.view|marketplace.quality.view|marketplace.complaints.view|marketplace.sensitive_content.review|marketplace.sensitive_content.approve","WRITE","POST via handleAssessmentRecalculate","YES","SUPPORTING_MUTATION_AUTHORITY","SOURCE_REVIEWED","app/api/angelcare-marketplace/trust/assessments/[assessmentId]/recalculate/route.ts; route exports, imported handler chain and server permission authority inspected."
"/api/angelcare-marketplace/trust/assessments/:assessmentId/transition","POST","handleAssessmentTransition","Trust & qualité","CAP-B11-001","marketplace.trust.sops.manage|marketplace.quality.assessments.manage|marketplace.complaints.manage|marketplace.quality.corrective_actions.manage|marketplace.trust.view|marketplace.quality.view|marketplace.complaints.view|marketplace.sensitive_content.review|marketplace.sensitive_content.approve","WRITE","POST via handleAssessmentTransition","YES","SUPPORTING_MUTATION_AUTHORITY","SOURCE_REVIEWED","app/api/angelcare-marketplace/trust/assessments/[assessmentId]/transition/route.ts; route exports, imported handler chain and server permission authority inspected."
"/api/angelcare-marketplace/trust/assessments","GET","handleAssessments","Trust & qualité","CAP-B11-001","marketplace.trust.sops.manage|marketplace.quality.assessments.manage|marketplace.complaints.manage|marketplace.quality.corrective_actions.manage|marketplace.trust.view|marketplace.quality.view|marketplace.complaints.view|marketplace.sensitive_content.review|marketplace.sensitive_content.approve","READ","NOT_APPLICABLE","YES","SUPPORTING_READ_AUTHORITY","SOURCE_REVIEWED","app/api/angelcare-marketplace/trust/assessments/route.ts; route exports, imported handler chain and server permission authority inspected."
"/api/angelcare-marketplace/trust/capa/:actionId/transition","POST","handleCapaTransition","Trust & qualité","CAP-B11-001","marketplace.trust.sops.manage|marketplace.quality.assessments.manage|marketplace.complaints.manage|marketplace.quality.corrective_actions.manage|marketplace.trust.view|marketplace.quality.view|marketplace.complaints.view|marketplace.sensitive_content.review|marketplace.sensitive_content.approve","WRITE","POST via handleCapaTransition","YES","SUPPORTING_MUTATION_AUTHORITY","SOURCE_REVIEWED","app/api/angelcare-marketplace/trust/capa/[actionId]/transition/route.ts; route exports, imported handler chain and server permission authority inspected."
"/api/angelcare-marketplace/trust/capa","GET","handleCapa","Trust & qualité","CAP-B11-001","marketplace.trust.sops.manage|marketplace.quality.assessments.manage|marketplace.complaints.manage|marketplace.quality.corrective_actions.manage|marketplace.trust.view|marketplace.quality.view|marketplace.complaints.view|marketplace.sensitive_content.review|marketplace.sensitive_content.approve","READ","NOT_APPLICABLE","YES","SUPPORTING_READ_AUTHORITY","SOURCE_REVIEWED","app/api/angelcare-marketplace/trust/capa/route.ts; route exports, imported handler chain and server permission authority inspected."
"/api/angelcare-marketplace/trust/complaints/:complaintId/transition","POST","handleComplaintTransition","Trust & qualité","CAP-B11-001","marketplace.trust.sops.manage|marketplace.quality.assessments.manage|marketplace.complaints.manage|marketplace.quality.corrective_actions.manage|marketplace.trust.view|marketplace.quality.view|marketplace.complaints.view|marketplace.sensitive_content.review|marketplace.sensitive_content.approve","WRITE","POST via handleComplaintTransition","YES","SUPPORTING_MUTATION_AUTHORITY","SOURCE_REVIEWED","app/api/angelcare-marketplace/trust/complaints/[complaintId]/transition/route.ts; route exports, imported handler chain and server permission authority inspected."
"/api/angelcare-marketplace/trust/complaints","GET","handleComplaints","Trust & qualité","CAP-B11-001","marketplace.trust.sops.manage|marketplace.quality.assessments.manage|marketplace.complaints.manage|marketplace.quality.corrective_actions.manage|marketplace.trust.view|marketplace.quality.view|marketplace.complaints.view|marketplace.sensitive_content.review|marketplace.sensitive_content.approve","READ","NOT_APPLICABLE","YES","SUPPORTING_READ_AUTHORITY","SOURCE_REVIEWED","app/api/angelcare-marketplace/trust/complaints/route.ts; route exports, imported handler chain and server permission authority inspected."
"/api/angelcare-marketplace/trust/evidence","GET","handleEvidence","Trust & qualité","CAP-B11-001","marketplace.trust.sops.manage|marketplace.quality.assessments.manage|marketplace.complaints.manage|marketplace.quality.corrective_actions.manage|marketplace.trust.view|marketplace.quality.view|marketplace.complaints.view|marketplace.sensitive_content.review|marketplace.sensitive_content.approve","READ","NOT_APPLICABLE","YES","SUPPORTING_READ_AUTHORITY","SOURCE_REVIEWED","app/api/angelcare-marketplace/trust/evidence/route.ts; route exports, imported handler chain and server permission authority inspected."
"/api/angelcare-marketplace/trust/sensitive-reviews/:reviewId/approve","POST","handleSensitiveApproval","Trust & qualité","CAP-B11-001","marketplace.trust.sops.manage|marketplace.quality.assessments.manage|marketplace.complaints.manage|marketplace.quality.corrective_actions.manage|marketplace.trust.view|marketplace.quality.view|marketplace.complaints.view|marketplace.sensitive_content.review|marketplace.sensitive_content.approve","WRITE","POST via handleSensitiveApproval","YES","SUPPORTING_MUTATION_AUTHORITY","SOURCE_REVIEWED","app/api/angelcare-marketplace/trust/sensitive-reviews/[reviewId]/approve/route.ts; route exports, imported handler chain and server permission authority inspected."
"/api/angelcare-marketplace/trust/sensitive-reviews","GET","handleSensitiveReviews","Trust & qualité","CAP-B11-001","marketplace.trust.sops.manage|marketplace.quality.assessments.manage|marketplace.complaints.manage|marketplace.quality.corrective_actions.manage|marketplace.trust.view|marketplace.quality.view|marketplace.complaints.view|marketplace.sensitive_content.review|marketplace.sensitive_content.approve","READ","NOT_APPLICABLE","YES","SUPPORTING_READ_AUTHORITY","SOURCE_REVIEWED","app/api/angelcare-marketplace/trust/sensitive-reviews/route.ts; route exports, imported handler chain and server permission authority inspected."
"/api/angelcare-marketplace/trust/sops/:sopId/transition","POST","handleSopTransition","Trust & qualité","CAP-B11-001","marketplace.trust.sops.manage|marketplace.quality.assessments.manage|marketplace.complaints.manage|marketplace.quality.corrective_actions.manage|marketplace.trust.view|marketplace.quality.view|marketplace.complaints.view|marketplace.sensitive_content.review|marketplace.sensitive_content.approve","WRITE","POST via handleSopTransition","YES","SUPPORTING_MUTATION_AUTHORITY","SOURCE_REVIEWED","app/api/angelcare-marketplace/trust/sops/[sopId]/transition/route.ts; route exports, imported handler chain and server permission authority inspected."
"/api/angelcare-marketplace/trust/sops","GET|POST","handleSops","Trust & qualité","CAP-B11-001","marketplace.trust.sops.manage|marketplace.quality.assessments.manage|marketplace.complaints.manage|marketplace.quality.corrective_actions.manage|marketplace.trust.view|marketplace.quality.view|marketplace.complaints.view|marketplace.sensitive_content.review|marketplace.sensitive_content.approve","READ_WRITE","POST via handleSops","YES","OPERATOR_CAPABILITY_AUTHORITY","SOURCE_REVIEWED","app/api/angelcare-marketplace/trust/sops/route.ts; route exports, imported handler chain and server permission authority inspected."
"/api/angelcare-marketplace/trust/summary","GET","handleTrustSummary","Trust & qualité","CAP-B11-001","marketplace.trust.sops.manage|marketplace.quality.assessments.manage|marketplace.complaints.manage|marketplace.quality.corrective_actions.manage|marketplace.trust.view|marketplace.quality.view|marketplace.complaints.view|marketplace.sensitive_content.review|marketplace.sensitive_content.approve","READ","NOT_APPLICABLE","YES","SUPPORTING_READ_AUTHORITY","SOURCE_REVIEWED","app/api/angelcare-marketplace/trust/summary/route.ts; route exports, imported handler chain and server permission authority inspected."
"/api/angelcare-marketplace/vendors/:vendorId/contracts/:contractId/transition","POST","handleVendorContractTransition","Prestataires & fournisseurs","CAP-B08-001","marketplace.operations.view|marketplace.vendors.manage|marketplace.vendors.contracts.manage|marketplace.vendors.orders.manage|marketplace.vendors.inventory.manage|marketplace.vendors.quality.manage|marketplace.vendors.settlements.manage","WRITE","POST via handleVendorContractTransition","YES","SUPPORTING_MUTATION_AUTHORITY","SOURCE_REVIEWED","app/api/angelcare-marketplace/vendors/[vendorId]/contracts/[contractId]/transition/route.ts; route exports, imported handler chain and server permission authority inspected."
"/api/angelcare-marketplace/vendors/:vendorId/contracts","POST","handleVendorContracts","Prestataires & fournisseurs","CAP-B08-001","marketplace.operations.view|marketplace.vendors.manage|marketplace.vendors.contracts.manage|marketplace.vendors.orders.manage|marketplace.vendors.inventory.manage|marketplace.vendors.quality.manage|marketplace.vendors.settlements.manage","WRITE","POST via handleVendorContracts","YES","SUPPORTING_MUTATION_AUTHORITY","SOURCE_REVIEWED","app/api/angelcare-marketplace/vendors/[vendorId]/contracts/route.ts; route exports, imported handler chain and server permission authority inspected."
"/api/angelcare-marketplace/vendors/:vendorId/inventory","POST","handleVendorInventory","Prestataires & fournisseurs","CAP-B08-001","marketplace.operations.view|marketplace.vendors.manage|marketplace.vendors.contracts.manage|marketplace.vendors.orders.manage|marketplace.vendors.inventory.manage|marketplace.vendors.quality.manage|marketplace.vendors.settlements.manage","WRITE","POST via handleVendorInventory","YES","SUPPORTING_MUTATION_AUTHORITY","SOURCE_REVIEWED","app/api/angelcare-marketplace/vendors/[vendorId]/inventory/route.ts; route exports, imported handler chain and server permission authority inspected."
"/api/angelcare-marketplace/vendors/:vendorId/lifecycle","POST","handleVendorLifecycle","Prestataires & fournisseurs","CAP-B08-001","marketplace.operations.view|marketplace.vendors.manage|marketplace.vendors.contracts.manage|marketplace.vendors.orders.manage|marketplace.vendors.inventory.manage|marketplace.vendors.quality.manage|marketplace.vendors.settlements.manage","WRITE","POST via handleVendorLifecycle","YES","SUPPORTING_MUTATION_AUTHORITY","SOURCE_REVIEWED","app/api/angelcare-marketplace/vendors/[vendorId]/lifecycle/route.ts; route exports, imported handler chain and server permission authority inspected."
"/api/angelcare-marketplace/vendors/:vendorId/orders/:orderId/transition","POST","handleVendorOrderTransition","Prestataires & fournisseurs","CAP-B08-001","marketplace.operations.view|marketplace.vendors.manage|marketplace.vendors.contracts.manage|marketplace.vendors.orders.manage|marketplace.vendors.inventory.manage|marketplace.vendors.quality.manage|marketplace.vendors.settlements.manage","WRITE","POST via handleVendorOrderTransition","YES","SUPPORTING_MUTATION_AUTHORITY","SOURCE_REVIEWED","app/api/angelcare-marketplace/vendors/[vendorId]/orders/[orderId]/transition/route.ts; route exports, imported handler chain and server permission authority inspected."
"/api/angelcare-marketplace/vendors/:vendorId/orders","POST","handleVendorOrders","Prestataires & fournisseurs","CAP-B08-001","marketplace.operations.view|marketplace.vendors.manage|marketplace.vendors.contracts.manage|marketplace.vendors.orders.manage|marketplace.vendors.inventory.manage|marketplace.vendors.quality.manage|marketplace.vendors.settlements.manage","WRITE","POST via handleVendorOrders","YES","SUPPORTING_MUTATION_AUTHORITY","SOURCE_REVIEWED","app/api/angelcare-marketplace/vendors/[vendorId]/orders/route.ts; route exports, imported handler chain and server permission authority inspected."
"/api/angelcare-marketplace/vendors/:vendorId/performance","POST","handleVendorPerformance","Prestataires & fournisseurs","CAP-B08-001","marketplace.operations.view|marketplace.vendors.manage|marketplace.vendors.contracts.manage|marketplace.vendors.orders.manage|marketplace.vendors.inventory.manage|marketplace.vendors.quality.manage|marketplace.vendors.settlements.manage","WRITE","POST via handleVendorPerformance","YES","SUPPORTING_MUTATION_AUTHORITY","SOURCE_REVIEWED","app/api/angelcare-marketplace/vendors/[vendorId]/performance/route.ts; route exports, imported handler chain and server permission authority inspected."
"/api/angelcare-marketplace/vendors/:vendorId/quality/:reviewId/transition","POST","handleVendorQualityTransition","Prestataires & fournisseurs","CAP-B08-001","marketplace.operations.view|marketplace.vendors.manage|marketplace.vendors.contracts.manage|marketplace.vendors.orders.manage|marketplace.vendors.inventory.manage|marketplace.vendors.quality.manage|marketplace.vendors.settlements.manage","WRITE","POST via handleVendorQualityTransition","YES","SUPPORTING_MUTATION_AUTHORITY","SOURCE_REVIEWED","app/api/angelcare-marketplace/vendors/[vendorId]/quality/[reviewId]/transition/route.ts; route exports, imported handler chain and server permission authority inspected."
"/api/angelcare-marketplace/vendors/:vendorId/quality","POST","handleVendorQuality","Prestataires & fournisseurs","CAP-B08-001","marketplace.operations.view|marketplace.vendors.manage|marketplace.vendors.contracts.manage|marketplace.vendors.orders.manage|marketplace.vendors.inventory.manage|marketplace.vendors.quality.manage|marketplace.vendors.settlements.manage","WRITE","POST via handleVendorQuality","YES","SUPPORTING_MUTATION_AUTHORITY","SOURCE_REVIEWED","app/api/angelcare-marketplace/vendors/[vendorId]/quality/route.ts; route exports, imported handler chain and server permission authority inspected."
"/api/angelcare-marketplace/vendors/authority","GET","handleVendorSnapshot","Prestataires & fournisseurs","CAP-B08-001","marketplace.operations.view|marketplace.vendors.manage|marketplace.vendors.contracts.manage|marketplace.vendors.orders.manage|marketplace.vendors.inventory.manage|marketplace.vendors.quality.manage|marketplace.vendors.settlements.manage","READ","NOT_APPLICABLE","YES","SUPPORTING_READ_AUTHORITY","SOURCE_REVIEWED","app/api/angelcare-marketplace/vendors/authority/route.ts; route exports, imported handler chain and server permission authority inspected."
"/api/angelcare-marketplace/vendors/settlements/:settlementId/decision","POST","handleVendorSettlementDecision","Prestataires & fournisseurs","CAP-B08-001","marketplace.operations.view|marketplace.vendors.manage|marketplace.vendors.contracts.manage|marketplace.vendors.orders.manage|marketplace.vendors.inventory.manage|marketplace.vendors.quality.manage|marketplace.vendors.settlements.manage","WRITE","POST via handleVendorSettlementDecision","YES","SUPPORTING_MUTATION_AUTHORITY","SOURCE_REVIEWED","app/api/angelcare-marketplace/vendors/settlements/[settlementId]/decision/route.ts; route exports, imported handler chain and server permission authority inspected."
"/api/angelcare-marketplace/wallet/comparison","GET|POST","handleWalletComparison","Accueil / cross-domain shell","CAP-GLOBAL-001","marketplace.finance.view|marketplace.finance.reconciliation.manage|marketplace.finance.price_books.manage|marketplace.finance.exceptions.approve|marketplace.security.manage|marketplace.operations.view|marketplace.operations.missions.manage","READ_WRITE","POST via handleWalletComparison","YES","OPERATOR_CAPABILITY_AUTHORITY","SOURCE_REVIEWED","app/api/angelcare-marketplace/wallet/comparison/route.ts; route exports, imported handler chain and server permission authority inspected."
"/api/angelcare-marketplace/wallet","GET","handleWalletSummary","Accueil / cross-domain shell","CAP-GLOBAL-001","marketplace.finance.view|marketplace.finance.reconciliation.manage|marketplace.finance.price_books.manage|marketplace.finance.exceptions.approve|marketplace.security.manage|marketplace.operations.view|marketplace.operations.missions.manage","READ","NOT_APPLICABLE","YES","SUPPORTING_READ_AUTHORITY","SOURCE_REVIEWED","app/api/angelcare-marketplace/wallet/route.ts; route exports, imported handler chain and server permission authority inspected."
"/api/angelcare-marketplace/wallet/topups/quote","POST","handleWalletTopUpQuote","Accueil / cross-domain shell","CAP-GLOBAL-001","marketplace.finance.view|marketplace.finance.reconciliation.manage|marketplace.finance.price_books.manage|marketplace.finance.exceptions.approve|marketplace.security.manage|marketplace.operations.view|marketplace.operations.missions.manage","WRITE","POST via handleWalletTopUpQuote","YES","SUPPORTING_MUTATION_AUTHORITY","SOURCE_REVIEWED","app/api/angelcare-marketplace/wallet/topups/quote/route.ts; route exports, imported handler chain and server permission authority inspected."
"/api/angelcare-marketplace/wallet/topups","POST","handleWalletTopUpCreate","Accueil / cross-domain shell","CAP-GLOBAL-001","marketplace.finance.view|marketplace.finance.reconciliation.manage|marketplace.finance.price_books.manage|marketplace.finance.exceptions.approve|marketplace.security.manage|marketplace.operations.view|marketplace.operations.missions.manage","WRITE","POST via handleWalletTopUpCreate","YES","SUPPORTING_MUTATION_AUTHORITY","SOURCE_REVIEWED","app/api/angelcare-marketplace/wallet/topups/route.ts; route exports, imported handler chain and server permission authority inspected."
"/api/angelcare-marketplace/wallet/transactions","GET","handleWalletTransactions","Accueil / cross-domain shell","CAP-GLOBAL-001","marketplace.finance.view|marketplace.finance.reconciliation.manage|marketplace.finance.price_books.manage|marketplace.finance.exceptions.approve|marketplace.security.manage|marketplace.operations.view|marketplace.operations.missions.manage","READ","NOT_APPLICABLE","YES","SUPPORTING_READ_AUTHORITY","SOURCE_REVIEWED","app/api/angelcare-marketplace/wallet/transactions/route.ts; route exports, imported handler chain and server permission authority inspected."
